{
"type": "FeatureCollection",
"name": "education_facilities",
"crs": { "type": "name", "properties": { "name": "urn:ogc:def:crs:OGC:1.3:CRS84" } },
"features": [
{ "type": "Feature", "properties": { "id": "node/6166720735", "name": "école coranique", "name_en": null, "name_ar": null, "amenity": "school", "building": null, "operator_type": null, "capacity_persons": null, "addr_full": null, "addr_city": null, "source": null, "adm0_pcode": "MRT", "adm0_name": "Mauritania", "adm1_pcode": "MR01", "adm1_name": "Hodh Chargui", "adm2_pcode": "MR012", "adm2_name": "Bassiknou", "adm3_pcode": "MR01202", "adm3_name": "El Megve", "adm4_pcode": null, "adm4_name": null, "name_latin": "ecole coranique" }, "geometry": { "type": "Point", "coordinates": [ -5.7859088, 15.8360941 ] } },
{ "type": "Feature", "properties": { "id": "way/658532700", "name": "Lycée ESD", "name_en": null, "name_ar": null, "amenity": "university", "building": null, "operator_type": null, "capacity_persons": null, "addr_full": null, "addr_city": null, "source": null, "adm0_pcode": "MRT", "adm0_name": "Mauritania", "adm1_pcode": "MR01", "adm1_name": "Hodh Chargui", "adm2_pcode": "MR012", "adm2_name": "Bassiknou", "adm3_pcode": "MR01202", "adm3_name": "El Megve", "adm4_pcode": null, "adm4_name": null, "name_latin": "Lycee ESD" }, "geometry": { "type": "Polygon", "coordinates": [ [ [ -5.7917691, 15.8379246 ], [ -5.7916455, 15.8376935 ], [ -5.7924792, 15.8373566 ], [ -5.7924867, 15.8373707 ], [ -5.7925895, 15.837601 ], [ -5.7917691, 15.8379246 ] ] ] } },
{ "type": "Feature", "properties": { "id": "way/658532704", "name": "Ecole 4", "name_en": null, "name_ar": null, "amenity": "school", "building": null, "operator_type": "ngo", "capacity_persons": null, "addr_full": null, "addr_city": null, "source": null, "adm0_pcode": "MRT", "adm0_name": "Mauritania", "adm1_pcode": "MR01", "adm1_name": "Hodh Chargui", "adm2_pcode": "MR012", "adm2_name": "Bassiknou", "adm3_pcode": "MR01202", "adm3_name": "El Megve", "adm4_pcode": null, "adm4_name": null, "name_latin": "Ecole 4" }, "geometry": { "type": "Polygon", "coordinates": [ [ [ -5.7895085, 15.8390051 ], [ -5.7893429, 15.8386472 ], [ -5.7904304, 15.8381992 ], [ -5.7906925, 15.8380913 ], [ -5.7908619, 15.8384702 ], [ -5.7907993, 15.8384949 ], [ -5.7895085, 15.8390051 ] ] ] } },
{ "type": "Feature", "properties": { "id": "way/658532720", "name": "Ecole 1", "name_en": null, "name_ar": null, "amenity": "school", "building": null, "operator_type": null, "capacity_persons": null, "addr_full": null, "addr_city": null, "source": null, "adm0_pcode": "MRT", "adm0_name": "Mauritania", "adm1_pcode": "MR01", "adm1_name": "Hodh Chargui", "adm2_pcode": "MR012", "adm2_name": "Bassiknou", "adm3_pcode": "MR01202", "adm3_name": "El Megve", "adm4_pcode": null, "adm4_name": null, "name_latin": "Ecole 1" }, "geometry": { "type": "Polygon", "coordinates": [ [ [ -5.7907686, 15.8421446 ], [ -5.7905836, 15.8415877 ], [ -5.7922795, 15.8409501 ], [ -5.7924978, 15.8414544 ], [ -5.7922163, 15.8415802 ], [ -5.7907686, 15.8421446 ] ] ] } },
{ "type": "Feature", "properties": { "id": "way/658532713", "name": "Ecole 2", "name_en": null, "name_ar": null, "amenity": "school", "building": null, "operator_type": null, "capacity_persons": null, "addr_full": null, "addr_city": null, "source": null, "adm0_pcode": "MRT", "adm0_name": "Mauritania", "adm1_pcode": "MR01", "adm1_name": "Hodh Chargui", "adm2_pcode": "MR012", "adm2_name": "Bassiknou", "adm3_pcode": "MR01202", "adm3_name": "El Megve", "adm4_pcode": null, "adm4_name": null, "name_latin": "Ecole 2" }, "geometry": { "type": "Polygon", "coordinates": [ [ [ -5.7943301, 15.8408306 ], [ -5.7942326, 15.8404308 ], [ -5.7948393, 15.8402262 ], [ -5.7954937, 15.8400358 ], [ -5.7956174, 15.8405022 ], [ -5.7943301, 15.8408306 ] ] ] } },
{ "type": "Feature", "properties": { "id": "way/658532697", "name": "Ecole 3", "name_en": null, "name_ar": null, "amenity": "school", "building": null, "operator_type": "ngo", "capacity_persons": null, "addr_full": null, "addr_city": null, "source": null, "adm0_pcode": "MRT", "adm0_name": "Mauritania", "adm1_pcode": "MR01", "adm1_name": "Hodh Chargui", "adm2_pcode": "MR012", "adm2_name": "Bassiknou", "adm3_pcode": "MR01202", "adm3_name": "El Megve", "adm4_pcode": null, "adm4_name": null, "name_latin": "Ecole 3" }, "geometry": { "type": "Polygon", "coordinates": [ [ [ -5.7943951, 15.8371118 ], [ -5.7942434, 15.8365913 ], [ -5.7956057, 15.8363028 ], [ -5.7957336, 15.8368233 ], [ -5.7945021, 15.8370992 ], [ -5.7943951, 15.8371118 ] ] ] } },
{ "type": "Feature", "properties": { "id": "way/658532707", "name": "Ecole 6", "name_en": null, "name_ar": null, "amenity": "school", "building": null, "operator_type": null, "capacity_persons": null, "addr_full": null, "addr_city": null, "source": null, "adm0_pcode": "MRT", "adm0_name": "Mauritania", "adm1_pcode": "MR01", "adm1_name": "Hodh Chargui", "adm2_pcode": "MR012", "adm2_name": "Bassiknou", "adm3_pcode": "MR01202", "adm3_name": "El Megve", "adm4_pcode": null, "adm4_name": null, "name_latin": "Ecole 6" }, "geometry": { "type": "Polygon", "coordinates": [ [ [ -5.8007053, 15.8395331 ], [ -5.7999839, 15.8395769 ], [ -5.7998829, 15.8387381 ], [ -5.7999507, 15.8387178 ], [ -5.8004232, 15.8386313 ], [ -5.8006139, 15.8386213 ], [ -5.8007053, 15.8395331 ] ] ] } },
{ "type": "Feature", "properties": { "id": "node/6166720737", "name": "Ecole 6 Extension", "name_en": null, "name_ar": null, "amenity": "school", "building": null, "operator_type": null, "capacity_persons": null, "addr_full": null, "addr_city": null, "source": null, "adm0_pcode": "MRT", "adm0_name": "Mauritania", "adm1_pcode": "MR01", "adm1_name": "Hodh Chargui", "adm2_pcode": "MR012", "adm2_name": "Bassiknou", "adm3_pcode": "MR01202", "adm3_name": "El Megve", "adm4_pcode": null, "adm4_name": null, "name_latin": "Ecole 6 Extension" }, "geometry": { "type": "Point", "coordinates": [ -5.8067509, 15.8392035 ] } },
{ "type": "Feature", "properties": { "id": "node/6166720736", "name": "ecole coranique", "name_en": null, "name_ar": null, "amenity": "school", "building": null, "operator_type": null, "capacity_persons": null, "addr_full": null, "addr_city": null, "source": null, "adm0_pcode": "MRT", "adm0_name": "Mauritania", "adm1_pcode": "MR01", "adm1_name": "Hodh Chargui", "adm2_pcode": "MR012", "adm2_name": "Bassiknou", "adm3_pcode": "MR01202", "adm3_name": "El Megve", "adm4_pcode": null, "adm4_name": null, "name_latin": "ecole coranique" }, "geometry": { "type": "Point", "coordinates": [ -5.8071942, 15.8342493 ] } },
{ "type": "Feature", "properties": { "id": "way/658532693", "name": "Ecole 5", "name_en": null, "name_ar": null, "amenity": "school", "building": null, "operator_type": null, "capacity_persons": null, "addr_full": null, "addr_city": null, "source": null, "adm0_pcode": "MRT", "adm0_name": "Mauritania", "adm1_pcode": "MR01", "adm1_name": "Hodh Chargui", "adm2_pcode": "MR012", "adm2_name": "Bassiknou", "adm3_pcode": "MR01202", "adm3_name": "El Megve", "adm4_pcode": null, "adm4_name": null, "name_latin": "Ecole 5" }, "geometry": { "type": "Polygon", "coordinates": [ [ [ -5.7987, 15.8350284 ], [ -5.7983902, 15.833734 ], [ -5.7986383, 15.8336285 ], [ -5.799229, 15.8348461 ], [ -5.7987, 15.8350284 ] ] ] } },
{ "type": "Feature", "properties": { "id": "way/265426466", "name": null, "name_en": null, "name_ar": null, "amenity": "school", "building": null, "operator_type": null, "capacity_persons": null, "addr_full": null, "addr_city": null, "source": null, "adm0_pcode": "MRT", "adm0_name": "Mauritania", "adm1_pcode": "MR01", "adm1_name": "Hodh Chargui", "adm2_pcode": "MR012", "adm2_name": "Bassiknou", "adm3_pcode": "MR01201", "adm3_name": "Basseknou", "adm4_pcode": null, "adm4_name": null, "name_latin": null }, "geometry": { "type": "Polygon", "coordinates": [ [ [ -5.9628817, 15.864351 ], [ -5.9623101, 15.8644311 ], [ -5.9621787, 15.8639007 ], [ -5.9627647, 15.8638153 ], [ -5.9628817, 15.864351 ] ] ] } },
{ "type": "Feature", "properties": { "id": "way/264808270", "name": null, "name_en": null, "name_ar": null, "amenity": "school", "building": null, "operator_type": null, "capacity_persons": null, "addr_full": null, "addr_city": null, "source": null, "adm0_pcode": "MRT", "adm0_name": "Mauritania", "adm1_pcode": "MR01", "adm1_name": "Hodh Chargui", "adm2_pcode": "MR012", "adm2_name": "Bassiknou", "adm3_pcode": "MR01201", "adm3_name": "Basseknou", "adm4_pcode": null, "adm4_name": null, "name_latin": null }, "geometry": { "type": "Polygon", "coordinates": [ [ [ -5.943839, 15.8694196 ], [ -5.9438029, 15.8685075 ], [ -5.9447335, 15.8684649 ], [ -5.9447644, 15.8693757 ], [ -5.943839, 15.8694196 ] ] ] } },
{ "type": "Feature", "properties": { "id": "way/230056952", "name": null, "name_en": null, "name_ar": null, "amenity": "school", "building": null, "operator_type": null, "capacity_persons": null, "addr_full": null, "addr_city": null, "source": null, "adm0_pcode": "MRT", "adm0_name": "Mauritania", "adm1_pcode": "MR14", "adm1_name": "Nouakchott Nord", "adm2_pcode": "MR142", "adm2_name": "Dar Naïm", "adm3_pcode": "MR14201", "adm3_name": "Dar Naim", "adm4_pcode": null, "adm4_name": null, "name_latin": null }, "geometry": { "type": "Polygon", "coordinates": [ [ [ -15.9273626, 18.0991763 ], [ -15.9269149, 18.0988539 ], [ -15.9272207, 18.0984701 ], [ -15.9276684, 18.0987925 ], [ -15.9273626, 18.0991763 ] ] ] } },
{ "type": "Feature", "properties": { "id": "way/237789637", "name": null, "name_en": null, "name_ar": null, "amenity": "school", "building": null, "operator_type": null, "capacity_persons": null, "addr_full": null, "addr_city": null, "source": null, "adm0_pcode": "MRT", "adm0_name": "Mauritania", "adm1_pcode": "MR14", "adm1_name": "Nouakchott Nord", "adm2_pcode": "MR142", "adm2_name": "Dar Naïm", "adm3_pcode": "MR14201", "adm3_name": "Dar Naim", "adm4_pcode": null, "adm4_name": null, "name_latin": null }, "geometry": { "type": "Polygon", "coordinates": [ [ [ -15.921821, 18.0976998 ], [ -15.9215107, 18.098077 ], [ -15.9210469, 18.0977322 ], [ -15.9213571, 18.097355 ], [ -15.921821, 18.0976998 ] ] ] } },
{ "type": "Feature", "properties": { "id": "way/229021215", "name": null, "name_en": null, "name_ar": null, "amenity": "school", "building": null, "operator_type": null, "capacity_persons": null, "addr_full": null, "addr_city": null, "source": null, "adm0_pcode": "MRT", "adm0_name": "Mauritania", "adm1_pcode": "MR14", "adm1_name": "Nouakchott Nord", "adm2_pcode": "MR142", "adm2_name": "Dar Naïm", "adm3_pcode": "MR14201", "adm3_name": "Dar Naim", "adm4_pcode": null, "adm4_name": null, "name_latin": null }, "geometry": { "type": "Polygon", "coordinates": [ [ [ -15.9281815, 18.1023137 ], [ -15.9278859, 18.1026916 ], [ -15.9274172, 18.1023604 ], [ -15.9277128, 18.1019825 ], [ -15.9281815, 18.1023137 ] ] ] } },
{ "type": "Feature", "properties": { "id": "way/229021207", "name": null, "name_en": null, "name_ar": null, "amenity": "school", "building": null, "operator_type": null, "capacity_persons": null, "addr_full": null, "addr_city": null, "source": null, "adm0_pcode": "MRT", "adm0_name": "Mauritania", "adm1_pcode": "MR14", "adm1_name": "Nouakchott Nord", "adm2_pcode": "MR142", "adm2_name": "Dar Naïm", "adm3_pcode": "MR14201", "adm3_name": "Dar Naim", "adm4_pcode": null, "adm4_name": null, "name_latin": null }, "geometry": { "type": "Polygon", "coordinates": [ [ [ -15.9291538, 18.1115568 ], [ -15.9286654, 18.1122565 ], [ -15.9282672, 18.1119857 ], [ -15.9287521, 18.111328 ], [ -15.9291538, 18.1115568 ] ] ] } },
{ "type": "Feature", "properties": { "id": "way/229021208", "name": null, "name_en": null, "name_ar": null, "amenity": "school", "building": null, "operator_type": null, "capacity_persons": null, "addr_full": null, "addr_city": null, "source": null, "adm0_pcode": "MRT", "adm0_name": "Mauritania", "adm1_pcode": "MR14", "adm1_name": "Nouakchott Nord", "adm2_pcode": "MR142", "adm2_name": "Dar Naïm", "adm3_pcode": "MR14201", "adm3_name": "Dar Naim", "adm4_pcode": null, "adm4_name": null, "name_latin": null }, "geometry": { "type": "Polygon", "coordinates": [ [ [ -15.9286371, 18.1112641 ], [ -15.9281345, 18.1118848 ], [ -15.9278178, 18.1116611 ], [ -15.9283062, 18.111069 ], [ -15.9286371, 18.1112641 ] ] ] } },
{ "type": "Feature", "properties": { "id": "way/229481333", "name": null, "name_en": null, "name_ar": null, "amenity": "school", "building": null, "operator_type": null, "capacity_persons": null, "addr_full": null, "addr_city": null, "source": null, "adm0_pcode": "MRT", "adm0_name": "Mauritania", "adm1_pcode": "MR14", "adm1_name": "Nouakchott Nord", "adm2_pcode": "MR142", "adm2_name": "Dar Naïm", "adm3_pcode": "MR14201", "adm3_name": "Dar Naim", "adm4_pcode": null, "adm4_name": null, "name_latin": null }, "geometry": { "type": "Polygon", "coordinates": [ [ [ -15.9213689, 18.1129374 ], [ -15.9209733, 18.113416 ], [ -15.9207238, 18.1132342 ], [ -15.9205832, 18.1131236 ], [ -15.920572, 18.1131163 ], [ -15.9210294, 18.112563 ], [ -15.9212558, 18.112732 ], [ -15.921194, 18.1128068 ], [ -15.9213689, 18.1129374 ] ] ] } },
{ "type": "Feature", "properties": { "id": "way/231622335", "name": null, "name_en": null, "name_ar": null, "amenity": "school", "building": null, "operator_type": null, "capacity_persons": null, "addr_full": null, "addr_city": null, "source": null, "adm0_pcode": "MRT", "adm0_name": "Mauritania", "adm1_pcode": "MR14", "adm1_name": "Nouakchott Nord", "adm2_pcode": "MR142", "adm2_name": "Dar Naïm", "adm3_pcode": "MR14201", "adm3_name": "Dar Naim", "adm4_pcode": null, "adm4_name": null, "name_latin": null }, "geometry": { "type": "Polygon", "coordinates": [ [ [ -15.9193068, 18.1092319 ], [ -15.9188971, 18.1089373 ], [ -15.9192186, 18.1085334 ], [ -15.9196282, 18.108828 ], [ -15.9193068, 18.1092319 ] ] ] } },
{ "type": "Feature", "properties": { "id": "way/231520458", "name": null, "name_en": null, "name_ar": null, "amenity": "school", "building": null, "operator_type": null, "capacity_persons": null, "addr_full": null, "addr_city": null, "source": null, "adm0_pcode": "MRT", "adm0_name": "Mauritania", "adm1_pcode": "MR14", "adm1_name": "Nouakchott Nord", "adm2_pcode": "MR142", "adm2_name": "Dar Naïm", "adm3_pcode": "MR14201", "adm3_name": "Dar Naim", "adm4_pcode": null, "adm4_name": null, "name_latin": null }, "geometry": { "type": "Polygon", "coordinates": [ [ [ -15.9094976, 18.1201135 ], [ -15.9100483, 18.1194276 ], [ -15.9084763, 18.1183233 ], [ -15.9080018, 18.1188949 ], [ -15.9094976, 18.1201135 ] ] ] } },
{ "type": "Feature", "properties": { "id": "way/237816056", "name": null, "name_en": null, "name_ar": null, "amenity": "school", "building": null, "operator_type": null, "capacity_persons": null, "addr_full": null, "addr_city": null, "source": null, "adm0_pcode": "MRT", "adm0_name": "Mauritania", "adm1_pcode": "MR14", "adm1_name": "Nouakchott Nord", "adm2_pcode": "MR142", "adm2_name": "Dar Naïm", "adm3_pcode": "MR14201", "adm3_name": "Dar Naim", "adm4_pcode": null, "adm4_name": null, "name_latin": null }, "geometry": { "type": "Polygon", "coordinates": [ [ [ -15.9164792, 18.1055516 ], [ -15.9167736, 18.1051521 ], [ -15.917245, 18.105468 ], [ -15.9170819, 18.1056725 ], [ -15.9170322, 18.1057388 ], [ -15.9170369, 18.1057571 ], [ -15.9169581, 18.1058528 ], [ -15.9164792, 18.1055516 ] ] ] } },
{ "type": "Feature", "properties": { "id": "node/4695682801", "name": "Complexe d'écoles privées génération numérique مجمع مدارس الجيل الرقمي", "name_en": null, "name_ar": "مجمع مدارس الجيل الرقمي", "amenity": "school", "building": null, "operator_type": null, "capacity_persons": null, "addr_full": null, "addr_city": "Nouakchott نواكشوط", "source": null, "adm0_pcode": "MRT", "adm0_name": "Mauritania", "adm1_pcode": "MR14", "adm1_name": "Nouakchott Nord", "adm2_pcode": "MR142", "adm2_name": "Dar Naïm", "adm3_pcode": "MR14201", "adm3_name": "Dar Naim", "adm4_pcode": null, "adm4_name": null, "name_latin": "Complexe d'ecoles privees generation numerique mjm` mdrs ljyl lrqmy" }, "geometry": { "type": "Point", "coordinates": [ -15.9121678, 18.0815949 ] } },
{ "type": "Feature", "properties": { "id": "way/326784142", "name": null, "name_en": null, "name_ar": null, "amenity": "school", "building": null, "operator_type": null, "capacity_persons": null, "addr_full": null, "addr_city": null, "source": null, "adm0_pcode": "MRT", "adm0_name": "Mauritania", "adm1_pcode": "MR14", "adm1_name": "Nouakchott Nord", "adm2_pcode": "MR142", "adm2_name": "Dar Naïm", "adm3_pcode": "MR14201", "adm3_name": "Dar Naim", "adm4_pcode": null, "adm4_name": null, "name_latin": null }, "geometry": { "type": "Polygon", "coordinates": [ [ [ -15.9149365, 18.0839827 ], [ -15.9147355, 18.0839434 ], [ -15.9147601, 18.0838296 ], [ -15.9149611, 18.0838689 ], [ -15.9149365, 18.0839827 ] ] ] } },
{ "type": "Feature", "properties": { "id": "way/229232454", "name": null, "name_en": null, "name_ar": "ثانوية بوحديده", "amenity": "school", "building": null, "operator_type": null, "capacity_persons": null, "addr_full": null, "addr_city": null, "source": null, "adm0_pcode": "MRT", "adm0_name": "Mauritania", "adm1_pcode": "MR14", "adm1_name": "Nouakchott Nord", "adm2_pcode": "MR143", "adm2_name": "Teyarett", "adm3_pcode": "MR14301", "adm3_name": "Toujounine", "adm4_pcode": null, "adm4_name": null, "name_latin": null }, "geometry": { "type": "Polygon", "coordinates": [ [ [ -15.9266287, 18.0691952 ], [ -15.9258689, 18.0691953 ], [ -15.9258944, 18.0682844 ], [ -15.9266418, 18.0682976 ], [ -15.9266287, 18.0691952 ] ] ] } },
{ "type": "Feature", "properties": { "id": "node/6557359608", "name": null, "name_en": null, "name_ar": null, "amenity": "school", "building": null, "operator_type": null, "capacity_persons": null, "addr_full": null, "addr_city": null, "source": null, "adm0_pcode": "MRT", "adm0_name": "Mauritania", "adm1_pcode": "MR14", "adm1_name": "Nouakchott Nord", "adm2_pcode": "MR143", "adm2_name": "Teyarett", "adm3_pcode": "MR14301", "adm3_name": "Toujounine", "adm4_pcode": null, "adm4_name": null, "name_latin": null }, "geometry": { "type": "Point", "coordinates": [ -15.9223008, 18.072915 ] } },
{ "type": "Feature", "properties": { "id": "way/229232457", "name": null, "name_en": null, "name_ar": null, "amenity": "school", "building": null, "operator_type": null, "capacity_persons": null, "addr_full": null, "addr_city": null, "source": null, "adm0_pcode": "MRT", "adm0_name": "Mauritania", "adm1_pcode": "MR14", "adm1_name": "Nouakchott Nord", "adm2_pcode": "MR143", "adm2_name": "Teyarett", "adm3_pcode": "MR14301", "adm3_name": "Toujounine", "adm4_pcode": null, "adm4_name": null, "name_latin": null }, "geometry": { "type": "Polygon", "coordinates": [ [ [ -15.9211395, 18.0748592 ], [ -15.9203729, 18.0747334 ], [ -15.9205383, 18.0736638 ], [ -15.9214428, 18.0738735 ], [ -15.9211395, 18.0748592 ] ] ] } },
{ "type": "Feature", "properties": { "id": "node/6557343429", "name": null, "name_en": null, "name_ar": null, "amenity": "school", "building": null, "operator_type": null, "capacity_persons": null, "addr_full": null, "addr_city": null, "source": null, "adm0_pcode": "MRT", "adm0_name": "Mauritania", "adm1_pcode": "MR14", "adm1_name": "Nouakchott Nord", "adm2_pcode": "MR143", "adm2_name": "Teyarett", "adm3_pcode": "MR14301", "adm3_name": "Toujounine", "adm4_pcode": null, "adm4_name": null, "name_latin": null }, "geometry": { "type": "Point", "coordinates": [ -15.920839, 18.0743455 ] } },
{ "type": "Feature", "properties": { "id": "way/229232459", "name": null, "name_en": null, "name_ar": null, "amenity": "school", "building": null, "operator_type": null, "capacity_persons": null, "addr_full": null, "addr_city": null, "source": null, "adm0_pcode": "MRT", "adm0_name": "Mauritania", "adm1_pcode": "MR14", "adm1_name": "Nouakchott Nord", "adm2_pcode": "MR143", "adm2_name": "Teyarett", "adm3_pcode": "MR14301", "adm3_name": "Toujounine", "adm4_pcode": null, "adm4_name": null, "name_latin": null }, "geometry": { "type": "Polygon", "coordinates": [ [ [ -15.9135627, 18.0744322 ], [ -15.912655, 18.0743152 ], [ -15.9127473, 18.0734303 ], [ -15.9136499, 18.0734935 ], [ -15.9135627, 18.0744322 ] ] ] } },
{ "type": "Feature", "properties": { "id": "node/6557329880", "name": null, "name_en": null, "name_ar": null, "amenity": "school", "building": null, "operator_type": null, "capacity_persons": null, "addr_full": null, "addr_city": null, "source": null, "adm0_pcode": "MRT", "adm0_name": "Mauritania", "adm1_pcode": "MR14", "adm1_name": "Nouakchott Nord", "adm2_pcode": "MR143", "adm2_name": "Teyarett", "adm3_pcode": "MR14301", "adm3_name": "Toujounine", "adm4_pcode": null, "adm4_name": null, "name_latin": null }, "geometry": { "type": "Point", "coordinates": [ -15.9131538, 18.0739458 ] } },
{ "type": "Feature", "properties": { "id": "way/230777723", "name": null, "name_en": null, "name_ar": null, "amenity": "school", "building": null, "operator_type": null, "capacity_persons": null, "addr_full": null, "addr_city": null, "source": null, "adm0_pcode": "MRT", "adm0_name": "Mauritania", "adm1_pcode": "MR14", "adm1_name": "Nouakchott Nord", "adm2_pcode": "MR143", "adm2_name": "Teyarett", "adm3_pcode": "MR14301", "adm3_name": "Toujounine", "adm4_pcode": null, "adm4_name": null, "name_latin": null }, "geometry": { "type": "Polygon", "coordinates": [ [ [ -15.9080806, 18.0734202 ], [ -15.9077314, 18.0733882 ], [ -15.9076622, 18.073602 ], [ -15.9073749, 18.0735824 ], [ -15.9076007, 18.0728274 ], [ -15.908241, 18.0729062 ], [ -15.9080806, 18.0734202 ] ] ] } },
{ "type": "Feature", "properties": { "id": "way/453483556", "name": null, "name_en": null, "name_ar": null, "amenity": "school", "building": null, "operator_type": null, "capacity_persons": null, "addr_full": null, "addr_city": null, "source": null, "adm0_pcode": "MRT", "adm0_name": "Mauritania", "adm1_pcode": "MR14", "adm1_name": "Nouakchott Nord", "adm2_pcode": "MR143", "adm2_name": "Teyarett", "adm3_pcode": "MR14301", "adm3_name": "Toujounine", "adm4_pcode": null, "adm4_name": null, "name_latin": null }, "geometry": { "type": "Polygon", "coordinates": [ [ [ -15.9072892, 18.0735675 ], [ -15.9067187, 18.0735171 ], [ -15.9068119, 18.0727641 ], [ -15.9075043, 18.0728336 ], [ -15.9072892, 18.0735675 ] ] ] } },
{ "type": "Feature", "properties": { "id": "way/231490639", "name": null, "name_en": null, "name_ar": null, "amenity": "school", "building": null, "operator_type": null, "capacity_persons": null, "addr_full": null, "addr_city": null, "source": null, "adm0_pcode": "MRT", "adm0_name": "Mauritania", "adm1_pcode": "MR14", "adm1_name": "Nouakchott Nord", "adm2_pcode": "MR143", "adm2_name": "Teyarett", "adm3_pcode": "MR14301", "adm3_name": "Toujounine", "adm4_pcode": null, "adm4_name": null, "name_latin": null }, "geometry": { "type": "Polygon", "coordinates": [ [ [ -15.8969698, 18.0685211 ], [ -15.8962337, 18.0684079 ], [ -15.8963455, 18.0677504 ], [ -15.8970817, 18.0678636 ], [ -15.8969698, 18.0685211 ] ] ] } },
{ "type": "Feature", "properties": { "id": "way/238483087", "name": "Field", "name_en": null, "name_ar": null, "amenity": "school", "building": null, "operator_type": null, "capacity_persons": null, "addr_full": null, "addr_city": null, "source": null, "adm0_pcode": "MRT", "adm0_name": "Mauritania", "adm1_pcode": "MR14", "adm1_name": "Nouakchott Nord", "adm2_pcode": "MR143", "adm2_name": "Teyarett", "adm3_pcode": "MR14301", "adm3_name": "Toujounine", "adm4_pcode": null, "adm4_name": null, "name_latin": "Field" }, "geometry": { "type": "Polygon", "coordinates": [ [ [ -15.8768462, 18.0564976 ], [ -15.8759138, 18.0563816 ], [ -15.8760286, 18.0552475 ], [ -15.8770798, 18.0555297 ], [ -15.8768462, 18.0564976 ] ] ] } },
{ "type": "Feature", "properties": { "id": "way/238828679", "name": null, "name_en": null, "name_ar": null, "amenity": "school", "building": null, "operator_type": null, "capacity_persons": null, "addr_full": null, "addr_city": null, "source": null, "adm0_pcode": "MRT", "adm0_name": "Mauritania", "adm1_pcode": "MR14", "adm1_name": "Nouakchott Nord", "adm2_pcode": "MR143", "adm2_name": "Teyarett", "adm3_pcode": "MR14301", "adm3_name": "Toujounine", "adm4_pcode": null, "adm4_name": null, "name_latin": null }, "geometry": { "type": "Polygon", "coordinates": [ [ [ -15.8895824, 18.0632783 ], [ -15.8890207, 18.0631405 ], [ -15.8891629, 18.0626167 ], [ -15.8901007, 18.0628467 ], [ -15.8900892, 18.0628891 ], [ -15.8900669, 18.0629712 ], [ -15.890044, 18.0630557 ], [ -15.8899965, 18.0632306 ], [ -15.8899875, 18.0632636 ], [ -15.8899827, 18.0632815 ], [ -15.8899666, 18.0633409 ], [ -15.889962, 18.0633578 ], [ -15.8899585, 18.0633706 ], [ -15.8898969, 18.0633555 ], [ -15.8895824, 18.0632783 ] ] ] } },
{ "type": "Feature", "properties": { "id": "way/231278243", "name": null, "name_en": null, "name_ar": null, "amenity": "school", "building": null, "operator_type": null, "capacity_persons": null, "addr_full": null, "addr_city": null, "source": null, "adm0_pcode": "MRT", "adm0_name": "Mauritania", "adm1_pcode": "MR14", "adm1_name": "Nouakchott Nord", "adm2_pcode": "MR143", "adm2_name": "Teyarett", "adm3_pcode": "MR14301", "adm3_name": "Toujounine", "adm4_pcode": null, "adm4_name": null, "name_latin": null }, "geometry": { "type": "Polygon", "coordinates": [ [ [ -15.8990647, 18.0628807 ], [ -15.8991255, 18.0628857 ], [ -15.8990469, 18.0627138 ], [ -15.8985765, 18.0617301 ], [ -15.898193, 18.0625962 ], [ -15.8985284, 18.0627057 ], [ -15.8990647, 18.0628807 ] ] ] } },
{ "type": "Feature", "properties": { "id": "way/231278244", "name": null, "name_en": null, "name_ar": null, "amenity": "school", "building": null, "operator_type": null, "capacity_persons": null, "addr_full": null, "addr_city": null, "source": null, "adm0_pcode": "MRT", "adm0_name": "Mauritania", "adm1_pcode": "MR14", "adm1_name": "Nouakchott Nord", "adm2_pcode": "MR143", "adm2_name": "Teyarett", "adm3_pcode": "MR14301", "adm3_name": "Toujounine", "adm4_pcode": null, "adm4_name": null, "name_latin": null }, "geometry": { "type": "Polygon", "coordinates": [ [ [ -15.8991955, 18.0627058 ], [ -15.8994548, 18.0620388 ], [ -15.8985765, 18.0617301 ], [ -15.8982472, 18.0625771 ], [ -15.8991255, 18.0628857 ], [ -15.8991955, 18.0627058 ] ] ] } },
{ "type": "Feature", "properties": { "id": "way/229838926", "name": null, "name_en": null, "name_ar": null, "amenity": "school", "building": null, "operator_type": null, "capacity_persons": null, "addr_full": null, "addr_city": null, "source": null, "adm0_pcode": "MRT", "adm0_name": "Mauritania", "adm1_pcode": "MR14", "adm1_name": "Nouakchott Nord", "adm2_pcode": "MR143", "adm2_name": "Teyarett", "adm3_pcode": "MR14301", "adm3_name": "Toujounine", "adm4_pcode": null, "adm4_name": null, "name_latin": null }, "geometry": { "type": "Polygon", "coordinates": [ [ [ -15.9036872, 18.0667225 ], [ -15.903484, 18.0670888 ], [ -15.9029795, 18.0669056 ], [ -15.9032528, 18.0664527 ], [ -15.9036872, 18.0667225 ] ] ] } },
{ "type": "Feature", "properties": { "id": "way/229838925", "name": null, "name_en": null, "name_ar": null, "amenity": "school", "building": null, "operator_type": null, "capacity_persons": null, "addr_full": null, "addr_city": null, "source": null, "adm0_pcode": "MRT", "adm0_name": "Mauritania", "adm1_pcode": "MR14", "adm1_name": "Nouakchott Nord", "adm2_pcode": "MR143", "adm2_name": "Teyarett", "adm3_pcode": "MR14301", "adm3_name": "Toujounine", "adm4_pcode": null, "adm4_name": null, "name_latin": null }, "geometry": { "type": "Polygon", "coordinates": [ [ [ -15.9045823, 18.0655595 ], [ -15.9041684, 18.0660528 ], [ -15.9037894, 18.065881 ], [ -15.9039002, 18.0655318 ], [ -15.9045823, 18.0655595 ] ] ] } },
{ "type": "Feature", "properties": { "id": "way/231278245", "name": null, "name_en": null, "name_ar": null, "amenity": "school", "building": null, "operator_type": null, "capacity_persons": null, "addr_full": null, "addr_city": null, "source": null, "adm0_pcode": "MRT", "adm0_name": "Mauritania", "adm1_pcode": "MR14", "adm1_name": "Nouakchott Nord", "adm2_pcode": "MR143", "adm2_name": "Teyarett", "adm3_pcode": "MR14301", "adm3_name": "Toujounine", "adm4_pcode": null, "adm4_name": null, "name_latin": null }, "geometry": { "type": "Polygon", "coordinates": [ [ [ -15.8995772, 18.0638979 ], [ -15.8988402, 18.0638374 ], [ -15.8988514, 18.0635351 ], [ -15.8989712, 18.0634427 ], [ -15.8989749, 18.0633822 ], [ -15.8988776, 18.0633182 ], [ -15.8989001, 18.063055 ], [ -15.8996782, 18.0631226 ], [ -15.8995772, 18.0638979 ] ] ] } },
{ "type": "Feature", "properties": { "id": "way/326235888", "name": null, "name_en": null, "name_ar": null, "amenity": "school", "building": null, "operator_type": null, "capacity_persons": null, "addr_full": null, "addr_city": null, "source": null, "adm0_pcode": "MRT", "adm0_name": "Mauritania", "adm1_pcode": "MR14", "adm1_name": "Nouakchott Nord", "adm2_pcode": "MR143", "adm2_name": "Teyarett", "adm3_pcode": "MR14301", "adm3_name": "Toujounine", "adm4_pcode": null, "adm4_name": null, "name_latin": null }, "geometry": { "type": "Polygon", "coordinates": [ [ [ -15.8848206, 18.0510381 ], [ -15.8847352, 18.0510142 ], [ -15.8843585, 18.0509144 ], [ -15.8844787, 18.0504651 ], [ -15.8849492, 18.0505789 ], [ -15.8848206, 18.0510381 ] ] ] } },
{ "type": "Feature", "properties": { "id": "way/326256466", "name": null, "name_en": null, "name_ar": null, "amenity": "kindergarten", "building": null, "operator_type": null, "capacity_persons": null, "addr_full": null, "addr_city": null, "source": null, "adm0_pcode": "MRT", "adm0_name": "Mauritania", "adm1_pcode": "MR14", "adm1_name": "Nouakchott Nord", "adm2_pcode": "MR143", "adm2_name": "Teyarett", "adm3_pcode": "MR14301", "adm3_name": "Toujounine", "adm4_pcode": null, "adm4_name": null, "name_latin": null }, "geometry": { "type": "Polygon", "coordinates": [ [ [ -15.8864549, 18.0468389 ], [ -15.8859775, 18.0467369 ], [ -15.8860794, 18.0462829 ], [ -15.8865836, 18.0463849 ], [ -15.8864549, 18.0468389 ] ] ] } },
{ "type": "Feature", "properties": { "id": "way/326235878", "name": null, "name_en": null, "name_ar": null, "amenity": "school", "building": null, "operator_type": null, "capacity_persons": null, "addr_full": null, "addr_city": null, "source": null, "adm0_pcode": "MRT", "adm0_name": "Mauritania", "adm1_pcode": "MR14", "adm1_name": "Nouakchott Nord", "adm2_pcode": "MR143", "adm2_name": "Teyarett", "adm3_pcode": "MR14301", "adm3_name": "Toujounine", "adm4_pcode": null, "adm4_name": null, "name_latin": null }, "geometry": { "type": "Polygon", "coordinates": [ [ [ -15.8895934, 18.0408391 ], [ -15.8890112, 18.0407041 ], [ -15.8890442, 18.040584 ], [ -15.8890861, 18.0405639 ], [ -15.8891119, 18.0404539 ], [ -15.8890986, 18.0404156 ], [ -15.8891446, 18.0401944 ], [ -15.8897452, 18.0403189 ], [ -15.8895934, 18.0408391 ] ] ] } },
{ "type": "Feature", "properties": { "id": "way/915181669", "name": null, "name_en": null, "name_ar": null, "amenity": null, "building": "school", "operator_type": null, "capacity_persons": null, "addr_full": null, "addr_city": null, "source": null, "adm0_pcode": "MRT", "adm0_name": "Mauritania", "adm1_pcode": "MR14", "adm1_name": "Nouakchott Nord", "adm2_pcode": "MR143", "adm2_name": "Teyarett", "adm3_pcode": "MR14301", "adm3_name": "Toujounine", "adm4_pcode": null, "adm4_name": null, "name_latin": null }, "geometry": { "type": "Polygon", "coordinates": [ [ [ -15.8557214, 18.0587262 ], [ -15.8558158, 18.0587588 ], [ -15.8557213, 18.0590066 ], [ -15.8556269, 18.0589741 ], [ -15.8557214, 18.0587262 ] ] ] } },
{ "type": "Feature", "properties": { "id": "way/326092176", "name": null, "name_en": null, "name_ar": null, "amenity": "school", "building": null, "operator_type": null, "capacity_persons": null, "addr_full": null, "addr_city": null, "source": null, "adm0_pcode": "MRT", "adm0_name": "Mauritania", "adm1_pcode": "MR14", "adm1_name": "Nouakchott Nord", "adm2_pcode": "MR143", "adm2_name": "Teyarett", "adm3_pcode": "MR14301", "adm3_name": "Toujounine", "adm4_pcode": null, "adm4_name": null, "name_latin": null }, "geometry": { "type": "Polygon", "coordinates": [ [ [ -15.8563054, 18.0597459 ], [ -15.8554569, 18.0594541 ], [ -15.8557601, 18.0585987 ], [ -15.8566276, 18.0589112 ], [ -15.8563054, 18.0597459 ] ] ] } },
{ "type": "Feature", "properties": { "id": "way/915181668", "name": null, "name_en": null, "name_ar": null, "amenity": null, "building": "school", "operator_type": null, "capacity_persons": null, "addr_full": null, "addr_city": null, "source": null, "adm0_pcode": "MRT", "adm0_name": "Mauritania", "adm1_pcode": "MR14", "adm1_name": "Nouakchott Nord", "adm2_pcode": "MR143", "adm2_name": "Teyarett", "adm3_pcode": "MR14301", "adm3_name": "Toujounine", "adm4_pcode": null, "adm4_name": null, "name_latin": null }, "geometry": { "type": "Polygon", "coordinates": [ [ [ -15.855927, 18.0586738 ], [ -15.856151, 18.0587554 ], [ -15.8561216, 18.0588284 ], [ -15.8558976, 18.0587469 ], [ -15.855927, 18.0586738 ] ] ] } },
{ "type": "Feature", "properties": { "id": "way/236838484", "name": "Ecole El Imame Elboukhar i مدرسة الإمام البخاري", "name_en": null, "name_ar": "مدرسة الإمام البخاري", "amenity": "school", "building": null, "operator_type": null, "capacity_persons": null, "addr_full": null, "addr_city": "Nouakchott نواكشوط", "source": null, "adm0_pcode": "MRT", "adm0_name": "Mauritania", "adm1_pcode": "MR14", "adm1_name": "Nouakchott Nord", "adm2_pcode": "MR142", "adm2_name": "Dar Naïm", "adm3_pcode": "MR14201", "adm3_name": "Dar Naim", "adm4_pcode": null, "adm4_name": null, "name_latin": "Ecole El Imame Elboukhar i mdrs@ lmm lbkhry" }, "geometry": { "type": "Polygon", "coordinates": [ [ [ -15.915344, 18.1490497 ], [ -15.9148964, 18.1489344 ], [ -15.915092, 18.1482484 ], [ -15.9155397, 18.1483637 ], [ -15.915344, 18.1490497 ] ] ] } },
{ "type": "Feature", "properties": { "id": "way/231520010", "name": null, "name_en": null, "name_ar": null, "amenity": "school", "building": null, "operator_type": null, "capacity_persons": null, "addr_full": null, "addr_city": null, "source": null, "adm0_pcode": "MRT", "adm0_name": "Mauritania", "adm1_pcode": "MR14", "adm1_name": "Nouakchott Nord", "adm2_pcode": "MR142", "adm2_name": "Dar Naïm", "adm3_pcode": "MR14201", "adm3_name": "Dar Naim", "adm4_pcode": null, "adm4_name": null, "name_latin": null }, "geometry": { "type": "Polygon", "coordinates": [ [ [ -15.9098312, 18.1412086 ], [ -15.9094574, 18.1415858 ], [ -15.9091168, 18.1412809 ], [ -15.9094906, 18.1409037 ], [ -15.9098312, 18.1412086 ] ] ] } },
{ "type": "Feature", "properties": { "id": "way/231666545", "name": null, "name_en": null, "name_ar": null, "amenity": "school", "building": null, "operator_type": null, "capacity_persons": null, "addr_full": null, "addr_city": null, "source": null, "adm0_pcode": "MRT", "adm0_name": "Mauritania", "adm1_pcode": "MR14", "adm1_name": "Nouakchott Nord", "adm2_pcode": "MR142", "adm2_name": "Dar Naïm", "adm3_pcode": "MR14201", "adm3_name": "Dar Naim", "adm4_pcode": null, "adm4_name": null, "name_latin": null }, "geometry": { "type": "Polygon", "coordinates": [ [ [ -15.9079077, 18.1321178 ], [ -15.9075611, 18.132539 ], [ -15.9074609, 18.1324657 ], [ -15.9074612, 18.1324245 ], [ -15.9073127, 18.1323057 ], [ -15.907268, 18.1323065 ], [ -15.9072024, 18.1322581 ], [ -15.9071877, 18.1322481 ], [ -15.9071537, 18.132223 ], [ -15.9074864, 18.1318118 ], [ -15.9079077, 18.1321178 ] ] ] } },
{ "type": "Feature", "properties": { "id": "way/229481332", "name": null, "name_en": null, "name_ar": null, "amenity": "school", "building": null, "operator_type": null, "capacity_persons": null, "addr_full": null, "addr_city": null, "source": null, "adm0_pcode": "MRT", "adm0_name": "Mauritania", "adm1_pcode": "MR14", "adm1_name": "Nouakchott Nord", "adm2_pcode": "MR142", "adm2_name": "Dar Naïm", "adm3_pcode": "MR14201", "adm3_name": "Dar Naim", "adm4_pcode": null, "adm4_name": null, "name_latin": null }, "geometry": { "type": "Polygon", "coordinates": [ [ [ -15.9142676, 18.1197363 ], [ -15.9138137, 18.1203065 ], [ -15.9134189, 18.1200342 ], [ -15.9133702, 18.120004 ], [ -15.9138502, 18.1194238 ], [ -15.9139393, 18.1194905 ], [ -15.9141416, 18.119642 ], [ -15.9142676, 18.1197363 ] ] ] } },
{ "type": "Feature", "properties": { "id": "way/231658738", "name": null, "name_en": null, "name_ar": null, "amenity": "school", "building": null, "operator_type": null, "capacity_persons": null, "addr_full": null, "addr_city": null, "source": null, "adm0_pcode": "MRT", "adm0_name": "Mauritania", "adm1_pcode": "MR14", "adm1_name": "Nouakchott Nord", "adm2_pcode": "MR142", "adm2_name": "Dar Naïm", "adm3_pcode": "MR14201", "adm3_name": "Dar Naim", "adm4_pcode": null, "adm4_name": null, "name_latin": null }, "geometry": { "type": "Polygon", "coordinates": [ [ [ -15.9238777, 18.122189 ], [ -15.923536, 18.1226092 ], [ -15.9232305, 18.1223847 ], [ -15.9235722, 18.1219645 ], [ -15.9236259, 18.122008 ], [ -15.9238777, 18.122189 ] ] ] } },
{ "type": "Feature", "properties": { "id": "way/229481331", "name": null, "name_en": null, "name_ar": null, "amenity": "school", "building": null, "operator_type": null, "capacity_persons": null, "addr_full": null, "addr_city": null, "source": null, "adm0_pcode": "MRT", "adm0_name": "Mauritania", "adm1_pcode": "MR14", "adm1_name": "Nouakchott Nord", "adm2_pcode": "MR141", "adm2_name": "Toujounine", "adm3_pcode": "MR14101", "adm3_name": "Teyaret", "adm4_pcode": null, "adm4_name": null, "name_latin": null }, "geometry": { "type": "Polygon", "coordinates": [ [ [ -15.9259132, 18.1381477 ], [ -15.9254714, 18.1388656 ], [ -15.9254011, 18.138833 ], [ -15.9250786, 18.1386838 ], [ -15.9250478, 18.1386695 ], [ -15.9246011, 18.1384626 ], [ -15.925034, 18.1377404 ], [ -15.9254424, 18.1379296 ], [ -15.9259132, 18.1381477 ] ] ] } },
{ "type": "Feature", "properties": { "id": "way/237358016", "name": null, "name_en": null, "name_ar": null, "amenity": "school", "building": null, "operator_type": null, "capacity_persons": null, "addr_full": null, "addr_city": null, "source": null, "adm0_pcode": "MRT", "adm0_name": "Mauritania", "adm1_pcode": "MR14", "adm1_name": "Nouakchott Nord", "adm2_pcode": "MR141", "adm2_name": "Toujounine", "adm3_pcode": "MR14101", "adm3_name": "Teyaret", "adm4_pcode": null, "adm4_name": null, "name_latin": null }, "geometry": { "type": "Polygon", "coordinates": [ [ [ -15.9303146, 18.141064 ], [ -15.9306392, 18.1406402 ], [ -15.9301839, 18.1403073 ], [ -15.9300554, 18.1405048 ], [ -15.9300601, 18.140547 ], [ -15.9299971, 18.1406246 ], [ -15.9299457, 18.1406313 ], [ -15.9298616, 18.1407289 ], [ -15.9303146, 18.141064 ] ] ] } },
{ "type": "Feature", "properties": { "id": "way/230488585", "name": null, "name_en": null, "name_ar": null, "amenity": "school", "building": null, "operator_type": null, "capacity_persons": null, "addr_full": null, "addr_city": null, "source": null, "adm0_pcode": "MRT", "adm0_name": "Mauritania", "adm1_pcode": "MR14", "adm1_name": "Nouakchott Nord", "adm2_pcode": "MR141", "adm2_name": "Toujounine", "adm3_pcode": "MR14101", "adm3_name": "Teyaret", "adm4_pcode": null, "adm4_name": null, "name_latin": null }, "geometry": { "type": "Polygon", "coordinates": [ [ [ -15.9311879, 18.1414806 ], [ -15.9310578, 18.141616 ], [ -15.9309456, 18.1415187 ], [ -15.9310758, 18.1413832 ], [ -15.9311879, 18.1414806 ] ] ] } },
{ "type": "Feature", "properties": { "id": "way/229481330", "name": null, "name_en": null, "name_ar": null, "amenity": "school", "building": null, "operator_type": null, "capacity_persons": null, "addr_full": null, "addr_city": null, "source": null, "adm0_pcode": "MRT", "adm0_name": "Mauritania", "adm1_pcode": "MR14", "adm1_name": "Nouakchott Nord", "adm2_pcode": "MR141", "adm2_name": "Toujounine", "adm3_pcode": "MR14101", "adm3_name": "Teyaret", "adm4_pcode": null, "adm4_name": null, "name_latin": null }, "geometry": { "type": "Polygon", "coordinates": [ [ [ -15.9334508, 18.1409849 ], [ -15.933085, 18.1414188 ], [ -15.9326878, 18.1411165 ], [ -15.9330536, 18.1406825 ], [ -15.9334508, 18.1409849 ] ] ] } },
{ "type": "Feature", "properties": { "id": "way/229122022", "name": null, "name_en": null, "name_ar": null, "amenity": "school", "building": null, "operator_type": null, "capacity_persons": null, "addr_full": null, "addr_city": null, "source": null, "adm0_pcode": "MRT", "adm0_name": "Mauritania", "adm1_pcode": "MR14", "adm1_name": "Nouakchott Nord", "adm2_pcode": "MR142", "adm2_name": "Dar Naïm", "adm3_pcode": "MR14201", "adm3_name": "Dar Naim", "adm4_pcode": null, "adm4_name": null, "name_latin": null }, "geometry": { "type": "Polygon", "coordinates": [ [ [ -15.9352265, 18.1329026 ], [ -15.9348247, 18.1334093 ], [ -15.9341464, 18.1329235 ], [ -15.9345482, 18.1324167 ], [ -15.9352265, 18.1329026 ] ] ] } },
{ "type": "Feature", "properties": { "id": "way/229122021", "name": null, "name_en": null, "name_ar": null, "amenity": "school", "building": null, "operator_type": null, "capacity_persons": null, "addr_full": null, "addr_city": null, "source": null, "adm0_pcode": "MRT", "adm0_name": "Mauritania", "adm1_pcode": "MR14", "adm1_name": "Nouakchott Nord", "adm2_pcode": "MR142", "adm2_name": "Dar Naïm", "adm3_pcode": "MR14201", "adm3_name": "Dar Naim", "adm4_pcode": null, "adm4_name": null, "name_latin": null }, "geometry": { "type": "Polygon", "coordinates": [ [ [ -15.9306625, 18.1324426 ], [ -15.9304851, 18.1326579 ], [ -15.930478, 18.1326615 ], [ -15.9303259, 18.1328571 ], [ -15.9299194, 18.1325716 ], [ -15.9302587, 18.1321352 ], [ -15.9302759, 18.1321549 ], [ -15.9304844, 18.1323101 ], [ -15.9305905, 18.132389 ], [ -15.9306625, 18.1324426 ] ] ] } },
{ "type": "Feature", "properties": { "id": "node/8507877117", "name": null, "name_en": null, "name_ar": null, "amenity": "college", "building": null, "operator_type": null, "capacity_persons": null, "addr_full": null, "addr_city": null, "source": null, "adm0_pcode": "MRT", "adm0_name": "Mauritania", "adm1_pcode": "MR14", "adm1_name": "Nouakchott Nord", "adm2_pcode": "MR142", "adm2_name": "Dar Naïm", "adm3_pcode": "MR14201", "adm3_name": "Dar Naim", "adm4_pcode": null, "adm4_name": null, "name_latin": null }, "geometry": { "type": "Point", "coordinates": [ -15.9343742, 18.1284178 ] } },
{ "type": "Feature", "properties": { "id": "way/231658773", "name": null, "name_en": null, "name_ar": null, "amenity": "school", "building": null, "operator_type": null, "capacity_persons": null, "addr_full": null, "addr_city": null, "source": null, "adm0_pcode": "MRT", "adm0_name": "Mauritania", "adm1_pcode": "MR14", "adm1_name": "Nouakchott Nord", "adm2_pcode": "MR142", "adm2_name": "Dar Naïm", "adm3_pcode": "MR14201", "adm3_name": "Dar Naim", "adm4_pcode": null, "adm4_name": null, "name_latin": null }, "geometry": { "type": "Polygon", "coordinates": [ [ [ -15.9299603, 18.124366 ], [ -15.9294588, 18.1250283 ], [ -15.9291006, 18.1246259 ], [ -15.9295044, 18.1240874 ], [ -15.9299603, 18.124366 ] ] ] } },
{ "type": "Feature", "properties": { "id": "way/231392093", "name": "École primaire مدرسة ابتدائية", "name_en": null, "name_ar": "مدرسة ابتدائية", "amenity": "school", "building": null, "operator_type": null, "capacity_persons": null, "addr_full": null, "addr_city": "Nouakchott نواكشوط", "source": null, "adm0_pcode": "MRT", "adm0_name": "Mauritania", "adm1_pcode": "MR14", "adm1_name": "Nouakchott Nord", "adm2_pcode": "MR142", "adm2_name": "Dar Naïm", "adm3_pcode": "MR14201", "adm3_name": "Dar Naim", "adm4_pcode": null, "adm4_name": null, "name_latin": "Ecole primaire mdrs@ btdy'y@" }, "geometry": { "type": "Polygon", "coordinates": [ [ [ -15.931045, 18.1251352 ], [ -15.9304604, 18.1247867 ], [ -15.9301956, 18.1252165 ], [ -15.9308244, 18.1255441 ], [ -15.931045, 18.1251352 ] ] ] } },
{ "type": "Feature", "properties": { "id": "way/231392094", "name": null, "name_en": null, "name_ar": null, "amenity": "school", "building": null, "operator_type": null, "capacity_persons": null, "addr_full": null, "addr_city": null, "source": null, "adm0_pcode": "MRT", "adm0_name": "Mauritania", "adm1_pcode": "MR14", "adm1_name": "Nouakchott Nord", "adm2_pcode": "MR142", "adm2_name": "Dar Naïm", "adm3_pcode": "MR14201", "adm3_name": "Dar Naim", "adm4_pcode": null, "adm4_name": null, "name_latin": null }, "geometry": { "type": "Polygon", "coordinates": [ [ [ -15.931045, 18.1251352 ], [ -15.9312987, 18.1247395 ], [ -15.9306534, 18.1244145 ], [ -15.9304604, 18.1247867 ], [ -15.931045, 18.1251352 ] ] ] } },
{ "type": "Feature", "properties": { "id": "way/887368986", "name": null, "name_en": null, "name_ar": null, "amenity": null, "building": "school", "operator_type": null, "capacity_persons": null, "addr_full": null, "addr_city": null, "source": null, "adm0_pcode": "MRT", "adm0_name": "Mauritania", "adm1_pcode": "MR14", "adm1_name": "Nouakchott Nord", "adm2_pcode": "MR142", "adm2_name": "Dar Naïm", "adm3_pcode": "MR14201", "adm3_name": "Dar Naim", "adm4_pcode": null, "adm4_name": null, "name_latin": null }, "geometry": { "type": "Polygon", "coordinates": [ [ [ -15.940731, 18.124248 ], [ -15.9406705, 18.1243169 ], [ -15.940537, 18.1242111 ], [ -15.9405975, 18.1241422 ], [ -15.940731, 18.124248 ] ] ] } },
{ "type": "Feature", "properties": { "id": "way/887368978", "name": null, "name_en": null, "name_ar": null, "amenity": null, "building": "school", "operator_type": null, "capacity_persons": null, "addr_full": null, "addr_city": null, "source": null, "adm0_pcode": "MRT", "adm0_name": "Mauritania", "adm1_pcode": "MR14", "adm1_name": "Nouakchott Nord", "adm2_pcode": "MR142", "adm2_name": "Dar Naïm", "adm3_pcode": "MR14201", "adm3_name": "Dar Naim", "adm4_pcode": null, "adm4_name": null, "name_latin": null }, "geometry": { "type": "Polygon", "coordinates": [ [ [ -15.9403682, 18.1241441 ], [ -15.9403286, 18.1241929 ], [ -15.940226, 18.1241177 ], [ -15.9402656, 18.1240689 ], [ -15.9403682, 18.1241441 ] ] ] } },
{ "type": "Feature", "properties": { "id": "way/887368982", "name": "School building", "name_en": null, "name_ar": null, "amenity": null, "building": "school", "operator_type": null, "capacity_persons": null, "addr_full": null, "addr_city": null, "source": null, "adm0_pcode": "MRT", "adm0_name": "Mauritania", "adm1_pcode": "MR14", "adm1_name": "Nouakchott Nord", "adm2_pcode": "MR142", "adm2_name": "Dar Naïm", "adm3_pcode": "MR14201", "adm3_name": "Dar Naim", "adm4_pcode": null, "adm4_name": null, "name_latin": "School building" }, "geometry": { "type": "Polygon", "coordinates": [ [ [ -15.9401496, 18.1241652 ], [ -15.9400141, 18.1240702 ], [ -15.9400536, 18.1240193 ], [ -15.9401891, 18.1241143 ], [ -15.9401496, 18.1241652 ] ] ] } },
{ "type": "Feature", "properties": { "id": "way/229228369", "name": "École Primaire", "name_en": "Primary School", "name_ar": "مدرسة ابتدائية", "amenity": "school", "building": null, "operator_type": null, "capacity_persons": null, "addr_full": null, "addr_city": "نواكشوط", "source": null, "adm0_pcode": "MRT", "adm0_name": "Mauritania", "adm1_pcode": "MR14", "adm1_name": "Nouakchott Nord", "adm2_pcode": "MR142", "adm2_name": "Dar Naïm", "adm3_pcode": "MR14201", "adm3_name": "Dar Naim", "adm4_pcode": null, "adm4_name": null, "name_latin": "Primary School" }, "geometry": { "type": "Polygon", "coordinates": [ [ [ -15.9408725, 18.1243051 ], [ -15.9404872, 18.1247692 ], [ -15.9401165, 18.1244913 ], [ -15.9395926, 18.1240985 ], [ -15.939611, 18.1240763 ], [ -15.9395837, 18.1240558 ], [ -15.9399507, 18.1236138 ], [ -15.9404836, 18.1240135 ], [ -15.9408725, 18.1243051 ] ] ] } },
{ "type": "Feature", "properties": { "id": "way/887368981", "name": null, "name_en": null, "name_ar": null, "amenity": null, "building": "school", "operator_type": null, "capacity_persons": null, "addr_full": null, "addr_city": null, "source": null, "adm0_pcode": "MRT", "adm0_name": "Mauritania", "adm1_pcode": "MR14", "adm1_name": "Nouakchott Nord", "adm2_pcode": "MR142", "adm2_name": "Dar Naïm", "adm3_pcode": "MR14201", "adm3_name": "Dar Naim", "adm4_pcode": null, "adm4_name": null, "name_latin": null }, "geometry": { "type": "Polygon", "coordinates": [ [ [ -15.9402374, 18.1240498 ], [ -15.9400999, 18.123937 ], [ -15.9401515, 18.1238802 ], [ -15.940289, 18.123993 ], [ -15.9402374, 18.1240498 ] ] ] } },
{ "type": "Feature", "properties": { "id": "way/887368980", "name": null, "name_en": null, "name_ar": null, "amenity": null, "building": "school", "operator_type": null, "capacity_persons": null, "addr_full": null, "addr_city": null, "source": null, "adm0_pcode": "MRT", "adm0_name": "Mauritania", "adm1_pcode": "MR14", "adm1_name": "Nouakchott Nord", "adm2_pcode": "MR142", "adm2_name": "Dar Naïm", "adm3_pcode": "MR14201", "adm3_name": "Dar Naim", "adm4_pcode": null, "adm4_name": null, "name_latin": null }, "geometry": { "type": "Polygon", "coordinates": [ [ [ -15.9400859, 18.1239478 ], [ -15.9400539, 18.1239892 ], [ -15.9399104, 18.1238892 ], [ -15.9399424, 18.1238477 ], [ -15.9400859, 18.1239478 ] ] ] } },
{ "type": "Feature", "properties": { "id": "way/887368979", "name": null, "name_en": null, "name_ar": null, "amenity": null, "building": "school", "operator_type": null, "capacity_persons": null, "addr_full": null, "addr_city": null, "source": null, "adm0_pcode": "MRT", "adm0_name": "Mauritania", "adm1_pcode": "MR14", "adm1_name": "Nouakchott Nord", "adm2_pcode": "MR142", "adm2_name": "Dar Naïm", "adm3_pcode": "MR14201", "adm3_name": "Dar Naim", "adm4_pcode": null, "adm4_name": null, "name_latin": null }, "geometry": { "type": "Polygon", "coordinates": [ [ [ -15.9399263, 18.1238006 ], [ -15.939699, 18.1240517 ], [ -15.9396468, 18.124009 ], [ -15.9398741, 18.1237579 ], [ -15.9399263, 18.1238006 ] ] ] } },
{ "type": "Feature", "properties": { "id": "node/5078560523", "name": "Groupe scolaire Salah Al-Din مجمع مدارس صلاح الدين", "name_en": "Salah dine", "name_ar": "مجمع مدارس صلاح الدين", "amenity": "school", "building": null, "operator_type": null, "capacity_persons": null, "addr_full": null, "addr_city": "Nouakchott", "source": null, "adm0_pcode": "MRT", "adm0_name": "Mauritania", "adm1_pcode": "MR14", "adm1_name": "Nouakchott Nord", "adm2_pcode": "MR142", "adm2_name": "Dar Naïm", "adm3_pcode": "MR14201", "adm3_name": "Dar Naim", "adm4_pcode": null, "adm4_name": null, "name_latin": "Salah dine" }, "geometry": { "type": "Point", "coordinates": [ -15.9387276, 18.123476 ] } },
{ "type": "Feature", "properties": { "id": "node/5078560522", "name": null, "name_en": "Zem zem", "name_ar": "مجمع مدارس زمزم", "amenity": "school", "building": null, "operator_type": null, "capacity_persons": null, "addr_full": null, "addr_city": null, "source": null, "adm0_pcode": "MRT", "adm0_name": "Mauritania", "adm1_pcode": "MR14", "adm1_name": "Nouakchott Nord", "adm2_pcode": "MR142", "adm2_name": "Dar Naïm", "adm3_pcode": "MR14201", "adm3_name": "Dar Naim", "adm4_pcode": null, "adm4_name": null, "name_latin": "Zem zem" }, "geometry": { "type": "Point", "coordinates": [ -15.9382701, 18.1249874 ] } },
{ "type": "Feature", "properties": { "id": "way/887368983", "name": null, "name_en": null, "name_ar": null, "amenity": null, "building": "school", "operator_type": null, "capacity_persons": null, "addr_full": null, "addr_city": null, "source": null, "adm0_pcode": "MRT", "adm0_name": "Mauritania", "adm1_pcode": "MR14", "adm1_name": "Nouakchott Nord", "adm2_pcode": "MR142", "adm2_name": "Dar Naïm", "adm3_pcode": "MR14201", "adm3_name": "Dar Naim", "adm4_pcode": null, "adm4_name": null, "name_latin": null }, "geometry": { "type": "Polygon", "coordinates": [ [ [ -15.9401375, 18.1243601 ], [ -15.9400895, 18.1244263 ], [ -15.9399561, 18.124339 ], [ -15.9400041, 18.1242728 ], [ -15.9401375, 18.1243601 ] ] ] } },
{ "type": "Feature", "properties": { "id": "way/887368984", "name": null, "name_en": null, "name_ar": null, "amenity": null, "building": "school", "operator_type": null, "capacity_persons": null, "addr_full": null, "addr_city": null, "source": null, "adm0_pcode": "MRT", "adm0_name": "Mauritania", "adm1_pcode": "MR14", "adm1_name": "Nouakchott Nord", "adm2_pcode": "MR142", "adm2_name": "Dar Naïm", "adm3_pcode": "MR14201", "adm3_name": "Dar Naim", "adm4_pcode": null, "adm4_name": null, "name_latin": null }, "geometry": { "type": "Polygon", "coordinates": [ [ [ -15.9403213, 18.1243971 ], [ -15.9402086, 18.124531 ], [ -15.9401501, 18.1244865 ], [ -15.9402628, 18.1243526 ], [ -15.9403213, 18.1243971 ] ] ] } },
{ "type": "Feature", "properties": { "id": "way/887368985", "name": null, "name_en": null, "name_ar": null, "amenity": null, "building": "school", "operator_type": null, "capacity_persons": null, "addr_full": null, "addr_city": null, "source": null, "adm0_pcode": "MRT", "adm0_name": "Mauritania", "adm1_pcode": "MR14", "adm1_name": "Nouakchott Nord", "adm2_pcode": "MR142", "adm2_name": "Dar Naïm", "adm3_pcode": "MR14201", "adm3_name": "Dar Naim", "adm4_pcode": null, "adm4_name": null, "name_latin": null }, "geometry": { "type": "Polygon", "coordinates": [ [ [ -15.94045, 18.1242486 ], [ -15.9403474, 18.1243774 ], [ -15.940291, 18.1243368 ], [ -15.9403936, 18.124208 ], [ -15.94045, 18.1242486 ] ] ] } },
{ "type": "Feature", "properties": { "id": "way/887368988", "name": null, "name_en": null, "name_ar": null, "amenity": null, "building": "school", "operator_type": null, "capacity_persons": null, "addr_full": null, "addr_city": null, "source": null, "adm0_pcode": "MRT", "adm0_name": "Mauritania", "adm1_pcode": "MR14", "adm1_name": "Nouakchott Nord", "adm2_pcode": "MR142", "adm2_name": "Dar Naïm", "adm3_pcode": "MR14201", "adm3_name": "Dar Naim", "adm4_pcode": null, "adm4_name": null, "name_latin": null }, "geometry": { "type": "Polygon", "coordinates": [ [ [ -15.9404582, 18.1245776 ], [ -15.9403191, 18.1244827 ], [ -15.9402684, 18.1245498 ], [ -15.9404076, 18.1246447 ], [ -15.9404582, 18.1245776 ] ] ] } },
{ "type": "Feature", "properties": { "id": "way/887368987", "name": null, "name_en": null, "name_ar": null, "amenity": null, "building": "school", "operator_type": null, "capacity_persons": null, "addr_full": null, "addr_city": null, "source": null, "adm0_pcode": "MRT", "adm0_name": "Mauritania", "adm1_pcode": "MR14", "adm1_name": "Nouakchott Nord", "adm2_pcode": "MR142", "adm2_name": "Dar Naïm", "adm3_pcode": "MR14201", "adm3_name": "Dar Naim", "adm4_pcode": null, "adm4_name": null, "name_latin": null }, "geometry": { "type": "Polygon", "coordinates": [ [ [ -15.9404956, 18.1245653 ], [ -15.9406874, 18.1243512 ], [ -15.9407503, 18.1244021 ], [ -15.9405585, 18.1246162 ], [ -15.9404956, 18.1245653 ] ] ] } },
{ "type": "Feature", "properties": { "id": "way/229122017", "name": "Lycée Teyaret مدرسة ثانوية تيارت", "name_en": null, "name_ar": "مدرسة ثانوية تيارت", "amenity": "school", "building": null, "operator_type": null, "capacity_persons": null, "addr_full": null, "addr_city": "Nouakchott نواكشوط", "source": null, "adm0_pcode": "MRT", "adm0_name": "Mauritania", "adm1_pcode": "MR14", "adm1_name": "Nouakchott Nord", "adm2_pcode": "MR142", "adm2_name": "Dar Naïm", "adm3_pcode": "MR14201", "adm3_name": "Dar Naim", "adm4_pcode": null, "adm4_name": null, "name_latin": "Lycee Teyaret mdrs@ thnwy@ tyrt" }, "geometry": { "type": "Polygon", "coordinates": [ [ [ -15.9388058, 18.126883 ], [ -15.9381093, 18.1277103 ], [ -15.9369069, 18.1268576 ], [ -15.9376071, 18.1259793 ], [ -15.9388058, 18.126883 ] ] ] } },
{ "type": "Feature", "properties": { "id": "way/229122019", "name": null, "name_en": null, "name_ar": null, "amenity": "school", "building": null, "operator_type": null, "capacity_persons": null, "addr_full": null, "addr_city": "Nouakchott نواكشوط", "source": null, "adm0_pcode": "MRT", "adm0_name": "Mauritania", "adm1_pcode": "MR14", "adm1_name": "Nouakchott Nord", "adm2_pcode": "MR142", "adm2_name": "Dar Naïm", "adm3_pcode": "MR14201", "adm3_name": "Dar Naim", "adm4_pcode": null, "adm4_name": null, "name_latin": null }, "geometry": { "type": "Polygon", "coordinates": [ [ [ -15.9376071, 18.1259793 ], [ -15.9369069, 18.1268576 ], [ -15.9363773, 18.1264699 ], [ -15.9361685, 18.1263246 ], [ -15.9362874, 18.1261702 ], [ -15.9368571, 18.1254383 ], [ -15.9376071, 18.1259793 ] ] ] } },
{ "type": "Feature", "properties": { "id": "node/5243416021", "name": null, "name_en": null, "name_ar": null, "amenity": "school", "building": null, "operator_type": null, "capacity_persons": null, "addr_full": null, "addr_city": null, "source": null, "adm0_pcode": "MRT", "adm0_name": "Mauritania", "adm1_pcode": "MR14", "adm1_name": "Nouakchott Nord", "adm2_pcode": "MR142", "adm2_name": "Dar Naïm", "adm3_pcode": "MR14201", "adm3_name": "Dar Naim", "adm4_pcode": null, "adm4_name": null, "name_latin": null }, "geometry": { "type": "Point", "coordinates": [ -15.9384632, 18.1293591 ] } },
{ "type": "Feature", "properties": { "id": "node/6595410985", "name": null, "name_en": "MOULAYE IDRISS Oumar", "name_ar": "عمر مولاي إدريس", "amenity": "school", "building": null, "operator_type": null, "capacity_persons": null, "addr_full": null, "addr_city": null, "source": null, "adm0_pcode": "MRT", "adm0_name": "Mauritania", "adm1_pcode": "MR14", "adm1_name": "Nouakchott Nord", "adm2_pcode": "MR141", "adm2_name": "Toujounine", "adm3_pcode": "MR14101", "adm3_name": "Teyaret", "adm4_pcode": null, "adm4_name": null, "name_latin": "MOULAYE IDRISS Oumar" }, "geometry": { "type": "Point", "coordinates": [ -15.9446559, 18.1386027 ] } },
{ "type": "Feature", "properties": { "id": "node/12846703701", "name": null, "name_en": "Ecole public", "name_ar": null, "amenity": "school", "building": null, "operator_type": null, "capacity_persons": null, "addr_full": null, "addr_city": null, "source": null, "adm0_pcode": "MRT", "adm0_name": "Mauritania", "adm1_pcode": "MR13", "adm1_name": "Nouakchott Ouest", "adm2_pcode": "MR131", "adm2_name": "Ksar", "adm3_pcode": "MR13101", "adm3_name": "Ksar", "adm4_pcode": null, "adm4_name": null, "name_latin": "Ecole public" }, "geometry": { "type": "Point", "coordinates": [ -15.9721161, 18.1226992 ] } },
{ "type": "Feature", "properties": { "id": "node/9104208417", "name": null, "name_en": null, "name_ar": "ملتقى طرق ديار تاتا", "amenity": "school", "building": null, "operator_type": null, "capacity_persons": null, "addr_full": null, "addr_city": null, "source": null, "adm0_pcode": "MRT", "adm0_name": "Mauritania", "adm1_pcode": "MR13", "adm1_name": "Nouakchott Ouest", "adm2_pcode": "MR132", "adm2_name": "Tevragh Zeina", "adm3_pcode": "MR13201", "adm3_name": "Tefragh Zeina", "adm4_pcode": null, "adm4_name": null, "name_latin": null }, "geometry": { "type": "Point", "coordinates": [ -15.9915106, 18.1229127 ] } },
{ "type": "Feature", "properties": { "id": "way/428023202", "name": "Faculté de Médécine كلية الطب", "name_en": null, "name_ar": "كلية الطب", "amenity": "university", "building": null, "operator_type": null, "capacity_persons": null, "addr_full": null, "addr_city": "Nouakchott نواكشوط", "source": null, "adm0_pcode": "MRT", "adm0_name": "Mauritania", "adm1_pcode": "MR13", "adm1_name": "Nouakchott Ouest", "adm2_pcode": "MR132", "adm2_name": "Tevragh Zeina", "adm3_pcode": "MR13201", "adm3_name": "Tefragh Zeina", "adm4_pcode": null, "adm4_name": null, "name_latin": "Faculte de Medecine kly@ lTb" }, "geometry": { "type": "Polygon", "coordinates": [ [ [ -15.9901504, 18.1497189 ], [ -15.9911074, 18.1488049 ], [ -15.9917502, 18.1481911 ], [ -15.9915992, 18.1480697 ], [ -15.990938, 18.1480615 ], [ -15.9902758, 18.148692 ], [ -15.9895862, 18.1486926 ], [ -15.9889797, 18.1481454 ], [ -15.9888076, 18.1482947 ], [ -15.9888031, 18.1483755 ], [ -15.9888995, 18.1484747 ], [ -15.9888651, 18.1485151 ], [ -15.9891025, 18.1487321 ], [ -15.9901504, 18.1497189 ] ] ] } },
{ "type": "Feature", "properties": { "id": "way/228762881", "name": "Université de Nouakchott Al Asrya جامعة نواكشوط", "name_en": null, "name_ar": "جامعة نواكشوط", "amenity": "university", "building": null, "operator_type": null, "capacity_persons": null, "addr_full": null, "addr_city": "Nouakchott نواكشوط", "source": null, "adm0_pcode": "MRT", "adm0_name": "Mauritania", "adm1_pcode": "MR13", "adm1_name": "Nouakchott Ouest", "adm2_pcode": "MR132", "adm2_name": "Tevragh Zeina", "adm3_pcode": "MR13201", "adm3_name": "Tefragh Zeina", "adm4_pcode": null, "adm4_name": null, "name_latin": "Universite de Nouakchott Al Asrya jm`@ nwkshwT" }, "geometry": { "type": "Polygon", "coordinates": [ [ [ -15.9950494, 18.1625935 ], [ -15.9950027, 18.1627782 ], [ -15.9949281, 18.1629099 ], [ -15.9948501, 18.1629394 ], [ -15.9947593, 18.1629327 ], [ -15.9943671, 18.163302 ], [ -15.9943885, 18.163338 ], [ -15.9943882, 18.1634037 ], [ -15.994332, 18.1634887 ], [ -15.9941079, 18.163538 ], [ -15.9940447, 18.1635383 ], [ -15.9930731, 18.1635428 ], [ -15.989617, 18.1635589 ], [ -15.9895039, 18.1635107 ], [ -15.9894878, 18.1634241 ], [ -15.989463, 18.1614341 ], [ -15.9894925, 18.1603162 ], [ -15.9895122, 18.1602628 ], [ -15.9895777, 18.1602286 ], [ -15.990704, 18.1601973 ], [ -15.9906939, 18.1593803 ], [ -15.9927583, 18.1593469 ], [ -15.9928084, 18.1582387 ], [ -15.9950456, 18.1582759 ], [ -15.9950377, 18.1603332 ], [ -15.9950473, 18.1614402 ], [ -15.9950452, 18.1617743 ], [ -15.9950494, 18.1625935 ] ] ] } },
{ "type": "Feature", "properties": { "id": "way/636496838", "name": null, "name_en": null, "name_ar": null, "amenity": "university", "building": null, "operator_type": null, "capacity_persons": null, "addr_full": null, "addr_city": null, "source": null, "adm0_pcode": "MRT", "adm0_name": "Mauritania", "adm1_pcode": "MR13", "adm1_name": "Nouakchott Ouest", "adm2_pcode": "MR132", "adm2_name": "Tevragh Zeina", "adm3_pcode": "MR13201", "adm3_name": "Tefragh Zeina", "adm4_pcode": null, "adm4_name": null, "name_latin": null }, "geometry": { "type": "Polygon", "coordinates": [ [ [ -16.0005309, 18.171702 ], [ -16.0004827, 18.169602 ], [ -15.9997156, 18.1695867 ], [ -15.9996376, 18.1696701 ], [ -15.9990629, 18.1702731 ], [ -15.9983342, 18.1710725 ], [ -15.9982672, 18.1711235 ], [ -15.9977227, 18.1717071 ], [ -16.0005309, 18.171702 ] ] ] } },
{ "type": "Feature", "properties": { "id": "node/4460681990", "name": "Institut Supérieur d'Anglais المعهد العالي الإنجليزية", "name_en": null, "name_ar": "المعهد العالي الإنجليزية", "amenity": "school", "building": null, "operator_type": null, "capacity_persons": null, "addr_full": null, "addr_city": "Nouakchott نواكشوط", "source": null, "adm0_pcode": "MRT", "adm0_name": "Mauritania", "adm1_pcode": "MR13", "adm1_name": "Nouakchott Ouest", "adm2_pcode": "MR132", "adm2_name": "Tevragh Zeina", "adm3_pcode": "MR13201", "adm3_name": "Tefragh Zeina", "adm4_pcode": null, "adm4_name": null, "name_latin": "Institut Superieur d'Anglais lm`hd l`ly lnjlyzy@" }, "geometry": { "type": "Point", "coordinates": [ -15.9998824, 18.1699301 ] } },
{ "type": "Feature", "properties": { "id": "way/229234740", "name": null, "name_en": null, "name_ar": null, "amenity": "school", "building": null, "operator_type": null, "capacity_persons": null, "addr_full": null, "addr_city": null, "source": null, "adm0_pcode": "MRT", "adm0_name": "Mauritania", "adm1_pcode": "MR15", "adm1_name": "Nouakchott Sud", "adm2_pcode": "MR151", "adm2_name": "El Mina", "adm3_pcode": "MR15101", "adm3_name": "El Mina", "adm4_pcode": null, "adm4_name": null, "name_latin": null }, "geometry": { "type": "Polygon", "coordinates": [ [ [ -16.0031549, 18.0606962 ], [ -16.0028003, 18.0609144 ], [ -16.002582, 18.0610299 ], [ -16.0021785, 18.060441 ], [ -16.0027024, 18.0601071 ], [ -16.0031549, 18.0606962 ] ] ] } },
{ "type": "Feature", "properties": { "id": "way/1143983880", "name": null, "name_en": null, "name_ar": null, "amenity": null, "building": "school", "operator_type": null, "capacity_persons": null, "addr_full": null, "addr_city": null, "source": null, "adm0_pcode": "MRT", "adm0_name": "Mauritania", "adm1_pcode": "MR15", "adm1_name": "Nouakchott Sud", "adm2_pcode": "MR151", "adm2_name": "El Mina", "adm3_pcode": "MR15101", "adm3_name": "El Mina", "adm4_pcode": null, "adm4_name": null, "name_latin": null }, "geometry": { "type": "Polygon", "coordinates": [ [ [ -16.0070874, 18.0622355 ], [ -16.0068238, 18.0623333 ], [ -16.006814, 18.0623094 ], [ -16.0067443, 18.0623353 ], [ -16.0067191, 18.0622739 ], [ -16.0069112, 18.0622026 ], [ -16.0069022, 18.0621809 ], [ -16.0069128, 18.0621709 ], [ -16.0069315, 18.0621768 ], [ -16.0069396, 18.0621966 ], [ -16.0071061, 18.0621349 ], [ -16.0071231, 18.0621763 ], [ -16.0070711, 18.0621955 ], [ -16.0070874, 18.0622355 ] ] ] } },
{ "type": "Feature", "properties": { "id": "way/1143983878", "name": null, "name_en": null, "name_ar": null, "amenity": null, "building": "school", "operator_type": null, "capacity_persons": null, "addr_full": null, "addr_city": null, "source": null, "adm0_pcode": "MRT", "adm0_name": "Mauritania", "adm1_pcode": "MR15", "adm1_name": "Nouakchott Sud", "adm2_pcode": "MR151", "adm2_name": "El Mina", "adm3_pcode": "MR15101", "adm3_name": "El Mina", "adm4_pcode": null, "adm4_name": null, "name_latin": null }, "geometry": { "type": "Polygon", "coordinates": [ [ [ -16.0071322, 18.0626201 ], [ -16.0071093, 18.0625639 ], [ -16.0070912, 18.0625706 ], [ -16.0070846, 18.0625542 ], [ -16.0069624, 18.0625991 ], [ -16.006968, 18.0626128 ], [ -16.0069561, 18.0626171 ], [ -16.0069801, 18.062676 ], [ -16.0071322, 18.0626201 ] ] ] } },
{ "type": "Feature", "properties": { "id": "way/1143983879", "name": null, "name_en": null, "name_ar": null, "amenity": null, "building": "school", "operator_type": null, "capacity_persons": null, "addr_full": null, "addr_city": null, "source": null, "adm0_pcode": "MRT", "adm0_name": "Mauritania", "adm1_pcode": "MR15", "adm1_name": "Nouakchott Sud", "adm2_pcode": "MR151", "adm2_name": "El Mina", "adm3_pcode": "MR15101", "adm3_name": "El Mina", "adm4_pcode": null, "adm4_name": null, "name_latin": null }, "geometry": { "type": "Polygon", "coordinates": [ [ [ -16.0069361, 18.0625915 ], [ -16.0069089, 18.0625247 ], [ -16.0071446, 18.0624379 ], [ -16.0071718, 18.0625046 ], [ -16.0069361, 18.0625915 ] ] ] } },
{ "type": "Feature", "properties": { "id": "way/229234741", "name": null, "name_en": null, "name_ar": null, "amenity": "school", "building": null, "operator_type": null, "capacity_persons": null, "addr_full": null, "addr_city": null, "source": null, "adm0_pcode": "MRT", "adm0_name": "Mauritania", "adm1_pcode": "MR15", "adm1_name": "Nouakchott Sud", "adm2_pcode": "MR151", "adm2_name": "El Mina", "adm3_pcode": "MR15101", "adm3_name": "El Mina", "adm4_pcode": null, "adm4_name": null, "name_latin": null }, "geometry": { "type": "Polygon", "coordinates": [ [ [ -16.0077536, 18.0628862 ], [ -16.007356, 18.0631134 ], [ -16.0072832, 18.0631541 ], [ -16.0065938, 18.0622522 ], [ -16.0073874, 18.0619374 ], [ -16.0075679, 18.062383 ], [ -16.0076497, 18.0626199 ], [ -16.0076614, 18.0626503 ], [ -16.0076842, 18.0627063 ], [ -16.0077536, 18.0628862 ] ] ] } },
{ "type": "Feature", "properties": { "id": "way/229234742", "name": null, "name_en": null, "name_ar": null, "amenity": "school", "building": null, "operator_type": null, "capacity_persons": null, "addr_full": null, "addr_city": null, "source": null, "adm0_pcode": "MRT", "adm0_name": "Mauritania", "adm1_pcode": "MR13", "adm1_name": "Nouakchott Ouest", "adm2_pcode": "MR133", "adm2_name": "Sebkha", "adm3_pcode": "MR13301", "adm3_name": "Sebkha", "adm4_pcode": null, "adm4_name": null, "name_latin": null }, "geometry": { "type": "Polygon", "coordinates": [ [ [ -16.0080884, 18.0666147 ], [ -16.0075645, 18.066945 ], [ -16.0071343, 18.0663735 ], [ -16.0076527, 18.066017 ], [ -16.0080884, 18.0666147 ] ] ] } },
{ "type": "Feature", "properties": { "id": "way/1143983872", "name": null, "name_en": null, "name_ar": null, "amenity": null, "building": "school", "operator_type": null, "capacity_persons": null, "addr_full": null, "addr_city": null, "source": null, "adm0_pcode": "MRT", "adm0_name": "Mauritania", "adm1_pcode": "MR15", "adm1_name": "Nouakchott Sud", "adm2_pcode": "MR151", "adm2_name": "El Mina", "adm3_pcode": "MR15101", "adm3_name": "El Mina", "adm4_pcode": null, "adm4_name": null, "name_latin": null }, "geometry": { "type": "Polygon", "coordinates": [ [ [ -16.0073259, 18.0630735 ], [ -16.007356, 18.0631134 ], [ -16.0074274, 18.0630647 ], [ -16.0073973, 18.0630248 ], [ -16.0073259, 18.0630735 ] ] ] } },
{ "type": "Feature", "properties": { "id": "way/1143983875", "name": null, "name_en": null, "name_ar": null, "amenity": null, "building": "school", "operator_type": null, "capacity_persons": null, "addr_full": null, "addr_city": null, "source": null, "adm0_pcode": "MRT", "adm0_name": "Mauritania", "adm1_pcode": "MR15", "adm1_name": "Nouakchott Sud", "adm2_pcode": "MR151", "adm2_name": "El Mina", "adm3_pcode": "MR15101", "adm3_name": "El Mina", "adm4_pcode": null, "adm4_name": null, "name_latin": null }, "geometry": { "type": "Polygon", "coordinates": [ [ [ -16.007654, 18.0627085 ], [ -16.0076842, 18.0627063 ], [ -16.0076614, 18.0626503 ], [ -16.0076344, 18.0626603 ], [ -16.007654, 18.0627085 ] ] ] } },
{ "type": "Feature", "properties": { "id": "way/1143983871", "name": null, "name_en": null, "name_ar": null, "amenity": null, "building": "school", "operator_type": null, "capacity_persons": null, "addr_full": null, "addr_city": null, "source": null, "adm0_pcode": "MRT", "adm0_name": "Mauritania", "adm1_pcode": "MR15", "adm1_name": "Nouakchott Sud", "adm2_pcode": "MR151", "adm2_name": "El Mina", "adm3_pcode": "MR15101", "adm3_name": "El Mina", "adm4_pcode": null, "adm4_name": null, "name_latin": null }, "geometry": { "type": "Polygon", "coordinates": [ [ [ -16.0076575, 18.0628829 ], [ -16.0076292, 18.0628431 ], [ -16.0076959, 18.0628003 ], [ -16.0077242, 18.0628402 ], [ -16.0076575, 18.0628829 ] ] ] } },
{ "type": "Feature", "properties": { "id": "way/1143983876", "name": null, "name_en": null, "name_ar": null, "amenity": null, "building": "school", "operator_type": null, "capacity_persons": null, "addr_full": null, "addr_city": null, "source": null, "adm0_pcode": "MRT", "adm0_name": "Mauritania", "adm1_pcode": "MR15", "adm1_name": "Nouakchott Sud", "adm2_pcode": "MR151", "adm2_name": "El Mina", "adm3_pcode": "MR15101", "adm3_name": "El Mina", "adm4_pcode": null, "adm4_name": null, "name_latin": null }, "geometry": { "type": "Polygon", "coordinates": [ [ [ -16.0076168, 18.0626302 ], [ -16.0075891, 18.0625565 ], [ -16.0076271, 18.062546 ], [ -16.0076497, 18.0626199 ], [ -16.0076168, 18.0626302 ] ] ] } },
{ "type": "Feature", "properties": { "id": "way/1143983877", "name": null, "name_en": null, "name_ar": null, "amenity": null, "building": "school", "operator_type": null, "capacity_persons": null, "addr_full": null, "addr_city": null, "source": null, "adm0_pcode": "MRT", "adm0_name": "Mauritania", "adm1_pcode": "MR15", "adm1_name": "Nouakchott Sud", "adm2_pcode": "MR151", "adm2_name": "El Mina", "adm3_pcode": "MR15101", "adm3_name": "El Mina", "adm4_pcode": null, "adm4_name": null, "name_latin": null }, "geometry": { "type": "Polygon", "coordinates": [ [ [ -16.0075334, 18.0625705 ], [ -16.0076246, 18.0625409 ], [ -16.0075679, 18.062383 ], [ -16.0073845, 18.0624425 ], [ -16.0073898, 18.0624572 ], [ -16.0073507, 18.0624699 ], [ -16.0073703, 18.0625244 ], [ -16.0075016, 18.0624819 ], [ -16.0075334, 18.0625705 ] ] ] } },
{ "type": "Feature", "properties": { "id": "way/1143983870", "name": null, "name_en": null, "name_ar": null, "amenity": null, "building": "school", "operator_type": null, "capacity_persons": null, "addr_full": null, "addr_city": null, "source": null, "adm0_pcode": "MRT", "adm0_name": "Mauritania", "adm1_pcode": "MR15", "adm1_name": "Nouakchott Sud", "adm2_pcode": "MR151", "adm2_name": "El Mina", "adm3_pcode": "MR15101", "adm3_name": "El Mina", "adm4_pcode": null, "adm4_name": null, "name_latin": null }, "geometry": { "type": "Polygon", "coordinates": [ [ [ -16.0073699, 18.0629064 ], [ -16.0074182, 18.0628748 ], [ -16.0074514, 18.0629184 ], [ -16.0075456, 18.0628627 ], [ -16.0075036, 18.0628078 ], [ -16.007635, 18.0627175 ], [ -16.007688, 18.062795 ], [ -16.0076287, 18.0628334 ], [ -16.0076057, 18.0628146 ], [ -16.0075954, 18.0628236 ], [ -16.0076105, 18.0628447 ], [ -16.0075986, 18.0628529 ], [ -16.0076469, 18.0629297 ], [ -16.0075907, 18.0629635 ], [ -16.0075741, 18.0629553 ], [ -16.007544, 18.0629703 ], [ -16.0075369, 18.0629635 ], [ -16.0075242, 18.0629718 ], [ -16.0075385, 18.0629981 ], [ -16.0074902, 18.0630252 ], [ -16.0074498, 18.0629665 ], [ -16.0074158, 18.0629839 ], [ -16.0073699, 18.0629064 ] ] ] } },
{ "type": "Feature", "properties": { "id": "way/1143983873", "name": null, "name_en": null, "name_ar": null, "amenity": null, "building": "school", "operator_type": null, "capacity_persons": null, "addr_full": null, "addr_city": null, "source": null, "adm0_pcode": "MRT", "adm0_name": "Mauritania", "adm1_pcode": "MR15", "adm1_name": "Nouakchott Sud", "adm2_pcode": "MR151", "adm2_name": "El Mina", "adm3_pcode": "MR15101", "adm3_name": "El Mina", "adm4_pcode": null, "adm4_name": null, "name_latin": null }, "geometry": { "type": "Polygon", "coordinates": [ [ [ -16.0073206, 18.0630292 ], [ -16.0073748, 18.0629934 ], [ -16.0073344, 18.0629381 ], [ -16.0073469, 18.0629299 ], [ -16.0072027, 18.062733 ], [ -16.0071868, 18.0627436 ], [ -16.0071471, 18.0626894 ], [ -16.0071003, 18.0627203 ], [ -16.0071945, 18.0628489 ], [ -16.0071687, 18.062866 ], [ -16.0072089, 18.0629209 ], [ -16.0072308, 18.0629064 ], [ -16.0073206, 18.0630292 ] ] ] } },
{ "type": "Feature", "properties": { "id": "way/1143983874", "name": null, "name_en": null, "name_ar": null, "amenity": null, "building": "school", "operator_type": null, "capacity_persons": null, "addr_full": null, "addr_city": null, "source": null, "adm0_pcode": "MRT", "adm0_name": "Mauritania", "adm1_pcode": "MR15", "adm1_name": "Nouakchott Sud", "adm2_pcode": "MR151", "adm2_name": "El Mina", "adm3_pcode": "MR15101", "adm3_name": "El Mina", "adm4_pcode": null, "adm4_name": null, "name_latin": null }, "geometry": { "type": "Polygon", "coordinates": [ [ [ -16.0072357, 18.0627319 ], [ -16.0071808, 18.0626543 ], [ -16.0071958, 18.0626498 ], [ -16.0071542, 18.0625851 ], [ -16.0071974, 18.06256 ], [ -16.0072272, 18.0626064 ], [ -16.0072553, 18.0625901 ], [ -16.0072273, 18.0625465 ], [ -16.0072577, 18.0625289 ], [ -16.0072772, 18.0625593 ], [ -16.0072823, 18.0625564 ], [ -16.0072452, 18.0624987 ], [ -16.0072974, 18.0624683 ], [ -16.0073446, 18.0625414 ], [ -16.0073675, 18.0625354 ], [ -16.0074224, 18.062613 ], [ -16.0073573, 18.0626547 ], [ -16.0073222, 18.0626052 ], [ -16.007256, 18.0626475 ], [ -16.0072908, 18.0626967 ], [ -16.0072357, 18.0627319 ] ] ] } },
{ "type": "Feature", "properties": { "id": "node/13343362289", "name": "مدرسة ادويرات", "name_en": null, "name_ar": null, "amenity": "school", "building": null, "operator_type": null, "capacity_persons": null, "addr_full": null, "addr_city": null, "source": null, "adm0_pcode": "MRT", "adm0_name": "Mauritania", "adm1_pcode": "MR07", "adm1_name": "Adrar", "adm2_pcode": "MR071", "adm2_name": "Aoujeft", "adm3_pcode": "MR07102", "adm3_name": "Maeden", "adm4_pcode": null, "adm4_name": null, "name_latin": "mdrs@ dwyrt" }, "geometry": { "type": "Point", "coordinates": [ -12.9121903, 19.889528 ] } },
{ "type": "Feature", "properties": { "id": "way/452227677", "name": null, "name_en": null, "name_ar": null, "amenity": "school", "building": null, "operator_type": null, "capacity_persons": null, "addr_full": null, "addr_city": null, "source": null, "adm0_pcode": "MRT", "adm0_name": "Mauritania", "adm1_pcode": "MR12", "adm1_name": "Inchiri", "adm2_pcode": "MR121", "adm2_name": "Akjoujt", "adm3_pcode": "MR12101", "adm3_name": "Akjoujt", "adm4_pcode": null, "adm4_name": null, "name_latin": null }, "geometry": { "type": "Polygon", "coordinates": [ [ [ -14.3834798, 19.736641 ], [ -14.3839467, 19.7365379 ], [ -14.3840117, 19.7367984 ], [ -14.3835447, 19.7369015 ], [ -14.3834798, 19.736641 ] ] ] } },
{ "type": "Feature", "properties": { "id": "way/452229179", "name": null, "name_en": null, "name_ar": null, "amenity": "school", "building": null, "operator_type": null, "capacity_persons": null, "addr_full": null, "addr_city": "اكجوجت", "source": null, "adm0_pcode": "MRT", "adm0_name": "Mauritania", "adm1_pcode": "MR12", "adm1_name": "Inchiri", "adm2_pcode": "MR121", "adm2_name": "Akjoujt", "adm3_pcode": "MR12101", "adm3_name": "Akjoujt", "adm4_pcode": null, "adm4_name": null, "name_latin": null }, "geometry": { "type": "Polygon", "coordinates": [ [ [ -14.3897405, 19.7375948 ], [ -14.3898539, 19.7381206 ], [ -14.389118, 19.7382512 ], [ -14.3890027, 19.737721 ], [ -14.3897405, 19.7375948 ] ] ] } },
{ "type": "Feature", "properties": { "id": "node/6194794285", "name": "mahdara", "name_en": "Umm Al Kura", "name_ar": "أم القرى", "amenity": "school", "building": null, "operator_type": null, "capacity_persons": null, "addr_full": null, "addr_city": null, "source": null, "adm0_pcode": "MRT", "adm0_name": "Mauritania", "adm1_pcode": "MR06", "adm1_name": "Trarza", "adm2_pcode": "MR064", "adm2_name": "Ouad Naga", "adm3_pcode": "MR06401", "adm3_name": "Ouad Naga", "adm4_pcode": null, "adm4_name": null, "name_latin": "Umm Al Kura" }, "geometry": { "type": "Point", "coordinates": [ -15.4659096, 18.0115916 ] } },
{ "type": "Feature", "properties": { "id": "way/454960622", "name": null, "name_en": null, "name_ar": null, "amenity": "school", "building": null, "operator_type": null, "capacity_persons": null, "addr_full": null, "addr_city": null, "source": null, "adm0_pcode": "MRT", "adm0_name": "Mauritania", "adm1_pcode": "MR06", "adm1_name": "Trarza", "adm2_pcode": "MR064", "adm2_name": "Ouad Naga", "adm3_pcode": "MR06401", "adm3_name": "Ouad Naga", "adm4_pcode": null, "adm4_name": null, "name_latin": null }, "geometry": { "type": "Polygon", "coordinates": [ [ [ -15.516472, 17.9663082 ], [ -15.5161072, 17.9661194 ], [ -15.51637, 17.9656295 ], [ -15.5167885, 17.9658643 ], [ -15.516472, 17.9663082 ] ] ] } },
{ "type": "Feature", "properties": { "id": "way/234000880", "name": "Ecole Ahmed Boussif مدرسة احمد بوسيف", "name_en": null, "name_ar": null, "amenity": "school", "building": null, "operator_type": null, "capacity_persons": null, "addr_full": null, "addr_city": "Nouakchott", "source": null, "adm0_pcode": "MRT", "adm0_name": "Mauritania", "adm1_pcode": "MR15", "adm1_name": "Nouakchott Sud", "adm2_pcode": "MR153", "adm2_name": "Riad", "adm3_pcode": "MR15301", "adm3_name": "Riyad", "adm4_pcode": null, "adm4_name": null, "name_latin": "Ecole Ahmed Boussif mdrs@ Hmd bwsyf" }, "geometry": { "type": "Polygon", "coordinates": [ [ [ -15.9466441, 18.0007558 ], [ -15.946148, 18.0007303 ], [ -15.9461745, 18.0002631 ], [ -15.9466707, 18.0002886 ], [ -15.9466441, 18.0007558 ] ] ] } },
{ "type": "Feature", "properties": { "id": "way/231949266", "name": null, "name_en": null, "name_ar": null, "amenity": "school", "building": null, "operator_type": null, "capacity_persons": null, "addr_full": null, "addr_city": null, "source": null, "adm0_pcode": "MRT", "adm0_name": "Mauritania", "adm1_pcode": "MR15", "adm1_name": "Nouakchott Sud", "adm2_pcode": "MR153", "adm2_name": "Riad", "adm3_pcode": "MR15301", "adm3_name": "Riyad", "adm4_pcode": null, "adm4_name": null, "name_latin": null }, "geometry": { "type": "Polygon", "coordinates": [ [ [ -15.9373683, 18.0045544 ], [ -15.9367915, 18.0044548 ], [ -15.9367989, 18.0043316 ], [ -15.9368334, 18.0042897 ], [ -15.9368361, 18.0041856 ], [ -15.9368061, 18.0041606 ], [ -15.936819, 18.0039239 ], [ -15.9373846, 18.0039463 ], [ -15.9373683, 18.0045544 ] ] ] } },
{ "type": "Feature", "properties": { "id": "node/11466383470", "name": "Ecole Fuja Jakily مدرسة فوجى جاكيلي", "name_en": null, "name_ar": null, "amenity": "school", "building": null, "operator_type": null, "capacity_persons": null, "addr_full": null, "addr_city": "Nouakchott نواكشوط", "source": null, "adm0_pcode": "MRT", "adm0_name": "Mauritania", "adm1_pcode": "MR15", "adm1_name": "Nouakchott Sud", "adm2_pcode": "MR153", "adm2_name": "Riad", "adm3_pcode": "MR15301", "adm3_name": "Riyad", "adm4_pcode": null, "adm4_name": null, "name_latin": "Ecole Fuja Jakily mdrs@ fwj~ jkyly" }, "geometry": { "type": "Point", "coordinates": [ -15.936829, 18.0042613 ] } },
{ "type": "Feature", "properties": { "id": "way/230398174", "name": null, "name_en": null, "name_ar": null, "amenity": "school", "building": null, "operator_type": null, "capacity_persons": null, "addr_full": null, "addr_city": null, "source": null, "adm0_pcode": "MRT", "adm0_name": "Mauritania", "adm1_pcode": "MR15", "adm1_name": "Nouakchott Sud", "adm2_pcode": "MR153", "adm2_name": "Riad", "adm3_pcode": "MR15301", "adm3_name": "Riyad", "adm4_pcode": null, "adm4_name": null, "name_latin": null }, "geometry": { "type": "Polygon", "coordinates": [ [ [ -15.9383821, 18.0162247 ], [ -15.937882, 18.0159443 ], [ -15.9381609, 18.0155182 ], [ -15.9382838, 18.0155739 ], [ -15.9382905, 18.0156065 ], [ -15.9383862, 18.0156668 ], [ -15.9384333, 18.0156604 ], [ -15.9386472, 18.0157851 ], [ -15.9383821, 18.0162247 ] ] ] } },
{ "type": "Feature", "properties": { "id": "way/326593340", "name": "École Ahmed Jeddo مدرسة احمد جدو", "name_en": null, "name_ar": null, "amenity": "school", "building": null, "operator_type": null, "capacity_persons": null, "addr_full": null, "addr_city": "Nouakchott", "source": null, "adm0_pcode": "MRT", "adm0_name": "Mauritania", "adm1_pcode": "MR15", "adm1_name": "Nouakchott Sud", "adm2_pcode": "MR153", "adm2_name": "Riad", "adm3_pcode": "MR15301", "adm3_name": "Riyad", "adm4_pcode": null, "adm4_name": null, "name_latin": "Ecole Ahmed Jeddo mdrs@ Hmd jdw" }, "geometry": { "type": "Polygon", "coordinates": [ [ [ -15.9430994, 18.0115243 ], [ -15.9427231, 18.0115098 ], [ -15.9427342, 18.0112472 ], [ -15.9431106, 18.0112617 ], [ -15.9430994, 18.0115243 ] ] ] } },
{ "type": "Feature", "properties": { "id": "way/231949127", "name": null, "name_en": null, "name_ar": null, "amenity": "school", "building": null, "operator_type": null, "capacity_persons": null, "addr_full": null, "addr_city": null, "source": null, "adm0_pcode": "MRT", "adm0_name": "Mauritania", "adm1_pcode": "MR15", "adm1_name": "Nouakchott Sud", "adm2_pcode": "MR153", "adm2_name": "Riad", "adm3_pcode": "MR15301", "adm3_name": "Riyad", "adm4_pcode": null, "adm4_name": null, "name_latin": null }, "geometry": { "type": "Polygon", "coordinates": [ [ [ -15.9435055, 18.0063487 ], [ -15.9441193, 18.0063913 ], [ -15.9441722, 18.0058538 ], [ -15.9435461, 18.0058306 ], [ -15.9435055, 18.0063487 ] ] ] } },
{ "type": "Feature", "properties": { "id": "way/230398166", "name": null, "name_en": null, "name_ar": null, "amenity": "school", "building": null, "operator_type": null, "capacity_persons": null, "addr_full": null, "addr_city": null, "source": null, "adm0_pcode": "MRT", "adm0_name": "Mauritania", "adm1_pcode": "MR15", "adm1_name": "Nouakchott Sud", "adm2_pcode": "MR153", "adm2_name": "Riad", "adm3_pcode": "MR15301", "adm3_name": "Riyad", "adm4_pcode": null, "adm4_name": null, "name_latin": null }, "geometry": { "type": "Polygon", "coordinates": [ [ [ -15.9498987, 18.0148926 ], [ -15.9494657, 18.0152361 ], [ -15.9491317, 18.0148553 ], [ -15.9495646, 18.0145118 ], [ -15.9498987, 18.0148926 ] ] ] } },
{ "type": "Feature", "properties": { "id": "way/230398172", "name": null, "name_en": null, "name_ar": null, "amenity": "school", "building": null, "operator_type": null, "capacity_persons": null, "addr_full": null, "addr_city": null, "source": null, "adm0_pcode": "MRT", "adm0_name": "Mauritania", "adm1_pcode": "MR14", "adm1_name": "Nouakchott Nord", "adm2_pcode": "MR143", "adm2_name": "Teyarett", "adm3_pcode": "MR14301", "adm3_name": "Toujounine", "adm4_pcode": null, "adm4_name": null, "name_latin": null }, "geometry": { "type": "Polygon", "coordinates": [ [ [ -15.9460285, 18.025933 ], [ -15.9455428, 18.025631 ], [ -15.945858, 18.0251392 ], [ -15.9463248, 18.0254377 ], [ -15.9463595, 18.0254499 ], [ -15.9460285, 18.025933 ] ] ] } },
{ "type": "Feature", "properties": { "id": "way/229232439", "name": null, "name_en": null, "name_ar": null, "amenity": "school", "building": null, "operator_type": null, "capacity_persons": null, "addr_full": null, "addr_city": null, "source": null, "adm0_pcode": "MRT", "adm0_name": "Mauritania", "adm1_pcode": "MR14", "adm1_name": "Nouakchott Nord", "adm2_pcode": "MR143", "adm2_name": "Teyarett", "adm3_pcode": "MR14301", "adm3_name": "Toujounine", "adm4_pcode": null, "adm4_name": null, "name_latin": null }, "geometry": { "type": "Polygon", "coordinates": [ [ [ -15.9491084, 18.0384644 ], [ -15.9487428, 18.0391179 ], [ -15.9482154, 18.0388512 ], [ -15.948581, 18.0381977 ], [ -15.9491084, 18.0384644 ] ] ] } },
{ "type": "Feature", "properties": { "id": "way/229232441", "name": null, "name_en": null, "name_ar": null, "amenity": "school", "building": null, "operator_type": null, "capacity_persons": null, "addr_full": null, "addr_city": null, "source": null, "adm0_pcode": "MRT", "adm0_name": "Mauritania", "adm1_pcode": "MR14", "adm1_name": "Nouakchott Nord", "adm2_pcode": "MR143", "adm2_name": "Teyarett", "adm3_pcode": "MR14301", "adm3_name": "Toujounine", "adm4_pcode": null, "adm4_name": null, "name_latin": null }, "geometry": { "type": "Polygon", "coordinates": [ [ [ -15.9470747, 18.0425017 ], [ -15.9465278, 18.0422072 ], [ -15.9464191, 18.0421703 ], [ -15.9462883, 18.0420925 ], [ -15.9465405, 18.0416641 ], [ -15.9473344, 18.0420874 ], [ -15.9470747, 18.0425017 ] ] ] } },
{ "type": "Feature", "properties": { "id": "way/229232444", "name": null, "name_en": null, "name_ar": null, "amenity": "school", "building": null, "operator_type": null, "capacity_persons": null, "addr_full": null, "addr_city": null, "source": null, "adm0_pcode": "MRT", "adm0_name": "Mauritania", "adm1_pcode": "MR14", "adm1_name": "Nouakchott Nord", "adm2_pcode": "MR143", "adm2_name": "Teyarett", "adm3_pcode": "MR14301", "adm3_name": "Toujounine", "adm4_pcode": null, "adm4_name": null, "name_latin": null }, "geometry": { "type": "Polygon", "coordinates": [ [ [ -15.9450573, 18.0420844 ], [ -15.9449427, 18.0422815 ], [ -15.9448477, 18.0424389 ], [ -15.9447628, 18.0425751 ], [ -15.9447548, 18.0425955 ], [ -15.9447252, 18.0426439 ], [ -15.9446944, 18.0426935 ], [ -15.944599, 18.042858 ], [ -15.944009, 18.042542 ], [ -15.9444674, 18.0417684 ], [ -15.9450573, 18.0420844 ] ] ] } },
{ "type": "Feature", "properties": { "id": "way/326371645", "name": null, "name_en": null, "name_ar": null, "amenity": "school", "building": null, "operator_type": null, "capacity_persons": null, "addr_full": null, "addr_city": null, "source": null, "adm0_pcode": "MRT", "adm0_name": "Mauritania", "adm1_pcode": "MR15", "adm1_name": "Nouakchott Sud", "adm2_pcode": "MR153", "adm2_name": "Riad", "adm3_pcode": "MR15301", "adm3_name": "Riyad", "adm4_pcode": null, "adm4_name": null, "name_latin": null }, "geometry": { "type": "Polygon", "coordinates": [ [ [ -15.9377595, 18.0297424 ], [ -15.9375916, 18.0300586 ], [ -15.9370733, 18.0298098 ], [ -15.9372411, 18.0294936 ], [ -15.9377595, 18.0297424 ] ] ] } },
{ "type": "Feature", "properties": { "id": "way/231978097", "name": null, "name_en": null, "name_ar": null, "amenity": "school", "building": null, "operator_type": null, "capacity_persons": null, "addr_full": null, "addr_city": null, "source": null, "adm0_pcode": "MRT", "adm0_name": "Mauritania", "adm1_pcode": "MR15", "adm1_name": "Nouakchott Sud", "adm2_pcode": "MR153", "adm2_name": "Riad", "adm3_pcode": "MR15301", "adm3_name": "Riyad", "adm4_pcode": null, "adm4_name": null, "name_latin": null }, "geometry": { "type": "Polygon", "coordinates": [ [ [ -15.931899, 18.0313997 ], [ -15.9318274, 18.0313565 ], [ -15.9313664, 18.0311639 ], [ -15.9316812, 18.0307294 ], [ -15.9321877, 18.0309551 ], [ -15.9320648, 18.0311407 ], [ -15.9320327, 18.0311896 ], [ -15.931899, 18.0313997 ] ] ] } },
{ "type": "Feature", "properties": { "id": "way/231948766", "name": null, "name_en": null, "name_ar": null, "amenity": "school", "building": null, "operator_type": null, "capacity_persons": null, "addr_full": null, "addr_city": null, "source": null, "adm0_pcode": "MRT", "adm0_name": "Mauritania", "adm1_pcode": "MR15", "adm1_name": "Nouakchott Sud", "adm2_pcode": "MR153", "adm2_name": "Riad", "adm3_pcode": "MR15301", "adm3_name": "Riyad", "adm4_pcode": null, "adm4_name": null, "name_latin": null }, "geometry": { "type": "Polygon", "coordinates": [ [ [ -15.9296286, 18.0254439 ], [ -15.9298301, 18.0251212 ], [ -15.9295338, 18.0249539 ], [ -15.9293323, 18.0252767 ], [ -15.9296286, 18.0254439 ] ] ] } },
{ "type": "Feature", "properties": { "id": "way/230398275", "name": null, "name_en": null, "name_ar": null, "amenity": "school", "building": null, "operator_type": null, "capacity_persons": null, "addr_full": null, "addr_city": null, "source": null, "adm0_pcode": "MRT", "adm0_name": "Mauritania", "adm1_pcode": "MR15", "adm1_name": "Nouakchott Sud", "adm2_pcode": "MR153", "adm2_name": "Riad", "adm3_pcode": "MR15301", "adm3_name": "Riyad", "adm4_pcode": null, "adm4_name": null, "name_latin": null }, "geometry": { "type": "Polygon", "coordinates": [ [ [ -15.9377595, 18.0297424 ], [ -15.9372411, 18.0294936 ], [ -15.9375334, 18.0290703 ], [ -15.9380116, 18.0293449 ], [ -15.9377595, 18.0297424 ] ] ] } },
{ "type": "Feature", "properties": { "id": "way/231852428", "name": null, "name_en": null, "name_ar": null, "amenity": "school", "building": null, "operator_type": null, "capacity_persons": null, "addr_full": null, "addr_city": null, "source": null, "adm0_pcode": "MRT", "adm0_name": "Mauritania", "adm1_pcode": "MR15", "adm1_name": "Nouakchott Sud", "adm2_pcode": "MR153", "adm2_name": "Riad", "adm3_pcode": "MR15301", "adm3_name": "Riyad", "adm4_pcode": null, "adm4_name": null, "name_latin": null }, "geometry": { "type": "Polygon", "coordinates": [ [ [ -15.930386, 18.0226083 ], [ -15.9308681, 18.0224453 ], [ -15.9307032, 18.022004 ], [ -15.9302211, 18.0221669 ], [ -15.930386, 18.0226083 ] ] ] } },
{ "type": "Feature", "properties": { "id": "way/231978098", "name": null, "name_en": null, "name_ar": null, "amenity": "school", "building": null, "operator_type": null, "capacity_persons": null, "addr_full": null, "addr_city": null, "source": null, "adm0_pcode": "MRT", "adm0_name": "Mauritania", "adm1_pcode": "MR14", "adm1_name": "Nouakchott Nord", "adm2_pcode": "MR143", "adm2_name": "Teyarett", "adm3_pcode": "MR14301", "adm3_name": "Toujounine", "adm4_pcode": null, "adm4_name": null, "name_latin": null }, "geometry": { "type": "Polygon", "coordinates": [ [ [ -15.9250392, 18.0336273 ], [ -15.9252834, 18.0332119 ], [ -15.924956, 18.0330378 ], [ -15.9247118, 18.0334533 ], [ -15.9250392, 18.0336273 ] ] ] } },
{ "type": "Feature", "properties": { "id": "way/326275444", "name": null, "name_en": null, "name_ar": null, "amenity": "school", "building": null, "operator_type": null, "capacity_persons": null, "addr_full": null, "addr_city": null, "source": null, "adm0_pcode": "MRT", "adm0_name": "Mauritania", "adm1_pcode": "MR14", "adm1_name": "Nouakchott Nord", "adm2_pcode": "MR143", "adm2_name": "Teyarett", "adm3_pcode": "MR14301", "adm3_name": "Toujounine", "adm4_pcode": null, "adm4_name": null, "name_latin": null }, "geometry": { "type": "Polygon", "coordinates": [ [ [ -15.9238425, 18.0330053 ], [ -15.9232682, 18.0327044 ], [ -15.9235352, 18.0322437 ], [ -15.9241096, 18.0325446 ], [ -15.9238425, 18.0330053 ] ] ] } },
{ "type": "Feature", "properties": { "id": "way/326274128", "name": null, "name_en": null, "name_ar": null, "amenity": "school", "building": null, "operator_type": null, "capacity_persons": null, "addr_full": null, "addr_city": null, "source": null, "adm0_pcode": "MRT", "adm0_name": "Mauritania", "adm1_pcode": "MR14", "adm1_name": "Nouakchott Nord", "adm2_pcode": "MR143", "adm2_name": "Teyarett", "adm3_pcode": "MR14301", "adm3_name": "Toujounine", "adm4_pcode": null, "adm4_name": null, "name_latin": null }, "geometry": { "type": "Polygon", "coordinates": [ [ [ -15.9258488, 18.0398877 ], [ -15.9253311, 18.0396417 ], [ -15.9254051, 18.0395186 ], [ -15.9254605, 18.0395303 ], [ -15.9254975, 18.0394249 ], [ -15.9254667, 18.0393839 ], [ -15.9255715, 18.0391846 ], [ -15.9261076, 18.039419 ], [ -15.9258488, 18.0398877 ] ] ] } },
{ "type": "Feature", "properties": { "id": "way/229839702", "name": null, "name_en": null, "name_ar": null, "amenity": "school", "building": null, "operator_type": null, "capacity_persons": null, "addr_full": null, "addr_city": null, "source": null, "adm0_pcode": "MRT", "adm0_name": "Mauritania", "adm1_pcode": "MR14", "adm1_name": "Nouakchott Nord", "adm2_pcode": "MR143", "adm2_name": "Teyarett", "adm3_pcode": "MR14301", "adm3_name": "Toujounine", "adm4_pcode": null, "adm4_name": null, "name_latin": null }, "geometry": { "type": "Polygon", "coordinates": [ [ [ -15.9208126, 18.0650381 ], [ -15.9206353, 18.0650296 ], [ -15.9197665, 18.0650203 ], [ -15.9197689, 18.0654127 ], [ -15.9197701, 18.0656706 ], [ -15.9197732, 18.0657312 ], [ -15.919895, 18.0657401 ], [ -15.9201864, 18.0657593 ], [ -15.9203388, 18.0657255 ], [ -15.9205915, 18.0656624 ], [ -15.9208798, 18.0655806 ], [ -15.9208612, 18.0653911 ], [ -15.9208126, 18.0650381 ] ] ] } },
{ "type": "Feature", "properties": { "id": "way/230051572", "name": null, "name_en": null, "name_ar": null, "amenity": "school", "building": null, "operator_type": null, "capacity_persons": null, "addr_full": null, "addr_city": null, "source": null, "adm0_pcode": "MRT", "adm0_name": "Mauritania", "adm1_pcode": "MR14", "adm1_name": "Nouakchott Nord", "adm2_pcode": "MR143", "adm2_name": "Teyarett", "adm3_pcode": "MR14301", "adm3_name": "Toujounine", "adm4_pcode": null, "adm4_name": null, "name_latin": null }, "geometry": { "type": "Polygon", "coordinates": [ [ [ -15.9293426, 18.0666599 ], [ -15.9289134, 18.0672168 ], [ -15.9284103, 18.0667925 ], [ -15.9287509, 18.0663435 ], [ -15.9293426, 18.0666599 ] ] ] } },
{ "type": "Feature", "properties": { "id": "way/229839722", "name": null, "name_en": null, "name_ar": null, "amenity": "school", "building": null, "operator_type": null, "capacity_persons": null, "addr_full": null, "addr_city": null, "source": null, "adm0_pcode": "MRT", "adm0_name": "Mauritania", "adm1_pcode": "MR14", "adm1_name": "Nouakchott Nord", "adm2_pcode": "MR143", "adm2_name": "Teyarett", "adm3_pcode": "MR14301", "adm3_name": "Toujounine", "adm4_pcode": null, "adm4_name": null, "name_latin": null }, "geometry": { "type": "Polygon", "coordinates": [ [ [ -15.9352253, 18.0668509 ], [ -15.9347872, 18.0667716 ], [ -15.9349238, 18.0660894 ], [ -15.9353619, 18.0661686 ], [ -15.9353097, 18.0664292 ], [ -15.9352253, 18.0668509 ] ] ] } },
{ "type": "Feature", "properties": { "id": "way/230492811", "name": null, "name_en": null, "name_ar": null, "amenity": "school", "building": null, "operator_type": null, "capacity_persons": null, "addr_full": null, "addr_city": null, "source": null, "adm0_pcode": "MRT", "adm0_name": "Mauritania", "adm1_pcode": "MR15", "adm1_name": "Nouakchott Sud", "adm2_pcode": "MR152", "adm2_name": "Arafat", "adm3_pcode": "MR15201", "adm3_name": "Arafat", "adm4_pcode": null, "adm4_name": null, "name_latin": null }, "geometry": { "type": "Polygon", "coordinates": [ [ [ -15.9389666, 18.0582387 ], [ -15.9384891, 18.0581162 ], [ -15.9386286, 18.0576164 ], [ -15.9391114, 18.0577337 ], [ -15.9389666, 18.0582387 ] ] ] } },
{ "type": "Feature", "properties": { "id": "way/229839703", "name": null, "name_en": null, "name_ar": null, "amenity": "school", "building": null, "operator_type": null, "capacity_persons": null, "addr_full": null, "addr_city": null, "source": null, "adm0_pcode": "MRT", "adm0_name": "Mauritania", "adm1_pcode": "MR14", "adm1_name": "Nouakchott Nord", "adm2_pcode": "MR143", "adm2_name": "Teyarett", "adm3_pcode": "MR14301", "adm3_name": "Toujounine", "adm4_pcode": null, "adm4_name": null, "name_latin": null }, "geometry": { "type": "Polygon", "coordinates": [ [ [ -15.9295284, 18.0619947 ], [ -15.9289581, 18.0618541 ], [ -15.9292079, 18.0611041 ], [ -15.9297819, 18.0612775 ], [ -15.9295284, 18.0619947 ] ] ] } },
{ "type": "Feature", "properties": { "id": "way/326227736", "name": null, "name_en": null, "name_ar": null, "amenity": "school", "building": null, "operator_type": null, "capacity_persons": null, "addr_full": null, "addr_city": null, "source": null, "adm0_pcode": "MRT", "adm0_name": "Mauritania", "adm1_pcode": "MR14", "adm1_name": "Nouakchott Nord", "adm2_pcode": "MR143", "adm2_name": "Teyarett", "adm3_pcode": "MR14301", "adm3_name": "Toujounine", "adm4_pcode": null, "adm4_name": null, "name_latin": null }, "geometry": { "type": "Polygon", "coordinates": [ [ [ -15.929444, 18.0454365 ], [ -15.9290446, 18.0452396 ], [ -15.9292679, 18.0448301 ], [ -15.9293603, 18.0448809 ], [ -15.9296673, 18.045027 ], [ -15.929444, 18.0454365 ] ] ] } },
{ "type": "Feature", "properties": { "id": "way/229232447", "name": null, "name_en": null, "name_ar": null, "amenity": "school", "building": null, "operator_type": null, "capacity_persons": null, "addr_full": null, "addr_city": null, "source": null, "adm0_pcode": "MRT", "adm0_name": "Mauritania", "adm1_pcode": "MR15", "adm1_name": "Nouakchott Sud", "adm2_pcode": "MR152", "adm2_name": "Arafat", "adm3_pcode": "MR15201", "adm3_name": "Arafat", "adm4_pcode": null, "adm4_name": null, "name_latin": null }, "geometry": { "type": "Polygon", "coordinates": [ [ [ -15.9437381, 18.0495497 ], [ -15.9434756, 18.050017 ], [ -15.9426312, 18.049584 ], [ -15.9429186, 18.0491198 ], [ -15.9437381, 18.0495497 ] ] ] } },
{ "type": "Feature", "properties": { "id": "way/229232445", "name": null, "name_en": null, "name_ar": null, "amenity": "school", "building": null, "operator_type": null, "capacity_persons": null, "addr_full": null, "addr_city": null, "source": null, "adm0_pcode": "MRT", "adm0_name": "Mauritania", "adm1_pcode": "MR15", "adm1_name": "Nouakchott Sud", "adm2_pcode": "MR152", "adm2_name": "Arafat", "adm3_pcode": "MR15201", "adm3_name": "Arafat", "adm4_pcode": null, "adm4_name": null, "name_latin": null }, "geometry": { "type": "Polygon", "coordinates": [ [ [ -15.9460241, 18.0454295 ], [ -15.9456942, 18.0459916 ], [ -15.9451799, 18.0457187 ], [ -15.9455098, 18.0451566 ], [ -15.9460241, 18.0454295 ] ] ] } },
{ "type": "Feature", "properties": { "id": "way/230492810", "name": null, "name_en": null, "name_ar": null, "amenity": "school", "building": null, "operator_type": null, "capacity_persons": null, "addr_full": null, "addr_city": null, "source": null, "adm0_pcode": "MRT", "adm0_name": "Mauritania", "adm1_pcode": "MR15", "adm1_name": "Nouakchott Sud", "adm2_pcode": "MR152", "adm2_name": "Arafat", "adm3_pcode": "MR15201", "adm3_name": "Arafat", "adm4_pcode": null, "adm4_name": null, "name_latin": null }, "geometry": { "type": "Polygon", "coordinates": [ [ [ -15.9415576, 18.0577796 ], [ -15.9412338, 18.0576888 ], [ -15.9410188, 18.0576286 ], [ -15.9411794, 18.057112 ], [ -15.9417153, 18.0572746 ], [ -15.9417064, 18.057303 ], [ -15.9416889, 18.0573592 ], [ -15.9415576, 18.0577796 ] ] ] } },
{ "type": "Feature", "properties": { "id": "way/230521181", "name": null, "name_en": null, "name_ar": null, "amenity": "school", "building": null, "operator_type": null, "capacity_persons": null, "addr_full": null, "addr_city": null, "source": null, "adm0_pcode": "MRT", "adm0_name": "Mauritania", "adm1_pcode": "MR15", "adm1_name": "Nouakchott Sud", "adm2_pcode": "MR152", "adm2_name": "Arafat", "adm3_pcode": "MR15201", "adm3_name": "Arafat", "adm4_pcode": null, "adm4_name": null, "name_latin": null }, "geometry": { "type": "Polygon", "coordinates": [ [ [ -15.9432752, 18.0617124 ], [ -15.9430884, 18.0616609 ], [ -15.9428977, 18.0616082 ], [ -15.9431351, 18.0608305 ], [ -15.9435127, 18.0609347 ], [ -15.9433932, 18.061326 ], [ -15.9433333, 18.0615221 ], [ -15.9432752, 18.0617124 ] ] ] } },
{ "type": "Feature", "properties": { "id": "way/229021972", "name": null, "name_en": null, "name_ar": null, "amenity": "school", "building": null, "operator_type": null, "capacity_persons": null, "addr_full": null, "addr_city": null, "source": null, "adm0_pcode": "MRT", "adm0_name": "Mauritania", "adm1_pcode": "MR15", "adm1_name": "Nouakchott Sud", "adm2_pcode": "MR152", "adm2_name": "Arafat", "adm3_pcode": "MR15201", "adm3_name": "Arafat", "adm4_pcode": null, "adm4_name": null, "name_latin": null }, "geometry": { "type": "Polygon", "coordinates": [ [ [ -15.9509707, 18.0682152 ], [ -15.95024, 18.0680208 ], [ -15.950309, 18.0677865 ], [ -15.9503877, 18.0675193 ], [ -15.9511183, 18.0677138 ], [ -15.9509707, 18.0682152 ] ] ] } },
{ "type": "Feature", "properties": { "id": "way/228768146", "name": null, "name_en": null, "name_ar": null, "amenity": "school", "building": null, "operator_type": null, "capacity_persons": null, "addr_full": null, "addr_city": null, "source": null, "adm0_pcode": "MRT", "adm0_name": "Mauritania", "adm1_pcode": "MR14", "adm1_name": "Nouakchott Nord", "adm2_pcode": "MR142", "adm2_name": "Dar Naïm", "adm3_pcode": "MR14201", "adm3_name": "Dar Naim", "adm4_pcode": null, "adm4_name": null, "name_latin": null }, "geometry": { "type": "Polygon", "coordinates": [ [ [ -15.9493612, 18.0729453 ], [ -15.9488532, 18.0728778 ], [ -15.9490009, 18.072343 ], [ -15.9495297, 18.0724342 ], [ -15.9493612, 18.0729453 ] ] ] } },
{ "type": "Feature", "properties": { "id": "node/6001346675", "name": "Complexe scolaire Al-Asr معوقات المدرسة العصر", "name_en": "Al-'Asr School Complex", "name_ar": "معوقات المدرسة العصر", "amenity": "school", "building": null, "operator_type": null, "capacity_persons": null, "addr_full": null, "addr_city": "Nouakchott نواكشوط", "source": null, "adm0_pcode": "MRT", "adm0_name": "Mauritania", "adm1_pcode": "MR14", "adm1_name": "Nouakchott Nord", "adm2_pcode": "MR142", "adm2_name": "Dar Naïm", "adm3_pcode": "MR14201", "adm3_name": "Dar Naim", "adm4_pcode": null, "adm4_name": null, "name_latin": "Al-'Asr School Complex" }, "geometry": { "type": "Point", "coordinates": [ -15.9472829, 18.0714157 ] } },
{ "type": "Feature", "properties": { "id": "way/228768148", "name": null, "name_en": null, "name_ar": null, "amenity": "school", "building": null, "operator_type": null, "capacity_persons": null, "addr_full": null, "addr_city": null, "source": null, "adm0_pcode": "MRT", "adm0_name": "Mauritania", "adm1_pcode": "MR14", "adm1_name": "Nouakchott Nord", "adm2_pcode": "MR142", "adm2_name": "Dar Naïm", "adm3_pcode": "MR14201", "adm3_name": "Dar Naim", "adm4_pcode": null, "adm4_name": null, "name_latin": null }, "geometry": { "type": "Polygon", "coordinates": [ [ [ -15.9482859, 18.072675 ], [ -15.9482676, 18.07267 ], [ -15.9480144, 18.0726009 ], [ -15.9477259, 18.0725221 ], [ -15.9478626, 18.0720571 ], [ -15.9484118, 18.0722198 ], [ -15.9482859, 18.072675 ] ] ] } },
{ "type": "Feature", "properties": { "id": "node/6001345769", "name": "العصر الحديثة", "name_en": "Al-'Asr Al-Haditha", "name_ar": "العصر الحديثة", "amenity": "school", "building": null, "operator_type": null, "capacity_persons": null, "addr_full": null, "addr_city": "نواكشوط", "source": null, "adm0_pcode": "MRT", "adm0_name": "Mauritania", "adm1_pcode": "MR14", "adm1_name": "Nouakchott Nord", "adm2_pcode": "MR142", "adm2_name": "Dar Naïm", "adm3_pcode": "MR14201", "adm3_name": "Dar Naim", "adm4_pcode": null, "adm4_name": null, "name_latin": "Al-'Asr Al-Haditha" }, "geometry": { "type": "Point", "coordinates": [ -15.9484604, 18.0735423 ] } },
{ "type": "Feature", "properties": { "id": "node/6001344647", "name": "Shams Ad-Din شمس الدين", "name_en": "Shams Ad-Din", "name_ar": "شمس الدين", "amenity": "school", "building": null, "operator_type": null, "capacity_persons": null, "addr_full": null, "addr_city": "Nouakchott نواكشوط", "source": null, "adm0_pcode": "MRT", "adm0_name": "Mauritania", "adm1_pcode": "MR14", "adm1_name": "Nouakchott Nord", "adm2_pcode": "MR142", "adm2_name": "Dar Naïm", "adm3_pcode": "MR14201", "adm3_name": "Dar Naim", "adm4_pcode": null, "adm4_name": null, "name_latin": "Shams Ad-Din" }, "geometry": { "type": "Point", "coordinates": [ -15.9506115, 18.0742741 ] } },
{ "type": "Feature", "properties": { "id": "way/1022075654", "name": null, "name_en": null, "name_ar": null, "amenity": null, "building": "school", "operator_type": null, "capacity_persons": null, "addr_full": null, "addr_city": null, "source": null, "adm0_pcode": "MRT", "adm0_name": "Mauritania", "adm1_pcode": "MR14", "adm1_name": "Nouakchott Nord", "adm2_pcode": "MR142", "adm2_name": "Dar Naïm", "adm3_pcode": "MR14201", "adm3_name": "Dar Naim", "adm4_pcode": null, "adm4_name": null, "name_latin": null }, "geometry": { "type": "Polygon", "coordinates": [ [ [ -15.9530965, 18.0735659 ], [ -15.9529391, 18.0735175 ], [ -15.9529347, 18.0734569 ], [ -15.9531147, 18.0735123 ], [ -15.9530965, 18.0735659 ] ] ] } },
{ "type": "Feature", "properties": { "id": "way/1022075655", "name": null, "name_en": null, "name_ar": null, "amenity": null, "building": "school", "operator_type": null, "capacity_persons": null, "addr_full": null, "addr_city": null, "source": null, "adm0_pcode": "MRT", "adm0_name": "Mauritania", "adm1_pcode": "MR14", "adm1_name": "Nouakchott Nord", "adm2_pcode": "MR142", "adm2_name": "Dar Naïm", "adm3_pcode": "MR14201", "adm3_name": "Dar Naim", "adm4_pcode": null, "adm4_name": null, "name_latin": null }, "geometry": { "type": "Polygon", "coordinates": [ [ [ -15.9528978, 18.0735114 ], [ -15.9527543, 18.0734715 ], [ -15.9527411, 18.0734046 ], [ -15.9529158, 18.0734532 ], [ -15.9528978, 18.0735114 ] ] ] } },
{ "type": "Feature", "properties": { "id": "way/1022075656", "name": null, "name_en": null, "name_ar": null, "amenity": null, "building": "school", "operator_type": null, "capacity_persons": null, "addr_full": null, "addr_city": null, "source": null, "adm0_pcode": "MRT", "adm0_name": "Mauritania", "adm1_pcode": "MR14", "adm1_name": "Nouakchott Nord", "adm2_pcode": "MR142", "adm2_name": "Dar Naïm", "adm3_pcode": "MR14201", "adm3_name": "Dar Naim", "adm4_pcode": null, "adm4_name": null, "name_latin": null }, "geometry": { "type": "Polygon", "coordinates": [ [ [ -15.9527446, 18.0736701 ], [ -15.9527279, 18.0736658 ], [ -15.952685, 18.0736549 ], [ -15.9527295, 18.0734972 ], [ -15.9527891, 18.0735124 ], [ -15.9527446, 18.0736701 ] ] ] } },
{ "type": "Feature", "properties": { "id": "way/1022075651", "name": null, "name_en": null, "name_ar": null, "amenity": null, "building": "school", "operator_type": null, "capacity_persons": null, "addr_full": null, "addr_city": null, "source": null, "adm0_pcode": "MRT", "adm0_name": "Mauritania", "adm1_pcode": "MR14", "adm1_name": "Nouakchott Nord", "adm2_pcode": "MR142", "adm2_name": "Dar Naïm", "adm3_pcode": "MR14201", "adm3_name": "Dar Naim", "adm4_pcode": null, "adm4_name": null, "name_latin": null }, "geometry": { "type": "Polygon", "coordinates": [ [ [ -15.952946, 18.0739445 ], [ -15.9529568, 18.0738751 ], [ -15.9527098, 18.0738404 ], [ -15.952699, 18.0739098 ], [ -15.952946, 18.0739445 ] ] ] } },
{ "type": "Feature", "properties": { "id": "way/228768144", "name": "École primaire مدرسة ابتدائية", "name_en": null, "name_ar": "مدرسة ابتدائية", "amenity": "school", "building": null, "operator_type": null, "capacity_persons": null, "addr_full": null, "addr_city": "Nouakchott نواكشوط", "source": null, "adm0_pcode": "MRT", "adm0_name": "Mauritania", "adm1_pcode": "MR14", "adm1_name": "Nouakchott Nord", "adm2_pcode": "MR142", "adm2_name": "Dar Naïm", "adm3_pcode": "MR14201", "adm3_name": "Dar Naim", "adm4_pcode": null, "adm4_name": null, "name_latin": "Ecole primaire mdrs@ btdy'y@" }, "geometry": { "type": "Polygon", "coordinates": [ [ [ -15.9531585, 18.0740594 ], [ -15.9525771, 18.0739039 ], [ -15.9527225, 18.0733771 ], [ -15.9532766, 18.0735282 ], [ -15.9531585, 18.0740594 ] ] ] } },
{ "type": "Feature", "properties": { "id": "way/1022075652", "name": null, "name_en": null, "name_ar": null, "amenity": null, "building": "school", "operator_type": null, "capacity_persons": null, "addr_full": null, "addr_city": null, "source": null, "adm0_pcode": "MRT", "adm0_name": "Mauritania", "adm1_pcode": "MR14", "adm1_name": "Nouakchott Nord", "adm2_pcode": "MR142", "adm2_name": "Dar Naïm", "adm3_pcode": "MR14201", "adm3_name": "Dar Naim", "adm4_pcode": null, "adm4_name": null, "name_latin": null }, "geometry": { "type": "Polygon", "coordinates": [ [ [ -15.9531323, 18.0739771 ], [ -15.9529633, 18.0739478 ], [ -15.9529732, 18.0738962 ], [ -15.9530577, 18.0739109 ], [ -15.9531422, 18.0739255 ], [ -15.9531323, 18.0739771 ] ] ] } },
{ "type": "Feature", "properties": { "id": "way/229021220", "name": null, "name_en": null, "name_ar": null, "amenity": "school", "building": null, "operator_type": null, "capacity_persons": null, "addr_full": null, "addr_city": null, "source": null, "adm0_pcode": "MRT", "adm0_name": "Mauritania", "adm1_pcode": "MR14", "adm1_name": "Nouakchott Nord", "adm2_pcode": "MR142", "adm2_name": "Dar Naïm", "adm3_pcode": "MR14201", "adm3_name": "Dar Naim", "adm4_pcode": null, "adm4_name": null, "name_latin": null }, "geometry": { "type": "Polygon", "coordinates": [ [ [ -15.9422796, 18.07621 ], [ -15.941818, 18.0760732 ], [ -15.9421146, 18.0751684 ], [ -15.9425568, 18.0752995 ], [ -15.9425762, 18.0753052 ], [ -15.9422796, 18.07621 ] ] ] } },
{ "type": "Feature", "properties": { "id": "way/229232448", "name": null, "name_en": null, "name_ar": null, "amenity": "school", "building": null, "operator_type": null, "capacity_persons": null, "addr_full": null, "addr_city": null, "source": null, "adm0_pcode": "MRT", "adm0_name": "Mauritania", "adm1_pcode": "MR14", "adm1_name": "Nouakchott Nord", "adm2_pcode": "MR142", "adm2_name": "Dar Naïm", "adm3_pcode": "MR14201", "adm3_name": "Dar Naim", "adm4_pcode": null, "adm4_name": null, "name_latin": null }, "geometry": { "type": "Polygon", "coordinates": [ [ [ -15.9452208, 18.070203 ], [ -15.9449499, 18.0704427 ], [ -15.9443148, 18.0703006 ], [ -15.9444502, 18.0697812 ], [ -15.9445504, 18.0698054 ], [ -15.9446152, 18.069821 ], [ -15.9446544, 18.0698305 ], [ -15.9448144, 18.0698691 ], [ -15.9448363, 18.0698744 ], [ -15.9450134, 18.0699133 ], [ -15.9450366, 18.0699189 ], [ -15.9452067, 18.0699588 ], [ -15.9452114, 18.0700032 ], [ -15.9452157, 18.0700946 ], [ -15.9452176, 18.0701358 ], [ -15.9452208, 18.070203 ] ] ] } },
{ "type": "Feature", "properties": { "id": "node/6001342465", "name": "Groupe scolaire Al-Irfan", "name_en": "Al-'Arwan School Complex", "name_ar": "معوقات المدرسة العروان", "amenity": "school", "building": null, "operator_type": null, "capacity_persons": null, "addr_full": null, "addr_city": "Nouakchott نواكشوط", "source": null, "adm0_pcode": "MRT", "adm0_name": "Mauritania", "adm1_pcode": "MR14", "adm1_name": "Nouakchott Nord", "adm2_pcode": "MR142", "adm2_name": "Dar Naïm", "adm3_pcode": "MR14201", "adm3_name": "Dar Naim", "adm4_pcode": null, "adm4_name": null, "name_latin": "Al-'Arwan School Complex" }, "geometry": { "type": "Point", "coordinates": [ -15.9467572, 18.0712729 ] } },
{ "type": "Feature", "properties": { "id": "way/228768150", "name": null, "name_en": null, "name_ar": null, "amenity": "school", "building": null, "operator_type": null, "capacity_persons": null, "addr_full": null, "addr_city": null, "source": null, "adm0_pcode": "MRT", "adm0_name": "Mauritania", "adm1_pcode": "MR14", "adm1_name": "Nouakchott Nord", "adm2_pcode": "MR142", "adm2_name": "Dar Naïm", "adm3_pcode": "MR14201", "adm3_name": "Dar Naim", "adm4_pcode": null, "adm4_name": null, "name_latin": null }, "geometry": { "type": "Polygon", "coordinates": [ [ [ -15.9434471, 18.0714728 ], [ -15.9426704, 18.0712741 ], [ -15.9428066, 18.0707516 ], [ -15.943597, 18.0709675 ], [ -15.9434471, 18.0714728 ] ] ] } },
{ "type": "Feature", "properties": { "id": "way/229232453", "name": null, "name_en": null, "name_ar": null, "amenity": "school", "building": null, "operator_type": null, "capacity_persons": null, "addr_full": null, "addr_city": null, "source": null, "adm0_pcode": "MRT", "adm0_name": "Mauritania", "adm1_pcode": "MR14", "adm1_name": "Nouakchott Nord", "adm2_pcode": "MR143", "adm2_name": "Teyarett", "adm3_pcode": "MR14301", "adm3_name": "Toujounine", "adm4_pcode": null, "adm4_name": null, "name_latin": null }, "geometry": { "type": "Polygon", "coordinates": [ [ [ -15.9325524, 18.0723133 ], [ -15.9321409, 18.0722343 ], [ -15.9315828, 18.0721271 ], [ -15.9315499, 18.0721208 ], [ -15.9317133, 18.0715081 ], [ -15.9317796, 18.0712594 ], [ -15.9327049, 18.071404 ], [ -15.9325524, 18.0723133 ] ] ] } },
{ "type": "Feature", "properties": { "id": "way/229232449", "name": null, "name_en": null, "name_ar": null, "amenity": "school", "building": null, "operator_type": null, "capacity_persons": null, "addr_full": null, "addr_city": null, "source": null, "adm0_pcode": "MRT", "adm0_name": "Mauritania", "adm1_pcode": "MR14", "adm1_name": "Nouakchott Nord", "adm2_pcode": "MR142", "adm2_name": "Dar Naïm", "adm3_pcode": "MR14201", "adm3_name": "Dar Naim", "adm4_pcode": null, "adm4_name": null, "name_latin": null }, "geometry": { "type": "Polygon", "coordinates": [ [ [ -15.9341949, 18.0778079 ], [ -15.9332235, 18.0776925 ], [ -15.9333543, 18.076849 ], [ -15.9343116, 18.0769378 ], [ -15.9341949, 18.0778079 ] ] ] } },
{ "type": "Feature", "properties": { "id": "way/229021221", "name": null, "name_en": null, "name_ar": null, "amenity": "school", "building": null, "operator_type": null, "capacity_persons": null, "addr_full": null, "addr_city": null, "source": null, "adm0_pcode": "MRT", "adm0_name": "Mauritania", "adm1_pcode": "MR14", "adm1_name": "Nouakchott Nord", "adm2_pcode": "MR142", "adm2_name": "Dar Naïm", "adm3_pcode": "MR14201", "adm3_name": "Dar Naim", "adm4_pcode": null, "adm4_name": null, "name_latin": null }, "geometry": { "type": "Polygon", "coordinates": [ [ [ -15.941411, 18.075611 ], [ -15.9406956, 18.0754281 ], [ -15.9409341, 18.0745652 ], [ -15.9416495, 18.0747371 ], [ -15.941411, 18.075611 ] ] ] } },
{ "type": "Feature", "properties": { "id": "node/6557660644", "name": null, "name_en": null, "name_ar": null, "amenity": "school", "building": null, "operator_type": null, "capacity_persons": null, "addr_full": null, "addr_city": null, "source": null, "adm0_pcode": "MRT", "adm0_name": "Mauritania", "adm1_pcode": "MR14", "adm1_name": "Nouakchott Nord", "adm2_pcode": "MR142", "adm2_name": "Dar Naïm", "adm3_pcode": "MR14201", "adm3_name": "Dar Naim", "adm4_pcode": null, "adm4_name": null, "name_latin": null }, "geometry": { "type": "Point", "coordinates": [ -15.9411393, 18.0751436 ] } },
{ "type": "Feature", "properties": { "id": "node/6566145851", "name": "Écoles Privées Chems Dine", "name_en": null, "name_ar": null, "amenity": "school", "building": null, "operator_type": null, "capacity_persons": null, "addr_full": null, "addr_city": null, "source": null, "adm0_pcode": "MRT", "adm0_name": "Mauritania", "adm1_pcode": "MR14", "adm1_name": "Nouakchott Nord", "adm2_pcode": "MR142", "adm2_name": "Dar Naïm", "adm3_pcode": "MR14201", "adm3_name": "Dar Naim", "adm4_pcode": null, "adm4_name": null, "name_latin": "Ecoles Privees Chems Dine" }, "geometry": { "type": "Point", "coordinates": [ -15.9406703, 18.0872533 ] } },
{ "type": "Feature", "properties": { "id": "way/229021219", "name": "École primaire Zaatar مدرسة الزعتر الابتدائية", "name_en": null, "name_ar": null, "amenity": "school", "building": null, "operator_type": null, "capacity_persons": null, "addr_full": null, "addr_city": "Nouakchott نواكشوط", "source": null, "adm0_pcode": "MRT", "adm0_name": "Mauritania", "adm1_pcode": "MR14", "adm1_name": "Nouakchott Nord", "adm2_pcode": "MR142", "adm2_name": "Dar Naïm", "adm3_pcode": "MR14201", "adm3_name": "Dar Naim", "adm4_pcode": null, "adm4_name": null, "name_latin": "Ecole primaire Zaatar mdrs@ lz`tr lbtdy'y@" }, "geometry": { "type": "Polygon", "coordinates": [ [ [ -15.9371281, 18.0838789 ], [ -15.9366621, 18.0837912 ], [ -15.9368411, 18.0831129 ], [ -15.9369522, 18.0825772 ], [ -15.9373657, 18.0826638 ], [ -15.9372615, 18.0832876 ], [ -15.9371281, 18.0838789 ] ] ] } },
{ "type": "Feature", "properties": { "id": "way/229021218", "name": null, "name_en": null, "name_ar": null, "amenity": "school", "building": null, "operator_type": null, "capacity_persons": null, "addr_full": null, "addr_city": null, "source": null, "adm0_pcode": "MRT", "adm0_name": "Mauritania", "adm1_pcode": "MR14", "adm1_name": "Nouakchott Nord", "adm2_pcode": "MR142", "adm2_name": "Dar Naïm", "adm3_pcode": "MR14201", "adm3_name": "Dar Naim", "adm4_pcode": null, "adm4_name": null, "name_latin": null }, "geometry": { "type": "Polygon", "coordinates": [ [ [ -15.9334978, 18.0933378 ], [ -15.9327214, 18.0932379 ], [ -15.9328279, 18.0924896 ], [ -15.9336044, 18.0925895 ], [ -15.9334978, 18.0933378 ] ] ] } },
{ "type": "Feature", "properties": { "id": "way/335054185", "name": null, "name_en": null, "name_ar": null, "amenity": "school", "building": null, "operator_type": null, "capacity_persons": null, "addr_full": null, "addr_city": null, "source": null, "adm0_pcode": "MRT", "adm0_name": "Mauritania", "adm1_pcode": "MR14", "adm1_name": "Nouakchott Nord", "adm2_pcode": "MR142", "adm2_name": "Dar Naïm", "adm3_pcode": "MR14201", "adm3_name": "Dar Naim", "adm4_pcode": null, "adm4_name": null, "name_latin": null }, "geometry": { "type": "Polygon", "coordinates": [ [ [ -15.9411415, 18.0920491 ], [ -15.9406984, 18.0919796 ], [ -15.9407187, 18.0918289 ], [ -15.9405277, 18.091798 ], [ -15.9405439, 18.0916125 ], [ -15.9412025, 18.0917091 ], [ -15.9411415, 18.0920491 ] ] ] } },
{ "type": "Feature", "properties": { "id": "way/229021222", "name": null, "name_en": null, "name_ar": null, "amenity": "school", "building": null, "operator_type": null, "capacity_persons": null, "addr_full": null, "addr_city": null, "source": null, "adm0_pcode": "MRT", "adm0_name": "Mauritania", "adm1_pcode": "MR14", "adm1_name": "Nouakchott Nord", "adm2_pcode": "MR142", "adm2_name": "Dar Naïm", "adm3_pcode": "MR14201", "adm3_name": "Dar Naim", "adm4_pcode": null, "adm4_name": null, "name_latin": null }, "geometry": { "type": "Polygon", "coordinates": [ [ [ -15.9470958, 18.0837549 ], [ -15.9468095, 18.0837215 ], [ -15.9466552, 18.0837035 ], [ -15.9463899, 18.0836726 ], [ -15.9463673, 18.08367 ], [ -15.9461572, 18.0836455 ], [ -15.9461658, 18.0835548 ], [ -15.9461886, 18.0833131 ], [ -15.9461964, 18.0832299 ], [ -15.9462402, 18.0827658 ], [ -15.9471796, 18.0828114 ], [ -15.9471379, 18.0832805 ], [ -15.9471193, 18.0834904 ], [ -15.9470958, 18.0837549 ] ] ] } },
{ "type": "Feature", "properties": { "id": "way/228954024", "name": null, "name_en": null, "name_ar": null, "amenity": "school", "building": null, "operator_type": null, "capacity_persons": null, "addr_full": null, "addr_city": null, "source": null, "adm0_pcode": "MRT", "adm0_name": "Mauritania", "adm1_pcode": "MR13", "adm1_name": "Nouakchott Ouest", "adm2_pcode": "MR131", "adm2_name": "Ksar", "adm3_pcode": "MR13101", "adm3_name": "Ksar", "adm4_pcode": null, "adm4_name": null, "name_latin": null }, "geometry": { "type": "Polygon", "coordinates": [ [ [ -15.9523913, 18.1113753 ], [ -15.9519594, 18.1121599 ], [ -15.9511721, 18.1117684 ], [ -15.9516031, 18.1109856 ], [ -15.9516346, 18.1110012 ], [ -15.9516664, 18.1110187 ], [ -15.951687, 18.1109849 ], [ -15.9521902, 18.1112622 ], [ -15.9522687, 18.111306 ], [ -15.9523913, 18.1113753 ] ] ] } },
{ "type": "Feature", "properties": { "id": "node/4529170292", "name": null, "name_en": "Ehel Hmeidit Doua", "name_ar": null, "amenity": "kindergarten", "building": null, "operator_type": null, "capacity_persons": null, "addr_full": null, "addr_city": null, "source": null, "adm0_pcode": "MRT", "adm0_name": "Mauritania", "adm1_pcode": "MR13", "adm1_name": "Nouakchott Ouest", "adm2_pcode": "MR131", "adm2_name": "Ksar", "adm3_pcode": "MR13101", "adm3_name": "Ksar", "adm4_pcode": null, "adm4_name": null, "name_latin": "Ehel Hmeidit Doua" }, "geometry": { "type": "Point", "coordinates": [ -15.9505054, 18.1172885 ] } },
{ "type": "Feature", "properties": { "id": "way/229013388", "name": null, "name_en": null, "name_ar": null, "amenity": "school", "building": null, "operator_type": null, "capacity_persons": null, "addr_full": null, "addr_city": "Nouakchott نواكشوط", "source": null, "adm0_pcode": "MRT", "adm0_name": "Mauritania", "adm1_pcode": "MR13", "adm1_name": "Nouakchott Ouest", "adm2_pcode": "MR131", "adm2_name": "Ksar", "adm3_pcode": "MR13101", "adm3_name": "Ksar", "adm4_pcode": null, "adm4_name": null, "name_latin": null }, "geometry": { "type": "Polygon", "coordinates": [ [ [ -15.9468001, 18.1169079 ], [ -15.9461199, 18.1177424 ], [ -15.945329, 18.1171601 ], [ -15.9457005, 18.1167043 ], [ -15.9456212, 18.116646 ], [ -15.9457931, 18.1164351 ], [ -15.9459625, 18.1165598 ], [ -15.9460993, 18.1163919 ], [ -15.9468001, 18.1169079 ] ] ] } },
{ "type": "Feature", "properties": { "id": "way/229228322", "name": null, "name_en": null, "name_ar": null, "amenity": "school", "building": null, "operator_type": null, "capacity_persons": null, "addr_full": null, "addr_city": null, "source": null, "adm0_pcode": "MRT", "adm0_name": "Mauritania", "adm1_pcode": "MR14", "adm1_name": "Nouakchott Nord", "adm2_pcode": "MR142", "adm2_name": "Dar Naïm", "adm3_pcode": "MR14201", "adm3_name": "Dar Naim", "adm4_pcode": null, "adm4_name": null, "name_latin": null }, "geometry": { "type": "Polygon", "coordinates": [ [ [ -15.9381827, 18.1189317 ], [ -15.9378993, 18.1192956 ], [ -15.9374715, 18.1189948 ], [ -15.9377549, 18.1186307 ], [ -15.9381827, 18.1189317 ] ] ] } },
{ "type": "Feature", "properties": { "id": "way/229021206", "name": "École primaire", "name_en": null, "name_ar": null, "amenity": "school", "building": null, "operator_type": null, "capacity_persons": null, "addr_full": null, "addr_city": null, "source": null, "adm0_pcode": "MRT", "adm0_name": "Mauritania", "adm1_pcode": "MR14", "adm1_name": "Nouakchott Nord", "adm2_pcode": "MR142", "adm2_name": "Dar Naïm", "adm3_pcode": "MR14201", "adm3_name": "Dar Naim", "adm4_pcode": null, "adm4_name": null, "name_latin": "Ecole primaire" }, "geometry": { "type": "Polygon", "coordinates": [ [ [ -15.9366764, 18.1162767 ], [ -15.9363309, 18.116706 ], [ -15.9359409, 18.1163653 ], [ -15.93621, 18.1159483 ], [ -15.9366764, 18.1162767 ] ] ] } },
{ "type": "Feature", "properties": { "id": "way/229021214", "name": null, "name_en": null, "name_ar": null, "amenity": "school", "building": null, "operator_type": null, "capacity_persons": null, "addr_full": null, "addr_city": null, "source": null, "adm0_pcode": "MRT", "adm0_name": "Mauritania", "adm1_pcode": "MR14", "adm1_name": "Nouakchott Nord", "adm2_pcode": "MR142", "adm2_name": "Dar Naïm", "adm3_pcode": "MR14201", "adm3_name": "Dar Naim", "adm4_pcode": null, "adm4_name": null, "name_latin": null }, "geometry": { "type": "Polygon", "coordinates": [ [ [ -15.9307623, 18.1075977 ], [ -15.9306308, 18.1077674 ], [ -15.9301564, 18.1083797 ], [ -15.9297743, 18.1081212 ], [ -15.9303905, 18.1073196 ], [ -15.9307623, 18.1075977 ] ] ] } },
{ "type": "Feature", "properties": { "id": "way/230280332", "name": null, "name_en": null, "name_ar": null, "amenity": "school", "building": null, "operator_type": null, "capacity_persons": null, "addr_full": null, "addr_city": null, "source": null, "adm0_pcode": "MRT", "adm0_name": "Mauritania", "adm1_pcode": "MR14", "adm1_name": "Nouakchott Nord", "adm2_pcode": "MR142", "adm2_name": "Dar Naïm", "adm3_pcode": "MR14201", "adm3_name": "Dar Naim", "adm4_pcode": null, "adm4_name": null, "name_latin": null }, "geometry": { "type": "Polygon", "coordinates": [ [ [ -15.9333449, 18.0997914 ], [ -15.932997, 18.1002048 ], [ -15.9325778, 18.0999004 ], [ -15.9329139, 18.0994832 ], [ -15.9333449, 18.0997914 ] ] ] } },
{ "type": "Feature", "properties": { "id": "node/7228278185", "name": null, "name_en": null, "name_ar": null, "amenity": "school", "building": null, "operator_type": null, "capacity_persons": null, "addr_full": null, "addr_city": null, "source": null, "adm0_pcode": "MRT", "adm0_name": "Mauritania", "adm1_pcode": "MR10", "adm1_name": "Guidimagha", "adm2_pcode": "MR102", "adm2_name": "Sélibaby", "adm3_pcode": "MR10201", "adm3_name": "Sélibabi", "adm4_pcode": null, "adm4_name": null, "name_latin": null }, "geometry": { "type": "Point", "coordinates": [ -12.1693741, 15.162878 ] } },
{ "type": "Feature", "properties": { "id": "node/3079751639", "name": "Kabou [1er C]", "name_en": null, "name_ar": "مدرسة خبو ١ سي", "amenity": "school", "building": null, "operator_type": "community", "capacity_persons": null, "addr_full": null, "addr_city": null, "source": null, "adm0_pcode": "MRT", "adm0_name": "Mauritania", "adm1_pcode": null, "adm1_name": null, "adm2_pcode": null, "adm2_name": null, "adm3_pcode": null, "adm3_name": null, "adm4_pcode": null, "adm4_name": null, "name_latin": "Kabou [1er C]" }, "geometry": { "type": "Point", "coordinates": [ -12.0910496, 14.7324777 ] } },
{ "type": "Feature", "properties": { "id": "node/3079751640", "name": "KABOU MEDERSA", "name_en": null, "name_ar": null, "amenity": "school", "building": null, "operator_type": "religious", "capacity_persons": null, "addr_full": null, "addr_city": null, "source": null, "adm0_pcode": "MRT", "adm0_name": "Mauritania", "adm1_pcode": null, "adm1_name": null, "adm2_pcode": null, "adm2_name": null, "adm3_pcode": null, "adm3_name": null, "adm4_pcode": null, "adm4_name": null, "name_latin": "KABOU MEDERSA" }, "geometry": { "type": "Point", "coordinates": [ -12.0910667, 14.7324667 ] } },
{ "type": "Feature", "properties": { "id": "node/3079753646", "name": "SANSANGUE", "name_en": null, "name_ar": null, "amenity": "school", "building": null, "operator_type": "public", "capacity_persons": null, "addr_full": null, "addr_city": null, "source": null, "adm0_pcode": "MRT", "adm0_name": "Mauritania", "adm1_pcode": null, "adm1_name": null, "adm2_pcode": null, "adm2_name": null, "adm3_pcode": null, "adm3_name": null, "adm4_pcode": null, "adm4_name": null, "name_latin": "SANSANGUE" }, "geometry": { "type": "Point", "coordinates": [ -11.9544, 14.7700333 ] } },
{ "type": "Feature", "properties": { "id": "node/3079751756", "name": "LANY TOUNKA [1er C]", "name_en": null, "name_ar": null, "amenity": "school", "building": null, "operator_type": "public", "capacity_persons": null, "addr_full": null, "addr_city": null, "source": null, "adm0_pcode": "MRT", "adm0_name": "Mauritania", "adm1_pcode": null, "adm1_name": null, "adm2_pcode": null, "adm2_name": null, "adm3_pcode": null, "adm3_name": null, "adm4_pcode": null, "adm4_name": null, "name_latin": "LANY TOUNKA [1er C]" }, "geometry": { "type": "Point", "coordinates": [ -12.0573945, 14.7177533 ] } },
{ "type": "Feature", "properties": { "id": "node/3079751652", "name": "KARDIDI", "name_en": null, "name_ar": null, "amenity": "school", "building": null, "operator_type": "public", "capacity_persons": null, "addr_full": null, "addr_city": null, "source": null, "adm0_pcode": "MRT", "adm0_name": "Mauritania", "adm1_pcode": null, "adm1_name": null, "adm2_pcode": null, "adm2_name": null, "adm3_pcode": null, "adm3_name": null, "adm4_pcode": null, "adm4_name": null, "name_latin": "KARDIDI" }, "geometry": { "type": "Point", "coordinates": [ -10.9701833, 15.1833833 ] } },
{ "type": "Feature", "properties": { "id": "way/467772376", "name": null, "name_en": null, "name_ar": null, "amenity": null, "building": "school", "operator_type": null, "capacity_persons": null, "addr_full": null, "addr_city": null, "source": null, "adm0_pcode": "MRT", "adm0_name": "Mauritania", "adm1_pcode": "MR03", "adm1_name": "Assaba", "adm2_pcode": "MR034", "adm2_name": "Kankoussa", "adm3_pcode": "MR03405", "adm3_name": "Hamed", "adm4_pcode": null, "adm4_name": null, "name_latin": null }, "geometry": { "type": "Polygon", "coordinates": [ [ [ -11.5928682, 15.5387408 ], [ -11.592646, 15.5388297 ], [ -11.5926163, 15.538761 ], [ -11.5928385, 15.538672 ], [ -11.5928682, 15.5387408 ] ] ] } },
{ "type": "Feature", "properties": { "id": "node/3079750960", "name": "École Daroul Attakawa Bilikoïté", "name_en": null, "name_ar": "دار التقوى بيليكويتي", "amenity": "school", "building": null, "operator_type": "religious", "capacity_persons": null, "addr_full": null, "addr_city": null, "source": null, "adm0_pcode": "MRT", "adm0_name": "Mauritania", "adm1_pcode": "MR03", "adm1_name": "Assaba", "adm2_pcode": "MR034", "adm2_name": "Kankoussa", "adm3_pcode": "MR03405", "adm3_name": "Hamed", "adm4_pcode": null, "adm4_name": null, "name_latin": "Ecole Daroul Attakawa Bilikoite" }, "geometry": { "type": "Point", "coordinates": [ -11.5927041, 15.538377 ] } },
{ "type": "Feature", "properties": { "id": "way/467772374", "name": null, "name_en": null, "name_ar": null, "amenity": null, "building": "school", "operator_type": null, "capacity_persons": null, "addr_full": null, "addr_city": null, "source": null, "adm0_pcode": "MRT", "adm0_name": "Mauritania", "adm1_pcode": "MR03", "adm1_name": "Assaba", "adm2_pcode": "MR034", "adm2_name": "Kankoussa", "adm3_pcode": "MR03405", "adm3_name": "Hamed", "adm4_pcode": null, "adm4_name": null, "name_latin": null }, "geometry": { "type": "Polygon", "coordinates": [ [ [ -11.5921449, 15.5384686 ], [ -11.5920471, 15.5384828 ], [ -11.5920404, 15.5384402 ], [ -11.5921383, 15.538426 ], [ -11.5921449, 15.5384686 ] ] ] } },
{ "type": "Feature", "properties": { "id": "way/467772375", "name": null, "name_en": null, "name_ar": null, "amenity": null, "building": "school", "operator_type": null, "capacity_persons": null, "addr_full": null, "addr_city": null, "source": null, "adm0_pcode": "MRT", "adm0_name": "Mauritania", "adm1_pcode": "MR03", "adm1_name": "Assaba", "adm2_pcode": "MR034", "adm2_name": "Kankoussa", "adm3_pcode": "MR03405", "adm3_name": "Hamed", "adm4_pcode": null, "adm4_name": null, "name_latin": null }, "geometry": { "type": "Polygon", "coordinates": [ [ [ -11.5924519, 15.538912 ], [ -11.5922246, 15.539001 ], [ -11.5921976, 15.538937 ], [ -11.5924249, 15.538848 ], [ -11.5924519, 15.538912 ] ] ] } },
{ "type": "Feature", "properties": { "id": "node/3079750424", "name": "École de Bilikoïté", "name_en": null, "name_ar": "بيليكويتي", "amenity": "school", "building": null, "operator_type": "public", "capacity_persons": null, "addr_full": null, "addr_city": null, "source": null, "adm0_pcode": "MRT", "adm0_name": "Mauritania", "adm1_pcode": "MR03", "adm1_name": "Assaba", "adm2_pcode": "MR034", "adm2_name": "Kankoussa", "adm3_pcode": "MR03405", "adm3_name": "Hamed", "adm4_pcode": null, "adm4_name": null, "name_latin": "Ecole de Bilikoite" }, "geometry": { "type": "Point", "coordinates": [ -11.5922374, 15.5386767 ] } },
{ "type": "Feature", "properties": { "id": "way/467769424", "name": null, "name_en": null, "name_ar": null, "amenity": "school", "building": null, "operator_type": null, "capacity_persons": null, "addr_full": null, "addr_city": null, "source": null, "adm0_pcode": "MRT", "adm0_name": "Mauritania", "adm1_pcode": "MR03", "adm1_name": "Assaba", "adm2_pcode": "MR034", "adm2_name": "Kankoussa", "adm3_pcode": "MR03405", "adm3_name": "Hamed", "adm4_pcode": null, "adm4_name": null, "name_latin": null }, "geometry": { "type": "Polygon", "coordinates": [ [ [ -11.5931509, 15.5386293 ], [ -11.5920995, 15.539296 ], [ -11.5918205, 15.5383192 ], [ -11.5930007, 15.5379626 ], [ -11.5931509, 15.5386293 ] ] ] } },
{ "type": "Feature", "properties": { "id": "way/467610847", "name": null, "name_en": null, "name_ar": null, "amenity": "school", "building": null, "operator_type": null, "capacity_persons": null, "addr_full": null, "addr_city": null, "source": null, "adm0_pcode": "MRT", "adm0_name": "Mauritania", "adm1_pcode": "MR03", "adm1_name": "Assaba", "adm2_pcode": "MR034", "adm2_name": "Kankoussa", "adm3_pcode": "MR03405", "adm3_name": "Hamed", "adm4_pcode": null, "adm4_name": null, "name_latin": null }, "geometry": { "type": "Polygon", "coordinates": [ [ [ -11.6385038, 15.5288103 ], [ -11.6382489, 15.5288052 ], [ -11.6382543, 15.5284744 ], [ -11.6384903, 15.5284744 ], [ -11.6385038, 15.5288103 ] ] ] } },
{ "type": "Feature", "properties": { "id": "way/467893741", "name": null, "name_en": null, "name_ar": null, "amenity": "school", "building": null, "operator_type": null, "capacity_persons": null, "addr_full": null, "addr_city": null, "source": null, "adm0_pcode": "MRT", "adm0_name": "Mauritania", "adm1_pcode": "MR10", "adm1_name": "Guidimagha", "adm2_pcode": "MR101", "adm2_name": "Ould Yengé", "adm3_pcode": "MR10101", "adm3_name": "Ould Yengé", "adm4_pcode": null, "adm4_name": null, "name_latin": null }, "geometry": { "type": "Polygon", "coordinates": [ [ [ -11.6626589, 15.5452106 ], [ -11.6623853, 15.5452106 ], [ -11.6623987, 15.5448618 ], [ -11.6626643, 15.5448618 ], [ -11.6626589, 15.5452106 ] ] ] } },
{ "type": "Feature", "properties": { "id": "way/467619762", "name": null, "name_en": null, "name_ar": null, "amenity": "school", "building": null, "operator_type": null, "capacity_persons": null, "addr_full": null, "addr_city": "ولد يينكي", "source": null, "adm0_pcode": "MRT", "adm0_name": "Mauritania", "adm1_pcode": "MR10", "adm1_name": "Guidimagha", "adm2_pcode": "MR101", "adm2_name": "Ould Yengé", "adm3_pcode": "MR10101", "adm3_name": "Ould Yengé", "adm4_pcode": null, "adm4_name": null, "name_latin": null }, "geometry": { "type": "Polygon", "coordinates": [ [ [ -11.7090921, 15.5444435 ], [ -11.7084484, 15.5444435 ], [ -11.7085034, 15.543805 ], [ -11.7091726, 15.5439525 ], [ -11.7090921, 15.5444435 ] ] ] } },
{ "type": "Feature", "properties": { "id": "way/467620132", "name": null, "name_en": null, "name_ar": null, "amenity": "school", "building": null, "operator_type": null, "capacity_persons": null, "addr_full": null, "addr_city": "ولد يينكي", "source": null, "adm0_pcode": "MRT", "adm0_name": "Mauritania", "adm1_pcode": "MR10", "adm1_name": "Guidimagha", "adm2_pcode": "MR101", "adm2_name": "Ould Yengé", "adm3_pcode": "MR10101", "adm3_name": "Ould Yengé", "adm4_pcode": null, "adm4_name": null, "name_latin": null }, "geometry": { "type": "Polygon", "coordinates": [ [ [ -11.7184798, 15.5389445 ], [ -11.7205022, 15.5387326 ], [ -11.720631, 15.5399626 ], [ -11.7186099, 15.5402285 ], [ -11.7184798, 15.5389445 ] ] ] } },
{ "type": "Feature", "properties": { "id": "way/467593877", "name": null, "name_en": null, "name_ar": null, "amenity": "school", "building": null, "operator_type": null, "capacity_persons": null, "addr_full": null, "addr_city": null, "source": null, "adm0_pcode": "MRT", "adm0_name": "Mauritania", "adm1_pcode": "MR03", "adm1_name": "Assaba", "adm2_pcode": "MR034", "adm2_name": "Kankoussa", "adm3_pcode": "MR03405", "adm3_name": "Hamed", "adm4_pcode": null, "adm4_name": null, "name_latin": null }, "geometry": { "type": "Polygon", "coordinates": [ [ [ -11.6616547, 15.6285543 ], [ -11.6612792, 15.6284613 ], [ -11.6613704, 15.6282133 ], [ -11.6617083, 15.6282701 ], [ -11.6616547, 15.6285543 ] ] ] } },
{ "type": "Feature", "properties": { "id": "way/467574202", "name": null, "name_en": null, "name_ar": null, "amenity": "school", "building": null, "operator_type": null, "capacity_persons": null, "addr_full": null, "addr_city": null, "source": null, "adm0_pcode": "MRT", "adm0_name": "Mauritania", "adm1_pcode": "MR03", "adm1_name": "Assaba", "adm2_pcode": "MR034", "adm2_name": "Kankoussa", "adm3_pcode": "MR03405", "adm3_name": "Hamed", "adm4_pcode": null, "adm4_name": null, "name_latin": null }, "geometry": { "type": "Polygon", "coordinates": [ [ [ -11.6209093, 15.6149697 ], [ -11.6206088, 15.6150498 ], [ -11.6205705, 15.6148748 ], [ -11.6208556, 15.6147967 ], [ -11.6208878, 15.6148457 ], [ -11.6208985, 15.6148922 ], [ -11.6209093, 15.6149697 ] ] ] } },
{ "type": "Feature", "properties": { "id": "way/470180474", "name": null, "name_en": null, "name_ar": null, "amenity": "school", "building": null, "operator_type": null, "capacity_persons": null, "addr_full": null, "addr_city": null, "source": null, "adm0_pcode": "MRT", "adm0_name": "Mauritania", "adm1_pcode": "MR03", "adm1_name": "Assaba", "adm2_pcode": "MR034", "adm2_name": "Kankoussa", "adm3_pcode": "MR03405", "adm3_name": "Hamed", "adm4_pcode": null, "adm4_name": null, "name_latin": null }, "geometry": { "type": "Polygon", "coordinates": [ [ [ -11.4544864, 15.6476629 ], [ -11.4549263, 15.6476113 ], [ -11.4550671, 15.6478083 ], [ -11.4549649, 15.6479623 ], [ -11.4549316, 15.6480142 ], [ -11.4548683, 15.6480449 ], [ -11.454804, 15.6480759 ], [ -11.4547385, 15.6480762 ], [ -11.4545508, 15.6480348 ], [ -11.4545194, 15.6480095 ], [ -11.4545025, 15.6479625 ], [ -11.4544864, 15.6476629 ] ] ] } },
{ "type": "Feature", "properties": { "id": "way/467508453", "name": null, "name_en": null, "name_ar": null, "amenity": "school", "building": null, "operator_type": null, "capacity_persons": null, "addr_full": null, "addr_city": "حمود", "source": null, "adm0_pcode": "MRT", "adm0_name": "Mauritania", "adm1_pcode": "MR03", "adm1_name": "Assaba", "adm2_pcode": "MR034", "adm2_name": "Kankoussa", "adm3_pcode": "MR03405", "adm3_name": "Hamed", "adm4_pcode": null, "adm4_name": null, "name_latin": null }, "geometry": { "type": "Polygon", "coordinates": [ [ [ -11.5114025, 15.617013 ], [ -11.5110345, 15.6166247 ], [ -11.5114722, 15.6162742 ], [ -11.5118531, 15.6166668 ], [ -11.5114025, 15.617013 ] ] ] } },
{ "type": "Feature", "properties": { "id": "node/3079753708", "name": "École de Tafara", "name_en": null, "name_ar": "تفر", "amenity": "school", "building": null, "operator_type": "community", "capacity_persons": null, "addr_full": null, "addr_city": null, "source": null, "adm0_pcode": "MRT", "adm0_name": "Mauritania", "adm1_pcode": null, "adm1_name": null, "adm2_pcode": null, "adm2_name": null, "adm3_pcode": null, "adm3_name": null, "adm4_pcode": null, "adm4_name": null, "name_latin": "Ecole de Tafara" }, "geometry": { "type": "Point", "coordinates": [ -11.4179274, 15.6246913 ] } },
{ "type": "Feature", "properties": { "id": "way/550336330", "name": null, "name_en": null, "name_ar": null, "amenity": null, "building": "school", "operator_type": null, "capacity_persons": null, "addr_full": null, "addr_city": null, "source": null, "adm0_pcode": "MRT", "adm0_name": "Mauritania", "adm1_pcode": null, "adm1_name": null, "adm2_pcode": null, "adm2_name": null, "adm3_pcode": null, "adm3_name": null, "adm4_pcode": null, "adm4_name": null, "name_latin": null }, "geometry": { "type": "Polygon", "coordinates": [ [ [ -11.4180209, 15.6245567 ], [ -11.41785, 15.624577 ], [ -11.4178392, 15.6244927 ], [ -11.4180101, 15.6244724 ], [ -11.4180209, 15.6245567 ] ] ] } },
{ "type": "Feature", "properties": { "id": "way/550336329", "name": null, "name_en": null, "name_ar": null, "amenity": null, "building": "school", "operator_type": null, "capacity_persons": null, "addr_full": null, "addr_city": null, "source": null, "adm0_pcode": "MRT", "adm0_name": "Mauritania", "adm1_pcode": null, "adm1_name": null, "adm2_pcode": null, "adm2_name": null, "adm3_pcode": null, "adm3_name": null, "adm4_pcode": null, "adm4_name": null, "name_latin": null }, "geometry": { "type": "Polygon", "coordinates": [ [ [ -11.4179245, 15.6248516 ], [ -11.4178233, 15.624843 ], [ -11.4178279, 15.624792 ], [ -11.4179292, 15.6248006 ], [ -11.4179245, 15.6248516 ] ] ] } },
{ "type": "Feature", "properties": { "id": "node/3079753722", "name": "École primaire de Taskaye", "name_en": null, "name_ar": "المدرسة الابتدائية تسكي", "amenity": "school", "building": null, "operator_type": "community", "capacity_persons": null, "addr_full": null, "addr_city": null, "source": null, "adm0_pcode": "MRT", "adm0_name": "Mauritania", "adm1_pcode": null, "adm1_name": null, "adm2_pcode": null, "adm2_name": null, "adm3_pcode": null, "adm3_name": null, "adm4_pcode": null, "adm4_name": null, "name_latin": "Ecole primaire de Taskaye" }, "geometry": { "type": "Point", "coordinates": [ -11.3154833, 15.4926 ] } },
{ "type": "Feature", "properties": { "id": "node/3079751557", "name": "École primaire d'El Gueleita المدرسة الابتدائية الكليتا", "name_en": null, "name_ar": "المدرسة الابتدائية الكليتا", "amenity": "school", "building": null, "operator_type": "public", "capacity_persons": null, "addr_full": null, "addr_city": null, "source": null, "adm0_pcode": "MRT", "adm0_name": "Mauritania", "adm1_pcode": "MR03", "adm1_name": "Assaba", "adm2_pcode": "MR034", "adm2_name": "Kankoussa", "adm3_pcode": "MR03405", "adm3_name": "Hamed", "adm4_pcode": null, "adm4_name": null, "name_latin": "Ecole primaire d'El Gueleita lmdrs@ lbtdy'y@ lklyt" }, "geometry": { "type": "Point", "coordinates": [ -11.1966125, 15.3869091 ] } },
{ "type": "Feature", "properties": { "id": "way/469963502", "name": null, "name_en": null, "name_ar": null, "amenity": "school", "building": null, "operator_type": null, "capacity_persons": null, "addr_full": null, "addr_city": null, "source": null, "adm0_pcode": "MRT", "adm0_name": "Mauritania", "adm1_pcode": "MR03", "adm1_name": "Assaba", "adm2_pcode": "MR034", "adm2_name": "Kankoussa", "adm3_pcode": "MR03403", "adm3_name": "Blajmil", "adm4_pcode": null, "adm4_name": null, "name_latin": null }, "geometry": { "type": "Polygon", "coordinates": [ [ [ -11.2873065, 15.9318332 ], [ -11.2869621, 15.9322193 ], [ -11.2867315, 15.9320284 ], [ -11.2870683, 15.9315056 ], [ -11.2873065, 15.9318332 ] ] ] } },
{ "type": "Feature", "properties": { "id": "way/470242173", "name": "École primaire d'Edvéa مدرسة ابتدائية إدفييا", "name_en": null, "name_ar": "مدرسة ابتدائية إدفييا", "amenity": "school", "building": null, "operator_type": null, "capacity_persons": null, "addr_full": null, "addr_city": "Edvéia إدفييا", "source": null, "adm0_pcode": "MRT", "adm0_name": "Mauritania", "adm1_pcode": "MR03", "adm1_name": "Assaba", "adm2_pcode": "MR034", "adm2_name": "Kankoussa", "adm3_pcode": "MR03401", "adm3_name": "Kankoussa", "adm4_pcode": null, "adm4_name": null, "name_latin": "Ecole primaire d'Edvea mdrs@ btdy'y@ dfyy" }, "geometry": { "type": "Polygon", "coordinates": [ [ [ -11.4956423, 15.9689931 ], [ -11.4953473, 15.968988 ], [ -11.4951273, 15.9689622 ], [ -11.4952239, 15.9685496 ], [ -11.4956638, 15.9685393 ], [ -11.4956745, 15.9686579 ], [ -11.4956809, 15.9688317 ], [ -11.4956423, 15.9689931 ] ] ] } },
{ "type": "Feature", "properties": { "id": "way/470510361", "name": null, "name_en": null, "name_ar": null, "amenity": "school", "building": null, "operator_type": null, "capacity_persons": null, "addr_full": null, "addr_city": null, "source": null, "adm0_pcode": "MRT", "adm0_name": "Mauritania", "adm1_pcode": "MR03", "adm1_name": "Assaba", "adm2_pcode": "MR034", "adm2_name": "Kankoussa", "adm3_pcode": "MR03405", "adm3_name": "Hamed", "adm4_pcode": null, "adm4_name": null, "name_latin": null }, "geometry": { "type": "Polygon", "coordinates": [ [ [ -11.4685091, 15.7754145 ], [ -11.4679708, 15.7753835 ], [ -11.4679673, 15.7750893 ], [ -11.4685662, 15.7751357 ], [ -11.4685091, 15.7754145 ] ] ] } },
{ "type": "Feature", "properties": { "id": "way/470495930", "name": "École primaire de Garalla", "name_en": null, "name_ar": null, "amenity": "school", "building": null, "operator_type": null, "capacity_persons": null, "addr_full": null, "addr_city": null, "source": null, "adm0_pcode": "MRT", "adm0_name": "Mauritania", "adm1_pcode": "MR03", "adm1_name": "Assaba", "adm2_pcode": "MR034", "adm2_name": "Kankoussa", "adm3_pcode": "MR03405", "adm3_name": "Hamed", "adm4_pcode": null, "adm4_name": null, "name_latin": "Ecole primaire de Garalla" }, "geometry": { "type": "Polygon", "coordinates": [ [ [ -11.4973533, 15.7583781 ], [ -11.4967149, 15.758693 ], [ -11.4962938, 15.7580038 ], [ -11.4969536, 15.7576811 ], [ -11.4973533, 15.7583781 ] ] ] } },
{ "type": "Feature", "properties": { "id": "way/470205462", "name": null, "name_en": null, "name_ar": null, "amenity": "school", "building": null, "operator_type": null, "capacity_persons": null, "addr_full": null, "addr_city": null, "source": null, "adm0_pcode": "MRT", "adm0_name": "Mauritania", "adm1_pcode": "MR03", "adm1_name": "Assaba", "adm2_pcode": "MR034", "adm2_name": "Kankoussa", "adm3_pcode": "MR03401", "adm3_name": "Kankoussa", "adm4_pcode": null, "adm4_name": null, "name_latin": null }, "geometry": { "type": "Polygon", "coordinates": [ [ [ -11.5278123, 15.8311555 ], [ -11.5279089, 15.8315735 ], [ -11.5274314, 15.8316458 ], [ -11.5273295, 15.8312639 ], [ -11.5278123, 15.8311555 ] ] ] } },
{ "type": "Feature", "properties": { "id": "way/470207493", "name": "École primairre de Sed Loueid", "name_en": null, "name_ar": null, "amenity": "school", "building": null, "operator_type": null, "capacity_persons": null, "addr_full": null, "addr_city": null, "source": null, "adm0_pcode": "MRT", "adm0_name": "Mauritania", "adm1_pcode": "MR03", "adm1_name": "Assaba", "adm2_pcode": "MR034", "adm2_name": "Kankoussa", "adm3_pcode": "MR03401", "adm3_name": "Kankoussa", "adm4_pcode": null, "adm4_name": null, "name_latin": "Ecole primairre de Sed Loueid" }, "geometry": { "type": "Polygon", "coordinates": [ [ [ -11.5019346, 15.877129 ], [ -11.501484, 15.8770282 ], [ -11.5015725, 15.8764659 ], [ -11.5017871, 15.8764608 ], [ -11.5020607, 15.8765769 ], [ -11.5019346, 15.877129 ] ] ] } },
{ "type": "Feature", "properties": { "id": "way/470209909", "name": null, "name_en": null, "name_ar": null, "amenity": "school", "building": null, "operator_type": null, "capacity_persons": null, "addr_full": null, "addr_city": null, "source": null, "adm0_pcode": "MRT", "adm0_name": "Mauritania", "adm1_pcode": "MR03", "adm1_name": "Assaba", "adm2_pcode": "MR034", "adm2_name": "Kankoussa", "adm3_pcode": "MR03401", "adm3_name": "Kankoussa", "adm4_pcode": null, "adm4_name": null, "name_latin": null }, "geometry": { "type": "Polygon", "coordinates": [ [ [ -11.4685089, 15.8759216 ], [ -11.4682166, 15.8760066 ], [ -11.4680315, 15.8760403 ], [ -11.4679296, 15.8758158 ], [ -11.4681039, 15.8757384 ], [ -11.468407, 15.8756584 ], [ -11.4685089, 15.8759216 ] ] ] } },
{ "type": "Feature", "properties": { "id": "way/470261635", "name": null, "name_en": null, "name_ar": null, "amenity": "school", "building": null, "operator_type": null, "capacity_persons": null, "addr_full": null, "addr_city": null, "source": null, "adm0_pcode": "MRT", "adm0_name": "Mauritania", "adm1_pcode": "MR03", "adm1_name": "Assaba", "adm2_pcode": "MR034", "adm2_name": "Kankoussa", "adm3_pcode": "MR03401", "adm3_name": "Kankoussa", "adm4_pcode": null, "adm4_name": null, "name_latin": null }, "geometry": { "type": "Polygon", "coordinates": [ [ [ -11.4509835, 15.8912304 ], [ -11.4508441, 15.8912097 ], [ -11.4504524, 15.8911066 ], [ -11.4504739, 15.8908279 ], [ -11.451005, 15.891024 ], [ -11.4509835, 15.8912304 ] ] ] } },
{ "type": "Feature", "properties": { "id": "way/469735796", "name": null, "name_en": null, "name_ar": null, "amenity": "school", "building": null, "operator_type": null, "capacity_persons": null, "addr_full": null, "addr_city": "كنكوصه", "source": null, "adm0_pcode": "MRT", "adm0_name": "Mauritania", "adm1_pcode": "MR03", "adm1_name": "Assaba", "adm2_pcode": "MR034", "adm2_name": "Kankoussa", "adm3_pcode": "MR03401", "adm3_name": "Kankoussa", "adm4_pcode": null, "adm4_name": null, "name_latin": null }, "geometry": { "type": "Polygon", "coordinates": [ [ [ -11.5245696, 15.9347915 ], [ -11.5242028, 15.934124 ], [ -11.52486, 15.9336417 ], [ -11.5253394, 15.9343969 ], [ -11.5245696, 15.9347915 ] ] ] } },
{ "type": "Feature", "properties": { "id": "relation/6927830", "name": null, "name_en": null, "name_ar": null, "amenity": "school", "building": null, "operator_type": null, "capacity_persons": null, "addr_full": null, "addr_city": null, "source": null, "adm0_pcode": "MRT", "adm0_name": "Mauritania", "adm1_pcode": "MR03", "adm1_name": "Assaba", "adm2_pcode": "MR034", "adm2_name": "Kankoussa", "adm3_pcode": "MR03401", "adm3_name": "Kankoussa", "adm4_pcode": null, "adm4_name": null, "name_latin": null }, "geometry": { "type": "Polygon", "coordinates": [ [ [ -11.567449, 15.8857275 ], [ -11.5674608, 15.8861223 ], [ -11.5671137, 15.8860957 ], [ -11.5670638, 15.8855909 ], [ -11.567449, 15.8857275 ] ] ] } },
{ "type": "Feature", "properties": { "id": "way/470150472", "name": null, "name_en": null, "name_ar": null, "amenity": "school", "building": null, "operator_type": null, "capacity_persons": null, "addr_full": null, "addr_city": null, "source": null, "adm0_pcode": "MRT", "adm0_name": "Mauritania", "adm1_pcode": "MR03", "adm1_name": "Assaba", "adm2_pcode": "MR034", "adm2_name": "Kankoussa", "adm3_pcode": "MR03401", "adm3_name": "Kankoussa", "adm4_pcode": null, "adm4_name": null, "name_latin": null }, "geometry": { "type": "Polygon", "coordinates": [ [ [ -11.5540069, 15.8707566 ], [ -11.5534758, 15.870607 ], [ -11.553744, 15.870091 ], [ -11.5542375, 15.8702974 ], [ -11.5540069, 15.8707566 ] ] ] } },
{ "type": "Feature", "properties": { "id": "way/470153703", "name": null, "name_en": null, "name_ar": null, "amenity": "school", "building": null, "operator_type": null, "capacity_persons": null, "addr_full": null, "addr_city": null, "source": null, "adm0_pcode": "MRT", "adm0_name": "Mauritania", "adm1_pcode": "MR03", "adm1_name": "Assaba", "adm2_pcode": "MR034", "adm2_name": "Kankoussa", "adm3_pcode": "MR03405", "adm3_name": "Hamed", "adm4_pcode": null, "adm4_name": null, "name_latin": null }, "geometry": { "type": "Polygon", "coordinates": [ [ [ -11.5774762, 15.8439335 ], [ -11.5770041, 15.8437013 ], [ -11.5772831, 15.8432213 ], [ -11.5777766, 15.8434639 ], [ -11.5774762, 15.8439335 ] ] ] } },
{ "type": "Feature", "properties": { "id": "way/469463849", "name": null, "name_en": null, "name_ar": null, "amenity": "school", "building": null, "operator_type": null, "capacity_persons": null, "addr_full": null, "addr_city": null, "source": null, "adm0_pcode": "MRT", "adm0_name": "Mauritania", "adm1_pcode": "MR10", "adm1_name": "Guidimagha", "adm2_pcode": "MR101", "adm2_name": "Ould Yengé", "adm3_pcode": "MR10106", "adm3_name": "Lehraj", "adm4_pcode": null, "adm4_name": null, "name_latin": null }, "geometry": { "type": "Polygon", "coordinates": [ [ [ -11.6966897, 15.8654418 ], [ -11.696164, 15.8653489 ], [ -11.6963249, 15.8649877 ], [ -11.6968346, 15.8650548 ], [ -11.6966897, 15.8654418 ] ] ] } },
{ "type": "Feature", "properties": { "id": "way/469479845", "name": null, "name_en": null, "name_ar": null, "amenity": "school", "building": null, "operator_type": null, "capacity_persons": null, "addr_full": null, "addr_city": null, "source": null, "adm0_pcode": "MRT", "adm0_name": "Mauritania", "adm1_pcode": "MR10", "adm1_name": "Guidimagha", "adm2_pcode": "MR101", "adm2_name": "Ould Yengé", "adm3_pcode": "MR10106", "adm3_name": "Lehraj", "adm4_pcode": null, "adm4_name": null, "name_latin": null }, "geometry": { "type": "Polygon", "coordinates": [ [ [ -11.6365171, 15.897184 ], [ -11.6353101, 15.897442 ], [ -11.6351599, 15.8971221 ], [ -11.6362971, 15.8965339 ], [ -11.6365171, 15.897184 ] ] ] } },
{ "type": "Feature", "properties": { "id": "way/469125068", "name": null, "name_en": null, "name_ar": null, "amenity": "school", "building": null, "operator_type": null, "capacity_persons": null, "addr_full": null, "addr_city": null, "source": null, "adm0_pcode": "MRT", "adm0_name": "Mauritania", "adm1_pcode": "MR10", "adm1_name": "Guidimagha", "adm2_pcode": "MR101", "adm2_name": "Ould Yengé", "adm3_pcode": "MR10106", "adm3_name": "Lehraj", "adm4_pcode": null, "adm4_name": null, "name_latin": null }, "geometry": { "type": "Polygon", "coordinates": [ [ [ -11.6651578, 15.9483213 ], [ -11.664718, 15.9483625 ], [ -11.664675, 15.947986 ], [ -11.665072, 15.9479499 ], [ -11.6651578, 15.9483213 ] ] ] } },
{ "type": "Feature", "properties": { "id": "way/469445583", "name": null, "name_en": null, "name_ar": null, "amenity": "school", "building": null, "operator_type": null, "capacity_persons": null, "addr_full": null, "addr_city": null, "source": null, "adm0_pcode": "MRT", "adm0_name": "Mauritania", "adm1_pcode": "MR10", "adm1_name": "Guidimagha", "adm2_pcode": "MR101", "adm2_name": "Ould Yengé", "adm3_pcode": "MR10106", "adm3_name": "Lehraj", "adm4_pcode": null, "adm4_name": null, "name_latin": null }, "geometry": { "type": "Polygon", "coordinates": [ [ [ -11.6903651, 15.9395883 ], [ -11.6904598, 15.9397145 ], [ -11.6904938, 15.9397689 ], [ -11.6904724, 15.9398411 ], [ -11.6904134, 15.9399546 ], [ -11.690331, 15.9399982 ], [ -11.6902578, 15.9400165 ], [ -11.6901827, 15.9400113 ], [ -11.6901272, 15.9399775 ], [ -11.6901183, 15.9398978 ], [ -11.6901344, 15.9396915 ], [ -11.6901754, 15.9396319 ], [ -11.6902345, 15.9395907 ], [ -11.6903007, 15.939578 ], [ -11.6903651, 15.9395883 ] ] ] } },
{ "type": "Feature", "properties": { "id": "way/470240989", "name": null, "name_en": null, "name_ar": null, "amenity": "school", "building": null, "operator_type": null, "capacity_persons": null, "addr_full": null, "addr_city": "ساني", "source": null, "adm0_pcode": "MRT", "adm0_name": "Mauritania", "adm1_pcode": "MR03", "adm1_name": "Assaba", "adm2_pcode": "MR034", "adm2_name": "Kankoussa", "adm3_pcode": "MR03402", "adm3_name": "Sani", "adm4_pcode": null, "adm4_name": null, "name_latin": null }, "geometry": { "type": "Polygon", "coordinates": [ [ [ -11.5879425, 16.0797333 ], [ -11.5873256, 16.0796663 ], [ -11.5873524, 16.0792797 ], [ -11.5879478, 16.0793518 ], [ -11.5879425, 16.0797333 ] ] ] } },
{ "type": "Feature", "properties": { "id": "way/469110632", "name": null, "name_en": null, "name_ar": null, "amenity": "school", "building": null, "operator_type": null, "capacity_persons": null, "addr_full": null, "addr_city": null, "source": null, "adm0_pcode": "MRT", "adm0_name": "Mauritania", "adm1_pcode": "MR10", "adm1_name": "Guidimagha", "adm2_pcode": "MR101", "adm2_name": "Ould Yengé", "adm3_pcode": "MR10106", "adm3_name": "Lehraj", "adm4_pcode": null, "adm4_name": null, "name_latin": null }, "geometry": { "type": "Polygon", "coordinates": [ [ [ -11.7427997, 15.9754088 ], [ -11.7429637, 15.9758273 ], [ -11.7426602, 15.9759271 ], [ -11.742497, 15.9755282 ], [ -11.7427997, 15.9754088 ] ] ] } },
{ "type": "Feature", "properties": { "id": "way/469090513", "name": null, "name_en": null, "name_ar": null, "amenity": "school", "building": null, "operator_type": null, "capacity_persons": null, "addr_full": null, "addr_city": null, "source": null, "adm0_pcode": "MRT", "adm0_name": "Mauritania", "adm1_pcode": "MR03", "adm1_name": "Assaba", "adm2_pcode": "MR035", "adm2_name": "Kiffa", "adm3_pcode": "MR03506", "adm3_name": "Legrane", "adm4_pcode": null, "adm4_name": null, "name_latin": null }, "geometry": { "type": "Polygon", "coordinates": [ [ [ -11.8251731, 15.9996516 ], [ -11.8247171, 15.999667 ], [ -11.8247547, 15.9989348 ], [ -11.8251063, 15.9989253 ], [ -11.8251731, 15.9996516 ] ] ] } },
{ "type": "Feature", "properties": { "id": "node/7228278385", "name": null, "name_en": null, "name_ar": null, "amenity": "school", "building": null, "operator_type": null, "capacity_persons": null, "addr_full": null, "addr_city": null, "source": null, "adm0_pcode": "MRT", "adm0_name": "Mauritania", "adm1_pcode": "MR10", "adm1_name": "Guidimagha", "adm2_pcode": "MR101", "adm2_name": "Ould Yengé", "adm3_pcode": "MR10105", "adm3_name": "Bouanz", "adm4_pcode": null, "adm4_name": null, "name_latin": null }, "geometry": { "type": "Point", "coordinates": [ -12.0430334, 15.8676122 ] } },
{ "type": "Feature", "properties": { "id": "way/469011040", "name": null, "name_en": null, "name_ar": null, "amenity": "school", "building": null, "operator_type": null, "capacity_persons": null, "addr_full": null, "addr_city": null, "source": null, "adm0_pcode": "MRT", "adm0_name": "Mauritania", "adm1_pcode": "MR03", "adm1_name": "Assaba", "adm2_pcode": "MR035", "adm2_name": "Kiffa", "adm3_pcode": "MR03506", "adm3_name": "Legrane", "adm4_pcode": null, "adm4_name": null, "name_latin": null }, "geometry": { "type": "Polygon", "coordinates": [ [ [ -11.8771919, 15.9145596 ], [ -11.8765501, 15.9146682 ], [ -11.8764624, 15.9142191 ], [ -11.8771383, 15.9141005 ], [ -11.8771919, 15.9145596 ] ] ] } },
{ "type": "Feature", "properties": { "id": "way/469096326", "name": null, "name_en": null, "name_ar": null, "amenity": "school", "building": null, "operator_type": null, "capacity_persons": null, "addr_full": null, "addr_city": null, "source": null, "adm0_pcode": "MRT", "adm0_name": "Mauritania", "adm1_pcode": "MR10", "adm1_name": "Guidimagha", "adm2_pcode": "MR101", "adm2_name": "Ould Yengé", "adm3_pcode": "MR10106", "adm3_name": "Lehraj", "adm4_pcode": null, "adm4_name": null, "name_latin": null }, "geometry": { "type": "Polygon", "coordinates": [ [ [ -11.8120681, 15.9302477 ], [ -11.8121191, 15.9306371 ], [ -11.8117811, 15.9306784 ], [ -11.8117167, 15.9303122 ], [ -11.8120681, 15.9302477 ] ] ] } },
{ "type": "Feature", "properties": { "id": "way/469416030", "name": null, "name_en": null, "name_ar": null, "amenity": "school", "building": null, "operator_type": null, "capacity_persons": null, "addr_full": null, "addr_city": null, "source": null, "adm0_pcode": "MRT", "adm0_name": "Mauritania", "adm1_pcode": "MR10", "adm1_name": "Guidimagha", "adm2_pcode": "MR101", "adm2_name": "Ould Yengé", "adm3_pcode": "MR10106", "adm3_name": "Lehraj", "adm4_pcode": null, "adm4_name": null, "name_latin": null }, "geometry": { "type": "Polygon", "coordinates": [ [ [ -11.7668697, 15.9152716 ], [ -11.7669019, 15.9154315 ], [ -11.7668939, 15.9154702 ], [ -11.7668724, 15.9154934 ], [ -11.7668027, 15.9155192 ], [ -11.7666855, 15.9155498 ], [ -11.7666525, 15.9155528 ], [ -11.7665541, 15.9155524 ], [ -11.7665345, 15.915545 ], [ -11.7665237, 15.9155166 ], [ -11.766505, 15.9154212 ], [ -11.7665103, 15.9153851 ], [ -11.7665291, 15.9153645 ], [ -11.7666391, 15.9153077 ], [ -11.766682, 15.9152845 ], [ -11.7668215, 15.915251 ], [ -11.7668456, 15.9152535 ], [ -11.7668697, 15.9152716 ] ] ] } },
{ "type": "Feature", "properties": { "id": "way/467970870", "name": null, "name_en": null, "name_ar": null, "amenity": "school", "building": null, "operator_type": null, "capacity_persons": null, "addr_full": null, "addr_city": null, "source": null, "adm0_pcode": "MRT", "adm0_name": "Mauritania", "adm1_pcode": "MR10", "adm1_name": "Guidimagha", "adm2_pcode": "MR101", "adm2_name": "Ould Yengé", "adm3_pcode": "MR10107", "adm3_name": "Leaweinat", "adm4_pcode": null, "adm4_name": null, "name_latin": null }, "geometry": { "type": "Polygon", "coordinates": [ [ [ -11.8033067, 15.5820629 ], [ -11.8026683, 15.5819388 ], [ -11.8027059, 15.5815048 ], [ -11.8033442, 15.5815461 ], [ -11.8033067, 15.5820629 ] ] ] } },
{ "type": "Feature", "properties": { "id": "way/467902918", "name": null, "name_en": null, "name_ar": null, "amenity": "school", "building": null, "operator_type": null, "capacity_persons": null, "addr_full": null, "addr_city": null, "source": null, "adm0_pcode": "MRT", "adm0_name": "Mauritania", "adm1_pcode": "MR10", "adm1_name": "Guidimagha", "adm2_pcode": "MR101", "adm2_name": "Ould Yengé", "adm3_pcode": "MR10102", "adm3_name": "Leebelli", "adm4_pcode": null, "adm4_name": null, "name_latin": null }, "geometry": { "type": "Polygon", "coordinates": [ [ [ -11.7511906, 15.4373379 ], [ -11.7508043, 15.4373586 ], [ -11.7507561, 15.4371259 ], [ -11.7510109, 15.4370561 ], [ -11.7510376, 15.4370556 ], [ -11.751145, 15.4370535 ], [ -11.7511691, 15.4371699 ], [ -11.7511825, 15.4372552 ], [ -11.7511906, 15.4373379 ] ] ] } },
{ "type": "Feature", "properties": { "id": "node/7059947886", "name": null, "name_en": "Moutalague meden", "name_ar": null, "amenity": "school", "building": null, "operator_type": null, "capacity_persons": null, "addr_full": null, "addr_city": null, "source": null, "adm0_pcode": "MRT", "adm0_name": "Mauritania", "adm1_pcode": "MR10", "adm1_name": "Guidimagha", "adm2_pcode": "MR101", "adm2_name": "Ould Yengé", "adm3_pcode": "MR10102", "adm3_name": "Leebelli", "adm4_pcode": null, "adm4_name": null, "name_latin": "Moutalague meden" }, "geometry": { "type": "Point", "coordinates": [ -11.9403992, 15.4193602 ] } },
{ "type": "Feature", "properties": { "id": "way/1326438254", "name": null, "name_en": "Waidamour", "name_ar": null, "amenity": "school", "building": null, "operator_type": null, "capacity_persons": null, "addr_full": null, "addr_city": null, "source": null, "adm0_pcode": "MRT", "adm0_name": "Mauritania", "adm1_pcode": "MR10", "adm1_name": "Guidimagha", "adm2_pcode": "MR101", "adm2_name": "Ould Yengé", "adm3_pcode": "MR10102", "adm3_name": "Leebelli", "adm4_pcode": null, "adm4_name": null, "name_latin": "Waidamour" }, "geometry": { "type": "Polygon", "coordinates": [ [ [ -12.0620375, 15.4659077 ], [ -12.0616097, 15.4659529 ], [ -12.0615727, 15.4653942 ], [ -12.0619915, 15.4654096 ], [ -12.0620375, 15.4659077 ] ] ] } },
{ "type": "Feature", "properties": { "id": "way/467220642", "name": null, "name_en": null, "name_ar": null, "amenity": "school", "building": null, "operator_type": null, "capacity_persons": null, "addr_full": null, "addr_city": null, "source": null, "adm0_pcode": "MRT", "adm0_name": "Mauritania", "adm1_pcode": "MR04", "adm1_name": "Gorgol", "adm2_pcode": "MR043", "adm2_name": "M’Bout", "adm3_pcode": "MR04304", "adm3_name": "N’Djadjbenni Gandéga", "adm4_pcode": null, "adm4_name": null, "name_latin": null }, "geometry": { "type": "Polygon", "coordinates": [ [ [ -12.4975221, 15.7100537 ], [ -12.4975457, 15.7101761 ], [ -12.497565, 15.7102525 ], [ -12.4975672, 15.7102871 ], [ -12.4976316, 15.7105195 ], [ -12.4976401, 15.7105572 ], [ -12.4976428, 15.7105959 ], [ -12.4976375, 15.7106966 ], [ -12.4976214, 15.7107224 ], [ -12.4975999, 15.7107302 ], [ -12.497565, 15.7107276 ], [ -12.4971064, 15.7107095 ], [ -12.4970871, 15.7106951 ], [ -12.497079, 15.7106718 ], [ -12.497079, 15.7102174 ], [ -12.4970822, 15.7100976 ], [ -12.4970844, 15.7100418 ], [ -12.4970903, 15.710015 ], [ -12.4971059, 15.7099979 ], [ -12.4971359, 15.7099891 ], [ -12.4971702, 15.7099928 ], [ -12.4975221, 15.7100537 ] ] ] } },
{ "type": "Feature", "properties": { "id": "way/464696168", "name": null, "name_en": null, "name_ar": null, "amenity": "school", "building": null, "operator_type": null, "capacity_persons": null, "addr_full": null, "addr_city": null, "source": null, "adm0_pcode": "MRT", "adm0_name": "Mauritania", "adm1_pcode": "MR04", "adm1_name": "Gorgol", "adm2_pcode": "MR043", "adm2_name": "M’Bout", "adm3_pcode": "MR04309", "adm3_name": "Souve", "adm4_pcode": null, "adm4_name": null, "name_latin": null }, "geometry": { "type": "Polygon", "coordinates": [ [ [ -12.2827365, 15.9361119 ], [ -12.2823395, 15.9363853 ], [ -12.282141, 15.935983 ], [ -12.282454, 15.9357557 ], [ -12.2827365, 15.9361119 ] ] ] } },
{ "type": "Feature", "properties": { "id": "way/1036877649", "name": null, "name_en": null, "name_ar": null, "amenity": null, "building": "school", "operator_type": null, "capacity_persons": null, "addr_full": null, "addr_city": null, "source": null, "adm0_pcode": "MRT", "adm0_name": "Mauritania", "adm1_pcode": "MR03", "adm1_name": "Assaba", "adm2_pcode": "MR035", "adm2_name": "Kiffa", "adm3_pcode": "MR03501", "adm3_name": "Kiffa", "adm4_pcode": null, "adm4_name": null, "name_latin": null }, "geometry": { "type": "Polygon", "coordinates": [ [ [ -11.3913397, 16.6319918 ], [ -11.3912977, 16.6320133 ], [ -11.3913134, 16.6320416 ], [ -11.39126, 16.6320689 ], [ -11.3912477, 16.6320467 ], [ -11.3911897, 16.6320763 ], [ -11.3911692, 16.6320394 ], [ -11.3913227, 16.6319611 ], [ -11.3913397, 16.6319918 ] ] ] } },
{ "type": "Feature", "properties": { "id": "way/1036877650", "name": null, "name_en": null, "name_ar": null, "amenity": null, "building": "school", "operator_type": null, "capacity_persons": null, "addr_full": null, "addr_city": null, "source": null, "adm0_pcode": "MRT", "adm0_name": "Mauritania", "adm1_pcode": "MR03", "adm1_name": "Assaba", "adm2_pcode": "MR035", "adm2_name": "Kiffa", "adm3_pcode": "MR03501", "adm3_name": "Kiffa", "adm4_pcode": null, "adm4_name": null, "name_latin": null }, "geometry": { "type": "Polygon", "coordinates": [ [ [ -11.3914503, 16.6319294 ], [ -11.3914693, 16.6319674 ], [ -11.3913855, 16.6320058 ], [ -11.3913665, 16.6319678 ], [ -11.3914503, 16.6319294 ] ] ] } },
{ "type": "Feature", "properties": { "id": "way/1036877648", "name": null, "name_en": null, "name_ar": null, "amenity": null, "building": "school", "operator_type": null, "capacity_persons": null, "addr_full": null, "addr_city": null, "source": null, "adm0_pcode": "MRT", "adm0_name": "Mauritania", "adm1_pcode": "MR03", "adm1_name": "Assaba", "adm2_pcode": "MR035", "adm2_name": "Kiffa", "adm3_pcode": "MR03501", "adm3_name": "Kiffa", "adm4_pcode": null, "adm4_name": null, "name_latin": null }, "geometry": { "type": "Polygon", "coordinates": [ [ [ -11.3914038, 16.6321934 ], [ -11.3913566, 16.632212 ], [ -11.3913814, 16.63227 ], [ -11.3914287, 16.6322514 ], [ -11.3914038, 16.6321934 ] ] ] } },
{ "type": "Feature", "properties": { "id": "way/428038285", "name": "Ecole No. 8 مدرسة رقم", "name_en": null, "name_ar": "مدرسة رقم ٨", "amenity": "school", "building": null, "operator_type": null, "capacity_persons": null, "addr_full": null, "addr_city": "Kiffa كيفة", "source": null, "adm0_pcode": "MRT", "adm0_name": "Mauritania", "adm1_pcode": "MR03", "adm1_name": "Assaba", "adm2_pcode": "MR035", "adm2_name": "Kiffa", "adm3_pcode": "MR03501", "adm3_name": "Kiffa", "adm4_pcode": null, "adm4_name": null, "name_latin": "Ecole No. 8 mdrs@ rqm" }, "geometry": { "type": "Polygon", "coordinates": [ [ [ -11.3916257, 16.6322782 ], [ -11.3913012, 16.6323913 ], [ -11.3911242, 16.6320161 ], [ -11.3914675, 16.6318619 ], [ -11.3916257, 16.6322782 ] ] ] } },
{ "type": "Feature", "properties": { "id": "way/699410032", "name": null, "name_en": null, "name_ar": null, "amenity": null, "building": "school", "operator_type": null, "capacity_persons": null, "addr_full": null, "addr_city": null, "source": null, "adm0_pcode": "MRT", "adm0_name": "Mauritania", "adm1_pcode": "MR03", "adm1_name": "Assaba", "adm2_pcode": "MR035", "adm2_name": "Kiffa", "adm3_pcode": "MR03501", "adm3_name": "Kiffa", "adm4_pcode": null, "adm4_name": null, "name_latin": null }, "geometry": { "type": "Polygon", "coordinates": [ [ [ -11.3876737, 16.6221864 ], [ -11.3876294, 16.6221816 ], [ -11.3876311, 16.622167 ], [ -11.3876288, 16.6221677 ], [ -11.3876264, 16.6221677 ], [ -11.3876242, 16.6221669 ], [ -11.3876223, 16.6221654 ], [ -11.3876211, 16.6221635 ], [ -11.3876205, 16.6221613 ], [ -11.3876208, 16.622159 ], [ -11.3876219, 16.6221569 ], [ -11.3876235, 16.6221553 ], [ -11.3876257, 16.6221543 ], [ -11.3876281, 16.622154 ], [ -11.3876304, 16.6221545 ], [ -11.3876324, 16.6221556 ], [ -11.3876342, 16.6221408 ], [ -11.3876786, 16.6221457 ], [ -11.3876737, 16.6221864 ] ] ] } },
{ "type": "Feature", "properties": { "id": "way/1037285491", "name": null, "name_en": null, "name_ar": null, "amenity": null, "building": "school", "operator_type": null, "capacity_persons": null, "addr_full": null, "addr_city": null, "source": null, "adm0_pcode": "MRT", "adm0_name": "Mauritania", "adm1_pcode": "MR03", "adm1_name": "Assaba", "adm2_pcode": "MR035", "adm2_name": "Kiffa", "adm3_pcode": "MR03501", "adm3_name": "Kiffa", "adm4_pcode": null, "adm4_name": null, "name_latin": null }, "geometry": { "type": "Polygon", "coordinates": [ [ [ -11.3878377, 16.6224443 ], [ -11.387769, 16.6224379 ], [ -11.3877744, 16.6223843 ], [ -11.3878431, 16.6223906 ], [ -11.3878377, 16.6224443 ] ] ] } },
{ "type": "Feature", "properties": { "id": "way/1037286494", "name": null, "name_en": null, "name_ar": null, "amenity": null, "building": "school", "operator_type": null, "capacity_persons": null, "addr_full": null, "addr_city": null, "source": null, "adm0_pcode": "MRT", "adm0_name": "Mauritania", "adm1_pcode": "MR03", "adm1_name": "Assaba", "adm2_pcode": "MR035", "adm2_name": "Kiffa", "adm3_pcode": "MR03501", "adm3_name": "Kiffa", "adm4_pcode": null, "adm4_name": null, "name_latin": null }, "geometry": { "type": "Polygon", "coordinates": [ [ [ -11.3877817, 16.6223189 ], [ -11.3877596, 16.6223124 ], [ -11.3877656, 16.6222934 ], [ -11.3877878, 16.6222998 ], [ -11.3877817, 16.6223189 ] ] ] } },
{ "type": "Feature", "properties": { "id": "way/699410033", "name": null, "name_en": null, "name_ar": null, "amenity": null, "building": "school", "operator_type": null, "capacity_persons": null, "addr_full": null, "addr_city": null, "source": null, "adm0_pcode": "MRT", "adm0_name": "Mauritania", "adm1_pcode": "MR03", "adm1_name": "Assaba", "adm2_pcode": "MR035", "adm2_name": "Kiffa", "adm3_pcode": "MR03501", "adm3_name": "Kiffa", "adm4_pcode": null, "adm4_name": null, "name_latin": null }, "geometry": { "type": "Polygon", "coordinates": [ [ [ -11.3875111, 16.622299 ], [ -11.3872929, 16.6222751 ], [ -11.3873002, 16.6222134 ], [ -11.3875185, 16.6222374 ], [ -11.3875111, 16.622299 ] ] ] } },
{ "type": "Feature", "properties": { "id": "way/699410035", "name": null, "name_en": null, "name_ar": null, "amenity": null, "building": "school", "operator_type": null, "capacity_persons": null, "addr_full": null, "addr_city": null, "source": null, "adm0_pcode": "MRT", "adm0_name": "Mauritania", "adm1_pcode": "MR03", "adm1_name": "Assaba", "adm2_pcode": "MR035", "adm2_name": "Kiffa", "adm3_pcode": "MR03501", "adm3_name": "Kiffa", "adm4_pcode": null, "adm4_name": null, "name_latin": null }, "geometry": { "type": "Polygon", "coordinates": [ [ [ -11.3872966, 16.6221125 ], [ -11.3871907, 16.6221009 ], [ -11.3872042, 16.6219879 ], [ -11.3873102, 16.6219994 ], [ -11.3872966, 16.6221125 ] ] ] } },
{ "type": "Feature", "properties": { "id": "way/699410036", "name": null, "name_en": null, "name_ar": null, "amenity": null, "building": "school", "operator_type": null, "capacity_persons": null, "addr_full": null, "addr_city": null, "source": null, "adm0_pcode": "MRT", "adm0_name": "Mauritania", "adm1_pcode": "MR03", "adm1_name": "Assaba", "adm2_pcode": "MR035", "adm2_name": "Kiffa", "adm3_pcode": "MR03501", "adm3_name": "Kiffa", "adm4_pcode": null, "adm4_name": null, "name_latin": null }, "geometry": { "type": "Polygon", "coordinates": [ [ [ -11.3876014, 16.6221027 ], [ -11.3873925, 16.6220799 ], [ -11.3873997, 16.6220196 ], [ -11.3876086, 16.6220424 ], [ -11.3876014, 16.6221027 ] ] ] } },
{ "type": "Feature", "properties": { "id": "way/699410034", "name": null, "name_en": null, "name_ar": null, "amenity": null, "building": "school", "operator_type": null, "capacity_persons": null, "addr_full": null, "addr_city": null, "source": null, "adm0_pcode": "MRT", "adm0_name": "Mauritania", "adm1_pcode": "MR03", "adm1_name": "Assaba", "adm2_pcode": "MR035", "adm2_name": "Kiffa", "adm3_pcode": "MR03501", "adm3_name": "Kiffa", "adm4_pcode": null, "adm4_name": null, "name_latin": null }, "geometry": { "type": "Polygon", "coordinates": [ [ [ -11.3875558, 16.621891 ], [ -11.387347, 16.6218681 ], [ -11.3873532, 16.621816 ], [ -11.3875621, 16.6218388 ], [ -11.3875558, 16.621891 ] ] ] } },
{ "type": "Feature", "properties": { "id": "way/455474359", "name": "Lycée Ould Bouamaatou ثانوية ولد بوعمات", "name_en": null, "name_ar": "ثانوية ولد بوعمات", "amenity": "school", "building": null, "operator_type": null, "capacity_persons": null, "addr_full": null, "addr_city": "Kiffa كيفة", "source": null, "adm0_pcode": "MRT", "adm0_name": "Mauritania", "adm1_pcode": "MR03", "adm1_name": "Assaba", "adm2_pcode": "MR035", "adm2_name": "Kiffa", "adm3_pcode": "MR03501", "adm3_name": "Kiffa", "adm4_pcode": null, "adm4_name": null, "name_latin": "Lycee Ould Bouamaatou thnwy@ wld bw`mt" }, "geometry": { "type": "Polygon", "coordinates": [ [ [ -11.3878549, 16.6224524 ], [ -11.3870449, 16.6223547 ], [ -11.3870342, 16.6214654 ], [ -11.3878281, 16.6215374 ], [ -11.3878549, 16.6224524 ] ] ] } },
{ "type": "Feature", "properties": { "id": "node/6567856499", "name": null, "name_en": null, "name_ar": "École Irak مدرسة العراق", "amenity": "school", "building": null, "operator_type": null, "capacity_persons": null, "addr_full": null, "addr_city": null, "source": null, "adm0_pcode": "MRT", "adm0_name": "Mauritania", "adm1_pcode": "MR03", "adm1_name": "Assaba", "adm2_pcode": "MR035", "adm2_name": "Kiffa", "adm3_pcode": "MR03501", "adm3_name": "Kiffa", "adm4_pcode": null, "adm4_name": null, "name_latin": null }, "geometry": { "type": "Point", "coordinates": [ -11.3909179, 16.6209413 ] } },
{ "type": "Feature", "properties": { "id": "way/428053666", "name": "École No. 1 مدرسة رقم", "name_en": null, "name_ar": "مدرسة رقم 1", "amenity": "school", "building": null, "operator_type": null, "capacity_persons": null, "addr_full": null, "addr_city": "Kiffa كيفة", "source": null, "adm0_pcode": "MRT", "adm0_name": "Mauritania", "adm1_pcode": "MR03", "adm1_name": "Assaba", "adm2_pcode": "MR035", "adm2_name": "Kiffa", "adm3_pcode": "MR03501", "adm3_name": "Kiffa", "adm4_pcode": null, "adm4_name": null, "name_latin": "Ecole No. 1 mdrs@ rqm" }, "geometry": { "type": "Polygon", "coordinates": [ [ [ -11.403434, 16.62096 ], [ -11.4032694, 16.6209522 ], [ -11.4030112, 16.6206425 ], [ -11.4037857, 16.6203016 ], [ -11.4039768, 16.6207009 ], [ -11.403434, 16.62096 ] ] ] } },
{ "type": "Feature", "properties": { "id": "way/428034978", "name": "Ecole No. 2 - Chérif-Gomez مدرسة رقم ٢ شريف غوميز", "name_en": null, "name_ar": "مدرسة رقم ٢ شريف غوميز", "amenity": "school", "building": null, "operator_type": null, "capacity_persons": null, "addr_full": null, "addr_city": "Kiffa كيفة", "source": null, "adm0_pcode": "MRT", "adm0_name": "Mauritania", "adm1_pcode": "MR03", "adm1_name": "Assaba", "adm2_pcode": "MR035", "adm2_name": "Kiffa", "adm3_pcode": "MR03501", "adm3_name": "Kiffa", "adm4_pcode": null, "adm4_name": null, "name_latin": "Ecole No. 2 - Cherif-Gomez mdrs@ rqm 2 shryf Gwmyz" }, "geometry": { "type": "Polygon", "coordinates": [ [ [ -11.4011234, 16.6269505 ], [ -11.4006514, 16.6271561 ], [ -11.4003617, 16.6265702 ], [ -11.4008445, 16.6264057 ], [ -11.4011234, 16.6269505 ] ] ] } },
{ "type": "Feature", "properties": { "id": "way/448677349", "name": null, "name_en": null, "name_ar": null, "amenity": "school", "building": null, "operator_type": null, "capacity_persons": null, "addr_full": null, "addr_city": "صنكرافة", "source": null, "adm0_pcode": "MRT", "adm0_name": "Mauritania", "adm1_pcode": "MR05", "adm1_name": "Brakna", "adm2_pcode": "MR054", "adm2_name": "Magtalahjar", "adm3_pcode": "MR05402", "adm3_name": "Sangrave", "adm4_pcode": null, "adm4_name": null, "name_latin": null }, "geometry": { "type": "Polygon", "coordinates": [ [ [ -12.8403288, 17.5928687 ], [ -12.8402725, 17.5924749 ], [ -12.8406695, 17.5923266 ], [ -12.8407928, 17.5923062 ], [ -12.8408599, 17.5927178 ], [ -12.8403288, 17.5928687 ] ] ] } },
{ "type": "Feature", "properties": { "id": "node/13072385474", "name": "École Lairdi", "name_en": null, "name_ar": null, "amenity": "school", "building": null, "operator_type": null, "capacity_persons": null, "addr_full": null, "addr_city": "Lairdi", "source": null, "adm0_pcode": "MRT", "adm0_name": "Mauritania", "adm1_pcode": "MR05", "adm1_name": "Brakna", "adm2_pcode": "MR054", "adm2_name": "Magtalahjar", "adm3_pcode": "MR05404", "adm3_name": "Ouad Emmour", "adm4_pcode": null, "adm4_name": null, "name_latin": "Ecole Lairdi" }, "geometry": { "type": "Point", "coordinates": [ -13.021819, 17.1938901 ] } },
{ "type": "Feature", "properties": { "id": "node/13072385468", "name": "College Lairdi", "name_en": null, "name_ar": null, "amenity": "school", "building": null, "operator_type": null, "capacity_persons": null, "addr_full": null, "addr_city": "Lairdi", "source": null, "adm0_pcode": "MRT", "adm0_name": "Mauritania", "adm1_pcode": "MR05", "adm1_name": "Brakna", "adm2_pcode": "MR054", "adm2_name": "Magtalahjar", "adm3_pcode": "MR05404", "adm3_name": "Ouad Emmour", "adm4_pcode": null, "adm4_name": null, "name_latin": "College Lairdi" }, "geometry": { "type": "Point", "coordinates": [ -13.021373, 17.1947281 ] } },
{ "type": "Feature", "properties": { "id": "way/464888088", "name": null, "name_en": null, "name_ar": null, "amenity": "school", "building": null, "operator_type": null, "capacity_persons": null, "addr_full": null, "addr_city": "القصيبة", "source": null, "adm0_pcode": "MRT", "adm0_name": "Mauritania", "adm1_pcode": "MR04", "adm1_name": "Gorgol", "adm2_pcode": "MR045", "adm2_name": "Lexeibe 1", "adm3_pcode": "MR04501", "adm3_name": "Lexeiba 1", "adm4_pcode": null, "adm4_name": null, "name_latin": null }, "geometry": { "type": "Polygon", "coordinates": [ [ [ -13.1430662, 16.2256651 ], [ -13.1419772, 16.2254488 ], [ -13.1421328, 16.224738 ], [ -13.1432164, 16.2249646 ], [ -13.1430662, 16.2256651 ] ] ] } },
{ "type": "Feature", "properties": { "id": "way/468252854", "name": null, "name_en": null, "name_ar": null, "amenity": "school", "building": null, "operator_type": null, "capacity_persons": null, "addr_full": null, "addr_city": null, "source": null, "adm0_pcode": "MRT", "adm0_name": "Mauritania", "adm1_pcode": "MR04", "adm1_name": "Gorgol", "adm2_pcode": "MR045", "adm2_name": "Lexeibe 1", "adm3_pcode": "MR04504", "adm3_name": "Ganki", "adm4_pcode": null, "adm4_name": null, "name_latin": null }, "geometry": { "type": "Polygon", "coordinates": [ [ [ -13.1810886, 16.2238845 ], [ -13.18034, 16.2238185 ], [ -13.1802732, 16.222808 ], [ -13.1813139, 16.222844 ], [ -13.1810886, 16.2238845 ] ] ] } },
{ "type": "Feature", "properties": { "id": "way/464860298", "name": null, "name_en": null, "name_ar": null, "amenity": "school", "building": null, "operator_type": null, "capacity_persons": null, "addr_full": null, "addr_city": "باركيول", "source": null, "adm0_pcode": "MRT", "adm0_name": "Mauritania", "adm1_pcode": "MR04", "adm1_name": "Gorgol", "adm2_pcode": "MR044", "adm2_name": "Mounguel", "adm3_pcode": "MR04401", "adm3_name": "Mounguel", "adm4_pcode": null, "adm4_name": null, "name_latin": null }, "geometry": { "type": "Polygon", "coordinates": [ [ [ -13.1363709, 16.4069048 ], [ -13.1358251, 16.4069228 ], [ -13.1357969, 16.406385 ], [ -13.136383, 16.4061663 ], [ -13.1363709, 16.4069048 ] ] ] } },
{ "type": "Feature", "properties": { "id": "way/466312048", "name": null, "name_en": null, "name_ar": null, "amenity": "school", "building": null, "operator_type": null, "capacity_persons": null, "addr_full": null, "addr_city": null, "source": null, "adm0_pcode": "MRT", "adm0_name": "Mauritania", "adm1_pcode": "MR04", "adm1_name": "Gorgol", "adm2_pcode": "MR041", "adm2_name": "Kaedi", "adm3_pcode": "MR04101", "adm3_name": "Kaedi", "adm4_pcode": null, "adm4_name": null, "name_latin": null }, "geometry": { "type": "Polygon", "coordinates": [ [ [ -13.4906128, 16.1766073 ], [ -13.4900576, 16.1766305 ], [ -13.4900576, 16.17636 ], [ -13.4906021, 16.1763394 ], [ -13.4906128, 16.1766073 ] ] ] } },
{ "type": "Feature", "properties": { "id": "way/465842063", "name": null, "name_en": null, "name_ar": null, "amenity": "school", "building": null, "operator_type": null, "capacity_persons": null, "addr_full": null, "addr_city": null, "source": null, "adm0_pcode": "MRT", "adm0_name": "Mauritania", "adm1_pcode": "MR05", "adm1_name": "Brakna", "adm2_pcode": "MR055", "adm2_name": "M’Bagne", "adm3_pcode": "MR05503", "adm3_name": "Edebaye El Hejjaj", "adm4_pcode": null, "adm4_name": null, "name_latin": null }, "geometry": { "type": "Polygon", "coordinates": [ [ [ -13.7540513, 16.4443583 ], [ -13.753901, 16.4451763 ], [ -13.7531769, 16.4451712 ], [ -13.753242, 16.4443701 ], [ -13.7540513, 16.4443583 ] ] ] } },
{ "type": "Feature", "properties": { "id": "way/465923226", "name": null, "name_en": null, "name_ar": null, "amenity": "school", "building": null, "operator_type": null, "capacity_persons": null, "addr_full": null, "addr_city": null, "source": null, "adm0_pcode": "MRT", "adm0_name": "Mauritania", "adm1_pcode": "MR05", "adm1_name": "Brakna", "adm2_pcode": "MR052", "adm2_name": "Bababé", "adm3_pcode": "MR05202", "adm3_name": "El Verae", "adm4_pcode": null, "adm4_name": null, "name_latin": null }, "geometry": { "type": "Polygon", "coordinates": [ [ [ -13.817684, 16.4088653 ], [ -13.8170242, 16.4088345 ], [ -13.8170663, 16.4084591 ], [ -13.8176196, 16.4084794 ], [ -13.817684, 16.4088653 ] ] ] } },
{ "type": "Feature", "properties": { "id": "way/465843850", "name": null, "name_en": null, "name_ar": null, "amenity": "school", "building": null, "operator_type": null, "capacity_persons": null, "addr_full": null, "addr_city": null, "source": null, "adm0_pcode": "MRT", "adm0_name": "Mauritania", "adm1_pcode": "MR05", "adm1_name": "Brakna", "adm2_pcode": "MR055", "adm2_name": "M’Bagne", "adm3_pcode": "MR05503", "adm3_name": "Edebaye El Hejjaj", "adm4_pcode": null, "adm4_name": null, "name_latin": null }, "geometry": { "type": "Polygon", "coordinates": [ [ [ -13.7831095, 16.4141609 ], [ -13.7823912, 16.4143098 ], [ -13.782256, 16.4136875 ], [ -13.7829715, 16.4134999 ], [ -13.7831095, 16.4141609 ] ] ] } },
{ "type": "Feature", "properties": { "id": "way/465846911", "name": null, "name_en": null, "name_ar": null, "amenity": "school", "building": null, "operator_type": null, "capacity_persons": null, "addr_full": null, "addr_city": null, "source": null, "adm0_pcode": "MRT", "adm0_name": "Mauritania", "adm1_pcode": "MR05", "adm1_name": "Brakna", "adm2_pcode": "MR055", "adm2_name": "M’Bagne", "adm3_pcode": "MR05503", "adm3_name": "Edebaye El Hejjaj", "adm4_pcode": null, "adm4_name": null, "name_latin": null }, "geometry": { "type": "Polygon", "coordinates": [ [ [ -13.7299277, 16.3974409 ], [ -13.7294562, 16.3973856 ], [ -13.7294825, 16.3969932 ], [ -13.7299492, 16.3970498 ], [ -13.7299277, 16.3974409 ] ] ] } },
{ "type": "Feature", "properties": { "id": "way/465847770", "name": null, "name_en": null, "name_ar": null, "amenity": "school", "building": null, "operator_type": null, "capacity_persons": null, "addr_full": null, "addr_city": null, "source": null, "adm0_pcode": "MRT", "adm0_name": "Mauritania", "adm1_pcode": "MR05", "adm1_name": "Brakna", "adm2_pcode": "MR056", "adm2_name": "Maal", "adm3_pcode": "MR05605", "adm3_name": "Djelwar", "adm4_pcode": null, "adm4_name": null, "name_latin": null }, "geometry": { "type": "Polygon", "coordinates": [ [ [ -13.7192364, 16.3917131 ], [ -13.7189468, 16.3919241 ], [ -13.718384, 16.3912151 ], [ -13.7186785, 16.3910183 ], [ -13.7192364, 16.3917131 ] ] ] } },
{ "type": "Feature", "properties": { "id": "way/465849291", "name": null, "name_en": null, "name_ar": null, "amenity": "school", "building": null, "operator_type": null, "capacity_persons": null, "addr_full": null, "addr_city": null, "source": null, "adm0_pcode": "MRT", "adm0_name": "Mauritania", "adm1_pcode": "MR05", "adm1_name": "Brakna", "adm2_pcode": "MR055", "adm2_name": "M’Bagne", "adm3_pcode": "MR05503", "adm3_name": "Edebaye El Hejjaj", "adm4_pcode": null, "adm4_name": null, "name_latin": null }, "geometry": { "type": "Polygon", "coordinates": [ [ [ -13.7002035, 16.3407006 ], [ -13.6997368, 16.3407521 ], [ -13.699571, 16.3402952 ], [ -13.7001552, 16.3402064 ], [ -13.7002035, 16.3407006 ] ] ] } },
{ "type": "Feature", "properties": { "id": "way/466944258", "name": null, "name_en": null, "name_ar": null, "amenity": "school", "building": null, "operator_type": null, "capacity_persons": null, "addr_full": null, "addr_city": null, "source": null, "adm0_pcode": "MRT", "adm0_name": "Mauritania", "adm1_pcode": "MR05", "adm1_name": "Brakna", "adm2_pcode": "MR055", "adm2_name": "M’Bagne", "adm3_pcode": "MR05502", "adm3_name": "Niabina", "adm4_pcode": null, "adm4_name": null, "name_latin": null }, "geometry": { "type": "Polygon", "coordinates": [ [ [ -13.760171, 16.2487555 ], [ -13.7594065, 16.2487219 ], [ -13.7595192, 16.2481761 ], [ -13.7601267, 16.2481992 ], [ -13.7601736, 16.2485559 ], [ -13.760171, 16.2487555 ] ] ] } },
{ "type": "Feature", "properties": { "id": "way/466955824", "name": null, "name_en": null, "name_ar": null, "amenity": "school", "building": null, "operator_type": null, "capacity_persons": null, "addr_full": null, "addr_city": null, "source": null, "adm0_pcode": "MRT", "adm0_name": "Mauritania", "adm1_pcode": "MR05", "adm1_name": "Brakna", "adm2_pcode": "MR055", "adm2_name": "M’Bagne", "adm3_pcode": "MR05502", "adm3_name": "Niabina", "adm4_pcode": null, "adm4_name": null, "name_latin": null }, "geometry": { "type": "Polygon", "coordinates": [ [ [ -13.7990105, 16.1832663 ], [ -13.7981549, 16.1830576 ], [ -13.7982354, 16.1824729 ], [ -13.7982836, 16.1821509 ], [ -13.7991735, 16.1823962 ], [ -13.7990105, 16.1832663 ] ] ] } },
{ "type": "Feature", "properties": { "id": "way/1464756616", "name": "Écoles primaires de Fondé Elimane", "name_en": null, "name_ar": null, "amenity": "school", "building": null, "operator_type": null, "capacity_persons": null, "addr_full": null, "addr_city": "fondé Elimane", "source": null, "adm0_pcode": "MRT", "adm0_name": "Mauritania", "adm1_pcode": "MR05", "adm1_name": "Brakna", "adm2_pcode": "MR052", "adm2_name": "Bababé", "adm3_pcode": "MR05202", "adm3_name": "El Verae", "adm4_pcode": null, "adm4_name": null, "name_latin": "Ecoles primaires de Fonde Elimane" }, "geometry": { "type": "Polygon", "coordinates": [ [ [ -13.9168619, 16.3162733 ], [ -13.9168628, 16.3157755 ], [ -13.9163777, 16.3157024 ], [ -13.9164077, 16.3163025 ], [ -13.9168619, 16.3162733 ] ] ] } },
{ "type": "Feature", "properties": { "id": "way/466938463", "name": null, "name_en": null, "name_ar": null, "amenity": "school", "building": null, "operator_type": null, "capacity_persons": null, "addr_full": null, "addr_city": null, "source": null, "adm0_pcode": "MRT", "adm0_name": "Mauritania", "adm1_pcode": "MR05", "adm1_name": "Brakna", "adm2_pcode": "MR055", "adm2_name": "M’Bagne", "adm3_pcode": "MR05502", "adm3_name": "Niabina", "adm4_pcode": null, "adm4_name": null, "name_latin": null }, "geometry": { "type": "Polygon", "coordinates": [ [ [ -13.8539127, 16.2469148 ], [ -13.8532153, 16.247077 ], [ -13.8531617, 16.2464332 ], [ -13.8538215, 16.2462968 ], [ -13.8539127, 16.2469148 ] ] ] } },
{ "type": "Feature", "properties": { "id": "way/466953099", "name": null, "name_en": null, "name_ar": null, "amenity": "school", "building": null, "operator_type": null, "capacity_persons": null, "addr_full": null, "addr_city": null, "source": null, "adm0_pcode": "MRT", "adm0_name": "Mauritania", "adm1_pcode": "MR05", "adm1_name": "Brakna", "adm2_pcode": "MR055", "adm2_name": "M’Bagne", "adm3_pcode": "MR05502", "adm3_name": "Niabina", "adm4_pcode": null, "adm4_name": null, "name_latin": null }, "geometry": { "type": "Polygon", "coordinates": [ [ [ -13.8647158, 16.2662545 ], [ -13.8642839, 16.266548 ], [ -13.8639781, 16.266033 ], [ -13.8644422, 16.2657163 ], [ -13.8647158, 16.2662545 ] ] ] } },
{ "type": "Feature", "properties": { "id": "way/188628640", "name": null, "name_en": null, "name_ar": null, "amenity": "school", "building": null, "operator_type": null, "capacity_persons": null, "addr_full": null, "addr_city": null, "source": null, "adm0_pcode": "MRT", "adm0_name": "Mauritania", "adm1_pcode": null, "adm1_name": null, "adm2_pcode": null, "adm2_name": null, "adm3_pcode": null, "adm3_name": null, "adm4_pcode": null, "adm4_name": null, "name_latin": null }, "geometry": { "type": "Polygon", "coordinates": [ [ [ -13.9812031, 16.3140762 ], [ -13.9805955, 16.3141341 ], [ -13.9804943, 16.3133789 ], [ -13.9810903, 16.3132921 ], [ -13.9812031, 16.3140762 ] ] ] } },
{ "type": "Feature", "properties": { "id": "way/465958208", "name": null, "name_en": null, "name_ar": null, "amenity": "school", "building": null, "operator_type": null, "capacity_persons": null, "addr_full": null, "addr_city": null, "source": null, "adm0_pcode": "MRT", "adm0_name": "Mauritania", "adm1_pcode": "MR05", "adm1_name": "Brakna", "adm2_pcode": "MR052", "adm2_name": "Bababé", "adm3_pcode": "MR05201", "adm3_name": "Bababé", "adm4_pcode": null, "adm4_name": null, "name_latin": null }, "geometry": { "type": "Polygon", "coordinates": [ [ [ -13.9704142, 16.3610845 ], [ -13.9697324, 16.3607638 ], [ -13.9702104, 16.3597925 ], [ -13.9708917, 16.360091 ], [ -13.9704142, 16.3610845 ] ] ] } },
{ "type": "Feature", "properties": { "id": "way/188693170", "name": null, "name_en": null, "name_ar": null, "amenity": "school", "building": null, "operator_type": null, "capacity_persons": null, "addr_full": null, "addr_city": null, "source": null, "adm0_pcode": "MRT", "adm0_name": "Mauritania", "adm1_pcode": null, "adm1_name": null, "adm2_pcode": null, "adm2_name": null, "adm3_pcode": null, "adm3_name": null, "adm4_pcode": null, "adm4_name": null, "name_latin": null }, "geometry": { "type": "Polygon", "coordinates": [ [ [ -14.032632, 16.3429178 ], [ -14.0319822, 16.3424361 ], [ -14.0326022, 16.3415996 ], [ -14.0332521, 16.3420813 ], [ -14.032632, 16.3429178 ] ] ] } },
{ "type": "Feature", "properties": { "id": "node/4590932689", "name": "École primaire المدرسة الابتدائية", "name_en": "Primary school", "name_ar": "المدرسة الابتدائية", "amenity": "school", "building": null, "operator_type": "public", "capacity_persons": null, "addr_full": null, "addr_city": "Elb Jmel علب جمال", "source": null, "adm0_pcode": "MRT", "adm0_name": "Mauritania", "adm1_pcode": "MR05", "adm1_name": "Brakna", "adm2_pcode": "MR051", "adm2_name": "Aleg", "adm3_pcode": "MR05101", "adm3_name": "Aleg", "adm4_pcode": null, "adm4_name": null, "name_latin": "Primary school" }, "geometry": { "type": "Point", "coordinates": [ -13.9737189, 17.0087988 ] } },
{ "type": "Feature", "properties": { "id": "way/915182950", "name": null, "name_en": null, "name_ar": null, "amenity": null, "building": "school", "operator_type": null, "capacity_persons": null, "addr_full": null, "addr_city": null, "source": null, "adm0_pcode": "MRT", "adm0_name": "Mauritania", "adm1_pcode": "MR05", "adm1_name": "Brakna", "adm2_pcode": "MR051", "adm2_name": "Aleg", "adm3_pcode": "MR05101", "adm3_name": "Aleg", "adm4_pcode": null, "adm4_name": null, "name_latin": null }, "geometry": { "type": "Polygon", "coordinates": [ [ [ -13.9200787, 17.0229503 ], [ -13.920092, 17.023002 ], [ -13.9200079, 17.0230217 ], [ -13.9199946, 17.02297 ], [ -13.9200787, 17.0229503 ] ] ] } },
{ "type": "Feature", "properties": { "id": "way/915182949", "name": null, "name_en": null, "name_ar": null, "amenity": null, "building": "school", "operator_type": null, "capacity_persons": null, "addr_full": null, "addr_city": null, "source": null, "adm0_pcode": "MRT", "adm0_name": "Mauritania", "adm1_pcode": "MR05", "adm1_name": "Brakna", "adm2_pcode": "MR051", "adm2_name": "Aleg", "adm3_pcode": "MR05101", "adm3_name": "Aleg", "adm4_pcode": null, "adm4_name": null, "name_latin": null }, "geometry": { "type": "Polygon", "coordinates": [ [ [ -13.9201896, 17.0229307 ], [ -13.9202029, 17.0229824 ], [ -13.9201188, 17.0230022 ], [ -13.9201055, 17.0229504 ], [ -13.9201896, 17.0229307 ] ] ] } },
{ "type": "Feature", "properties": { "id": "way/915182948", "name": null, "name_en": null, "name_ar": null, "amenity": null, "building": "school", "operator_type": null, "capacity_persons": null, "addr_full": null, "addr_city": null, "source": null, "adm0_pcode": "MRT", "adm0_name": "Mauritania", "adm1_pcode": "MR05", "adm1_name": "Brakna", "adm2_pcode": "MR051", "adm2_name": "Aleg", "adm3_pcode": "MR05101", "adm3_name": "Aleg", "adm4_pcode": null, "adm4_name": null, "name_latin": null }, "geometry": { "type": "Polygon", "coordinates": [ [ [ -13.920372, 17.0228797 ], [ -13.920388, 17.0229381 ], [ -13.9202309, 17.0229773 ], [ -13.920215, 17.0229189 ], [ -13.920372, 17.0228797 ] ] ] } },
{ "type": "Feature", "properties": { "id": "way/448111671", "name": null, "name_en": null, "name_ar": null, "amenity": "school", "building": null, "operator_type": null, "capacity_persons": null, "addr_full": null, "addr_city": null, "source": null, "adm0_pcode": "MRT", "adm0_name": "Mauritania", "adm1_pcode": "MR05", "adm1_name": "Brakna", "adm2_pcode": "MR051", "adm2_name": "Aleg", "adm3_pcode": "MR05101", "adm3_name": "Aleg", "adm4_pcode": null, "adm4_name": null, "name_latin": null }, "geometry": { "type": "Polygon", "coordinates": [ [ [ -13.9203607, 17.0223041 ], [ -13.9204251, 17.0230222 ], [ -13.9199101, 17.0231299 ], [ -13.9198146, 17.0224223 ], [ -13.9203607, 17.0223041 ] ] ] } },
{ "type": "Feature", "properties": { "id": "way/915182952", "name": null, "name_en": null, "name_ar": null, "amenity": null, "building": "school", "operator_type": null, "capacity_persons": null, "addr_full": null, "addr_city": null, "source": null, "adm0_pcode": "MRT", "adm0_name": "Mauritania", "adm1_pcode": "MR05", "adm1_name": "Brakna", "adm2_pcode": "MR051", "adm2_name": "Aleg", "adm3_pcode": "MR05101", "adm3_name": "Aleg", "adm4_pcode": null, "adm4_name": null, "name_latin": null }, "geometry": { "type": "Polygon", "coordinates": [ [ [ -13.9200411, 17.022785 ], [ -13.92005, 17.0228295 ], [ -13.9199225, 17.0228528 ], [ -13.9199136, 17.0228083 ], [ -13.9200411, 17.022785 ] ] ] } },
{ "type": "Feature", "properties": { "id": "way/915182951", "name": null, "name_en": null, "name_ar": null, "amenity": null, "building": "school", "operator_type": null, "capacity_persons": null, "addr_full": null, "addr_city": null, "source": null, "adm0_pcode": "MRT", "adm0_name": "Mauritania", "adm1_pcode": "MR05", "adm1_name": "Brakna", "adm2_pcode": "MR051", "adm2_name": "Aleg", "adm3_pcode": "MR05101", "adm3_name": "Aleg", "adm4_pcode": null, "adm4_name": null, "name_latin": null }, "geometry": { "type": "Polygon", "coordinates": [ [ [ -13.9202422, 17.0223999 ], [ -13.9202527, 17.022457 ], [ -13.9200975, 17.0224832 ], [ -13.9200869, 17.022426 ], [ -13.9202422, 17.0223999 ] ] ] } },
{ "type": "Feature", "properties": { "id": "way/448136521", "name": null, "name_en": null, "name_ar": null, "amenity": "school", "building": null, "operator_type": null, "capacity_persons": null, "addr_full": null, "addr_city": "مودجيريا", "source": null, "adm0_pcode": "MRT", "adm0_name": "Mauritania", "adm1_pcode": "MR09", "adm1_name": "Tagant", "adm2_pcode": "MR091", "adm2_name": "Moudjeria", "adm3_pcode": "MR09101", "adm3_name": "Moudjeria", "adm4_pcode": null, "adm4_name": null, "name_latin": null }, "geometry": { "type": "Polygon", "coordinates": [ [ [ -12.3355973, 17.8765007 ], [ -12.3348624, 17.8765523 ], [ -12.3347444, 17.8757553 ], [ -12.3355383, 17.875694 ], [ -12.3355973, 17.8765007 ] ] ] } },
{ "type": "Feature", "properties": { "id": "way/1012761897", "name": "ECOLE N°1 N'Beika", "name_en": null, "name_ar": null, "amenity": "school", "building": null, "operator_type": null, "capacity_persons": null, "addr_full": null, "addr_city": null, "source": null, "adm0_pcode": "MRT", "adm0_name": "Mauritania", "adm1_pcode": "MR09", "adm1_name": "Tagant", "adm2_pcode": "MR091", "adm2_name": "Moudjeria", "adm3_pcode": "MR09102", "adm3_name": "N’Beike", "adm4_pcode": null, "adm4_name": null, "name_latin": "ECOLE Ndeg1 N'Beika" }, "geometry": { "type": "Polygon", "coordinates": [ [ [ -12.2509278, 17.9748788 ], [ -12.2504813, 17.9749278 ], [ -12.2504318, 17.9745103 ], [ -12.2508588, 17.97445 ], [ -12.2509278, 17.9748788 ] ] ] } },
{ "type": "Feature", "properties": { "id": "node/8591252419", "name": null, "name_en": "محظرة أهل حين لتحفيظ القرآن الكريم", "name_ar": "محظرة أهل حين لتحفيظ القرآن الكريم", "amenity": "school", "building": null, "operator_type": null, "capacity_persons": null, "addr_full": null, "addr_city": null, "source": null, "adm0_pcode": "MRT", "adm0_name": "Mauritania", "adm1_pcode": "MR09", "adm1_name": "Tagant", "adm2_pcode": "MR093", "adm2_name": "Tidjikja", "adm3_pcode": "MR09303", "adm3_name": "Tensigh", "adm4_pcode": null, "adm4_name": null, "name_latin": "محظرة أهل حين لتحفيظ القرآن الكريم" }, "geometry": { "type": "Point", "coordinates": [ -12.0485252, 18.4512781 ] } },
{ "type": "Feature", "properties": { "id": "way/448648362", "name": null, "name_en": null, "name_ar": null, "amenity": "school", "building": null, "operator_type": null, "capacity_persons": null, "addr_full": null, "addr_city": null, "source": null, "adm0_pcode": "MRT", "adm0_name": "Mauritania", "adm1_pcode": "MR09", "adm1_name": "Tagant", "adm2_pcode": "MR093", "adm2_name": "Tidjikja", "adm3_pcode": "MR09303", "adm3_name": "Tensigh", "adm4_pcode": null, "adm4_name": null, "name_latin": null }, "geometry": { "type": "Polygon", "coordinates": [ [ [ -11.8186942, 18.256288 ], [ -11.8180505, 18.2564842 ], [ -11.8178868, 18.256046 ], [ -11.8180907, 18.2558754 ], [ -11.8184313, 18.2558193 ], [ -11.8186942, 18.256288 ] ] ] } },
{ "type": "Feature", "properties": { "id": "way/962318960", "name": "Ecole", "name_en": "École Al-Fawz", "name_ar": null, "amenity": "school", "building": null, "operator_type": null, "capacity_persons": null, "addr_full": null, "addr_city": "Tidjikja تجكجة", "source": null, "adm0_pcode": "MRT", "adm0_name": "Mauritania", "adm1_pcode": "MR09", "adm1_name": "Tagant", "adm2_pcode": "MR093", "adm2_name": "Tidjikja", "adm3_pcode": "MR09301", "adm3_name": "Tidjikdja", "adm4_pcode": null, "adm4_name": null, "name_latin": "École Al-Fawz" }, "geometry": { "type": "Polygon", "coordinates": [ [ [ -11.4094493, 18.5499082 ], [ -11.408878, 18.5498497 ], [ -11.408937, 18.549275 ], [ -11.409511, 18.5493487 ], [ -11.4094493, 18.5499082 ] ] ] } },
{ "type": "Feature", "properties": { "id": "way/448441588", "name": "École No. 5 مدرسة رقم", "name_en": null, "name_ar": "مدرسة رقم ٥", "amenity": "school", "building": null, "operator_type": null, "capacity_persons": null, "addr_full": null, "addr_city": "Tidjikja تجكجة", "source": null, "adm0_pcode": "MRT", "adm0_name": "Mauritania", "adm1_pcode": "MR09", "adm1_name": "Tagant", "adm2_pcode": "MR093", "adm2_name": "Tidjikja", "adm3_pcode": "MR09301", "adm3_name": "Tidjikdja", "adm4_pcode": null, "adm4_name": null, "name_latin": "Ecole No. 5 mdrs@ rqm" }, "geometry": { "type": "Polygon", "coordinates": [ [ [ -11.4199234, 18.5532444 ], [ -11.4192207, 18.5530308 ], [ -11.4193682, 18.5525019 ], [ -11.4200809, 18.5527332 ], [ -11.4199234, 18.5532444 ] ] ] } },
{ "type": "Feature", "properties": { "id": "way/448457693", "name": "Ecole 1", "name_en": null, "name_ar": null, "amenity": "school", "building": "yes", "operator_type": null, "capacity_persons": null, "addr_full": null, "addr_city": "Tidjikja تجكجة", "source": null, "adm0_pcode": "MRT", "adm0_name": "Mauritania", "adm1_pcode": "MR09", "adm1_name": "Tagant", "adm2_pcode": "MR093", "adm2_name": "Tidjikja", "adm3_pcode": "MR09301", "adm3_name": "Tidjikdja", "adm4_pcode": null, "adm4_name": null, "name_latin": "Ecole 1" }, "geometry": { "type": "Polygon", "coordinates": [ [ [ -11.4288538, 18.5529409 ], [ -11.4284062, 18.5528881 ], [ -11.4284357, 18.5526634 ], [ -11.4285186, 18.5526732 ], [ -11.4284997, 18.5528172 ], [ -11.4288644, 18.5528602 ], [ -11.4288538, 18.5529409 ] ] ] } },
{ "type": "Feature", "properties": { "id": "way/448480142", "name": "École No. 4 مدرسة رقم", "name_en": null, "name_ar": "مدرسة رقم ٤", "amenity": "school", "building": null, "operator_type": null, "capacity_persons": null, "addr_full": null, "addr_city": "Tidjikja تجكجة", "source": null, "adm0_pcode": "MRT", "adm0_name": "Mauritania", "adm1_pcode": "MR09", "adm1_name": "Tagant", "adm2_pcode": "MR093", "adm2_name": "Tidjikja", "adm3_pcode": "MR09301", "adm3_name": "Tidjikdja", "adm4_pcode": null, "adm4_name": null, "name_latin": "Ecole No. 4 mdrs@ rqm" }, "geometry": { "type": "Polygon", "coordinates": [ [ [ -11.4232869, 18.5461346 ], [ -11.4230777, 18.54616 ], [ -11.4227773, 18.5460583 ], [ -11.4229114, 18.5456057 ], [ -11.4232869, 18.5456311 ], [ -11.4232869, 18.5461346 ] ] ] } },
{ "type": "Feature", "properties": { "id": "node/7516018606", "name": "Collège Argoube Tidjikja إعدادية العركوب تجكجة", "name_en": null, "name_ar": "إعدادية العركوب تجكجة", "amenity": "school", "building": null, "operator_type": null, "capacity_persons": null, "addr_full": null, "addr_city": "Tidjikja تجكجة", "source": null, "adm0_pcode": "MRT", "adm0_name": "Mauritania", "adm1_pcode": "MR09", "adm1_name": "Tagant", "adm2_pcode": "MR093", "adm2_name": "Tidjikja", "adm3_pcode": "MR09301", "adm3_name": "Tidjikdja", "adm4_pcode": null, "adm4_name": null, "name_latin": "College Argoube Tidjikja `ddy@ l`rkwb tjkj@" }, "geometry": { "type": "Point", "coordinates": [ -11.4301667, 18.541191 ] } },
{ "type": "Feature", "properties": { "id": "way/803497983", "name": "Ecole 6", "name_en": null, "name_ar": null, "amenity": "school", "building": null, "operator_type": null, "capacity_persons": null, "addr_full": null, "addr_city": "Tidjikja تجكجة", "source": null, "adm0_pcode": "MRT", "adm0_name": "Mauritania", "adm1_pcode": "MR09", "adm1_name": "Tagant", "adm2_pcode": "MR093", "adm2_name": "Tidjikja", "adm3_pcode": "MR09301", "adm3_name": "Tidjikdja", "adm4_pcode": null, "adm4_name": null, "name_latin": "Ecole 6" }, "geometry": { "type": "Polygon", "coordinates": [ [ [ -11.4368729, 18.5452223 ], [ -11.4364162, 18.5449267 ], [ -11.4367351, 18.5444775 ], [ -11.4371833, 18.5447728 ], [ -11.4368729, 18.5452223 ] ] ] } },
{ "type": "Feature", "properties": { "id": "way/448466828", "name": "École Ibn Khaldoun مدرسة ابن خلدون", "name_en": null, "name_ar": "المدرسة رقم", "amenity": "school", "building": null, "operator_type": null, "capacity_persons": null, "addr_full": null, "addr_city": "Tidjikja تجكجة", "source": null, "adm0_pcode": "MRT", "adm0_name": "Mauritania", "adm1_pcode": "MR09", "adm1_name": "Tagant", "adm2_pcode": "MR093", "adm2_name": "Tidjikja", "adm3_pcode": "MR09301", "adm3_name": "Tidjikdja", "adm4_pcode": null, "adm4_name": null, "name_latin": "Ecole Ibn Khaldoun mdrs@ bn khldwn" }, "geometry": { "type": "Polygon", "coordinates": [ [ [ -11.4416657, 18.5555631 ], [ -11.4413112, 18.5554305 ], [ -11.4415181, 18.5549336 ], [ -11.4418726, 18.5550663 ], [ -11.4416657, 18.5555631 ] ] ] } },
{ "type": "Feature", "properties": { "id": "way/448440178", "name": "Lycée de Tidjikja ثانوية تجكجة", "name_en": null, "name_ar": "ثانوية تجكجة", "amenity": "school", "building": null, "operator_type": null, "capacity_persons": null, "addr_full": null, "addr_city": "Tidjikja تجكجة", "source": null, "adm0_pcode": "MRT", "adm0_name": "Mauritania", "adm1_pcode": "MR09", "adm1_name": "Tagant", "adm2_pcode": "MR093", "adm2_name": "Tidjikja", "adm3_pcode": "MR09301", "adm3_name": "Tidjikdja", "adm4_pcode": null, "adm4_name": null, "name_latin": "Lycee de Tidjikja thnwy@ tjkj@" }, "geometry": { "type": "Polygon", "coordinates": [ [ [ -11.4253415, 18.5631714 ], [ -11.4246226, 18.5629069 ], [ -11.4249196, 18.561648 ], [ -11.4262481, 18.561956 ], [ -11.4260818, 18.5627239 ], [ -11.4255721, 18.5625815 ], [ -11.4253415, 18.5631714 ] ] ] } },
{ "type": "Feature", "properties": { "id": "way/448490240", "name": "École Al-Hikma", "name_en": null, "name_ar": null, "amenity": "school", "building": null, "operator_type": null, "capacity_persons": null, "addr_full": null, "addr_city": "Tidjikja تجكجة", "source": null, "adm0_pcode": "MRT", "adm0_name": "Mauritania", "adm1_pcode": "MR09", "adm1_name": "Tagant", "adm2_pcode": "MR093", "adm2_name": "Tidjikja", "adm3_pcode": "MR09301", "adm3_name": "Tidjikdja", "adm4_pcode": null, "adm4_name": null, "name_latin": "Ecole Al-Hikma" }, "geometry": { "type": "Polygon", "coordinates": [ [ [ -11.4451359, 18.5482961 ], [ -11.4442513, 18.5478147 ], [ -11.4444868, 18.547167 ], [ -11.4454958, 18.5475299 ], [ -11.4451359, 18.5482961 ] ] ] } },
{ "type": "Feature", "properties": { "id": "way/448644728", "name": null, "name_en": null, "name_ar": null, "amenity": "school", "building": null, "operator_type": null, "capacity_persons": null, "addr_full": null, "addr_city": null, "source": null, "adm0_pcode": "MRT", "adm0_name": "Mauritania", "adm1_pcode": "MR09", "adm1_name": "Tagant", "adm2_pcode": "MR093", "adm2_name": "Tidjikja", "adm3_pcode": "MR09303", "adm3_name": "Tensigh", "adm4_pcode": null, "adm4_name": null, "name_latin": null }, "geometry": { "type": "Polygon", "coordinates": [ [ [ -11.6820705, 18.3475785 ], [ -11.682505, 18.3483321 ], [ -11.6818291, 18.3485256 ], [ -11.6813839, 18.3477466 ], [ -11.6820705, 18.3475785 ] ] ] } },
{ "type": "Feature", "properties": { "id": "way/448629276", "name": null, "name_en": null, "name_ar": null, "amenity": "school", "building": null, "operator_type": null, "capacity_persons": null, "addr_full": null, "addr_city": null, "source": null, "adm0_pcode": "MRT", "adm0_name": "Mauritania", "adm1_pcode": "MR09", "adm1_name": "Tagant", "adm2_pcode": "MR093", "adm2_name": "Tidjikja", "adm3_pcode": "MR09303", "adm3_name": "Tensigh", "adm4_pcode": null, "adm4_name": null, "name_latin": null }, "geometry": { "type": "Polygon", "coordinates": [ [ [ -11.6741249, 18.3406124 ], [ -11.6733192, 18.3410886 ], [ -11.6728419, 18.340313 ], [ -11.673653, 18.3398369 ], [ -11.6741249, 18.3406124 ] ] ] } },
{ "type": "Feature", "properties": { "id": "node/5275174726", "name": "École préparatoire d'Aïn Savra إعدادية العين الصفراء", "name_en": null, "name_ar": "إعدادية العين الصفراء", "amenity": "school", "building": null, "operator_type": null, "capacity_persons": null, "addr_full": null, "addr_city": "Aïn Savra العين الصفراء", "source": null, "adm0_pcode": "MRT", "adm0_name": "Mauritania", "adm1_pcode": "MR07", "adm1_name": "Adrar", "adm2_pcode": "MR073", "adm2_name": "Chinguitti", "adm3_pcode": "MR07302", "adm3_name": "Aïn Savra", "adm4_pcode": null, "adm4_name": null, "name_latin": "Ecole preparatoire d'Ain Savra `ddy@ l`yn lSfr" }, "geometry": { "type": "Point", "coordinates": [ -12.1032478, 19.5339538 ] } },
{ "type": "Feature", "properties": { "id": "way/458055599", "name": null, "name_en": null, "name_ar": null, "amenity": "school", "building": null, "operator_type": null, "capacity_persons": null, "addr_full": null, "addr_city": null, "source": null, "adm0_pcode": "MRT", "adm0_name": "Mauritania", "adm1_pcode": "MR07", "adm1_name": "Adrar", "adm2_pcode": "MR074", "adm2_name": "Ouadane", "adm3_pcode": "MR07401", "adm3_name": "Ouadane", "adm4_pcode": null, "adm4_name": null, "name_latin": null }, "geometry": { "type": "Polygon", "coordinates": [ [ [ -11.6183412, 20.93217 ], [ -11.6180478, 20.9320397 ], [ -11.6182652, 20.9316126 ], [ -11.6185586, 20.931743 ], [ -11.6183412, 20.93217 ] ] ] } },
{ "type": "Feature", "properties": { "id": "way/457721913", "name": "Ecole N° 1", "name_en": null, "name_ar": null, "amenity": null, "building": "school", "operator_type": null, "capacity_persons": null, "addr_full": null, "addr_city": null, "source": null, "adm0_pcode": "MRT", "adm0_name": "Mauritania", "adm1_pcode": "MR07", "adm1_name": "Adrar", "adm2_pcode": "MR073", "adm2_name": "Chinguitti", "adm3_pcode": "MR07301", "adm3_name": "Chinguitti", "adm4_pcode": null, "adm4_name": null, "name_latin": "Ecole Ndeg 1" }, "geometry": { "type": "Polygon", "coordinates": [ [ [ -12.3628387, 20.4607032 ], [ -12.3626405, 20.4608754 ], [ -12.3625844, 20.4608187 ], [ -12.3627826, 20.4606464 ], [ -12.3628387, 20.4607032 ] ] ] } },
{ "type": "Feature", "properties": { "id": "way/457836809", "name": null, "name_en": null, "name_ar": null, "amenity": "school", "building": null, "operator_type": null, "capacity_persons": null, "addr_full": null, "addr_city": "Chinguetti شنقيط", "source": null, "adm0_pcode": "MRT", "adm0_name": "Mauritania", "adm1_pcode": "MR07", "adm1_name": "Adrar", "adm2_pcode": "MR073", "adm2_name": "Chinguitti", "adm3_pcode": "MR07301", "adm3_name": "Chinguitti", "adm4_pcode": null, "adm4_name": null, "name_latin": null }, "geometry": { "type": "Polygon", "coordinates": [ [ [ -12.3724347, 20.4679504 ], [ -12.3712036, 20.4686591 ], [ -12.3707154, 20.46786 ], [ -12.3719707, 20.4672066 ], [ -12.3724347, 20.4679504 ] ] ] } },
{ "type": "Feature", "properties": { "id": "way/226261333", "name": "Jardins d'enfants رياض الأطفال", "name_en": null, "name_ar": "رياض الأطفال", "amenity": "kindergarten", "building": null, "operator_type": null, "capacity_persons": null, "addr_full": null, "addr_city": "Chinguetti شنقيط", "source": null, "adm0_pcode": "MRT", "adm0_name": "Mauritania", "adm1_pcode": "MR07", "adm1_name": "Adrar", "adm2_pcode": "MR073", "adm2_name": "Chinguitti", "adm3_pcode": "MR07301", "adm3_name": "Chinguitti", "adm4_pcode": null, "adm4_name": null, "name_latin": "Jardins d'enfants ryD l'Tfl" }, "geometry": { "type": "Polygon", "coordinates": [ [ [ -12.3604527, 20.4520228 ], [ -12.3606234, 20.4519888 ], [ -12.3606487, 20.4519842 ], [ -12.3608136, 20.4519514 ], [ -12.3607965, 20.4518757 ], [ -12.3607576, 20.4516877 ], [ -12.3603939, 20.4517656 ], [ -12.3604215, 20.451885 ], [ -12.3604527, 20.4520228 ] ] ] } },
{ "type": "Feature", "properties": { "id": "way/312617542", "name": null, "name_en": null, "name_ar": null, "amenity": "school", "building": null, "operator_type": null, "capacity_persons": null, "addr_full": null, "addr_city": "Chinguetti شنقيط", "source": null, "adm0_pcode": "MRT", "adm0_name": "Mauritania", "adm1_pcode": "MR07", "adm1_name": "Adrar", "adm2_pcode": "MR073", "adm2_name": "Chinguitti", "adm3_pcode": "MR07301", "adm3_name": "Chinguitti", "adm4_pcode": null, "adm4_name": null, "name_latin": null }, "geometry": { "type": "Polygon", "coordinates": [ [ [ -12.3615679, 20.4517563 ], [ -12.3614696, 20.4512964 ], [ -12.3619152, 20.451225 ], [ -12.3619087, 20.4512022 ], [ -12.36224, 20.4511572 ], [ -12.3622836, 20.4514384 ], [ -12.3622462, 20.4514467 ], [ -12.3622676, 20.451543 ], [ -12.3622973, 20.4515369 ], [ -12.3623139, 20.4516303 ], [ -12.3615679, 20.4517563 ] ] ] } },
{ "type": "Feature", "properties": { "id": "way/232168100", "name": null, "name_en": null, "name_ar": null, "amenity": "school", "building": null, "operator_type": null, "capacity_persons": null, "addr_full": null, "addr_city": "Atar أطار", "source": null, "adm0_pcode": "MRT", "adm0_name": "Mauritania", "adm1_pcode": "MR07", "adm1_name": "Adrar", "adm2_pcode": "MR072", "adm2_name": "Atar", "adm3_pcode": "MR07201", "adm3_name": "Atar", "adm4_pcode": null, "adm4_name": null, "name_latin": null }, "geometry": { "type": "Polygon", "coordinates": [ [ [ -13.0476027, 20.5193365 ], [ -13.0471202, 20.5194782 ], [ -13.0469007, 20.5186984 ], [ -13.0473598, 20.518558 ], [ -13.0476027, 20.5193365 ] ] ] } },
{ "type": "Feature", "properties": { "id": "way/232167913", "name": null, "name_en": null, "name_ar": null, "amenity": "school", "building": null, "operator_type": null, "capacity_persons": null, "addr_full": null, "addr_city": "Atar أطار", "source": null, "adm0_pcode": "MRT", "adm0_name": "Mauritania", "adm1_pcode": "MR07", "adm1_name": "Adrar", "adm2_pcode": "MR072", "adm2_name": "Atar", "adm3_pcode": "MR07201", "adm3_name": "Atar", "adm4_pcode": null, "adm4_name": null, "name_latin": null }, "geometry": { "type": "Polygon", "coordinates": [ [ [ -13.0481203, 20.510818 ], [ -13.0475681, 20.5106017 ], [ -13.0476514, 20.5102289 ], [ -13.0482093, 20.5103093 ], [ -13.048203, 20.510351 ], [ -13.0481593, 20.5106389 ], [ -13.0481203, 20.510818 ] ] ] } },
{ "type": "Feature", "properties": { "id": "way/221801677", "name": "Lycée Atar مدرسة ثانوية أطار", "name_en": null, "name_ar": "مدرسة ثانوية أطار", "amenity": "school", "building": null, "operator_type": null, "capacity_persons": null, "addr_full": null, "addr_city": "Atar أطار", "source": null, "adm0_pcode": "MRT", "adm0_name": "Mauritania", "adm1_pcode": "MR07", "adm1_name": "Adrar", "adm2_pcode": "MR072", "adm2_name": "Atar", "adm3_pcode": "MR07201", "adm3_name": "Atar", "adm4_pcode": null, "adm4_name": null, "name_latin": "Lycee Atar mdrs@ thnwy@ 'Tr" }, "geometry": { "type": "Polygon", "coordinates": [ [ [ -13.0489952, 20.5104198 ], [ -13.0476514, 20.5102289 ], [ -13.0477264, 20.509925 ], [ -13.0478981, 20.5096561 ], [ -13.0480242, 20.5093748 ], [ -13.0481913, 20.5085857 ], [ -13.0492466, 20.5087835 ], [ -13.0491098, 20.5095196 ], [ -13.0489952, 20.5104198 ] ] ] } },
{ "type": "Feature", "properties": { "id": "way/224311855", "name": null, "name_en": null, "name_ar": null, "amenity": "school", "building": null, "operator_type": null, "capacity_persons": null, "addr_full": null, "addr_city": "Atar أطار", "source": null, "adm0_pcode": "MRT", "adm0_name": "Mauritania", "adm1_pcode": "MR07", "adm1_name": "Adrar", "adm2_pcode": "MR072", "adm2_name": "Atar", "adm3_pcode": "MR07201", "adm3_name": "Atar", "adm4_pcode": null, "adm4_name": null, "name_latin": null }, "geometry": { "type": "Polygon", "coordinates": [ [ [ -13.0524353, 20.5014299 ], [ -13.0520642, 20.5012975 ], [ -13.0524192, 20.5007368 ], [ -13.052725, 20.5009482 ], [ -13.0525192, 20.5012905 ], [ -13.0524353, 20.5014299 ] ] ] } },
{ "type": "Feature", "properties": { "id": "way/226730206", "name": "Ecole", "name_en": null, "name_ar": null, "amenity": "school", "building": null, "operator_type": null, "capacity_persons": null, "addr_full": null, "addr_city": null, "source": null, "adm0_pcode": "MRT", "adm0_name": "Mauritania", "adm1_pcode": "MR07", "adm1_name": "Adrar", "adm2_pcode": "MR072", "adm2_name": "Atar", "adm3_pcode": "MR07201", "adm3_name": "Atar", "adm4_pcode": null, "adm4_name": null, "name_latin": "Ecole" }, "geometry": { "type": "Polygon", "coordinates": [ [ [ -13.0616167, 20.4849682 ], [ -13.0611415, 20.4848524 ], [ -13.0612587, 20.4844548 ], [ -13.0617402, 20.4846002 ], [ -13.0616167, 20.4849682 ] ] ] } },
{ "type": "Feature", "properties": { "id": "way/224311423", "name": null, "name_en": null, "name_ar": null, "amenity": "school", "building": null, "operator_type": null, "capacity_persons": null, "addr_full": null, "addr_city": "Atar أطار", "source": null, "adm0_pcode": "MRT", "adm0_name": "Mauritania", "adm1_pcode": "MR07", "adm1_name": "Adrar", "adm2_pcode": "MR072", "adm2_name": "Atar", "adm3_pcode": "MR07201", "adm3_name": "Atar", "adm4_pcode": null, "adm4_name": null, "name_latin": null }, "geometry": { "type": "Polygon", "coordinates": [ [ [ -13.0590299, 20.4920883 ], [ -13.0593023, 20.4916551 ], [ -13.0589032, 20.4914147 ], [ -13.0586371, 20.4919251 ], [ -13.0590299, 20.4920883 ] ] ] } },
{ "type": "Feature", "properties": { "id": "way/428657695", "name": null, "name_en": null, "name_ar": null, "amenity": "school", "building": null, "operator_type": null, "capacity_persons": null, "addr_full": null, "addr_city": null, "source": null, "adm0_pcode": "MRT", "adm0_name": "Mauritania", "adm1_pcode": "MR07", "adm1_name": "Adrar", "adm2_pcode": "MR072", "adm2_name": "Atar", "adm3_pcode": "MR07201", "adm3_name": "Atar", "adm4_pcode": null, "adm4_name": null, "name_latin": null }, "geometry": { "type": "Polygon", "coordinates": [ [ [ -13.0614067, 20.4932011 ], [ -13.0616669, 20.4928543 ], [ -13.0613746, 20.492686 ], [ -13.061101, 20.4927036 ], [ -13.0609454, 20.4929599 ], [ -13.0614067, 20.4932011 ] ] ] } },
{ "type": "Feature", "properties": { "id": "relation/4192553", "name": null, "name_en": null, "name_ar": null, "amenity": null, "building": "school", "operator_type": null, "capacity_persons": null, "addr_full": null, "addr_city": "Atar أطار", "source": null, "adm0_pcode": "MRT", "adm0_name": "Mauritania", "adm1_pcode": "MR07", "adm1_name": "Adrar", "adm2_pcode": "MR072", "adm2_name": "Atar", "adm3_pcode": "MR07201", "adm3_name": "Atar", "adm4_pcode": null, "adm4_name": null, "name_latin": null }, "geometry": { "type": "Polygon", "coordinates": [ [ [ -13.0558025, 20.5144775 ], [ -13.0557822, 20.5144723 ], [ -13.0557702, 20.5145137 ], [ -13.055753, 20.5145093 ], [ -13.0557465, 20.5145315 ], [ -13.0556887, 20.5145167 ], [ -13.0556784, 20.5145523 ], [ -13.0556385, 20.5145421 ], [ -13.0556498, 20.5145034 ], [ -13.0555978, 20.5144901 ], [ -13.0556205, 20.514412 ], [ -13.055595, 20.5144056 ], [ -13.0556075, 20.5143626 ], [ -13.0558201, 20.5144167 ], [ -13.0558025, 20.5144775 ] ], [ [ -13.0556579, 20.514488 ], [ -13.0556914, 20.5144964 ], [ -13.0557037, 20.5144538 ], [ -13.0556702, 20.5144453 ], [ -13.0556579, 20.514488 ] ] ] } },
{ "type": "Feature", "properties": { "id": "way/221469626", "name": "Centre de formation professionnelle مركز التدريب المهني", "name_en": null, "name_ar": "مركز التدريب المهني", "amenity": "college", "building": null, "operator_type": null, "capacity_persons": null, "addr_full": null, "addr_city": "Atar أطار", "source": null, "adm0_pcode": "MRT", "adm0_name": "Mauritania", "adm1_pcode": "MR07", "adm1_name": "Adrar", "adm2_pcode": "MR072", "adm2_name": "Atar", "adm3_pcode": "MR07201", "adm3_name": "Atar", "adm4_pcode": null, "adm4_name": null, "name_latin": "Centre de formation professionnelle mrkz ltdryb lmhny" }, "geometry": { "type": "Polygon", "coordinates": [ [ [ -13.0561487, 20.5148763 ], [ -13.0556566, 20.5147269 ], [ -13.0551406, 20.5145757 ], [ -13.0552582, 20.5141127 ], [ -13.0558027, 20.5142081 ], [ -13.0558697, 20.5139444 ], [ -13.0560843, 20.5139469 ], [ -13.0561487, 20.5148763 ] ] ] } },
{ "type": "Feature", "properties": { "id": "way/221416408", "name": "Collège de filles كلية البنات", "name_en": null, "name_ar": "كلية البنات", "amenity": "school", "building": null, "operator_type": null, "capacity_persons": null, "addr_full": null, "addr_city": "Atar أطار", "source": null, "adm0_pcode": "MRT", "adm0_name": "Mauritania", "adm1_pcode": "MR07", "adm1_name": "Adrar", "adm2_pcode": "MR072", "adm2_name": "Atar", "adm3_pcode": "MR07201", "adm3_name": "Atar", "adm4_pcode": null, "adm4_name": null, "name_latin": "College de filles kly@ lbnt" }, "geometry": { "type": "Polygon", "coordinates": [ [ [ -13.0545576, 20.5147889 ], [ -13.0538586, 20.5153061 ], [ -13.0533357, 20.5150143 ], [ -13.0537125, 20.5144318 ], [ -13.0538358, 20.5142385 ], [ -13.054022, 20.514347 ], [ -13.0545576, 20.5147889 ] ] ] } },
{ "type": "Feature", "properties": { "id": "way/427139659", "name": null, "name_en": null, "name_ar": null, "amenity": "school", "building": null, "operator_type": null, "capacity_persons": null, "addr_full": null, "addr_city": "Atar أطار", "source": null, "adm0_pcode": "MRT", "adm0_name": "Mauritania", "adm1_pcode": "MR07", "adm1_name": "Adrar", "adm2_pcode": "MR072", "adm2_name": "Atar", "adm3_pcode": "MR07201", "adm3_name": "Atar", "adm4_pcode": null, "adm4_name": null, "name_latin": null }, "geometry": { "type": "Polygon", "coordinates": [ [ [ -13.0506232, 20.5195466 ], [ -13.0502263, 20.5193155 ], [ -13.0502424, 20.5191698 ], [ -13.0507144, 20.5191095 ], [ -13.0509641, 20.5194055 ], [ -13.0507895, 20.5196546 ], [ -13.0506232, 20.5195466 ] ] ] } },
{ "type": "Feature", "properties": { "id": "way/429536233", "name": null, "name_en": null, "name_ar": null, "amenity": "school", "building": null, "operator_type": null, "capacity_persons": null, "addr_full": null, "addr_city": null, "source": null, "adm0_pcode": "MRT", "adm0_name": "Mauritania", "adm1_pcode": "MR07", "adm1_name": "Adrar", "adm2_pcode": "MR072", "adm2_name": "Atar", "adm3_pcode": "MR07201", "adm3_name": "Atar", "adm4_pcode": null, "adm4_name": null, "name_latin": null }, "geometry": { "type": "Polygon", "coordinates": [ [ [ -13.0563829, 20.5189538 ], [ -13.0558813, 20.5188609 ], [ -13.0561066, 20.5184263 ], [ -13.0564097, 20.5183836 ], [ -13.0563829, 20.5189538 ] ] ] } },
{ "type": "Feature", "properties": { "id": "way/221788974", "name": null, "name_en": null, "name_ar": null, "amenity": "school", "building": null, "operator_type": null, "capacity_persons": null, "addr_full": null, "addr_city": null, "source": null, "adm0_pcode": "MRT", "adm0_name": "Mauritania", "adm1_pcode": "MR07", "adm1_name": "Adrar", "adm2_pcode": "MR072", "adm2_name": "Atar", "adm3_pcode": "MR07201", "adm3_name": "Atar", "adm4_pcode": null, "adm4_name": null, "name_latin": null }, "geometry": { "type": "Polygon", "coordinates": [ [ [ -13.0614727, 20.5193654 ], [ -13.0609605, 20.5193981 ], [ -13.0609605, 20.518961 ], [ -13.0613997, 20.518827 ], [ -13.0614727, 20.5193654 ] ] ] } },
{ "type": "Feature", "properties": { "id": "way/229234749", "name": "Lycée 6eme", "name_en": null, "name_ar": null, "amenity": "school", "building": null, "operator_type": null, "capacity_persons": null, "addr_full": null, "addr_city": null, "source": null, "adm0_pcode": "MRT", "adm0_name": "Mauritania", "adm1_pcode": "MR13", "adm1_name": "Nouakchott Ouest", "adm2_pcode": "MR133", "adm2_name": "Sebkha", "adm3_pcode": "MR13301", "adm3_name": "Sebkha", "adm4_pcode": null, "adm4_name": null, "name_latin": "Lycee 6eme" }, "geometry": { "type": "Polygon", "coordinates": [ [ [ -16.0017097, 18.0818527 ], [ -16.000902, 18.0817165 ], [ -16.0010323, 18.081023 ], [ -16.0012805, 18.0810721 ], [ -16.0018269, 18.0811654 ], [ -16.0017097, 18.0818527 ] ] ] } },
{ "type": "Feature", "properties": { "id": "way/459839516", "name": "Echos du Sahel صدى الساحل", "name_en": null, "name_ar": "صدى الساحل", "amenity": "school", "building": null, "operator_type": null, "capacity_persons": null, "addr_full": null, "addr_city": "Nouakchott نواكشوط", "source": null, "adm0_pcode": "MRT", "adm0_name": "Mauritania", "adm1_pcode": "MR13", "adm1_name": "Nouakchott Ouest", "adm2_pcode": "MR133", "adm2_name": "Sebkha", "adm3_pcode": "MR13301", "adm3_name": "Sebkha", "adm4_pcode": null, "adm4_name": null, "name_latin": "Echos du Sahel Sd~ lsHl" }, "geometry": { "type": "Polygon", "coordinates": [ [ [ -16.0128231, 18.091258 ], [ -16.0130042, 18.0910821 ], [ -16.0128124, 18.0909444 ], [ -16.012632, 18.0911248 ], [ -16.0128231, 18.091258 ] ] ] } },
{ "type": "Feature", "properties": { "id": "way/580473073", "name": "Mauricana Garage & Training Center", "name_en": null, "name_ar": null, "amenity": "college", "building": null, "operator_type": null, "capacity_persons": null, "addr_full": null, "addr_city": "نواكشوط", "source": null, "adm0_pcode": "MRT", "adm0_name": "Mauritania", "adm1_pcode": "MR13", "adm1_name": "Nouakchott Ouest", "adm2_pcode": "MR133", "adm2_name": "Sebkha", "adm3_pcode": "MR13301", "adm3_name": "Sebkha", "adm4_pcode": null, "adm4_name": null, "name_latin": "Mauricana Garage & Training Center" }, "geometry": { "type": "Polygon", "coordinates": [ [ [ -16.0134597, 18.0917219 ], [ -16.0136113, 18.0915135 ], [ -16.0137311, 18.0915922 ], [ -16.0135796, 18.0918006 ], [ -16.0134597, 18.0917219 ] ] ] } },
{ "type": "Feature", "properties": { "id": "way/229601393", "name": "Complexe Scolaire les quatres vents", "name_en": null, "name_ar": null, "amenity": "school", "building": null, "operator_type": null, "capacity_persons": null, "addr_full": null, "addr_city": null, "source": null, "adm0_pcode": "MRT", "adm0_name": "Mauritania", "adm1_pcode": "MR13", "adm1_name": "Nouakchott Ouest", "adm2_pcode": "MR133", "adm2_name": "Sebkha", "adm3_pcode": "MR13301", "adm3_name": "Sebkha", "adm4_pcode": null, "adm4_name": null, "name_latin": "Complexe Scolaire les quatres vents" }, "geometry": { "type": "Polygon", "coordinates": [ [ [ -16.0139649, 18.090995 ], [ -16.0138018, 18.091171 ], [ -16.013626, 18.0913606 ], [ -16.0134758, 18.0912586 ], [ -16.0135081, 18.0912158 ], [ -16.0136138, 18.0910759 ], [ -16.013626, 18.0910597 ], [ -16.0135831, 18.091002 ], [ -16.01372, 18.0908245 ], [ -16.013814, 18.09089 ], [ -16.0139649, 18.090995 ] ] ] } },
{ "type": "Feature", "properties": { "id": "way/229687039", "name": null, "name_en": null, "name_ar": null, "amenity": "school", "building": null, "operator_type": null, "capacity_persons": null, "addr_full": null, "addr_city": null, "source": null, "adm0_pcode": "MRT", "adm0_name": "Mauritania", "adm1_pcode": "MR13", "adm1_name": "Nouakchott Ouest", "adm2_pcode": "MR133", "adm2_name": "Sebkha", "adm3_pcode": "MR13301", "adm3_name": "Sebkha", "adm4_pcode": null, "adm4_name": null, "name_latin": null }, "geometry": { "type": "Polygon", "coordinates": [ [ [ -16.013732, 18.0779278 ], [ -16.013645, 18.0779262 ], [ -16.0136235, 18.0779258 ], [ -16.0134474, 18.0779226 ], [ -16.0134048, 18.0779218 ], [ -16.0132317, 18.0779187 ], [ -16.0131771, 18.0779177 ], [ -16.0131897, 18.0772902 ], [ -16.0137446, 18.0773002 ], [ -16.0137433, 18.0773669 ], [ -16.0137426, 18.0773991 ], [ -16.0137416, 18.0774484 ], [ -16.0137342, 18.0778174 ], [ -16.0137336, 18.0778492 ], [ -16.0137329, 18.0778848 ], [ -16.013732, 18.0779278 ] ] ] } },
{ "type": "Feature", "properties": { "id": "way/229234743", "name": null, "name_en": null, "name_ar": null, "amenity": "school", "building": null, "operator_type": null, "capacity_persons": null, "addr_full": null, "addr_city": null, "source": null, "adm0_pcode": "MRT", "adm0_name": "Mauritania", "adm1_pcode": "MR13", "adm1_name": "Nouakchott Ouest", "adm2_pcode": "MR133", "adm2_name": "Sebkha", "adm3_pcode": "MR13301", "adm3_name": "Sebkha", "adm4_pcode": null, "adm4_name": null, "name_latin": null }, "geometry": { "type": "Polygon", "coordinates": [ [ [ -16.0018231, 18.0740286 ], [ -16.0013354, 18.0743278 ], [ -16.0010092, 18.0738072 ], [ -16.0014724, 18.0735146 ], [ -16.0018231, 18.0740286 ] ] ] } },
{ "type": "Feature", "properties": { "id": "way/368159480", "name": "École chams dine", "name_en": null, "name_ar": null, "amenity": "school", "building": null, "operator_type": null, "capacity_persons": null, "addr_full": null, "addr_city": null, "source": null, "adm0_pcode": "MRT", "adm0_name": "Mauritania", "adm1_pcode": "MR13", "adm1_name": "Nouakchott Ouest", "adm2_pcode": "MR133", "adm2_name": "Sebkha", "adm3_pcode": "MR13301", "adm3_name": "Sebkha", "adm4_pcode": null, "adm4_name": null, "name_latin": "Ecole chams dine" }, "geometry": { "type": "Polygon", "coordinates": [ [ [ -15.9999155, 18.0737092 ], [ -16.000016, 18.0736444 ], [ -15.999873, 18.0734513 ], [ -15.9998387, 18.073479 ], [ -15.999755, 18.0735465 ], [ -15.9997778, 18.0735696 ], [ -15.9999155, 18.0737092 ] ] ] } },
{ "type": "Feature", "properties": { "id": "way/229626178", "name": "Licée Sebkha 1", "name_en": null, "name_ar": null, "amenity": "school", "building": null, "operator_type": null, "capacity_persons": null, "addr_full": null, "addr_city": null, "source": null, "adm0_pcode": "MRT", "adm0_name": "Mauritania", "adm1_pcode": "MR13", "adm1_name": "Nouakchott Ouest", "adm2_pcode": "MR133", "adm2_name": "Sebkha", "adm3_pcode": "MR13301", "adm3_name": "Sebkha", "adm4_pcode": null, "adm4_name": null, "name_latin": "Licee Sebkha 1" }, "geometry": { "type": "Polygon", "coordinates": [ [ [ -15.9997153, 18.0753359 ], [ -15.9991253, 18.0757118 ], [ -15.9985103, 18.0748398 ], [ -15.9991003, 18.0744638 ], [ -15.9993023, 18.0747625 ], [ -15.9997153, 18.0753359 ] ] ] } },
{ "type": "Feature", "properties": { "id": "way/229485236", "name": null, "name_en": null, "name_ar": null, "amenity": "school", "building": null, "operator_type": null, "capacity_persons": null, "addr_full": null, "addr_city": null, "source": null, "adm0_pcode": "MRT", "adm0_name": "Mauritania", "adm1_pcode": "MR13", "adm1_name": "Nouakchott Ouest", "adm2_pcode": "MR133", "adm2_name": "Sebkha", "adm3_pcode": "MR13301", "adm3_name": "Sebkha", "adm4_pcode": null, "adm4_name": null, "name_latin": null }, "geometry": { "type": "Polygon", "coordinates": [ [ [ -16.0009798, 18.08002 ], [ -16.000236, 18.0799202 ], [ -16.0003102, 18.0794203 ], [ -16.001054, 18.0795202 ], [ -16.0009798, 18.08002 ] ] ] } },
{ "type": "Feature", "properties": { "id": "way/229485205", "name": null, "name_en": null, "name_ar": null, "amenity": "school", "building": null, "operator_type": null, "capacity_persons": null, "addr_full": null, "addr_city": null, "source": null, "adm0_pcode": "MRT", "adm0_name": "Mauritania", "adm1_pcode": "MR13", "adm1_name": "Nouakchott Ouest", "adm2_pcode": "MR133", "adm2_name": "Sebkha", "adm3_pcode": "MR13301", "adm3_name": "Sebkha", "adm4_pcode": null, "adm4_name": null, "name_latin": null }, "geometry": { "type": "Polygon", "coordinates": [ [ [ -15.9970733, 18.0776537 ], [ -15.9968037, 18.0778266 ], [ -15.9964608, 18.0773433 ], [ -15.9967305, 18.0771704 ], [ -15.9970733, 18.0776537 ] ] ] } },
{ "type": "Feature", "properties": { "id": "way/364361403", "name": "Lycée Zahra مدرسة زهرة الثانوية", "name_en": "Zahra High School (Private)", "name_ar": "مدرسة زهرة الثانوية (خاص)", "amenity": "school", "building": null, "operator_type": null, "capacity_persons": null, "addr_full": null, "addr_city": "Nouakchott نواكشوط", "source": null, "adm0_pcode": "MRT", "adm0_name": "Mauritania", "adm1_pcode": "MR13", "adm1_name": "Nouakchott Ouest", "adm2_pcode": "MR132", "adm2_name": "Tevragh Zeina", "adm3_pcode": "MR13201", "adm3_name": "Tefragh Zeina", "adm4_pcode": null, "adm4_name": null, "name_latin": "Zahra High School (Private)" }, "geometry": { "type": "Polygon", "coordinates": [ [ [ -15.9912192, 18.0792331 ], [ -15.991124, 18.0790982 ], [ -15.9912113, 18.0790425 ], [ -15.991306, 18.0791768 ], [ -15.9912808, 18.0791929 ], [ -15.9912602, 18.0791636 ], [ -15.9912427, 18.0791747 ], [ -15.9912638, 18.0792046 ], [ -15.9912192, 18.0792331 ] ] ] } },
{ "type": "Feature", "properties": { "id": "way/1032821823", "name": null, "name_en": null, "name_ar": null, "amenity": null, "building": "school", "operator_type": null, "capacity_persons": null, "addr_full": null, "addr_city": null, "source": null, "adm0_pcode": "MRT", "adm0_name": "Mauritania", "adm1_pcode": "MR13", "adm1_name": "Nouakchott Ouest", "adm2_pcode": "MR132", "adm2_name": "Tevragh Zeina", "adm3_pcode": "MR13201", "adm3_name": "Tefragh Zeina", "adm4_pcode": null, "adm4_name": null, "name_latin": null }, "geometry": { "type": "Polygon", "coordinates": [ [ [ -15.9913396, 18.0753049 ], [ -15.9912913, 18.0752382 ], [ -15.9911356, 18.0753403 ], [ -15.9911839, 18.0754069 ], [ -15.9913396, 18.0753049 ] ] ] } },
{ "type": "Feature", "properties": { "id": "way/1040900977", "name": null, "name_en": null, "name_ar": null, "amenity": null, "building": "school", "operator_type": null, "capacity_persons": null, "addr_full": null, "addr_city": null, "source": null, "adm0_pcode": "MRT", "adm0_name": "Mauritania", "adm1_pcode": "MR13", "adm1_name": "Nouakchott Ouest", "adm2_pcode": "MR132", "adm2_name": "Tevragh Zeina", "adm3_pcode": "MR13201", "adm3_name": "Tefragh Zeina", "adm4_pcode": null, "adm4_name": null, "name_latin": null }, "geometry": { "type": "Polygon", "coordinates": [ [ [ -15.9918968, 18.0754789 ], [ -15.9919471, 18.0755522 ], [ -15.9918642, 18.0756036 ], [ -15.9918139, 18.0755303 ], [ -15.9918968, 18.0754789 ] ] ] } },
{ "type": "Feature", "properties": { "id": "way/1032821825", "name": null, "name_en": null, "name_ar": null, "amenity": null, "building": "school", "operator_type": null, "capacity_persons": null, "addr_full": null, "addr_city": null, "source": null, "adm0_pcode": "MRT", "adm0_name": "Mauritania", "adm1_pcode": "MR13", "adm1_name": "Nouakchott Ouest", "adm2_pcode": "MR132", "adm2_name": "Tevragh Zeina", "adm3_pcode": "MR13201", "adm3_name": "Tefragh Zeina", "adm4_pcode": null, "adm4_name": null, "name_latin": null }, "geometry": { "type": "Polygon", "coordinates": [ [ [ -15.9920164, 18.0753272 ], [ -15.9919736, 18.0752675 ], [ -15.9917518, 18.0754113 ], [ -15.9917947, 18.075471 ], [ -15.9920164, 18.0753272 ] ] ] } },
{ "type": "Feature", "properties": { "id": "way/229267565", "name": null, "name_en": null, "name_ar": null, "amenity": "school", "building": null, "operator_type": null, "capacity_persons": null, "addr_full": null, "addr_city": null, "source": null, "adm0_pcode": "MRT", "adm0_name": "Mauritania", "adm1_pcode": "MR13", "adm1_name": "Nouakchott Ouest", "adm2_pcode": "MR132", "adm2_name": "Tevragh Zeina", "adm3_pcode": "MR13201", "adm3_name": "Tefragh Zeina", "adm4_pcode": null, "adm4_name": null, "name_latin": null }, "geometry": { "type": "Polygon", "coordinates": [ [ [ -15.9924846, 18.0754426 ], [ -15.9915272, 18.0760432 ], [ -15.9910312, 18.0753713 ], [ -15.9919884, 18.0747554 ], [ -15.9924846, 18.0754426 ] ] ] } },
{ "type": "Feature", "properties": { "id": "way/1040900978", "name": null, "name_en": null, "name_ar": null, "amenity": null, "building": "school", "operator_type": null, "capacity_persons": null, "addr_full": null, "addr_city": null, "source": null, "adm0_pcode": "MRT", "adm0_name": "Mauritania", "adm1_pcode": "MR13", "adm1_name": "Nouakchott Ouest", "adm2_pcode": "MR132", "adm2_name": "Tevragh Zeina", "adm3_pcode": "MR13201", "adm3_name": "Tefragh Zeina", "adm4_pcode": null, "adm4_name": null, "name_latin": null }, "geometry": { "type": "Polygon", "coordinates": [ [ [ -15.9915373, 18.0756185 ], [ -15.9917714, 18.075477 ], [ -15.9918214, 18.0755517 ], [ -15.9917392, 18.0755981 ], [ -15.9917305, 18.0755828 ], [ -15.991652, 18.0756402 ], [ -15.9916587, 18.0756497 ], [ -15.9915874, 18.0756932 ], [ -15.9915373, 18.0756185 ] ] ] } },
{ "type": "Feature", "properties": { "id": "way/1040900984", "name": null, "name_en": null, "name_ar": null, "amenity": null, "building": "school", "operator_type": null, "capacity_persons": null, "addr_full": null, "addr_city": null, "source": null, "adm0_pcode": "MRT", "adm0_name": "Mauritania", "adm1_pcode": "MR13", "adm1_name": "Nouakchott Ouest", "adm2_pcode": "MR132", "adm2_name": "Tevragh Zeina", "adm3_pcode": "MR13201", "adm3_name": "Tefragh Zeina", "adm4_pcode": null, "adm4_name": null, "name_latin": null }, "geometry": { "type": "Polygon", "coordinates": [ [ [ -15.9916963, 18.0753641 ], [ -15.9917377, 18.0754254 ], [ -15.9915124, 18.0755631 ], [ -15.991471, 18.0755018 ], [ -15.9916963, 18.0753641 ] ] ] } },
{ "type": "Feature", "properties": { "id": "way/1032821821", "name": null, "name_en": null, "name_ar": null, "amenity": null, "building": "school", "operator_type": null, "capacity_persons": null, "addr_full": null, "addr_city": null, "source": null, "adm0_pcode": "MRT", "adm0_name": "Mauritania", "adm1_pcode": "MR13", "adm1_name": "Nouakchott Ouest", "adm2_pcode": "MR132", "adm2_name": "Tevragh Zeina", "adm3_pcode": "MR13201", "adm3_name": "Tefragh Zeina", "adm4_pcode": null, "adm4_name": null, "name_latin": null }, "geometry": { "type": "Polygon", "coordinates": [ [ [ -15.9917114, 18.0750723 ], [ -15.9916578, 18.0749996 ], [ -15.9915018, 18.0751035 ], [ -15.9915555, 18.0751762 ], [ -15.9917114, 18.0750723 ] ] ] } },
{ "type": "Feature", "properties": { "id": "way/1032821820", "name": null, "name_en": null, "name_ar": null, "amenity": null, "building": "school", "operator_type": null, "capacity_persons": null, "addr_full": null, "addr_city": null, "source": null, "adm0_pcode": "MRT", "adm0_name": "Mauritania", "adm1_pcode": "MR13", "adm1_name": "Nouakchott Ouest", "adm2_pcode": "MR132", "adm2_name": "Tevragh Zeina", "adm3_pcode": "MR13201", "adm3_name": "Tefragh Zeina", "adm4_pcode": null, "adm4_name": null, "name_latin": null }, "geometry": { "type": "Polygon", "coordinates": [ [ [ -15.9918851, 18.0749686 ], [ -15.9918288, 18.0748866 ], [ -15.9916739, 18.0749829 ], [ -15.9917302, 18.0750648 ], [ -15.9918851, 18.0749686 ] ] ] } },
{ "type": "Feature", "properties": { "id": "way/1032821824", "name": null, "name_en": null, "name_ar": null, "amenity": null, "building": "school", "operator_type": null, "capacity_persons": null, "addr_full": null, "addr_city": null, "source": null, "adm0_pcode": "MRT", "adm0_name": "Mauritania", "adm1_pcode": "MR13", "adm1_name": "Nouakchott Ouest", "adm2_pcode": "MR132", "adm2_name": "Tevragh Zeina", "adm3_pcode": "MR13201", "adm3_name": "Tefragh Zeina", "adm4_pcode": null, "adm4_name": null, "name_latin": null }, "geometry": { "type": "Polygon", "coordinates": [ [ [ -15.991948, 18.0752028 ], [ -15.9919029, 18.0751403 ], [ -15.9916757, 18.0752886 ], [ -15.9917209, 18.0753511 ], [ -15.991948, 18.0752028 ] ] ] } },
{ "type": "Feature", "properties": { "id": "way/1039618566", "name": null, "name_en": null, "name_ar": null, "amenity": null, "building": "school", "operator_type": null, "capacity_persons": null, "addr_full": null, "addr_city": null, "source": null, "adm0_pcode": "MRT", "adm0_name": "Mauritania", "adm1_pcode": "MR13", "adm1_name": "Nouakchott Ouest", "adm2_pcode": "MR133", "adm2_name": "Sebkha", "adm3_pcode": "MR13301", "adm3_name": "Sebkha", "adm4_pcode": null, "adm4_name": null, "name_latin": null }, "geometry": { "type": "Polygon", "coordinates": [ [ [ -15.9922203, 18.0752744 ], [ -15.992061, 18.0753718 ], [ -15.9920164, 18.0753272 ], [ -15.992188, 18.0752244 ], [ -15.9922203, 18.0752744 ] ] ] } },
{ "type": "Feature", "properties": { "id": "way/1032821822", "name": null, "name_en": null, "name_ar": null, "amenity": null, "building": "school", "operator_type": null, "capacity_persons": null, "addr_full": null, "addr_city": null, "source": null, "adm0_pcode": "MRT", "adm0_name": "Mauritania", "adm1_pcode": "MR13", "adm1_name": "Nouakchott Ouest", "adm2_pcode": "MR132", "adm2_name": "Tevragh Zeina", "adm3_pcode": "MR13201", "adm3_name": "Tefragh Zeina", "adm4_pcode": null, "adm4_name": null, "name_latin": null }, "geometry": { "type": "Polygon", "coordinates": [ [ [ -15.9915383, 18.075184 ], [ -15.9914888, 18.075114 ], [ -15.9913034, 18.0752325 ], [ -15.991353, 18.0753025 ], [ -15.9915383, 18.075184 ] ] ] } },
{ "type": "Feature", "properties": { "id": "way/367425012", "name": "Lycée Diam Ly", "name_en": null, "name_ar": null, "amenity": "school", "building": "yes", "operator_type": null, "capacity_persons": null, "addr_full": null, "addr_city": null, "source": null, "adm0_pcode": "MRT", "adm0_name": "Mauritania", "adm1_pcode": "MR13", "adm1_name": "Nouakchott Ouest", "adm2_pcode": "MR133", "adm2_name": "Sebkha", "adm3_pcode": "MR13301", "adm3_name": "Sebkha", "adm4_pcode": null, "adm4_name": null, "name_latin": "Lycee Diam Ly" }, "geometry": { "type": "Polygon", "coordinates": [ [ [ -15.9948381, 18.0714705 ], [ -15.9947876, 18.0713969 ], [ -15.9949756, 18.0712841 ], [ -15.9950207, 18.0713556 ], [ -15.9948381, 18.0714705 ] ] ] } },
{ "type": "Feature", "properties": { "id": "way/229267536", "name": "École No. 10 / المدرسة رقم 10", "name_en": null, "name_ar": "المدرسة رقم 10", "amenity": "school", "building": null, "operator_type": null, "capacity_persons": null, "addr_full": null, "addr_city": "Nouakchott نواكشوط", "source": null, "adm0_pcode": "MRT", "adm0_name": "Mauritania", "adm1_pcode": "MR15", "adm1_name": "Nouakchott Sud", "adm2_pcode": "MR151", "adm2_name": "El Mina", "adm3_pcode": "MR15101", "adm3_name": "El Mina", "adm4_pcode": null, "adm4_name": null, "name_latin": "Ecole No. 10 / lmdrs@ rqm 10" }, "geometry": { "type": "Polygon", "coordinates": [ [ [ -15.9857523, 18.0691412 ], [ -15.9853477, 18.0693991 ], [ -15.9849188, 18.0687907 ], [ -15.9853234, 18.0685328 ], [ -15.9857523, 18.0691412 ] ] ] } },
{ "type": "Feature", "properties": { "id": "way/229267537", "name": "Lycée El Mina مدرسة ثانوية الميناء", "name_en": null, "name_ar": "مدرسة ثانوية الميناء", "amenity": "school", "building": null, "operator_type": null, "capacity_persons": null, "addr_full": null, "addr_city": "Nouakchott نواكشوط", "source": null, "adm0_pcode": "MRT", "adm0_name": "Mauritania", "adm1_pcode": "MR15", "adm1_name": "Nouakchott Sud", "adm2_pcode": "MR151", "adm2_name": "El Mina", "adm3_pcode": "MR15101", "adm3_name": "El Mina", "adm4_pcode": null, "adm4_name": null, "name_latin": "Lycee El Mina mdrs@ thnwy@ lmyn" }, "geometry": { "type": "Polygon", "coordinates": [ [ [ -15.9866511, 18.0685752 ], [ -15.9857523, 18.0691412 ], [ -15.9853234, 18.0685328 ], [ -15.9851229, 18.0682248 ], [ -15.9860302, 18.0676723 ], [ -15.9866511, 18.0685752 ] ] ] } },
{ "type": "Feature", "properties": { "id": "way/228683588", "name": "CFPP مركز التدريب المهني", "name_en": null, "name_ar": "مركز التدريب المهني", "amenity": "university", "building": null, "operator_type": null, "capacity_persons": null, "addr_full": null, "addr_city": "نواكشوط", "source": null, "adm0_pcode": "MRT", "adm0_name": "Mauritania", "adm1_pcode": "MR13", "adm1_name": "Nouakchott Ouest", "adm2_pcode": "MR132", "adm2_name": "Tevragh Zeina", "adm3_pcode": "MR13201", "adm3_name": "Tefragh Zeina", "adm4_pcode": null, "adm4_name": null, "name_latin": "CFPP mrkz ltdryb lmhny" }, "geometry": { "type": "Polygon", "coordinates": [ [ [ -15.9829665, 18.0753006 ], [ -15.9819888, 18.075929 ], [ -15.9814661, 18.0752011 ], [ -15.9824865, 18.0745279 ], [ -15.9824968, 18.0745549 ], [ -15.9827253, 18.074905 ], [ -15.9829665, 18.0753006 ] ] ] } },
{ "type": "Feature", "properties": { "id": "way/228827687", "name": "مدرسة 5", "name_en": null, "name_ar": "مدرسة 5", "amenity": "school", "building": null, "operator_type": null, "capacity_persons": null, "addr_full": null, "addr_city": "نواكشوط", "source": null, "adm0_pcode": "MRT", "adm0_name": "Mauritania", "adm1_pcode": "MR13", "adm1_name": "Nouakchott Ouest", "adm2_pcode": "MR132", "adm2_name": "Tevragh Zeina", "adm3_pcode": "MR13201", "adm3_name": "Tefragh Zeina", "adm4_pcode": null, "adm4_name": null, "name_latin": "mdrs@ 5" }, "geometry": { "type": "Polygon", "coordinates": [ [ [ -15.9800501, 18.0804782 ], [ -15.9794744, 18.0803871 ], [ -15.9795728, 18.0798247 ], [ -15.9801486, 18.0799158 ], [ -15.9800501, 18.0804782 ] ] ] } },
{ "type": "Feature", "properties": { "id": "way/229122496", "name": "École 6 مدرسة", "name_en": null, "name_ar": "مدرسة 6", "amenity": "school", "building": null, "operator_type": null, "capacity_persons": null, "addr_full": null, "addr_city": "Nouakchott نواكشوط", "source": null, "adm0_pcode": "MRT", "adm0_name": "Mauritania", "adm1_pcode": "MR13", "adm1_name": "Nouakchott Ouest", "adm2_pcode": "MR132", "adm2_name": "Tevragh Zeina", "adm3_pcode": "MR13201", "adm3_name": "Tefragh Zeina", "adm4_pcode": null, "adm4_name": null, "name_latin": "Ecole 6 mdrs@" }, "geometry": { "type": "Polygon", "coordinates": [ [ [ -15.9838275, 18.0802256 ], [ -15.9834049, 18.0801526 ], [ -15.9835154, 18.0795547 ], [ -15.9836546, 18.0794816 ], [ -15.9837842, 18.0796049 ], [ -15.9838659, 18.0800065 ], [ -15.9838275, 18.0802256 ] ] ] } },
{ "type": "Feature", "properties": { "id": "way/228831610", "name": "École Justice مدرسة العدل", "name_en": null, "name_ar": "مدرسة العدل", "amenity": "school", "building": null, "operator_type": null, "capacity_persons": null, "addr_full": null, "addr_city": "Nouakchott نواكشوط", "source": null, "adm0_pcode": "MRT", "adm0_name": "Mauritania", "adm1_pcode": "MR13", "adm1_name": "Nouakchott Ouest", "adm2_pcode": "MR132", "adm2_name": "Tevragh Zeina", "adm3_pcode": "MR13201", "adm3_name": "Tefragh Zeina", "adm4_pcode": null, "adm4_name": null, "name_latin": "Ecole Justice mdrs@ l`dl" }, "geometry": { "type": "Polygon", "coordinates": [ [ [ -15.982053, 18.0828214 ], [ -15.9815197, 18.0827268 ], [ -15.9815867, 18.0823789 ], [ -15.9821205, 18.08247 ], [ -15.982053, 18.0828214 ] ] ] } },
{ "type": "Feature", "properties": { "id": "way/228824224", "name": null, "name_en": null, "name_ar": null, "amenity": "kindergarten", "building": null, "operator_type": null, "capacity_persons": null, "addr_full": null, "addr_city": "Nouakchott نواكشوط", "source": null, "adm0_pcode": "MRT", "adm0_name": "Mauritania", "adm1_pcode": "MR13", "adm1_name": "Nouakchott Ouest", "adm2_pcode": "MR132", "adm2_name": "Tevragh Zeina", "adm3_pcode": "MR13201", "adm3_name": "Tefragh Zeina", "adm4_pcode": null, "adm4_name": null, "name_latin": null }, "geometry": { "type": "Polygon", "coordinates": [ [ [ -15.9774339, 18.0853243 ], [ -15.9775414, 18.0848487 ], [ -15.9770215, 18.0847564 ], [ -15.976925, 18.0852354 ], [ -15.9774339, 18.0853243 ] ] ] } },
{ "type": "Feature", "properties": { "id": "node/3517315163", "name": "Centre d'anglais de Nouakchott مركز نواكشوط الإنكليزي", "name_en": "Nouakchoott English Center", "name_ar": "مركز نواكشوط الإنكليزي", "amenity": "school", "building": null, "operator_type": null, "capacity_persons": null, "addr_full": null, "addr_city": "Nouakchott نواكشوط", "source": null, "adm0_pcode": "MRT", "adm0_name": "Mauritania", "adm1_pcode": "MR13", "adm1_name": "Nouakchott Ouest", "adm2_pcode": "MR132", "adm2_name": "Tevragh Zeina", "adm3_pcode": "MR13201", "adm3_name": "Tefragh Zeina", "adm4_pcode": null, "adm4_name": null, "name_latin": "Nouakchoott English Center" }, "geometry": { "type": "Point", "coordinates": [ -15.9793242, 18.0917192 ] } },
{ "type": "Feature", "properties": { "id": "way/797385638", "name": "Ge U L'academie", "name_en": null, "name_ar": null, "amenity": "university", "building": null, "operator_type": null, "capacity_persons": null, "addr_full": null, "addr_city": null, "source": null, "adm0_pcode": "MRT", "adm0_name": "Mauritania", "adm1_pcode": "MR13", "adm1_name": "Nouakchott Ouest", "adm2_pcode": "MR132", "adm2_name": "Tevragh Zeina", "adm3_pcode": "MR13201", "adm3_name": "Tefragh Zeina", "adm4_pcode": null, "adm4_name": null, "name_latin": "Ge U L'academie" }, "geometry": { "type": "Polygon", "coordinates": [ [ [ -15.9781605, 18.0936157 ], [ -15.9782034, 18.0932843 ], [ -15.9778909, 18.0932384 ], [ -15.9778829, 18.0932805 ], [ -15.9777488, 18.0932601 ], [ -15.9777547, 18.0932188 ], [ -15.9775903, 18.0932081 ], [ -15.9775302, 18.093515 ], [ -15.9781605, 18.0936157 ] ] ] } },
{ "type": "Feature", "properties": { "id": "node/8716436188", "name": "Institut Francais المعهد الفرنسي", "name_en": null, "name_ar": "المعهد الفرنسي", "amenity": "school", "building": null, "operator_type": null, "capacity_persons": null, "addr_full": null, "addr_city": "Nouakchott", "source": null, "adm0_pcode": "MRT", "adm0_name": "Mauritania", "adm1_pcode": "MR13", "adm1_name": "Nouakchott Ouest", "adm2_pcode": "MR132", "adm2_name": "Tevragh Zeina", "adm3_pcode": "MR13201", "adm3_name": "Tefragh Zeina", "adm4_pcode": null, "adm4_name": null, "name_latin": "Institut Francais lm`hd lfrnsy" }, "geometry": { "type": "Point", "coordinates": [ -15.9832782, 18.0935958 ] } },
{ "type": "Feature", "properties": { "id": "way/1016975886", "name": null, "name_en": null, "name_ar": null, "amenity": null, "building": "school", "operator_type": null, "capacity_persons": null, "addr_full": null, "addr_city": null, "source": null, "adm0_pcode": "MRT", "adm0_name": "Mauritania", "adm1_pcode": "MR13", "adm1_name": "Nouakchott Ouest", "adm2_pcode": "MR132", "adm2_name": "Tevragh Zeina", "adm3_pcode": "MR13201", "adm3_name": "Tefragh Zeina", "adm4_pcode": null, "adm4_name": null, "name_latin": null }, "geometry": { "type": "Polygon", "coordinates": [ [ [ -15.9837616, 18.0924923 ], [ -15.983915, 18.092245 ], [ -15.9839671, 18.0921308 ], [ -15.9837756, 18.0920324 ], [ -15.9835701, 18.092394 ], [ -15.9837616, 18.0924923 ] ] ] } },
{ "type": "Feature", "properties": { "id": "way/1016975893", "name": null, "name_en": null, "name_ar": null, "amenity": null, "building": "kindergarten", "operator_type": null, "capacity_persons": null, "addr_full": null, "addr_city": null, "source": null, "adm0_pcode": "MRT", "adm0_name": "Mauritania", "adm1_pcode": "MR13", "adm1_name": "Nouakchott Ouest", "adm2_pcode": "MR132", "adm2_name": "Tevragh Zeina", "adm3_pcode": "MR13201", "adm3_name": "Tefragh Zeina", "adm4_pcode": null, "adm4_name": null, "name_latin": null }, "geometry": { "type": "Polygon", "coordinates": [ [ [ -15.9839573, 18.0924531 ], [ -15.9840596, 18.0925092 ], [ -15.9839823, 18.09263 ], [ -15.9837519, 18.0924999 ], [ -15.983915, 18.092245 ], [ -15.9840431, 18.0923191 ], [ -15.9839573, 18.0924531 ] ] ] } },
{ "type": "Feature", "properties": { "id": "way/1016975898", "name": null, "name_en": null, "name_ar": null, "amenity": null, "building": "kindergarten", "operator_type": null, "capacity_persons": null, "addr_full": null, "addr_city": null, "source": null, "adm0_pcode": "MRT", "adm0_name": "Mauritania", "adm1_pcode": "MR13", "adm1_name": "Nouakchott Ouest", "adm2_pcode": "MR132", "adm2_name": "Tevragh Zeina", "adm3_pcode": "MR13201", "adm3_name": "Tefragh Zeina", "adm4_pcode": null, "adm4_name": null, "name_latin": null }, "geometry": { "type": "Polygon", "coordinates": [ [ [ -15.9842335, 18.0926413 ], [ -15.9842146, 18.0925772 ], [ -15.9839388, 18.0926507 ], [ -15.9839689, 18.0927527 ], [ -15.9842103, 18.0926884 ], [ -15.9841992, 18.0926505 ], [ -15.9842335, 18.0926413 ] ] ] } },
{ "type": "Feature", "properties": { "id": "way/1016975894", "name": null, "name_en": null, "name_ar": null, "amenity": null, "building": "school", "operator_type": null, "capacity_persons": null, "addr_full": null, "addr_city": null, "source": null, "adm0_pcode": "MRT", "adm0_name": "Mauritania", "adm1_pcode": "MR13", "adm1_name": "Nouakchott Ouest", "adm2_pcode": "MR132", "adm2_name": "Tevragh Zeina", "adm3_pcode": "MR13201", "adm3_name": "Tefragh Zeina", "adm4_pcode": null, "adm4_name": null, "name_latin": null }, "geometry": { "type": "Polygon", "coordinates": [ [ [ -15.9841427, 18.0923362 ], [ -15.9841896, 18.0923683 ], [ -15.9841459, 18.092426 ], [ -15.984099, 18.092394 ], [ -15.9841427, 18.0923362 ] ] ] } },
{ "type": "Feature", "properties": { "id": "way/1016975895", "name": null, "name_en": null, "name_ar": null, "amenity": null, "building": "school", "operator_type": null, "capacity_persons": null, "addr_full": null, "addr_city": null, "source": null, "adm0_pcode": "MRT", "adm0_name": "Mauritania", "adm1_pcode": "MR13", "adm1_name": "Nouakchott Ouest", "adm2_pcode": "MR132", "adm2_name": "Tevragh Zeina", "adm3_pcode": "MR13201", "adm3_name": "Tefragh Zeina", "adm4_pcode": null, "adm4_name": null, "name_latin": null }, "geometry": { "type": "Polygon", "coordinates": [ [ [ -15.9842958, 18.0923659 ], [ -15.984268, 18.0923535 ], [ -15.9842326, 18.0924253 ], [ -15.9842605, 18.0924377 ], [ -15.9842958, 18.0923659 ] ] ] } },
{ "type": "Feature", "properties": { "id": "way/1016975890", "name": null, "name_en": null, "name_ar": null, "amenity": null, "building": "school", "operator_type": null, "capacity_persons": null, "addr_full": null, "addr_city": null, "source": null, "adm0_pcode": "MRT", "adm0_name": "Mauritania", "adm1_pcode": "MR13", "adm1_name": "Nouakchott Ouest", "adm2_pcode": "MR132", "adm2_name": "Tevragh Zeina", "adm3_pcode": "MR13201", "adm3_name": "Tefragh Zeina", "adm4_pcode": null, "adm4_name": null, "name_latin": null }, "geometry": { "type": "Polygon", "coordinates": [ [ [ -15.9844501, 18.0924132 ], [ -15.9843609, 18.092373 ], [ -15.9843309, 18.0924332 ], [ -15.9844201, 18.0924733 ], [ -15.9844501, 18.0924132 ] ] ] } },
{ "type": "Feature", "properties": { "id": "way/332460674", "name": "Lycée Théodore Monod مدرسة تيودور مونو الثانوية", "name_en": null, "name_ar": "مدرسة تيودور مونو الثانوية", "amenity": "school", "building": null, "operator_type": null, "capacity_persons": null, "addr_full": null, "addr_city": "Nouakchott نواكشوط", "source": null, "adm0_pcode": "MRT", "adm0_name": "Mauritania", "adm1_pcode": "MR13", "adm1_name": "Nouakchott Ouest", "adm2_pcode": "MR132", "adm2_name": "Tevragh Zeina", "adm3_pcode": "MR13201", "adm3_name": "Tefragh Zeina", "adm4_pcode": null, "adm4_name": null, "name_latin": "Lycee Theodore Monod mdrs@ tywdwr mwnw lthnwy@" }, "geometry": { "type": "Polygon", "coordinates": [ [ [ -15.9847539, 18.0934124 ], [ -15.9852872, 18.0925333 ], [ -15.9836247, 18.0916225 ], [ -15.9836247, 18.091847 ], [ -15.9836247, 18.0919183 ], [ -15.9835845, 18.0925761 ], [ -15.9847539, 18.0934124 ] ] ] } },
{ "type": "Feature", "properties": { "id": "way/1016975889", "name": null, "name_en": null, "name_ar": null, "amenity": null, "building": "kindergarten", "operator_type": null, "capacity_persons": null, "addr_full": null, "addr_city": null, "source": null, "adm0_pcode": "MRT", "adm0_name": "Mauritania", "adm1_pcode": "MR13", "adm1_name": "Nouakchott Ouest", "adm2_pcode": "MR132", "adm2_name": "Tevragh Zeina", "adm3_pcode": "MR13201", "adm3_name": "Tefragh Zeina", "adm4_pcode": null, "adm4_name": null, "name_latin": null }, "geometry": { "type": "Polygon", "coordinates": [ [ [ -15.9844305, 18.0928499 ], [ -15.9844056, 18.0927654 ], [ -15.9842454, 18.092808 ], [ -15.9842702, 18.0928924 ], [ -15.9844305, 18.0928499 ] ] ] } },
{ "type": "Feature", "properties": { "id": "way/1016975897", "name": null, "name_en": null, "name_ar": null, "amenity": null, "building": "kindergarten", "operator_type": null, "capacity_persons": null, "addr_full": null, "addr_city": null, "source": null, "adm0_pcode": "MRT", "adm0_name": "Mauritania", "adm1_pcode": "MR13", "adm1_name": "Nouakchott Ouest", "adm2_pcode": "MR132", "adm2_name": "Tevragh Zeina", "adm3_pcode": "MR13201", "adm3_name": "Tefragh Zeina", "adm4_pcode": null, "adm4_name": null, "name_latin": null }, "geometry": { "type": "Polygon", "coordinates": [ [ [ -15.9846045, 18.0928167 ], [ -15.9845731, 18.0927172 ], [ -15.9844339, 18.0927569 ], [ -15.9844654, 18.0928564 ], [ -15.9846045, 18.0928167 ] ] ] } },
{ "type": "Feature", "properties": { "id": "way/1016975896", "name": null, "name_en": null, "name_ar": null, "amenity": null, "building": "school", "operator_type": null, "capacity_persons": null, "addr_full": null, "addr_city": null, "source": null, "adm0_pcode": "MRT", "adm0_name": "Mauritania", "adm1_pcode": "MR13", "adm1_name": "Nouakchott Ouest", "adm2_pcode": "MR132", "adm2_name": "Tevragh Zeina", "adm3_pcode": "MR13201", "adm3_name": "Tefragh Zeina", "adm4_pcode": null, "adm4_name": null, "name_latin": null }, "geometry": { "type": "Polygon", "coordinates": [ [ [ -15.9848194, 18.0923892 ], [ -15.9846334, 18.0922845 ], [ -15.984595, 18.0923461 ], [ -15.984781, 18.0924509 ], [ -15.9848194, 18.0923892 ] ] ] } },
{ "type": "Feature", "properties": { "id": "way/1016975901", "name": null, "name_en": null, "name_ar": null, "amenity": null, "building": "school", "operator_type": null, "capacity_persons": null, "addr_full": null, "addr_city": null, "source": null, "adm0_pcode": "MRT", "adm0_name": "Mauritania", "adm1_pcode": "MR13", "adm1_name": "Nouakchott Ouest", "adm2_pcode": "MR132", "adm2_name": "Tevragh Zeina", "adm3_pcode": "MR13201", "adm3_name": "Tefragh Zeina", "adm4_pcode": null, "adm4_name": null, "name_latin": null }, "geometry": { "type": "Polygon", "coordinates": [ [ [ -15.9843072, 18.0921533 ], [ -15.9843581, 18.0920636 ], [ -15.9841507, 18.0919571 ], [ -15.9840998, 18.0920469 ], [ -15.9843072, 18.0921533 ] ] ] } },
{ "type": "Feature", "properties": { "id": "way/1016975902", "name": null, "name_en": null, "name_ar": null, "amenity": null, "building": "school", "operator_type": null, "capacity_persons": null, "addr_full": null, "addr_city": null, "source": null, "adm0_pcode": "MRT", "adm0_name": "Mauritania", "adm1_pcode": "MR13", "adm1_name": "Nouakchott Ouest", "adm2_pcode": "MR132", "adm2_name": "Tevragh Zeina", "adm3_pcode": "MR13201", "adm3_name": "Tefragh Zeina", "adm4_pcode": null, "adm4_name": null, "name_latin": null }, "geometry": { "type": "Polygon", "coordinates": [ [ [ -15.984056, 18.0919228 ], [ -15.983958, 18.0918717 ], [ -15.9838749, 18.0920157 ], [ -15.9839729, 18.0920667 ], [ -15.984056, 18.0919228 ] ] ] } },
{ "type": "Feature", "properties": { "id": "node/5269607921", "name": null, "name_en": "Excellence High school", "name_ar": "ثانوية الإمتياز 4", "amenity": "school", "building": null, "operator_type": null, "capacity_persons": null, "addr_full": null, "addr_city": null, "source": null, "adm0_pcode": "MRT", "adm0_name": "Mauritania", "adm1_pcode": "MR13", "adm1_name": "Nouakchott Ouest", "adm2_pcode": "MR132", "adm2_name": "Tevragh Zeina", "adm3_pcode": "MR13201", "adm3_name": "Tefragh Zeina", "adm4_pcode": null, "adm4_name": null, "name_latin": "Excellence High school" }, "geometry": { "type": "Point", "coordinates": [ -15.9832484, 18.0911583 ] } },
{ "type": "Feature", "properties": { "id": "way/334223435", "name": "École d'Ingénieurs كلية الهندسة", "name_en": null, "name_ar": "كلية الهندسة", "amenity": "university", "building": null, "operator_type": null, "capacity_persons": null, "addr_full": null, "addr_city": "Nouakchott نواكشوط", "source": null, "adm0_pcode": "MRT", "adm0_name": "Mauritania", "adm1_pcode": "MR13", "adm1_name": "Nouakchott Ouest", "adm2_pcode": "MR132", "adm2_name": "Tevragh Zeina", "adm3_pcode": "MR13201", "adm3_name": "Tefragh Zeina", "adm4_pcode": null, "adm4_name": null, "name_latin": "Ecole d'Ingenieurs kly@ lhnds@" }, "geometry": { "type": "Polygon", "coordinates": [ [ [ -15.9951365, 18.0838964 ], [ -15.9943204, 18.0840179 ], [ -15.9935372, 18.0842729 ], [ -15.9920935, 18.0819897 ], [ -15.9931606, 18.081321 ], [ -15.9951365, 18.0838964 ] ] ] } },
{ "type": "Feature", "properties": { "id": "way/237520959", "name": "École Militaire Supérieure مدرسة عسكرية", "name_en": null, "name_ar": "مدرسة عسكرية", "amenity": "school", "building": null, "operator_type": null, "capacity_persons": null, "addr_full": null, "addr_city": "Nouakchott نواكشوط", "source": null, "adm0_pcode": "MRT", "adm0_name": "Mauritania", "adm1_pcode": "MR13", "adm1_name": "Nouakchott Ouest", "adm2_pcode": "MR132", "adm2_name": "Tevragh Zeina", "adm3_pcode": "MR13201", "adm3_name": "Tefragh Zeina", "adm4_pcode": null, "adm4_name": null, "name_latin": "Ecole Militaire Superieure mdrs@ `skry@" }, "geometry": { "type": "Polygon", "coordinates": [ [ [ -15.9935372, 18.0842729 ], [ -15.9920935, 18.0819897 ], [ -15.9911181, 18.0826003 ], [ -15.9916272, 18.0834183 ], [ -15.9924356, 18.0846087 ], [ -15.9935372, 18.0842729 ] ] ] } },
{ "type": "Feature", "properties": { "id": "node/5696134139", "name": null, "name_en": null, "name_ar": null, "amenity": "school", "building": null, "operator_type": null, "capacity_persons": null, "addr_full": null, "addr_city": null, "source": null, "adm0_pcode": "MRT", "adm0_name": "Mauritania", "adm1_pcode": "MR13", "adm1_name": "Nouakchott Ouest", "adm2_pcode": "MR132", "adm2_name": "Tevragh Zeina", "adm3_pcode": "MR13201", "adm3_name": "Tefragh Zeina", "adm4_pcode": null, "adm4_name": null, "name_latin": null }, "geometry": { "type": "Point", "coordinates": [ -15.9982094, 18.0949222 ] } },
{ "type": "Feature", "properties": { "id": "way/326943791", "name": "Burj al-Alam برج العالم", "name_en": null, "name_ar": "برج العالم", "amenity": "school", "building": null, "operator_type": null, "capacity_persons": null, "addr_full": null, "addr_city": "Nouakchott نواكشوط", "source": null, "adm0_pcode": "MRT", "adm0_name": "Mauritania", "adm1_pcode": "MR13", "adm1_name": "Nouakchott Ouest", "adm2_pcode": "MR132", "adm2_name": "Tevragh Zeina", "adm3_pcode": "MR13201", "adm3_name": "Tefragh Zeina", "adm4_pcode": null, "adm4_name": null, "name_latin": "Burj al-Alam brj l`lm" }, "geometry": { "type": "Polygon", "coordinates": [ [ [ -15.9979113, 18.0975678 ], [ -15.9972026, 18.0978958 ], [ -15.997069, 18.0971877 ], [ -15.9977236, 18.0969044 ], [ -15.9979113, 18.0975678 ] ] ] } },
{ "type": "Feature", "properties": { "id": "way/229118368", "name": "مدرسة ابتدائية", "name_en": null, "name_ar": "مدرسة ابتدائية", "amenity": "school", "building": null, "operator_type": null, "capacity_persons": null, "addr_full": null, "addr_city": "نواكشوط", "source": null, "adm0_pcode": "MRT", "adm0_name": "Mauritania", "adm1_pcode": "MR13", "adm1_name": "Nouakchott Ouest", "adm2_pcode": "MR132", "adm2_name": "Tevragh Zeina", "adm3_pcode": "MR13201", "adm3_name": "Tefragh Zeina", "adm4_pcode": null, "adm4_name": null, "name_latin": "mdrs@ btdy'y@" }, "geometry": { "type": "Polygon", "coordinates": [ [ [ -15.9927409, 18.1018232 ], [ -15.9915852, 18.1021938 ], [ -15.9912525, 18.1012146 ], [ -15.9924059, 18.100822 ], [ -15.9927409, 18.1018232 ] ] ] } },
{ "type": "Feature", "properties": { "id": "node/8699549274", "name": "Ecole \"Les Etoiles\" de Nouakchott", "name_en": null, "name_ar": null, "amenity": "school", "building": null, "operator_type": null, "capacity_persons": null, "addr_full": null, "addr_city": null, "source": null, "adm0_pcode": "MRT", "adm0_name": "Mauritania", "adm1_pcode": "MR13", "adm1_name": "Nouakchott Ouest", "adm2_pcode": "MR132", "adm2_name": "Tevragh Zeina", "adm3_pcode": "MR13201", "adm3_name": "Tefragh Zeina", "adm4_pcode": null, "adm4_name": null, "name_latin": "Ecole \"Les Etoiles\" de Nouakchott" }, "geometry": { "type": "Point", "coordinates": [ -16.000789, 18.1077123 ] } },
{ "type": "Feature", "properties": { "id": "way/939100958", "name": null, "name_en": null, "name_ar": null, "amenity": null, "building": "school", "operator_type": null, "capacity_persons": null, "addr_full": null, "addr_city": null, "source": null, "adm0_pcode": "MRT", "adm0_name": "Mauritania", "adm1_pcode": "MR13", "adm1_name": "Nouakchott Ouest", "adm2_pcode": "MR132", "adm2_name": "Tevragh Zeina", "adm3_pcode": "MR13201", "adm3_name": "Tefragh Zeina", "adm4_pcode": null, "adm4_name": null, "name_latin": null }, "geometry": { "type": "Polygon", "coordinates": [ [ [ -16.0009008, 18.1077348 ], [ -16.0007366, 18.1077678 ], [ -16.0007026, 18.107615 ], [ -16.0008669, 18.107582 ], [ -16.0009008, 18.1077348 ] ] ] } },
{ "type": "Feature", "properties": { "id": "node/8699549259", "name": "Ecole Internationale de Nouakchott", "name_en": null, "name_ar": null, "amenity": "school", "building": null, "operator_type": null, "capacity_persons": null, "addr_full": null, "addr_city": null, "source": null, "adm0_pcode": "MRT", "adm0_name": "Mauritania", "adm1_pcode": "MR13", "adm1_name": "Nouakchott Ouest", "adm2_pcode": "MR132", "adm2_name": "Tevragh Zeina", "adm3_pcode": "MR13201", "adm3_name": "Tefragh Zeina", "adm4_pcode": null, "adm4_name": null, "name_latin": "Ecole Internationale de Nouakchott" }, "geometry": { "type": "Point", "coordinates": [ -15.9966449, 18.1085956 ] } },
{ "type": "Feature", "properties": { "id": "way/230285815", "name": null, "name_en": null, "name_ar": null, "amenity": "school", "building": null, "operator_type": null, "capacity_persons": null, "addr_full": null, "addr_city": null, "source": null, "adm0_pcode": "MRT", "adm0_name": "Mauritania", "adm1_pcode": "MR13", "adm1_name": "Nouakchott Ouest", "adm2_pcode": "MR132", "adm2_name": "Tevragh Zeina", "adm3_pcode": "MR13201", "adm3_name": "Tefragh Zeina", "adm4_pcode": null, "adm4_name": null, "name_latin": null }, "geometry": { "type": "Polygon", "coordinates": [ [ [ -15.996981, 18.1172381 ], [ -15.9962635, 18.1172613 ], [ -15.996327, 18.1176063 ], [ -15.9958603, 18.1175595 ], [ -15.9956809, 18.1166194 ], [ -15.9967323, 18.1163418 ], [ -15.996981, 18.1172381 ] ] ] } },
{ "type": "Feature", "properties": { "id": "node/4540082294", "name": null, "name_en": "الني في تفرغ زينه", "name_ar": null, "amenity": "kindergarten", "building": null, "operator_type": null, "capacity_persons": null, "addr_full": null, "addr_city": null, "source": null, "adm0_pcode": "MRT", "adm0_name": "Mauritania", "adm1_pcode": "MR13", "adm1_name": "Nouakchott Ouest", "adm2_pcode": "MR132", "adm2_name": "Tevragh Zeina", "adm3_pcode": "MR13201", "adm3_name": "Tefragh Zeina", "adm4_pcode": null, "adm4_name": null, "name_latin": "الني في تفرغ زينه" }, "geometry": { "type": "Point", "coordinates": [ -15.9925242, 18.1161772 ] } },
{ "type": "Feature", "properties": { "id": "way/154188790", "name": "École Nationale de la Police الأكاديمية الوطنية للشرطة", "name_en": null, "name_ar": "الأكاديمية الوطنية للشرطة", "amenity": "school", "building": null, "operator_type": null, "capacity_persons": null, "addr_full": null, "addr_city": "نواكشوط", "source": null, "adm0_pcode": "MRT", "adm0_name": "Mauritania", "adm1_pcode": "MR13", "adm1_name": "Nouakchott Ouest", "adm2_pcode": "MR132", "adm2_name": "Tevragh Zeina", "adm3_pcode": "MR13201", "adm3_name": "Tefragh Zeina", "adm4_pcode": null, "adm4_name": null, "name_latin": "Ecole Nationale de la Police l'kdymy@ lwTny@ llshrT@" }, "geometry": { "type": "Polygon", "coordinates": [ [ [ -15.9913092, 18.1090092 ], [ -15.9903624, 18.1065515 ], [ -15.9884962, 18.1071989 ], [ -15.9890101, 18.1083916 ], [ -15.9895735, 18.109699 ], [ -15.9913092, 18.1090092 ] ] ] } },
{ "type": "Feature", "properties": { "id": "way/325805404", "name": null, "name_en": null, "name_ar": null, "amenity": "kindergarten", "building": null, "operator_type": null, "capacity_persons": null, "addr_full": null, "addr_city": "نواكشوط", "source": null, "adm0_pcode": "MRT", "adm0_name": "Mauritania", "adm1_pcode": "MR13", "adm1_name": "Nouakchott Ouest", "adm2_pcode": "MR132", "adm2_name": "Tevragh Zeina", "adm3_pcode": "MR13201", "adm3_name": "Tefragh Zeina", "adm4_pcode": null, "adm4_name": null, "name_latin": null }, "geometry": { "type": "Polygon", "coordinates": [ [ [ -15.9827713, 18.1141102 ], [ -15.9821037, 18.114363 ], [ -15.9819631, 18.1140278 ], [ -15.9826308, 18.1137749 ], [ -15.9827713, 18.1141102 ] ] ] } },
{ "type": "Feature", "properties": { "id": "node/6566259869", "name": "Jardin d'Enfants Atlassi", "name_en": null, "name_ar": null, "amenity": "kindergarten", "building": null, "operator_type": null, "capacity_persons": null, "addr_full": null, "addr_city": null, "source": null, "adm0_pcode": "MRT", "adm0_name": "Mauritania", "adm1_pcode": "MR13", "adm1_name": "Nouakchott Ouest", "adm2_pcode": "MR132", "adm2_name": "Tevragh Zeina", "adm3_pcode": "MR13201", "adm3_name": "Tefragh Zeina", "adm4_pcode": null, "adm4_name": null, "name_latin": "Jardin d'Enfants Atlassi" }, "geometry": { "type": "Point", "coordinates": [ -15.9786087, 18.107576 ] } },
{ "type": "Feature", "properties": { "id": "node/6566310485", "name": "Complexe des Écoles Privées Atlassi", "name_en": null, "name_ar": null, "amenity": "school", "building": null, "operator_type": null, "capacity_persons": null, "addr_full": null, "addr_city": null, "source": null, "adm0_pcode": "MRT", "adm0_name": "Mauritania", "adm1_pcode": "MR13", "adm1_name": "Nouakchott Ouest", "adm2_pcode": "MR132", "adm2_name": "Tevragh Zeina", "adm3_pcode": "MR13201", "adm3_name": "Tefragh Zeina", "adm4_pcode": null, "adm4_name": null, "name_latin": "Complexe des Ecoles Privees Atlassi" }, "geometry": { "type": "Point", "coordinates": [ -15.9786409, 18.1072344 ] } },
{ "type": "Feature", "properties": { "id": "node/5765515153", "name": "Univesité Chinguity", "name_en": null, "name_ar": "جامعة شنقيط العصرية", "amenity": "university", "building": null, "operator_type": null, "capacity_persons": null, "addr_full": null, "addr_city": null, "source": null, "adm0_pcode": "MRT", "adm0_name": "Mauritania", "adm1_pcode": "MR13", "adm1_name": "Nouakchott Ouest", "adm2_pcode": "MR132", "adm2_name": "Tevragh Zeina", "adm3_pcode": "MR13201", "adm3_name": "Tefragh Zeina", "adm4_pcode": null, "adm4_name": null, "name_latin": "Univesite Chinguity" }, "geometry": { "type": "Point", "coordinates": [ -15.98391, 18.1032684 ] } },
{ "type": "Feature", "properties": { "id": "way/450356531", "name": null, "name_en": null, "name_ar": null, "amenity": null, "building": "school", "operator_type": null, "capacity_persons": null, "addr_full": null, "addr_city": null, "source": null, "adm0_pcode": "MRT", "adm0_name": "Mauritania", "adm1_pcode": "MR13", "adm1_name": "Nouakchott Ouest", "adm2_pcode": "MR132", "adm2_name": "Tevragh Zeina", "adm3_pcode": "MR13201", "adm3_name": "Tefragh Zeina", "adm4_pcode": null, "adm4_name": null, "name_latin": null }, "geometry": { "type": "Polygon", "coordinates": [ [ [ -15.9872707, 18.0940074 ], [ -15.9870965, 18.0941236 ], [ -15.9868359, 18.0937892 ], [ -15.9867975, 18.0937331 ], [ -15.9867389, 18.0936418 ], [ -15.9868447, 18.0935783 ], [ -15.9869227, 18.0936959 ], [ -15.98701, 18.0936436 ], [ -15.9872707, 18.0940074 ] ] ] } },
{ "type": "Feature", "properties": { "id": "way/450356530", "name": null, "name_en": null, "name_ar": null, "amenity": null, "building": "school", "operator_type": null, "capacity_persons": null, "addr_full": null, "addr_city": null, "source": null, "adm0_pcode": "MRT", "adm0_name": "Mauritania", "adm1_pcode": "MR13", "adm1_name": "Nouakchott Ouest", "adm2_pcode": "MR132", "adm2_name": "Tevragh Zeina", "adm3_pcode": "MR13201", "adm3_name": "Tefragh Zeina", "adm4_pcode": null, "adm4_name": null, "name_latin": null }, "geometry": { "type": "Polygon", "coordinates": [ [ [ -15.9864824, 18.0938747 ], [ -15.9867975, 18.0937331 ], [ -15.9868359, 18.0937892 ], [ -15.9867342, 18.0937991 ], [ -15.9868042, 18.0939016 ], [ -15.9865909, 18.0940334 ], [ -15.9864824, 18.0938747 ] ] ] } },
{ "type": "Feature", "properties": { "id": "node/7190831785", "name": "Ecole Et Jardin El Amany مدرسة وروضة الأمانى", "name_en": "Ecole Et Jardin El Amany", "name_ar": "مدرسة وروضة الأمانى", "amenity": "school", "building": null, "operator_type": null, "capacity_persons": null, "addr_full": null, "addr_city": "Nouakchott نواكشوط", "source": null, "adm0_pcode": "MRT", "adm0_name": "Mauritania", "adm1_pcode": "MR13", "adm1_name": "Nouakchott Ouest", "adm2_pcode": "MR132", "adm2_name": "Tevragh Zeina", "adm3_pcode": "MR13201", "adm3_name": "Tefragh Zeina", "adm4_pcode": null, "adm4_name": null, "name_latin": "Ecole Et Jardin El Amany" }, "geometry": { "type": "Point", "coordinates": [ -15.9814817, 18.0941945 ] } },
{ "type": "Feature", "properties": { "id": "way/370096033", "name": "Lycée Privé Commercial et Industriel المدرسة الثانوية التجارية والصناعية الخاصة", "name_en": null, "name_ar": "المدرسة الثانوية التجارية والصناعية الخاصة", "amenity": "school", "building": null, "operator_type": "private", "capacity_persons": null, "addr_full": null, "addr_city": "Nouakchott نواكشوط", "source": null, "adm0_pcode": "MRT", "adm0_name": "Mauritania", "adm1_pcode": "MR13", "adm1_name": "Nouakchott Ouest", "adm2_pcode": "MR132", "adm2_name": "Tevragh Zeina", "adm3_pcode": "MR13201", "adm3_name": "Tefragh Zeina", "adm4_pcode": null, "adm4_name": null, "name_latin": "Lycee Prive Commercial et Industriel lmdrs@ lthnwy@ ltjry@ wlSn`y@ lkhS@" }, "geometry": { "type": "Polygon", "coordinates": [ [ [ -15.980271, 18.0939357 ], [ -15.9803452, 18.0938729 ], [ -15.9803678, 18.0938922 ], [ -15.9803994, 18.09386 ], [ -15.9803859, 18.0938407 ], [ -15.9804198, 18.0938107 ], [ -15.9803904, 18.0937827 ], [ -15.9804175, 18.0937548 ], [ -15.9803475, 18.0936647 ], [ -15.9803046, 18.0937076 ], [ -15.9802685, 18.0936582 ], [ -15.9801342, 18.0937811 ], [ -15.980271, 18.0939357 ] ] ] } },
{ "type": "Feature", "properties": { "id": "way/334177802", "name": "ISCAE", "name_en": null, "name_ar": null, "amenity": "college", "building": null, "operator_type": null, "capacity_persons": null, "addr_full": null, "addr_city": null, "source": null, "adm0_pcode": "MRT", "adm0_name": "Mauritania", "adm1_pcode": "MR13", "adm1_name": "Nouakchott Ouest", "adm2_pcode": "MR132", "adm2_name": "Tevragh Zeina", "adm3_pcode": "MR13201", "adm3_name": "Tefragh Zeina", "adm4_pcode": null, "adm4_name": null, "name_latin": "ISCAE" }, "geometry": { "type": "Polygon", "coordinates": [ [ [ -15.9822558, 18.0979321 ], [ -15.9826796, 18.0976047 ], [ -15.9831581, 18.0972263 ], [ -15.9830021, 18.0970781 ], [ -15.9826707, 18.0972915 ], [ -15.9824072, 18.0970183 ], [ -15.9821983, 18.0970988 ], [ -15.9820649, 18.0971503 ], [ -15.9819786, 18.0971835 ], [ -15.9817884, 18.0972568 ], [ -15.9811198, 18.0975146 ], [ -15.9811596, 18.0977063 ], [ -15.9822558, 18.0979321 ] ] ] } },
{ "type": "Feature", "properties": { "id": "way/1023355991", "name": null, "name_en": null, "name_ar": null, "amenity": null, "building": "university", "operator_type": null, "capacity_persons": null, "addr_full": null, "addr_city": null, "source": null, "adm0_pcode": "MRT", "adm0_name": "Mauritania", "adm1_pcode": "MR13", "adm1_name": "Nouakchott Ouest", "adm2_pcode": "MR132", "adm2_name": "Tevragh Zeina", "adm3_pcode": "MR13201", "adm3_name": "Tefragh Zeina", "adm4_pcode": null, "adm4_name": null, "name_latin": null }, "geometry": { "type": "Polygon", "coordinates": [ [ [ -15.9822558, 18.0979321 ], [ -15.9821744, 18.0978369 ], [ -15.9825982, 18.0975095 ], [ -15.9826796, 18.0976047 ], [ -15.9822558, 18.0979321 ] ] ] } },
{ "type": "Feature", "properties": { "id": "way/1023355990", "name": null, "name_en": null, "name_ar": null, "amenity": null, "building": "university", "operator_type": null, "capacity_persons": null, "addr_full": null, "addr_city": null, "source": null, "adm0_pcode": "MRT", "adm0_name": "Mauritania", "adm1_pcode": "MR13", "adm1_name": "Nouakchott Ouest", "adm2_pcode": "MR132", "adm2_name": "Tevragh Zeina", "adm3_pcode": "MR13201", "adm3_name": "Tefragh Zeina", "adm4_pcode": null, "adm4_name": null, "name_latin": null }, "geometry": { "type": "Polygon", "coordinates": [ [ [ -15.9821416, 18.0976753 ], [ -15.9821032, 18.0976662 ], [ -15.982094, 18.0977014 ], [ -15.9820473, 18.0976903 ], [ -15.9820546, 18.0976629 ], [ -15.9820261, 18.0976561 ], [ -15.9820186, 18.0976844 ], [ -15.9819677, 18.0976722 ], [ -15.9819749, 18.097645 ], [ -15.9819313, 18.0976346 ], [ -15.9819244, 18.0976607 ], [ -15.9818095, 18.0976331 ], [ -15.9818077, 18.0976074 ], [ -15.9817644, 18.0975997 ], [ -15.981759, 18.0976271 ], [ -15.9816979, 18.0976162 ], [ -15.981703, 18.0975903 ], [ -15.9816825, 18.0975812 ], [ -15.9816706, 18.0976057 ], [ -15.9816177, 18.0975969 ], [ -15.9816221, 18.097573 ], [ -15.9815734, 18.0975649 ], [ -15.9815678, 18.0975946 ], [ -15.9814498, 18.0975749 ], [ -15.9814555, 18.0975438 ], [ -15.9814168, 18.0975374 ], [ -15.9814105, 18.0975714 ], [ -15.981259, 18.0975461 ], [ -15.9812664, 18.0975062 ], [ -15.9812429, 18.0975148 ], [ -15.9812032, 18.0975937 ], [ -15.9812159, 18.0976469 ], [ -15.9812357, 18.0976509 ], [ -15.981224, 18.0977023 ], [ -15.9812907, 18.097716 ], [ -15.9813003, 18.0976741 ], [ -15.9815183, 18.0977191 ], [ -15.9815119, 18.0977472 ], [ -15.9815602, 18.0977572 ], [ -15.981566, 18.0977316 ], [ -15.9816958, 18.0977583 ], [ -15.9816976, 18.0977875 ], [ -15.9817456, 18.0977987 ], [ -15.9817541, 18.0977658 ], [ -15.9818653, 18.0977917 ], [ -15.9818567, 18.097825 ], [ -15.9819127, 18.0978381 ], [ -15.9819201, 18.0978095 ], [ -15.9819637, 18.0978197 ], [ -15.9819572, 18.0978448 ], [ -15.9819953, 18.0978537 ], [ -15.9820024, 18.0978263 ], [ -15.9820676, 18.0978416 ], [ -15.9820838, 18.0977796 ], [ -15.9821125, 18.0977864 ], [ -15.9821416, 18.0976753 ] ] ] } },
{ "type": "Feature", "properties": { "id": "way/1024782368", "name": null, "name_en": null, "name_ar": null, "amenity": null, "building": "university", "operator_type": null, "capacity_persons": null, "addr_full": null, "addr_city": null, "source": null, "adm0_pcode": "MRT", "adm0_name": "Mauritania", "adm1_pcode": "MR13", "adm1_name": "Nouakchott Ouest", "adm2_pcode": "MR132", "adm2_name": "Tevragh Zeina", "adm3_pcode": "MR13201", "adm3_name": "Tefragh Zeina", "adm4_pcode": null, "adm4_name": null, "name_latin": null }, "geometry": { "type": "Polygon", "coordinates": [ [ [ -15.9771225, 18.0970851 ], [ -15.9771419, 18.0969081 ], [ -15.9772595, 18.0969198 ], [ -15.97724, 18.0970967 ], [ -15.9771225, 18.0970851 ] ] ] } },
{ "type": "Feature", "properties": { "id": "way/370096034", "name": "École Oasis Books مدرسة الواحة للكتب", "name_en": null, "name_ar": "مدرسة الواحة للكتب", "amenity": "school", "building": null, "operator_type": null, "capacity_persons": null, "addr_full": null, "addr_city": null, "source": null, "adm0_pcode": "MRT", "adm0_name": "Mauritania", "adm1_pcode": "MR13", "adm1_name": "Nouakchott Ouest", "adm2_pcode": "MR132", "adm2_name": "Tevragh Zeina", "adm3_pcode": "MR13201", "adm3_name": "Tefragh Zeina", "adm4_pcode": null, "adm4_name": null, "name_latin": "Ecole Oasis Books mdrs@ lwH@ llktb" }, "geometry": { "type": "Polygon", "coordinates": [ [ [ -15.979923, 18.0954858 ], [ -15.9798784, 18.0957797 ], [ -15.9800591, 18.0958012 ], [ -15.9800904, 18.0955091 ], [ -15.979923, 18.0954858 ] ] ] } },
{ "type": "Feature", "properties": { "id": "way/370100339", "name": "I.E.T.C", "name_en": null, "name_ar": null, "amenity": "school", "building": null, "operator_type": null, "capacity_persons": null, "addr_full": null, "addr_city": null, "source": null, "adm0_pcode": "MRT", "adm0_name": "Mauritania", "adm1_pcode": "MR13", "adm1_name": "Nouakchott Ouest", "adm2_pcode": "MR132", "adm2_name": "Tevragh Zeina", "adm3_pcode": "MR13201", "adm3_name": "Tefragh Zeina", "adm4_pcode": null, "adm4_name": null, "name_latin": "I.E.T.C" }, "geometry": { "type": "Polygon", "coordinates": [ [ [ -15.9802187, 18.0943727 ], [ -15.9801241, 18.0944479 ], [ -15.9799914, 18.0942953 ], [ -15.9800681, 18.094228 ], [ -15.9802187, 18.0943727 ] ] ] } },
{ "type": "Feature", "properties": { "id": "node/3588102748", "name": "Lycee Privé du Sahel Enseignement Français المدرسة الساحل الثانوية الخاصة للتعليم الفرنسي", "name_en": null, "name_ar": "المدرسة الساحل الثانوية الخاصة للتعليم الفرنسي", "amenity": "school", "building": null, "operator_type": "private", "capacity_persons": null, "addr_full": null, "addr_city": "Nouakchott نواكشوط", "source": null, "adm0_pcode": "MRT", "adm0_name": "Mauritania", "adm1_pcode": "MR13", "adm1_name": "Nouakchott Ouest", "adm2_pcode": "MR132", "adm2_name": "Tevragh Zeina", "adm3_pcode": "MR13201", "adm3_name": "Tefragh Zeina", "adm4_pcode": null, "adm4_name": null, "name_latin": "Lycee Prive du Sahel Enseignement Francais lmdrs@ lsHl lthnwy@ lkhS@ llt`lym lfrnsy" }, "geometry": { "type": "Point", "coordinates": [ -15.9791991, 18.0941717 ] } },
{ "type": "Feature", "properties": { "id": "way/797382222", "name": "Lycée privé des Nations secondaire", "name_en": null, "name_ar": null, "amenity": "school", "building": null, "operator_type": null, "capacity_persons": null, "addr_full": null, "addr_city": null, "source": null, "adm0_pcode": "MRT", "adm0_name": "Mauritania", "adm1_pcode": "MR13", "adm1_name": "Nouakchott Ouest", "adm2_pcode": "MR132", "adm2_name": "Tevragh Zeina", "adm3_pcode": "MR13201", "adm3_name": "Tefragh Zeina", "adm4_pcode": null, "adm4_name": null, "name_latin": "Lycee prive des Nations secondaire" }, "geometry": { "type": "Polygon", "coordinates": [ [ [ -15.978353, 18.09402 ], [ -15.9780544, 18.0939721 ], [ -15.9781092, 18.0936639 ], [ -15.9784078, 18.0937119 ], [ -15.978353, 18.09402 ] ] ] } },
{ "type": "Feature", "properties": { "id": "way/94947809", "name": null, "name_en": null, "name_ar": null, "amenity": "school", "building": null, "operator_type": null, "capacity_persons": null, "addr_full": null, "addr_city": "Nouakchott نواكشوط", "source": null, "adm0_pcode": "MRT", "adm0_name": "Mauritania", "adm1_pcode": "MR13", "adm1_name": "Nouakchott Ouest", "adm2_pcode": "MR132", "adm2_name": "Tevragh Zeina", "adm3_pcode": "MR13201", "adm3_name": "Tefragh Zeina", "adm4_pcode": null, "adm4_name": null, "name_latin": null }, "geometry": { "type": "Polygon", "coordinates": [ [ [ -15.9768358, 18.0992593 ], [ -15.9759525, 18.0991315 ], [ -15.9758435, 18.099813 ], [ -15.9767267, 18.0999407 ], [ -15.9768358, 18.0992593 ] ] ] } },
{ "type": "Feature", "properties": { "id": "way/228843235", "name": null, "name_en": null, "name_ar": "مدرسة ابتدائية", "amenity": "school", "building": null, "operator_type": null, "capacity_persons": null, "addr_full": null, "addr_city": "نواكشوط", "source": null, "adm0_pcode": "MRT", "adm0_name": "Mauritania", "adm1_pcode": "MR13", "adm1_name": "Nouakchott Ouest", "adm2_pcode": "MR132", "adm2_name": "Tevragh Zeina", "adm3_pcode": "MR13201", "adm3_name": "Tefragh Zeina", "adm4_pcode": null, "adm4_name": null, "name_latin": null }, "geometry": { "type": "Polygon", "coordinates": [ [ [ -15.9765431, 18.1009447 ], [ -15.9756347, 18.1007833 ], [ -15.9757391, 18.1002526 ], [ -15.9766474, 18.1004139 ], [ -15.9765431, 18.1009447 ] ] ] } },
{ "type": "Feature", "properties": { "id": "node/5045287622", "name": null, "name_en": null, "name_ar": null, "amenity": "school", "building": null, "operator_type": null, "capacity_persons": null, "addr_full": null, "addr_city": null, "source": null, "adm0_pcode": "MRT", "adm0_name": "Mauritania", "adm1_pcode": "MR13", "adm1_name": "Nouakchott Ouest", "adm2_pcode": "MR132", "adm2_name": "Tevragh Zeina", "adm3_pcode": "MR13201", "adm3_name": "Tefragh Zeina", "adm4_pcode": null, "adm4_name": null, "name_latin": null }, "geometry": { "type": "Point", "coordinates": [ -15.9726382, 18.1090836 ] } },
{ "type": "Feature", "properties": { "id": "node/5028897721", "name": "Alliance Française فرانسيز", "name_en": null, "name_ar": "أليانس فرانسيز", "amenity": "school", "building": null, "operator_type": null, "capacity_persons": null, "addr_full": null, "addr_city": "Nouakchott نواكشوط", "source": null, "adm0_pcode": "MRT", "adm0_name": "Mauritania", "adm1_pcode": "MR13", "adm1_name": "Nouakchott Ouest", "adm2_pcode": "MR132", "adm2_name": "Tevragh Zeina", "adm3_pcode": "MR13201", "adm3_name": "Tefragh Zeina", "adm4_pcode": null, "adm4_name": null, "name_latin": "Alliance Francaise frnsyz" }, "geometry": { "type": "Point", "coordinates": [ -15.9732579, 18.1086611 ] } },
{ "type": "Feature", "properties": { "id": "way/939355888", "name": null, "name_en": null, "name_ar": null, "amenity": null, "building": "school", "operator_type": null, "capacity_persons": null, "addr_full": null, "addr_city": null, "source": null, "adm0_pcode": "MRT", "adm0_name": "Mauritania", "adm1_pcode": "MR13", "adm1_name": "Nouakchott Ouest", "adm2_pcode": "MR132", "adm2_name": "Tevragh Zeina", "adm3_pcode": "MR13201", "adm3_name": "Tefragh Zeina", "adm4_pcode": null, "adm4_name": null, "name_latin": null }, "geometry": { "type": "Polygon", "coordinates": [ [ [ -15.9769361, 18.1159631 ], [ -15.9766062, 18.1159159 ], [ -15.9766368, 18.1157223 ], [ -15.9769667, 18.1157695 ], [ -15.9769361, 18.1159631 ] ] ] } },
{ "type": "Feature", "properties": { "id": "node/5249296623", "name": null, "name_en": null, "name_ar": null, "amenity": "school", "building": null, "operator_type": null, "capacity_persons": null, "addr_full": null, "addr_city": null, "source": null, "adm0_pcode": "MRT", "adm0_name": "Mauritania", "adm1_pcode": "MR13", "adm1_name": "Nouakchott Ouest", "adm2_pcode": "MR131", "adm2_name": "Ksar", "adm3_pcode": "MR13101", "adm3_name": "Ksar", "adm4_pcode": null, "adm4_name": null, "name_latin": null }, "geometry": { "type": "Point", "coordinates": [ -15.965325, 18.1088592 ] } },
{ "type": "Feature", "properties": { "id": "way/228996347", "name": null, "name_en": null, "name_ar": null, "amenity": "school", "building": null, "operator_type": null, "capacity_persons": null, "addr_full": null, "addr_city": null, "source": null, "adm0_pcode": "MRT", "adm0_name": "Mauritania", "adm1_pcode": "MR13", "adm1_name": "Nouakchott Ouest", "adm2_pcode": "MR131", "adm2_name": "Ksar", "adm3_pcode": "MR13101", "adm3_name": "Ksar", "adm4_pcode": null, "adm4_name": null, "name_latin": null }, "geometry": { "type": "Polygon", "coordinates": [ [ [ -15.9564028, 18.1116845 ], [ -15.9561195, 18.1121764 ], [ -15.955301, 18.1117811 ], [ -15.9555734, 18.1112711 ], [ -15.9564028, 18.1116845 ] ] ] } },
{ "type": "Feature", "properties": { "id": "way/228942209", "name": null, "name_en": null, "name_ar": null, "amenity": "school", "building": null, "operator_type": null, "capacity_persons": null, "addr_full": null, "addr_city": "Nouakchott نواكشوط", "source": null, "adm0_pcode": "MRT", "adm0_name": "Mauritania", "adm1_pcode": "MR13", "adm1_name": "Nouakchott Ouest", "adm2_pcode": "MR131", "adm2_name": "Ksar", "adm3_pcode": "MR13101", "adm3_name": "Ksar", "adm4_pcode": null, "adm4_name": null, "name_latin": null }, "geometry": { "type": "Polygon", "coordinates": [ [ [ -15.9550794, 18.1062332 ], [ -15.9549923, 18.1062619 ], [ -15.9544633, 18.1059659 ], [ -15.9544633, 18.1059055 ], [ -15.9547379, 18.1053899 ], [ -15.9548015, 18.1053772 ], [ -15.9553171, 18.1056413 ], [ -15.9553606, 18.1057209 ], [ -15.9550794, 18.1062332 ] ] ] } },
{ "type": "Feature", "properties": { "id": "way/228948591", "name": null, "name_en": null, "name_ar": null, "amenity": "school", "building": null, "operator_type": null, "capacity_persons": null, "addr_full": null, "addr_city": "نواكشوط", "source": null, "adm0_pcode": "MRT", "adm0_name": "Mauritania", "adm1_pcode": "MR13", "adm1_name": "Nouakchott Ouest", "adm2_pcode": "MR131", "adm2_name": "Ksar", "adm3_pcode": "MR13101", "adm3_name": "Ksar", "adm4_pcode": null, "adm4_name": null, "name_latin": null }, "geometry": { "type": "Polygon", "coordinates": [ [ [ -15.956337, 18.1012631 ], [ -15.956558, 18.1013755 ], [ -15.9560261, 18.1022315 ], [ -15.9560072, 18.1022567 ], [ -15.9550145, 18.1017146 ], [ -15.9554358, 18.1009915 ], [ -15.956174, 18.101384 ], [ -15.9562401, 18.1014155 ], [ -15.956337, 18.1012631 ] ] ] } },
{ "type": "Feature", "properties": { "id": "way/228858570", "name": "École Normale Supérieure de Nouakchott مدرسة المعلمين العليا نواكشوط", "name_en": null, "name_ar": "مدرسة المعلمين العليا نواكشوط", "amenity": "university", "building": null, "operator_type": null, "capacity_persons": null, "addr_full": null, "addr_city": "Nouakchott نواكشوط", "source": null, "adm0_pcode": "MRT", "adm0_name": "Mauritania", "adm1_pcode": "MR13", "adm1_name": "Nouakchott Ouest", "adm2_pcode": "MR131", "adm2_name": "Ksar", "adm3_pcode": "MR13101", "adm3_name": "Ksar", "adm4_pcode": null, "adm4_name": null, "name_latin": "Ecole Normale Superieure de Nouakchott mdrs@ lm`lmyn l`ly nwkshwT" }, "geometry": { "type": "Polygon", "coordinates": [ [ [ -15.9610322, 18.1008092 ], [ -15.9615809, 18.0998434 ], [ -15.9600327, 18.0990487 ], [ -15.959484, 18.1000144 ], [ -15.9610322, 18.1008092 ] ] ] } },
{ "type": "Feature", "properties": { "id": "way/228855268", "name": "Lycée Commercial التجارية مدرسة ثانوية", "name_en": null, "name_ar": "التجارية مدرسة ثانوية", "amenity": "school", "building": null, "operator_type": null, "capacity_persons": null, "addr_full": null, "addr_city": "Nouakchott نواكشوط", "source": null, "adm0_pcode": "MRT", "adm0_name": "Mauritania", "adm1_pcode": "MR13", "adm1_name": "Nouakchott Ouest", "adm2_pcode": "MR131", "adm2_name": "Ksar", "adm3_pcode": "MR13101", "adm3_name": "Ksar", "adm4_pcode": null, "adm4_name": null, "name_latin": "Lycee Commercial ltjry@ mdrs@ thnwy@" }, "geometry": { "type": "Polygon", "coordinates": [ [ [ -15.9606506, 18.0975299 ], [ -15.9601752, 18.0983148 ], [ -15.9600144, 18.0985802 ], [ -15.9596688, 18.0984088 ], [ -15.9589363, 18.0980455 ], [ -15.9595457, 18.0969252 ], [ -15.9603659, 18.0973757 ], [ -15.960412, 18.0973956 ], [ -15.9606506, 18.0975299 ] ] ] } },
{ "type": "Feature", "properties": { "id": "way/228858571", "name": "Collège Ksar", "name_en": null, "name_ar": null, "amenity": "school", "building": null, "operator_type": null, "capacity_persons": null, "addr_full": null, "addr_city": null, "source": null, "adm0_pcode": "MRT", "adm0_name": "Mauritania", "adm1_pcode": "MR13", "adm1_name": "Nouakchott Ouest", "adm2_pcode": "MR131", "adm2_name": "Ksar", "adm3_pcode": "MR13101", "adm3_name": "Ksar", "adm4_pcode": null, "adm4_name": null, "name_latin": "College Ksar" }, "geometry": { "type": "Polygon", "coordinates": [ [ [ -15.9601631, 18.0990362 ], [ -15.9606092, 18.0982348 ], [ -15.9613287, 18.0985967 ], [ -15.9608827, 18.099398 ], [ -15.9601631, 18.0990362 ] ] ] } },
{ "type": "Feature", "properties": { "id": "way/228906863", "name": "École des métiers الحرف المدرسة", "name_en": null, "name_ar": "الحرف المدرسة", "amenity": "university", "building": null, "operator_type": null, "capacity_persons": null, "addr_full": null, "addr_city": "Nouakchott نواكشوط", "source": null, "adm0_pcode": "MRT", "adm0_name": "Mauritania", "adm1_pcode": "MR13", "adm1_name": "Nouakchott Ouest", "adm2_pcode": "MR131", "adm2_name": "Ksar", "adm3_pcode": "MR13101", "adm3_name": "Ksar", "adm4_pcode": null, "adm4_name": null, "name_latin": "Ecole des metiers lHrf lmdrs@" }, "geometry": { "type": "Polygon", "coordinates": [ [ [ -15.961153, 18.0966558 ], [ -15.9608243, 18.0972121 ], [ -15.9606957, 18.0974296 ], [ -15.9605706, 18.0973629 ], [ -15.9599639, 18.097039 ], [ -15.9604211, 18.0962651 ], [ -15.961153, 18.0966558 ] ] ] } },
{ "type": "Feature", "properties": { "id": "way/228406737", "name": "Institut Ben Abass معهد بن عباس", "name_en": null, "name_ar": "معهد بن عباس", "amenity": "university", "building": null, "operator_type": null, "capacity_persons": null, "addr_full": null, "addr_city": "Nouakchott نواكشوط", "source": null, "adm0_pcode": "MRT", "adm0_name": "Mauritania", "adm1_pcode": "MR13", "adm1_name": "Nouakchott Ouest", "adm2_pcode": "MR131", "adm2_name": "Ksar", "adm3_pcode": "MR13101", "adm3_name": "Ksar", "adm4_pcode": null, "adm4_name": null, "name_latin": "Institut Ben Abass m`hd bn `bs" }, "geometry": { "type": "Polygon", "coordinates": [ [ [ -15.9646172, 18.0884126 ], [ -15.9653348, 18.0881454 ], [ -15.9649164, 18.0871051 ], [ -15.9643955, 18.0872925 ], [ -15.9646172, 18.0884126 ] ] ] } },
{ "type": "Feature", "properties": { "id": "way/228858559", "name": "École primaire مدرسة ابتدائية", "name_en": null, "name_ar": "مدرسة ابتدائية", "amenity": "school", "building": null, "operator_type": null, "capacity_persons": null, "addr_full": null, "addr_city": "Nouakchott نواكشوط", "source": null, "adm0_pcode": "MRT", "adm0_name": "Mauritania", "adm1_pcode": "MR13", "adm1_name": "Nouakchott Ouest", "adm2_pcode": "MR131", "adm2_name": "Ksar", "adm3_pcode": "MR13101", "adm3_name": "Ksar", "adm4_pcode": null, "adm4_name": null, "name_latin": "Ecole primaire mdrs@ btdy'y@" }, "geometry": { "type": "Polygon", "coordinates": [ [ [ -15.9634856, 18.094176 ], [ -15.9625841, 18.0943269 ], [ -15.962947, 18.0936747 ], [ -15.962881, 18.0936154 ], [ -15.9632418, 18.0929201 ], [ -15.9632928, 18.0929201 ], [ -15.9634856, 18.094176 ] ] ] } },
{ "type": "Feature", "properties": { "id": "way/153716275", "name": null, "name_en": null, "name_ar": null, "amenity": null, "building": "university", "operator_type": null, "capacity_persons": null, "addr_full": null, "addr_city": null, "source": null, "adm0_pcode": "MRT", "adm0_name": "Mauritania", "adm1_pcode": "MR13", "adm1_name": "Nouakchott Ouest", "adm2_pcode": "MR131", "adm2_name": "Ksar", "adm3_pcode": "MR13101", "adm3_name": "Ksar", "adm4_pcode": null, "adm4_name": null, "name_latin": null }, "geometry": { "type": "Polygon", "coordinates": [ [ [ -15.9669941, 18.0910471 ], [ -15.9670043, 18.0910486 ], [ -15.9670425, 18.0910544 ], [ -15.967066, 18.0909132 ], [ -15.9669847, 18.0909009 ], [ -15.9669878, 18.090882 ], [ -15.9669125, 18.0908707 ], [ -15.966883, 18.0910484 ], [ -15.9669236, 18.0910545 ], [ -15.9669265, 18.0910369 ], [ -15.9669941, 18.0910471 ] ] ] } },
{ "type": "Feature", "properties": { "id": "way/390393455", "name": "Université Libanaise Internationale الجامعة اللبنانية الدولية", "name_en": "Lebanese International University", "name_ar": "الجامعة اللبنانية الدولية", "amenity": "university", "building": null, "operator_type": null, "capacity_persons": null, "addr_full": null, "addr_city": "Nouakchott نواكشوط", "source": null, "adm0_pcode": "MRT", "adm0_name": "Mauritania", "adm1_pcode": "MR13", "adm1_name": "Nouakchott Ouest", "adm2_pcode": "MR131", "adm2_name": "Ksar", "adm3_pcode": "MR13101", "adm3_name": "Ksar", "adm4_pcode": null, "adm4_name": null, "name_latin": "Lebanese International University" }, "geometry": { "type": "Polygon", "coordinates": [ [ [ -15.9671985, 18.0914578 ], [ -15.9673006, 18.0908152 ], [ -15.9667961, 18.0907398 ], [ -15.9667349, 18.0907307 ], [ -15.9661145, 18.090638 ], [ -15.9661442, 18.0908537 ], [ -15.9662857, 18.0908722 ], [ -15.966289, 18.090848 ], [ -15.9664748, 18.0908773 ], [ -15.9664513, 18.0910258 ], [ -15.9660007, 18.0909608 ], [ -15.9660529, 18.0912893 ], [ -15.9671985, 18.0914578 ] ] ] } },
{ "type": "Feature", "properties": { "id": "node/6555282472", "name": "Institut Universitaire Professionnel المعهد المهني العاليl", "name_en": null, "name_ar": "المعهد المهني العاليl", "amenity": "college", "building": null, "operator_type": null, "capacity_persons": null, "addr_full": null, "addr_city": "Nouakchott نواكشوط", "source": null, "adm0_pcode": "MRT", "adm0_name": "Mauritania", "adm1_pcode": "MR13", "adm1_name": "Nouakchott Ouest", "adm2_pcode": "MR131", "adm2_name": "Ksar", "adm3_pcode": "MR13101", "adm3_name": "Ksar", "adm4_pcode": null, "adm4_name": null, "name_latin": "Institut Universitaire Professionnel lm`hd lmhny l`lyl" }, "geometry": { "type": "Point", "coordinates": [ -15.9679011, 18.0888128 ] } },
{ "type": "Feature", "properties": { "id": "way/959800239", "name": "Centre de Renforcement et de l'Enseignement des Langues Vivantes", "name_en": null, "name_ar": null, "amenity": null, "building": "college", "operator_type": null, "capacity_persons": null, "addr_full": null, "addr_city": null, "source": null, "adm0_pcode": "MRT", "adm0_name": "Mauritania", "adm1_pcode": "MR13", "adm1_name": "Nouakchott Ouest", "adm2_pcode": "MR131", "adm2_name": "Ksar", "adm3_pcode": "MR13101", "adm3_name": "Ksar", "adm4_pcode": null, "adm4_name": null, "name_latin": "Centre de Renforcement et de l'Enseignement des Langues Vivantes" }, "geometry": { "type": "Polygon", "coordinates": [ [ [ -15.968035, 18.0889183 ], [ -15.9681653, 18.0889518 ], [ -15.9681764, 18.088917 ], [ -15.9682159, 18.0889192 ], [ -15.9682318, 18.0887698 ], [ -15.9681878, 18.0887637 ], [ -15.9681895, 18.0887353 ], [ -15.9680927, 18.0887208 ], [ -15.9680867, 18.0887451 ], [ -15.9680233, 18.0887411 ], [ -15.9680028, 18.0888098 ], [ -15.9679856, 18.0888251 ], [ -15.9679956, 18.0888444 ], [ -15.9679935, 18.0888931 ], [ -15.9680222, 18.0888895 ], [ -15.968035, 18.0889183 ] ] ] } },
{ "type": "Feature", "properties": { "id": "way/94938496", "name": "Université de Nouakchott جامعة نواكشوط", "name_en": "Nouakchott University", "name_ar": "جامعة نواكشوط", "amenity": "university", "building": null, "operator_type": null, "capacity_persons": null, "addr_full": null, "addr_city": "Nouakchott نواكشوط", "source": null, "adm0_pcode": "MRT", "adm0_name": "Mauritania", "adm1_pcode": "MR13", "adm1_name": "Nouakchott Ouest", "adm2_pcode": "MR131", "adm2_name": "Ksar", "adm3_pcode": "MR13101", "adm3_name": "Ksar", "adm4_pcode": null, "adm4_name": null, "name_latin": "Nouakchott University" }, "geometry": { "type": "Polygon", "coordinates": [ [ [ -15.9692993, 18.089893 ], [ -15.968418, 18.0897557 ], [ -15.9683179, 18.0902415 ], [ -15.9681038, 18.0902045 ], [ -15.9658915, 18.0898225 ], [ -15.9657251, 18.0891137 ], [ -15.9679859, 18.088491 ], [ -15.9683917, 18.0884409 ], [ -15.9694377, 18.0886173 ], [ -15.9695552, 18.0886578 ], [ -15.9692993, 18.089893 ] ] ] } },
{ "type": "Feature", "properties": { "id": "way/959800240", "name": null, "name_en": null, "name_ar": null, "amenity": null, "building": "college", "operator_type": null, "capacity_persons": null, "addr_full": null, "addr_city": null, "source": null, "adm0_pcode": "MRT", "adm0_name": "Mauritania", "adm1_pcode": "MR13", "adm1_name": "Nouakchott Ouest", "adm2_pcode": "MR131", "adm2_name": "Ksar", "adm3_pcode": "MR13101", "adm3_name": "Ksar", "adm4_pcode": null, "adm4_name": null, "name_latin": null }, "geometry": { "type": "Polygon", "coordinates": [ [ [ -15.9666172, 18.0899217 ], [ -15.9665523, 18.0897417 ], [ -15.9669182, 18.0896224 ], [ -15.9669831, 18.0898024 ], [ -15.9666172, 18.0899217 ] ] ] } },
{ "type": "Feature", "properties": { "id": "way/540233206", "name": "Agence Universitaire de la Francophonie الحرم الجامعي الرقمي الفرنسي", "name_en": null, "name_ar": "الحرم الجامعي الرقمي الفرنسي", "amenity": null, "building": "university", "operator_type": null, "capacity_persons": null, "addr_full": null, "addr_city": "Nouakchot نواكشوط", "source": null, "adm0_pcode": "MRT", "adm0_name": "Mauritania", "adm1_pcode": "MR13", "adm1_name": "Nouakchott Ouest", "adm2_pcode": "MR131", "adm2_name": "Ksar", "adm3_pcode": "MR13101", "adm3_name": "Ksar", "adm4_pcode": null, "adm4_name": null, "name_latin": "Agence Universitaire de la Francophonie lHrm ljm`y lrqmy lfrnsy" }, "geometry": { "type": "Polygon", "coordinates": [ [ [ -15.9683923, 18.0892346 ], [ -15.9683304, 18.0892262 ], [ -15.9683605, 18.0890251 ], [ -15.9684224, 18.0890335 ], [ -15.9683923, 18.0892346 ] ] ] } },
{ "type": "Feature", "properties": { "id": "node/6555052101", "name": "Centre de Renforcement et de l'Enseignement des Langues Vivantes مركز تقوية وتعليم اللغات الحديثة", "name_en": "CREL", "name_ar": "مركز تقوية وتعليم اللغات الحديثة", "amenity": "college", "building": null, "operator_type": null, "capacity_persons": null, "addr_full": null, "addr_city": "Nouakchott نواكشوط", "source": null, "adm0_pcode": "MRT", "adm0_name": "Mauritania", "adm1_pcode": "MR13", "adm1_name": "Nouakchott Ouest", "adm2_pcode": "MR131", "adm2_name": "Ksar", "adm3_pcode": "MR13101", "adm3_name": "Ksar", "adm4_pcode": null, "adm4_name": null, "name_latin": "CREL" }, "geometry": { "type": "Point", "coordinates": [ -15.9682095, 18.0885616 ] } },
{ "type": "Feature", "properties": { "id": "way/959800241", "name": null, "name_en": null, "name_ar": null, "amenity": null, "building": "college", "operator_type": null, "capacity_persons": null, "addr_full": null, "addr_city": null, "source": null, "adm0_pcode": "MRT", "adm0_name": "Mauritania", "adm1_pcode": "MR13", "adm1_name": "Nouakchott Ouest", "adm2_pcode": "MR131", "adm2_name": "Ksar", "adm3_pcode": "MR13101", "adm3_name": "Ksar", "adm4_pcode": null, "adm4_name": null, "name_latin": null }, "geometry": { "type": "Polygon", "coordinates": [ [ [ -15.9686227, 18.089094 ], [ -15.9687107, 18.0891105 ], [ -15.9687704, 18.0888234 ], [ -15.9690123, 18.0888689 ], [ -15.9690318, 18.0887751 ], [ -15.968702, 18.0887131 ], [ -15.9686227, 18.089094 ] ] ] } },
{ "type": "Feature", "properties": { "id": "way/238682831", "name": "École Normale d’Instituteurs de Nouakchott مدرسة تكوين المعلِّمين بانواكشوط", "name_en": null, "name_ar": "مدرسة تكوين المعلِّمين بانواكشوط", "amenity": "university", "building": null, "operator_type": null, "capacity_persons": null, "addr_full": null, "addr_city": "نواكشوط", "source": null, "adm0_pcode": "MRT", "adm0_name": "Mauritania", "adm1_pcode": "MR13", "adm1_name": "Nouakchott Ouest", "adm2_pcode": "MR132", "adm2_name": "Tevragh Zeina", "adm3_pcode": "MR13201", "adm3_name": "Tefragh Zeina", "adm4_pcode": null, "adm4_name": null, "name_latin": "Ecole Normale d'Instituteurs de Nouakchott mdrs@ tkwyn lm`liWmyn bnwkshwT" }, "geometry": { "type": "Polygon", "coordinates": [ [ [ -15.9717733, 18.0857824 ], [ -15.9708579, 18.085631 ], [ -15.9708171, 18.085557 ], [ -15.9707896, 18.0855072 ], [ -15.970952, 18.0849582 ], [ -15.9709871, 18.0848005 ], [ -15.9710799, 18.0843837 ], [ -15.9720213, 18.0845496 ], [ -15.9717733, 18.0857824 ] ] ] } },
{ "type": "Feature", "properties": { "id": "way/231773979", "name": "Centre de Formation Professionnelle d'Excellence مركز التدريب المهني للتميز", "name_en": null, "name_ar": "مركز التدريب المهني للتميز", "amenity": "college", "building": null, "operator_type": null, "capacity_persons": null, "addr_full": null, "addr_city": "Nouakchott نواكشوط", "source": null, "adm0_pcode": "MRT", "adm0_name": "Mauritania", "adm1_pcode": "MR13", "adm1_name": "Nouakchott Ouest", "adm2_pcode": "MR132", "adm2_name": "Tevragh Zeina", "adm3_pcode": "MR13201", "adm3_name": "Tefragh Zeina", "adm4_pcode": null, "adm4_name": null, "name_latin": "Centre de Formation Professionnelle d'Excellence mrkz ltdryb lmhny lltmyz" }, "geometry": { "type": "Polygon", "coordinates": [ [ [ -15.9737299, 18.0846613 ], [ -15.9733883, 18.0846054 ], [ -15.9734581, 18.0841082 ], [ -15.9738275, 18.0841551 ], [ -15.9737299, 18.0846613 ] ] ] } },
{ "type": "Feature", "properties": { "id": "way/228768017", "name": "École privée", "name_en": null, "name_ar": null, "amenity": "school", "building": null, "operator_type": null, "capacity_persons": null, "addr_full": null, "addr_city": null, "source": null, "adm0_pcode": "MRT", "adm0_name": "Mauritania", "adm1_pcode": "MR13", "adm1_name": "Nouakchott Ouest", "adm2_pcode": "MR132", "adm2_name": "Tevragh Zeina", "adm3_pcode": "MR13201", "adm3_name": "Tefragh Zeina", "adm4_pcode": null, "adm4_name": null, "name_latin": "Ecole privee" }, "geometry": { "type": "Polygon", "coordinates": [ [ [ -15.9741382, 18.0868635 ], [ -15.9738883, 18.0868223 ], [ -15.9739817, 18.0864207 ], [ -15.974213, 18.0864616 ], [ -15.9741382, 18.0868635 ] ] ] } },
{ "type": "Feature", "properties": { "id": "way/228824220", "name": "Lycée de jeunes filles مدرسة الثانوية الفتيات", "name_en": null, "name_ar": "مدرسة الثانوية الفتيات", "amenity": "school", "building": null, "operator_type": null, "capacity_persons": null, "addr_full": null, "addr_city": "Nouakchott نواكشوط", "source": null, "adm0_pcode": "MRT", "adm0_name": "Mauritania", "adm1_pcode": "MR13", "adm1_name": "Nouakchott Ouest", "adm2_pcode": "MR132", "adm2_name": "Tevragh Zeina", "adm3_pcode": "MR13201", "adm3_name": "Tefragh Zeina", "adm4_pcode": null, "adm4_name": null, "name_latin": "Lycee de jeunes filles mdrs@ lthnwy@ lftyt" }, "geometry": { "type": "Polygon", "coordinates": [ [ [ -15.976925, 18.0852354 ], [ -15.9770215, 18.0847564 ], [ -15.9764213, 18.0846497 ], [ -15.9763156, 18.085129 ], [ -15.976925, 18.0852354 ] ] ] } },
{ "type": "Feature", "properties": { "id": "node/5195747926", "name": null, "name_en": null, "name_ar": "مجمع مدارس الخيار الحرة", "amenity": "school", "building": null, "operator_type": null, "capacity_persons": null, "addr_full": null, "addr_city": null, "source": null, "adm0_pcode": "MRT", "adm0_name": "Mauritania", "adm1_pcode": "MR13", "adm1_name": "Nouakchott Ouest", "adm2_pcode": "MR132", "adm2_name": "Tevragh Zeina", "adm3_pcode": "MR13201", "adm3_name": "Tefragh Zeina", "adm4_pcode": null, "adm4_name": null, "name_latin": null }, "geometry": { "type": "Point", "coordinates": [ -15.974527, 18.0827148 ] } },
{ "type": "Feature", "properties": { "id": "node/5195747925", "name": "École privée El-Ourwa", "name_en": null, "name_ar": null, "amenity": "school", "building": null, "operator_type": "private", "capacity_persons": null, "addr_full": null, "addr_city": null, "source": null, "adm0_pcode": "MRT", "adm0_name": "Mauritania", "adm1_pcode": "MR13", "adm1_name": "Nouakchott Ouest", "adm2_pcode": "MR132", "adm2_name": "Tevragh Zeina", "adm3_pcode": "MR13201", "adm3_name": "Tefragh Zeina", "adm4_pcode": null, "adm4_name": null, "name_latin": "Ecole privee El-Ourwa" }, "geometry": { "type": "Point", "coordinates": [ -15.9752888, 18.0830322 ] } },
{ "type": "Feature", "properties": { "id": "way/237655764", "name": "Centre de formation sectorielle en communications filaires et sans fil مركز التدريب القطاعي للاتصالات السلكية واللاسلكية", "name_en": null, "name_ar": "مركز التدريب القطاعي للاتصالات السلكية واللاسلكية", "amenity": "university", "building": null, "operator_type": null, "capacity_persons": null, "addr_full": null, "addr_city": "Nouakchott نواكشوط", "source": null, "adm0_pcode": "MRT", "adm0_name": "Mauritania", "adm1_pcode": "MR15", "adm1_name": "Nouakchott Sud", "adm2_pcode": "MR152", "adm2_name": "Arafat", "adm3_pcode": "MR15201", "adm3_name": "Arafat", "adm4_pcode": null, "adm4_name": null, "name_latin": "Centre de formation sectorielle en communications filaires et sans fil mrkz ltdryb lqT`y lltSlt lslky@ wllslky@" }, "geometry": { "type": "Polygon", "coordinates": [ [ [ -15.9699432, 18.0828922 ], [ -15.9691668, 18.0827928 ], [ -15.9687639, 18.0825622 ], [ -15.9683919, 18.0824916 ], [ -15.9687566, 18.0806119 ], [ -15.9690516, 18.0806919 ], [ -15.9691106, 18.080313 ], [ -15.9703917, 18.0805199 ], [ -15.9699432, 18.0828922 ] ] ] } },
{ "type": "Feature", "properties": { "id": "way/325694704", "name": "Lycée Technique الثانوية الفنية", "name_en": null, "name_ar": "الثانوية الفنية", "amenity": "university", "building": null, "operator_type": null, "capacity_persons": null, "addr_full": null, "addr_city": "Nouakchott نواكشوط", "source": null, "adm0_pcode": "MRT", "adm0_name": "Mauritania", "adm1_pcode": "MR13", "adm1_name": "Nouakchott Ouest", "adm2_pcode": "MR131", "adm2_name": "Ksar", "adm3_pcode": "MR13101", "adm3_name": "Ksar", "adm4_pcode": null, "adm4_name": null, "name_latin": "Lycee Technique lthnwy@ lfny@" }, "geometry": { "type": "Polygon", "coordinates": [ [ [ -15.9686911, 18.0854508 ], [ -15.9679443, 18.0853208 ], [ -15.9683919, 18.0824916 ], [ -15.9687639, 18.0825622 ], [ -15.9688085, 18.0825707 ], [ -15.9691668, 18.0827928 ], [ -15.9699432, 18.0828922 ], [ -15.9697168, 18.0840525 ], [ -15.9700141, 18.0841054 ], [ -15.9699218, 18.0846172 ], [ -15.9688987, 18.0844417 ], [ -15.9686911, 18.0854508 ] ] ] } },
{ "type": "Feature", "properties": { "id": "way/228406749", "name": "École Annexe الجدول الدراسي", "name_en": null, "name_ar": "الجدول الدراسي", "amenity": "school", "building": null, "operator_type": null, "capacity_persons": null, "addr_full": null, "addr_city": "Nouakchott نواكشوط", "source": null, "adm0_pcode": "MRT", "adm0_name": "Mauritania", "adm1_pcode": "MR13", "adm1_name": "Nouakchott Ouest", "adm2_pcode": "MR132", "adm2_name": "Tevragh Zeina", "adm3_pcode": "MR13201", "adm3_name": "Tefragh Zeina", "adm4_pcode": null, "adm4_name": null, "name_latin": "Ecole Annexe ljdwl ldrsy" }, "geometry": { "type": "Polygon", "coordinates": [ [ [ -15.9709871, 18.0848005 ], [ -15.9704672, 18.0847113 ], [ -15.9700559, 18.0846408 ], [ -15.9699218, 18.0846172 ], [ -15.9700141, 18.0841054 ], [ -15.9705051, 18.0841773 ], [ -15.9710971, 18.0842546 ], [ -15.9710799, 18.0843837 ], [ -15.9709871, 18.0848005 ] ] ] } },
{ "type": "Feature", "properties": { "id": "way/228406751", "name": "Lycée National المدرسة الوطنية العليا", "name_en": null, "name_ar": "المدرسة الوطنية العليا", "amenity": "school", "building": null, "operator_type": null, "capacity_persons": null, "addr_full": null, "addr_city": "Nouakchott نواكشوط", "source": null, "adm0_pcode": "MRT", "adm0_name": "Mauritania", "adm1_pcode": "MR13", "adm1_name": "Nouakchott Ouest", "adm2_pcode": "MR132", "adm2_name": "Tevragh Zeina", "adm3_pcode": "MR13201", "adm3_name": "Tefragh Zeina", "adm4_pcode": null, "adm4_name": null, "name_latin": "Lycee National lmdrs@ lwTny@ l`ly" }, "geometry": { "type": "Polygon", "coordinates": [ [ [ -15.9707957, 18.0860524 ], [ -15.9698158, 18.0858601 ], [ -15.9700559, 18.0846408 ], [ -15.9704672, 18.0847113 ], [ -15.9709871, 18.0848005 ], [ -15.970952, 18.0849582 ], [ -15.9707896, 18.0855072 ], [ -15.9708171, 18.085557 ], [ -15.9708579, 18.085631 ], [ -15.9708518, 18.0857533 ], [ -15.9707957, 18.0860524 ] ] ] } },
{ "type": "Feature", "properties": { "id": "way/228406752", "name": "Enseignement supérieur التعليم العالي", "name_en": null, "name_ar": "التعليم العالي", "amenity": "school", "building": null, "operator_type": null, "capacity_persons": null, "addr_full": null, "addr_city": "Nouakchott نواكشوط", "source": null, "adm0_pcode": "MRT", "adm0_name": "Mauritania", "adm1_pcode": "MR13", "adm1_name": "Nouakchott Ouest", "adm2_pcode": "MR131", "adm2_name": "Ksar", "adm3_pcode": "MR13101", "adm3_name": "Ksar", "adm4_pcode": null, "adm4_name": null, "name_latin": "Enseignement superieur lt`lym l`ly" }, "geometry": { "type": "Polygon", "coordinates": [ [ [ -15.9706975, 18.0865327 ], [ -15.9697333, 18.0863564 ], [ -15.9698158, 18.0858601 ], [ -15.9707957, 18.0860524 ], [ -15.9706975, 18.0865327 ] ] ] } },
{ "type": "Feature", "properties": { "id": "way/595283114", "name": "Université Cheikh Mohamed Lemine Chinguitti جامعة الشيخ محمد الأمين الشنقيطي", "name_en": null, "name_ar": null, "amenity": "university", "building": "yes", "operator_type": null, "capacity_persons": null, "addr_full": null, "addr_city": "Nouakchott نواكشوط", "source": null, "adm0_pcode": "MRT", "adm0_name": "Mauritania", "adm1_pcode": "MR15", "adm1_name": "Nouakchott Sud", "adm2_pcode": "MR152", "adm2_name": "Arafat", "adm3_pcode": "MR15201", "adm3_name": "Arafat", "adm4_pcode": null, "adm4_name": null, "name_latin": "Universite Cheikh Mohamed Lemine Chinguitti jm`@ lshykh mHmd l'myn lshnqyTy" }, "geometry": { "type": "Polygon", "coordinates": [ [ [ -15.9682445, 18.0778368 ], [ -15.968109, 18.0778054 ], [ -15.9680495, 18.0780662 ], [ -15.9681867, 18.0780914 ], [ -15.9682445, 18.0778368 ] ] ] } },
{ "type": "Feature", "properties": { "id": "way/428021161", "name": "Lycée Almoravide مدرسة المرابطين الثانوية", "name_en": null, "name_ar": "مدرسة المرابطين الثانوية", "amenity": "school", "building": null, "operator_type": null, "capacity_persons": null, "addr_full": null, "addr_city": "Nouakchott نواكشوط", "source": null, "adm0_pcode": "MRT", "adm0_name": "Mauritania", "adm1_pcode": "MR13", "adm1_name": "Nouakchott Ouest", "adm2_pcode": "MR132", "adm2_name": "Tevragh Zeina", "adm3_pcode": "MR13201", "adm3_name": "Tefragh Zeina", "adm4_pcode": null, "adm4_name": null, "name_latin": "Lycee Almoravide mdrs@ lmrbTyn lthnwy@" }, "geometry": { "type": "Polygon", "coordinates": [ [ [ -15.9727478, 18.0806156 ], [ -15.9717954, 18.0804527 ], [ -15.9720451, 18.0792081 ], [ -15.9729731, 18.0793662 ], [ -15.9727478, 18.0806156 ] ] ] } },
{ "type": "Feature", "properties": { "id": "way/428021372", "name": "Lycée d'Excellence مدرسة التميز الثانوية", "name_en": null, "name_ar": "مدرسة التميز الثانوية", "amenity": "school", "building": null, "operator_type": null, "capacity_persons": null, "addr_full": null, "addr_city": "Nouakchott نواكشوط", "source": null, "adm0_pcode": "MRT", "adm0_name": "Mauritania", "adm1_pcode": "MR15", "adm1_name": "Nouakchott Sud", "adm2_pcode": "MR152", "adm2_name": "Arafat", "adm3_pcode": "MR15201", "adm3_name": "Arafat", "adm4_pcode": null, "adm4_name": null, "name_latin": "Lycee d'Excellence mdrs@ ltmyz lthnwy@" }, "geometry": { "type": "Polygon", "coordinates": [ [ [ -15.97175, 18.080432 ], [ -15.9719914, 18.0792081 ], [ -15.9710205, 18.07905 ], [ -15.9708907, 18.0796775 ], [ -15.9707737, 18.0802637 ], [ -15.97175, 18.080432 ] ] ] } },
{ "type": "Feature", "properties": { "id": "way/326376940", "name": "Mourabitoune مرابطون", "name_en": null, "name_ar": "مرابطون", "amenity": "school", "building": null, "operator_type": null, "capacity_persons": null, "addr_full": null, "addr_city": "نواكشوط", "source": null, "adm0_pcode": "MRT", "adm0_name": "Mauritania", "adm1_pcode": "MR15", "adm1_name": "Nouakchott Sud", "adm2_pcode": "MR152", "adm2_name": "Arafat", "adm3_pcode": "MR15201", "adm3_name": "Arafat", "adm4_pcode": null, "adm4_name": null, "name_latin": "Mourabitoune mrbTwn" }, "geometry": { "type": "Polygon", "coordinates": [ [ [ -15.973556, 18.0757606 ], [ -15.9724831, 18.0756484 ], [ -15.973041, 18.0749549 ], [ -15.9736794, 18.0750416 ], [ -15.973556, 18.0757606 ] ] ] } },
{ "type": "Feature", "properties": { "id": "node/3421821449", "name": "Vaida الفيدا", "name_en": "Vaida", "name_ar": "الفيدا", "amenity": "school", "building": null, "operator_type": null, "capacity_persons": null, "addr_full": null, "addr_city": "Nouakchott نواكشوط", "source": null, "adm0_pcode": "MRT", "adm0_name": "Mauritania", "adm1_pcode": "MR15", "adm1_name": "Nouakchott Sud", "adm2_pcode": "MR152", "adm2_name": "Arafat", "adm3_pcode": "MR15201", "adm3_name": "Arafat", "adm4_pcode": null, "adm4_name": null, "name_latin": "Vaida" }, "geometry": { "type": "Point", "coordinates": [ -15.9767401, 18.0725373 ] } },
{ "type": "Feature", "properties": { "id": "way/228768142", "name": null, "name_en": null, "name_ar": null, "amenity": "school", "building": null, "operator_type": null, "capacity_persons": null, "addr_full": null, "addr_city": null, "source": null, "adm0_pcode": "MRT", "adm0_name": "Mauritania", "adm1_pcode": "MR15", "adm1_name": "Nouakchott Sud", "adm2_pcode": "MR152", "adm2_name": "Arafat", "adm3_pcode": "MR15201", "adm3_name": "Arafat", "adm4_pcode": null, "adm4_name": null, "name_latin": null }, "geometry": { "type": "Polygon", "coordinates": [ [ [ -15.966145, 18.0735282 ], [ -15.9656428, 18.0733822 ], [ -15.9658351, 18.072852 ], [ -15.9663119, 18.0730158 ], [ -15.966145, 18.0735282 ] ] ] } },
{ "type": "Feature", "properties": { "id": "node/8709555998", "name": "École privées Kumballi", "name_en": null, "name_ar": null, "amenity": "school", "building": null, "operator_type": null, "capacity_persons": null, "addr_full": null, "addr_city": null, "source": null, "adm0_pcode": "MRT", "adm0_name": "Mauritania", "adm1_pcode": "MR15", "adm1_name": "Nouakchott Sud", "adm2_pcode": "MR152", "adm2_name": "Arafat", "adm3_pcode": "MR15201", "adm3_name": "Arafat", "adm4_pcode": null, "adm4_name": null, "name_latin": "Ecole privees Kumballi" }, "geometry": { "type": "Point", "coordinates": [ -15.966332, 18.0741096 ] } },
{ "type": "Feature", "properties": { "id": "way/228768141", "name": null, "name_en": null, "name_ar": null, "amenity": "school", "building": null, "operator_type": null, "capacity_persons": null, "addr_full": null, "addr_city": null, "source": null, "adm0_pcode": "MRT", "adm0_name": "Mauritania", "adm1_pcode": "MR15", "adm1_name": "Nouakchott Sud", "adm2_pcode": "MR152", "adm2_name": "Arafat", "adm3_pcode": "MR15201", "adm3_name": "Arafat", "adm4_pcode": null, "adm4_name": null, "name_latin": null }, "geometry": { "type": "Polygon", "coordinates": [ [ [ -15.9626941, 18.0713967 ], [ -15.962163, 18.0712534 ], [ -15.9623193, 18.0707299 ], [ -15.9628504, 18.0708732 ], [ -15.9627455, 18.0712246 ], [ -15.9627326, 18.0712679 ], [ -15.9626941, 18.0713967 ] ] ] } },
{ "type": "Feature", "properties": { "id": "way/228766307", "name": "Licée Arafat 2", "name_en": null, "name_ar": null, "amenity": "school", "building": null, "operator_type": null, "capacity_persons": null, "addr_full": null, "addr_city": null, "source": null, "adm0_pcode": "MRT", "adm0_name": "Mauritania", "adm1_pcode": "MR15", "adm1_name": "Nouakchott Sud", "adm2_pcode": "MR152", "adm2_name": "Arafat", "adm3_pcode": "MR15201", "adm3_name": "Arafat", "adm4_pcode": null, "adm4_name": null, "name_latin": "Licee Arafat 2" }, "geometry": { "type": "Polygon", "coordinates": [ [ [ -15.9607405, 18.0731975 ], [ -15.9605794, 18.0731556 ], [ -15.9603311, 18.073091 ], [ -15.9602954, 18.0730818 ], [ -15.9600666, 18.0730223 ], [ -15.959617, 18.0729054 ], [ -15.9597995, 18.072344 ], [ -15.9609038, 18.0726315 ], [ -15.9607445, 18.0731837 ], [ -15.9607405, 18.0731975 ] ] ] } },
{ "type": "Feature", "properties": { "id": "way/1022075653", "name": null, "name_en": null, "name_ar": null, "amenity": null, "building": "school", "operator_type": null, "capacity_persons": null, "addr_full": null, "addr_city": null, "source": null, "adm0_pcode": "MRT", "adm0_name": "Mauritania", "adm1_pcode": "MR15", "adm1_name": "Nouakchott Sud", "adm2_pcode": "MR152", "adm2_name": "Arafat", "adm3_pcode": "MR15201", "adm3_name": "Arafat", "adm4_pcode": null, "adm4_name": null, "name_latin": null }, "geometry": { "type": "Polygon", "coordinates": [ [ [ -15.9532048, 18.073771 ], [ -15.9531476, 18.0737597 ], [ -15.9531818, 18.0736033 ], [ -15.9532391, 18.0736146 ], [ -15.9532048, 18.073771 ] ] ] } },
{ "type": "Feature", "properties": { "id": "way/228766308", "name": null, "name_en": null, "name_ar": null, "amenity": "school", "building": null, "operator_type": null, "capacity_persons": null, "addr_full": null, "addr_city": null, "source": null, "adm0_pcode": "MRT", "adm0_name": "Mauritania", "adm1_pcode": "MR15", "adm1_name": "Nouakchott Sud", "adm2_pcode": "MR152", "adm2_name": "Arafat", "adm3_pcode": "MR15201", "adm3_name": "Arafat", "adm4_pcode": null, "adm4_name": null, "name_latin": null }, "geometry": { "type": "Polygon", "coordinates": [ [ [ -15.9574835, 18.0741363 ], [ -15.9569667, 18.0739962 ], [ -15.9570981, 18.0735581 ], [ -15.9576149, 18.0736982 ], [ -15.9574835, 18.0741363 ] ] ] } },
{ "type": "Feature", "properties": { "id": "way/230572683", "name": "Institut islamique", "name_en": null, "name_ar": null, "amenity": "university", "building": null, "operator_type": null, "capacity_persons": null, "addr_full": null, "addr_city": null, "source": null, "adm0_pcode": "MRT", "adm0_name": "Mauritania", "adm1_pcode": "MR15", "adm1_name": "Nouakchott Sud", "adm2_pcode": "MR152", "adm2_name": "Arafat", "adm3_pcode": "MR15201", "adm3_name": "Arafat", "adm4_pcode": null, "adm4_name": null, "name_latin": "Institut islamique" }, "geometry": { "type": "Polygon", "coordinates": [ [ [ -15.9535767, 18.0652738 ], [ -15.9532589, 18.0651901 ], [ -15.9532515, 18.0652892 ], [ -15.952984, 18.0652201 ], [ -15.9529801, 18.0646393 ], [ -15.9533006, 18.0646747 ], [ -15.9537171, 18.0647814 ], [ -15.9535767, 18.0652738 ] ] ] } },
{ "type": "Feature", "properties": { "id": "way/228766311", "name": null, "name_en": null, "name_ar": null, "amenity": "school", "building": null, "operator_type": null, "capacity_persons": null, "addr_full": null, "addr_city": null, "source": null, "adm0_pcode": "MRT", "adm0_name": "Mauritania", "adm1_pcode": "MR15", "adm1_name": "Nouakchott Sud", "adm2_pcode": "MR152", "adm2_name": "Arafat", "adm3_pcode": "MR15201", "adm3_name": "Arafat", "adm4_pcode": null, "adm4_name": null, "name_latin": null }, "geometry": { "type": "Polygon", "coordinates": [ [ [ -15.9551507, 18.0644551 ], [ -15.9544113, 18.064236 ], [ -15.9546466, 18.0634006 ], [ -15.9553812, 18.0636015 ], [ -15.9551507, 18.0644551 ] ] ] } },
{ "type": "Feature", "properties": { "id": "way/229021973", "name": null, "name_en": null, "name_ar": null, "amenity": "school", "building": null, "operator_type": null, "capacity_persons": null, "addr_full": null, "addr_city": null, "source": null, "adm0_pcode": "MRT", "adm0_name": "Mauritania", "adm1_pcode": "MR15", "adm1_name": "Nouakchott Sud", "adm2_pcode": "MR152", "adm2_name": "Arafat", "adm3_pcode": "MR15201", "adm3_name": "Arafat", "adm4_pcode": null, "adm4_name": null, "name_latin": null }, "geometry": { "type": "Polygon", "coordinates": [ [ [ -15.9583412, 18.0652313 ], [ -15.95739, 18.0650079 ], [ -15.9575834, 18.0642635 ], [ -15.9585346, 18.0644869 ], [ -15.9583412, 18.0652313 ] ] ] } },
{ "type": "Feature", "properties": { "id": "way/228768140", "name": null, "name_en": null, "name_ar": null, "amenity": "school", "building": null, "operator_type": null, "capacity_persons": null, "addr_full": null, "addr_city": "نواكشوط", "source": null, "adm0_pcode": "MRT", "adm0_name": "Mauritania", "adm1_pcode": "MR15", "adm1_name": "Nouakchott Sud", "adm2_pcode": "MR152", "adm2_name": "Arafat", "adm3_pcode": "MR15201", "adm3_name": "Arafat", "adm4_pcode": null, "adm4_name": null, "name_latin": null }, "geometry": { "type": "Polygon", "coordinates": [ [ [ -15.9624021, 18.0677807 ], [ -15.9617026, 18.0675604 ], [ -15.9618343, 18.0671199 ], [ -15.9625247, 18.0673575 ], [ -15.9624021, 18.0677807 ] ] ] } },
{ "type": "Feature", "properties": { "id": "way/230525286", "name": null, "name_en": null, "name_ar": null, "amenity": "school", "building": null, "operator_type": null, "capacity_persons": null, "addr_full": null, "addr_city": null, "source": null, "adm0_pcode": "MRT", "adm0_name": "Mauritania", "adm1_pcode": "MR15", "adm1_name": "Nouakchott Sud", "adm2_pcode": "MR152", "adm2_name": "Arafat", "adm3_pcode": "MR15201", "adm3_name": "Arafat", "adm4_pcode": null, "adm4_name": null, "name_latin": null }, "geometry": { "type": "Polygon", "coordinates": [ [ [ -15.9647102, 18.0631339 ], [ -15.9644822, 18.0637025 ], [ -15.9640182, 18.0635571 ], [ -15.9642461, 18.0629757 ], [ -15.9647102, 18.0631339 ] ] ] } },
{ "type": "Feature", "properties": { "id": "way/228766310", "name": null, "name_en": null, "name_ar": null, "amenity": "school", "building": null, "operator_type": null, "capacity_persons": null, "addr_full": null, "addr_city": "Nouakchott نواكشوط", "source": null, "adm0_pcode": "MRT", "adm0_name": "Mauritania", "adm1_pcode": "MR15", "adm1_name": "Nouakchott Sud", "adm2_pcode": "MR152", "adm2_name": "Arafat", "adm3_pcode": "MR15201", "adm3_name": "Arafat", "adm4_pcode": null, "adm4_name": null, "name_latin": null }, "geometry": { "type": "Polygon", "coordinates": [ [ [ -15.9616874, 18.0627136 ], [ -15.9607477, 18.0626874 ], [ -15.9605342, 18.0617579 ], [ -15.9615773, 18.0618266 ], [ -15.9616874, 18.0627136 ] ] ] } },
{ "type": "Feature", "properties": { "id": "way/228768139", "name": null, "name_en": null, "name_ar": null, "amenity": "school", "building": null, "operator_type": null, "capacity_persons": null, "addr_full": null, "addr_city": null, "source": null, "adm0_pcode": "MRT", "adm0_name": "Mauritania", "adm1_pcode": "MR15", "adm1_name": "Nouakchott Sud", "adm2_pcode": "MR152", "adm2_name": "Arafat", "adm3_pcode": "MR15201", "adm3_name": "Arafat", "adm4_pcode": null, "adm4_name": null, "name_latin": null }, "geometry": { "type": "Polygon", "coordinates": [ [ [ -15.9632788, 18.0573387 ], [ -15.9623567, 18.0574207 ], [ -15.9623385, 18.0566434 ], [ -15.9632878, 18.0566865 ], [ -15.9632788, 18.0573387 ] ] ] } },
{ "type": "Feature", "properties": { "id": "way/229021974", "name": null, "name_en": null, "name_ar": null, "amenity": "school", "building": null, "operator_type": null, "capacity_persons": null, "addr_full": null, "addr_city": null, "source": null, "adm0_pcode": "MRT", "adm0_name": "Mauritania", "adm1_pcode": "MR15", "adm1_name": "Nouakchott Sud", "adm2_pcode": "MR152", "adm2_name": "Arafat", "adm3_pcode": "MR15201", "adm3_name": "Arafat", "adm4_pcode": null, "adm4_name": null, "name_latin": null }, "geometry": { "type": "Polygon", "coordinates": [ [ [ -15.9643781, 18.0556968 ], [ -15.9638469, 18.0555545 ], [ -15.9640274, 18.054827 ], [ -15.9645746, 18.054929 ], [ -15.9643781, 18.0556968 ] ] ] } },
{ "type": "Feature", "properties": { "id": "node/8707163505", "name": "Site anfield centre formation Baba Diego", "name_en": null, "name_ar": null, "amenity": "school", "building": null, "operator_type": null, "capacity_persons": null, "addr_full": null, "addr_city": null, "source": null, "adm0_pcode": "MRT", "adm0_name": "Mauritania", "adm1_pcode": "MR15", "adm1_name": "Nouakchott Sud", "adm2_pcode": "MR152", "adm2_name": "Arafat", "adm3_pcode": "MR15201", "adm3_name": "Arafat", "adm4_pcode": null, "adm4_name": null, "name_latin": "Site anfield centre formation Baba Diego" }, "geometry": { "type": "Point", "coordinates": [ -15.9595969, 18.0576266 ] } },
{ "type": "Feature", "properties": { "id": "way/228766309", "name": null, "name_en": null, "name_ar": null, "amenity": "school", "building": null, "operator_type": null, "capacity_persons": null, "addr_full": null, "addr_city": "Nouakchott نواكشوط", "source": null, "adm0_pcode": "MRT", "adm0_name": "Mauritania", "adm1_pcode": "MR15", "adm1_name": "Nouakchott Sud", "adm2_pcode": "MR152", "adm2_name": "Arafat", "adm3_pcode": "MR15201", "adm3_name": "Arafat", "adm4_pcode": null, "adm4_name": null, "name_latin": null }, "geometry": { "type": "Polygon", "coordinates": [ [ [ -15.9585135, 18.0614339 ], [ -15.957622, 18.0612114 ], [ -15.9579421, 18.0601641 ], [ -15.9588061, 18.0603833 ], [ -15.9585135, 18.0614339 ] ] ] } },
{ "type": "Feature", "properties": { "id": "way/228766312", "name": null, "name_en": null, "name_ar": null, "amenity": "school", "building": null, "operator_type": null, "capacity_persons": null, "addr_full": null, "addr_city": "Nouakchott نواكشوط", "source": null, "adm0_pcode": "MRT", "adm0_name": "Mauritania", "adm1_pcode": "MR15", "adm1_name": "Nouakchott Sud", "adm2_pcode": "MR152", "adm2_name": "Arafat", "adm3_pcode": "MR15201", "adm3_name": "Arafat", "adm4_pcode": null, "adm4_name": null, "name_latin": null }, "geometry": { "type": "Polygon", "coordinates": [ [ [ -15.9535375, 18.0608079 ], [ -15.9533953, 18.0608357 ], [ -15.953314, 18.0608516 ], [ -15.9532706, 18.0608583 ], [ -15.953189, 18.0608758 ], [ -15.9530381, 18.0609038 ], [ -15.9529229, 18.060356 ], [ -15.9534078, 18.0602556 ], [ -15.9535375, 18.0608079 ] ] ] } },
{ "type": "Feature", "properties": { "id": "way/228766313", "name": null, "name_en": null, "name_ar": null, "amenity": "school", "building": null, "operator_type": null, "capacity_persons": null, "addr_full": null, "addr_city": null, "source": null, "adm0_pcode": "MRT", "adm0_name": "Mauritania", "adm1_pcode": "MR15", "adm1_name": "Nouakchott Sud", "adm2_pcode": "MR152", "adm2_name": "Arafat", "adm3_pcode": "MR15201", "adm3_name": "Arafat", "adm4_pcode": null, "adm4_name": null, "name_latin": null }, "geometry": { "type": "Polygon", "coordinates": [ [ [ -15.9549682, 18.0554306 ], [ -15.9544257, 18.0555493 ], [ -15.9543153, 18.0550791 ], [ -15.954853, 18.054965 ], [ -15.9549682, 18.0554306 ] ] ] } },
{ "type": "Feature", "properties": { "id": "way/228766314", "name": null, "name_en": null, "name_ar": null, "amenity": "school", "building": null, "operator_type": null, "capacity_persons": null, "addr_full": null, "addr_city": null, "source": null, "adm0_pcode": "MRT", "adm0_name": "Mauritania", "adm1_pcode": "MR15", "adm1_name": "Nouakchott Sud", "adm2_pcode": "MR152", "adm2_name": "Arafat", "adm3_pcode": "MR15201", "adm3_name": "Arafat", "adm4_pcode": null, "adm4_name": null, "name_latin": null }, "geometry": { "type": "Polygon", "coordinates": [ [ [ -15.9570664, 18.0523584 ], [ -15.9564999, 18.0524771 ], [ -15.9564038, 18.0519841 ], [ -15.9569512, 18.0518563 ], [ -15.9570664, 18.0523584 ] ] ] } },
{ "type": "Feature", "properties": { "id": "way/228766315", "name": null, "name_en": null, "name_ar": null, "amenity": "school", "building": null, "operator_type": null, "capacity_persons": null, "addr_full": null, "addr_city": null, "source": null, "adm0_pcode": "MRT", "adm0_name": "Mauritania", "adm1_pcode": "MR15", "adm1_name": "Nouakchott Sud", "adm2_pcode": "MR152", "adm2_name": "Arafat", "adm3_pcode": "MR15201", "adm3_name": "Arafat", "adm4_pcode": null, "adm4_name": null, "name_latin": null }, "geometry": { "type": "Polygon", "coordinates": [ [ [ -15.9593806, 18.0492634 ], [ -15.9585932, 18.0494231 ], [ -15.9584684, 18.0489073 ], [ -15.9592414, 18.0487201 ], [ -15.9593377, 18.0490958 ], [ -15.9593563, 18.0491687 ], [ -15.9593806, 18.0492634 ] ] ] } },
{ "type": "Feature", "properties": { "id": "way/229232436", "name": null, "name_en": null, "name_ar": null, "amenity": "school", "building": null, "operator_type": null, "capacity_persons": null, "addr_full": null, "addr_city": null, "source": null, "adm0_pcode": "MRT", "adm0_name": "Mauritania", "adm1_pcode": "MR15", "adm1_name": "Nouakchott Sud", "adm2_pcode": "MR152", "adm2_name": "Arafat", "adm3_pcode": "MR15201", "adm3_name": "Arafat", "adm4_pcode": null, "adm4_name": null, "name_latin": null }, "geometry": { "type": "Polygon", "coordinates": [ [ [ -15.95623, 18.0486884 ], [ -15.9556707, 18.0487944 ], [ -15.9555226, 18.0480878 ], [ -15.9560819, 18.0479818 ], [ -15.95623, 18.0486884 ] ] ] } },
{ "type": "Feature", "properties": { "id": "way/228766316", "name": null, "name_en": null, "name_ar": null, "amenity": "school", "building": null, "operator_type": null, "capacity_persons": null, "addr_full": null, "addr_city": null, "source": null, "adm0_pcode": "MRT", "adm0_name": "Mauritania", "adm1_pcode": "MR15", "adm1_name": "Nouakchott Sud", "adm2_pcode": "MR152", "adm2_name": "Arafat", "adm3_pcode": "MR15201", "adm3_name": "Arafat", "adm4_pcode": null, "adm4_name": null, "name_latin": null }, "geometry": { "type": "Polygon", "coordinates": [ [ [ -15.961378, 18.0473095 ], [ -15.9608018, 18.0474145 ], [ -15.9607106, 18.0469397 ], [ -15.9612435, 18.046821 ], [ -15.961378, 18.0473095 ] ] ] } },
{ "type": "Feature", "properties": { "id": "node/8874524017", "name": null, "name_en": "مدرسة حمزه", "name_ar": "مدرسة حمزه", "amenity": "school", "building": null, "operator_type": null, "capacity_persons": null, "addr_full": null, "addr_city": null, "source": null, "adm0_pcode": "MRT", "adm0_name": "Mauritania", "adm1_pcode": "MR15", "adm1_name": "Nouakchott Sud", "adm2_pcode": "MR152", "adm2_name": "Arafat", "adm3_pcode": "MR15201", "adm3_name": "Arafat", "adm4_pcode": null, "adm4_name": null, "name_latin": "مدرسة حمزه" }, "geometry": { "type": "Point", "coordinates": [ -15.961108, 18.0471728 ] } },
{ "type": "Feature", "properties": { "id": "way/228766317", "name": null, "name_en": null, "name_ar": null, "amenity": "school", "building": null, "operator_type": null, "capacity_persons": null, "addr_full": null, "addr_city": null, "source": null, "adm0_pcode": "MRT", "adm0_name": "Mauritania", "adm1_pcode": "MR15", "adm1_name": "Nouakchott Sud", "adm2_pcode": "MR152", "adm2_name": "Arafat", "adm3_pcode": "MR15201", "adm3_name": "Arafat", "adm4_pcode": null, "adm4_name": null, "name_latin": null }, "geometry": { "type": "Polygon", "coordinates": [ [ [ -15.9639322, 18.0454104 ], [ -15.9632178, 18.0455567 ], [ -15.9630968, 18.0450407 ], [ -15.9638266, 18.0448946 ], [ -15.9639322, 18.0454104 ] ] ] } },
{ "type": "Feature", "properties": { "id": "way/228766318", "name": null, "name_en": null, "name_ar": null, "amenity": "school", "building": null, "operator_type": null, "capacity_persons": null, "addr_full": null, "addr_city": null, "source": null, "adm0_pcode": "MRT", "adm0_name": "Mauritania", "adm1_pcode": "MR15", "adm1_name": "Nouakchott Sud", "adm2_pcode": "MR152", "adm2_name": "Arafat", "adm3_pcode": "MR15201", "adm3_name": "Arafat", "adm4_pcode": null, "adm4_name": null, "name_latin": null }, "geometry": { "type": "Polygon", "coordinates": [ [ [ -15.96314, 18.0432648 ], [ -15.9625735, 18.0433881 ], [ -15.9624006, 18.0426485 ], [ -15.9629384, 18.0425161 ], [ -15.96314, 18.0432648 ] ] ] } },
{ "type": "Feature", "properties": { "id": "way/228763621", "name": null, "name_en": null, "name_ar": null, "amenity": "school", "building": null, "operator_type": null, "capacity_persons": null, "addr_full": null, "addr_city": null, "source": null, "adm0_pcode": "MRT", "adm0_name": "Mauritania", "adm1_pcode": "MR15", "adm1_name": "Nouakchott Sud", "adm2_pcode": "MR152", "adm2_name": "Arafat", "adm3_pcode": "MR15201", "adm3_name": "Arafat", "adm4_pcode": null, "adm4_name": null, "name_latin": null }, "geometry": { "type": "Polygon", "coordinates": [ [ [ -15.9602244, 18.0543521 ], [ -15.9596334, 18.0544771 ], [ -15.9595205, 18.0539949 ], [ -15.9601114, 18.0538698 ], [ -15.9602244, 18.0543521 ] ] ] } },
{ "type": "Feature", "properties": { "id": "way/229021975", "name": null, "name_en": null, "name_ar": null, "amenity": "school", "building": null, "operator_type": null, "capacity_persons": null, "addr_full": null, "addr_city": null, "source": null, "adm0_pcode": "MRT", "adm0_name": "Mauritania", "adm1_pcode": "MR15", "adm1_name": "Nouakchott Sud", "adm2_pcode": "MR152", "adm2_name": "Arafat", "adm3_pcode": "MR15201", "adm3_name": "Arafat", "adm4_pcode": null, "adm4_name": null, "name_latin": null }, "geometry": { "type": "Polygon", "coordinates": [ [ [ -15.9708303, 18.0536342 ], [ -15.9696869, 18.0530164 ], [ -15.9696386, 18.0527971 ], [ -15.9707115, 18.0525472 ], [ -15.970776, 18.0531202 ], [ -15.9708303, 18.0536342 ] ] ] } },
{ "type": "Feature", "properties": { "id": "way/228766319", "name": null, "name_en": null, "name_ar": null, "amenity": "school", "building": null, "operator_type": null, "capacity_persons": null, "addr_full": null, "addr_city": "Nouakchott نواكشوط", "source": null, "adm0_pcode": "MRT", "adm0_name": "Mauritania", "adm1_pcode": "MR15", "adm1_name": "Nouakchott Sud", "adm2_pcode": "MR152", "adm2_name": "Arafat", "adm3_pcode": "MR15201", "adm3_name": "Arafat", "adm4_pcode": null, "adm4_name": null, "name_latin": null }, "geometry": { "type": "Polygon", "coordinates": [ [ [ -15.9689692, 18.0446291 ], [ -15.9684732, 18.0447297 ], [ -15.9683472, 18.0442039 ], [ -15.9688431, 18.0440918 ], [ -15.9689692, 18.0446291 ] ] ] } },
{ "type": "Feature", "properties": { "id": "way/229448058", "name": null, "name_en": null, "name_ar": null, "amenity": "school", "building": null, "operator_type": null, "capacity_persons": null, "addr_full": null, "addr_city": null, "source": null, "adm0_pcode": "MRT", "adm0_name": "Mauritania", "adm1_pcode": "MR15", "adm1_name": "Nouakchott Sud", "adm2_pcode": "MR152", "adm2_name": "Arafat", "adm3_pcode": "MR15201", "adm3_name": "Arafat", "adm4_pcode": null, "adm4_name": null, "name_latin": null }, "geometry": { "type": "Polygon", "coordinates": [ [ [ -15.9707014, 18.04631 ], [ -15.970331, 18.0463754 ], [ -15.9702266, 18.0459479 ], [ -15.9705994, 18.0458739 ], [ -15.9707014, 18.04631 ] ] ] } },
{ "type": "Feature", "properties": { "id": "way/229021976", "name": "Lycée Arafat ثانوية عرفات", "name_en": "Arafat High School", "name_ar": "ثانوية عرفات", "amenity": "school", "building": null, "operator_type": null, "capacity_persons": null, "addr_full": null, "addr_city": "Nouakchott", "source": null, "adm0_pcode": "MRT", "adm0_name": "Mauritania", "adm1_pcode": "MR15", "adm1_name": "Nouakchott Sud", "adm2_pcode": "MR152", "adm2_name": "Arafat", "adm3_pcode": "MR15201", "adm3_name": "Arafat", "adm4_pcode": null, "adm4_name": null, "name_latin": "Arafat High School" }, "geometry": { "type": "Polygon", "coordinates": [ [ [ -15.9714077, 18.0480911 ], [ -15.9705961, 18.048274 ], [ -15.9703461, 18.0480107 ], [ -15.9712115, 18.0472427 ], [ -15.9714077, 18.0480911 ] ] ] } },
{ "type": "Feature", "properties": { "id": "node/4716292090", "name": "CFPM Nouakchott مركز التدريب المهني للماهادرا نواكشوط", "name_en": null, "name_ar": "مركز التدريب المهني للماهادرا نواكشوط", "amenity": "school", "building": null, "operator_type": null, "capacity_persons": null, "addr_full": null, "addr_city": "Nouakchott نواكشوط", "source": null, "adm0_pcode": "MRT", "adm0_name": "Mauritania", "adm1_pcode": "MR15", "adm1_name": "Nouakchott Sud", "adm2_pcode": "MR152", "adm2_name": "Arafat", "adm3_pcode": "MR15201", "adm3_name": "Arafat", "adm4_pcode": null, "adm4_name": null, "name_latin": "CFPM Nouakchott mrkz ltdryb lmhny llmhdr nwkshwT" }, "geometry": { "type": "Point", "coordinates": [ -15.9769881, 18.0542887 ] } },
{ "type": "Feature", "properties": { "id": "way/229021979", "name": "Centre de Formation Professionnelle de Nouakchott مركز التدريب المهني نواكشوط", "name_en": null, "name_ar": "مركز التدريب المهني نواكشوط", "amenity": "university", "building": null, "operator_type": null, "capacity_persons": null, "addr_full": null, "addr_city": "Nouakchott نواكشوط", "source": null, "adm0_pcode": "MRT", "adm0_name": "Mauritania", "adm1_pcode": "MR15", "adm1_name": "Nouakchott Sud", "adm2_pcode": "MR152", "adm2_name": "Arafat", "adm3_pcode": "MR15201", "adm3_name": "Arafat", "adm4_pcode": null, "adm4_name": null, "name_latin": "Centre de Formation Professionnelle de Nouakchott mrkz ltdryb lmhny nwkshwT" }, "geometry": { "type": "Polygon", "coordinates": [ [ [ -15.977332, 18.0541832 ], [ -15.9758943, 18.0544178 ], [ -15.975846, 18.0535864 ], [ -15.9772783, 18.0533365 ], [ -15.977332, 18.0541832 ] ] ] } },
{ "type": "Feature", "properties": { "id": "way/228768138", "name": null, "name_en": null, "name_ar": null, "amenity": "school", "building": null, "operator_type": null, "capacity_persons": null, "addr_full": null, "addr_city": null, "source": null, "adm0_pcode": "MRT", "adm0_name": "Mauritania", "adm1_pcode": "MR15", "adm1_name": "Nouakchott Sud", "adm2_pcode": "MR152", "adm2_name": "Arafat", "adm3_pcode": "MR15201", "adm3_name": "Arafat", "adm4_pcode": null, "adm4_name": null, "name_latin": null }, "geometry": { "type": "Polygon", "coordinates": [ [ [ -15.9660655, 18.0592397 ], [ -15.9655446, 18.0591165 ], [ -15.9653848, 18.0590787 ], [ -15.9657431, 18.0577999 ], [ -15.9666322, 18.0580321 ], [ -15.9660655, 18.0592397 ] ] ] } },
{ "type": "Feature", "properties": { "id": "node/7567157252", "name": "Lycée d'Excellence 2", "name_en": null, "name_ar": null, "amenity": "school", "building": null, "operator_type": null, "capacity_persons": null, "addr_full": null, "addr_city": null, "source": null, "adm0_pcode": "MRT", "adm0_name": "Mauritania", "adm1_pcode": "MR15", "adm1_name": "Nouakchott Sud", "adm2_pcode": "MR152", "adm2_name": "Arafat", "adm3_pcode": "MR15201", "adm3_name": "Arafat", "adm4_pcode": null, "adm4_name": null, "name_latin": "Lycee d'Excellence 2" }, "geometry": { "type": "Point", "coordinates": [ -15.965965, 18.0584947 ] } },
{ "type": "Feature", "properties": { "id": "way/228768137", "name": "École Cheikh Anta Diop", "name_en": null, "name_ar": "مدرسة العروبة", "amenity": "school", "building": null, "operator_type": null, "capacity_persons": null, "addr_full": null, "addr_city": "Nouakchott نواكشوط", "source": null, "adm0_pcode": "MRT", "adm0_name": "Mauritania", "adm1_pcode": "MR15", "adm1_name": "Nouakchott Sud", "adm2_pcode": "MR152", "adm2_name": "Arafat", "adm3_pcode": "MR15201", "adm3_name": "Arafat", "adm4_pcode": null, "adm4_name": null, "name_latin": "Ecole Cheikh Anta Diop" }, "geometry": { "type": "Polygon", "coordinates": [ [ [ -15.9690552, 18.0608374 ], [ -15.9685667, 18.0606888 ], [ -15.9687686, 18.0601624 ], [ -15.9692734, 18.0602986 ], [ -15.9690552, 18.0608374 ] ] ] } },
{ "type": "Feature", "properties": { "id": "way/229355604", "name": "CFM سي إف إم", "name_en": null, "name_ar": "سي إف إم", "amenity": "college", "building": null, "operator_type": null, "capacity_persons": null, "addr_full": null, "addr_city": "Nouakchott نواكشوط", "source": null, "adm0_pcode": "MRT", "adm0_name": "Mauritania", "adm1_pcode": "MR15", "adm1_name": "Nouakchott Sud", "adm2_pcode": "MR152", "adm2_name": "Arafat", "adm3_pcode": "MR15201", "adm3_name": "Arafat", "adm4_pcode": null, "adm4_name": null, "name_latin": "CFM sy f m" }, "geometry": { "type": "Polygon", "coordinates": [ [ [ -15.9732341, 18.065015 ], [ -15.972978, 18.0649177 ], [ -15.9729088, 18.0648914 ], [ -15.9727077, 18.064815 ], [ -15.9724728, 18.0647257 ], [ -15.9720054, 18.0645481 ], [ -15.9725689, 18.0632209 ], [ -15.9726838, 18.0631705 ], [ -15.9738855, 18.0635569 ], [ -15.9732341, 18.065015 ] ] ] } },
{ "type": "Feature", "properties": { "id": "way/229233861", "name": null, "name_en": null, "name_ar": null, "amenity": "school", "building": null, "operator_type": null, "capacity_persons": null, "addr_full": null, "addr_city": null, "source": null, "adm0_pcode": "MRT", "adm0_name": "Mauritania", "adm1_pcode": "MR15", "adm1_name": "Nouakchott Sud", "adm2_pcode": "MR151", "adm2_name": "El Mina", "adm3_pcode": "MR15101", "adm3_name": "El Mina", "adm4_pcode": null, "adm4_name": null, "name_latin": null }, "geometry": { "type": "Polygon", "coordinates": [ [ [ -15.9790991, 18.0583492 ], [ -15.9786153, 18.0585791 ], [ -15.9782843, 18.0579767 ], [ -15.9787494, 18.0577371 ], [ -15.9788508, 18.057922 ], [ -15.9788031, 18.0580198 ], [ -15.978879, 18.058167 ], [ -15.9789914, 18.0581678 ], [ -15.9790991, 18.0583492 ] ] ] } },
{ "type": "Feature", "properties": { "id": "way/229234733", "name": null, "name_en": null, "name_ar": null, "amenity": "school", "building": null, "operator_type": null, "capacity_persons": null, "addr_full": null, "addr_city": null, "source": null, "adm0_pcode": "MRT", "adm0_name": "Mauritania", "adm1_pcode": "MR15", "adm1_name": "Nouakchott Sud", "adm2_pcode": "MR151", "adm2_name": "El Mina", "adm3_pcode": "MR15101", "adm3_name": "El Mina", "adm4_pcode": null, "adm4_name": null, "name_latin": null }, "geometry": { "type": "Polygon", "coordinates": [ [ [ -15.9818161, 18.0556154 ], [ -15.9811553, 18.0559796 ], [ -15.980679, 18.0551804 ], [ -15.981355, 18.0548314 ], [ -15.9814215, 18.0549628 ], [ -15.9813935, 18.055096 ], [ -15.9814916, 18.055247 ], [ -15.981627, 18.0552914 ], [ -15.9818161, 18.0556154 ] ] ] } },
{ "type": "Feature", "properties": { "id": "way/229234735", "name": "El-Mina Jr High School", "name_en": null, "name_ar": null, "amenity": "school", "building": null, "operator_type": null, "capacity_persons": null, "addr_full": null, "addr_city": null, "source": null, "adm0_pcode": "MRT", "adm0_name": "Mauritania", "adm1_pcode": "MR15", "adm1_name": "Nouakchott Sud", "adm2_pcode": "MR151", "adm2_name": "El Mina", "adm3_pcode": "MR15101", "adm3_name": "El Mina", "adm4_pcode": null, "adm4_name": null, "name_latin": "El-Mina Jr High School" }, "geometry": { "type": "Polygon", "coordinates": [ [ [ -15.988308, 18.0561472 ], [ -15.9878473, 18.0567136 ], [ -15.9869512, 18.0560368 ], [ -15.9874024, 18.0554693 ], [ -15.988308, 18.0561472 ] ] ] } },
{ "type": "Feature", "properties": { "id": "way/453932591", "name": "École No. 9 المدرسة رقم", "name_en": null, "name_ar": "المدرسة رقم ٩", "amenity": "school", "building": null, "operator_type": null, "capacity_persons": null, "addr_full": null, "addr_city": "Nouakchott نواكشوط", "source": null, "adm0_pcode": "MRT", "adm0_name": "Mauritania", "adm1_pcode": "MR15", "adm1_name": "Nouakchott Sud", "adm2_pcode": "MR151", "adm2_name": "El Mina", "adm3_pcode": "MR15101", "adm3_name": "El Mina", "adm4_pcode": null, "adm4_name": null, "name_latin": "Ecole No. 9 lmdrs@ rqm" }, "geometry": { "type": "Polygon", "coordinates": [ [ [ -15.9832437, 18.0646991 ], [ -15.9825922, 18.063757 ], [ -15.9831695, 18.0633773 ], [ -15.9833697, 18.0636598 ], [ -15.9837052, 18.0641364 ], [ -15.9837514, 18.0642025 ], [ -15.9838307, 18.0643146 ], [ -15.9832437, 18.0646991 ] ] ] } },
{ "type": "Feature", "properties": { "id": "way/229267542", "name": "CFF سي إف إف", "name_en": null, "name_ar": "سي إف إف", "amenity": "college", "building": null, "operator_type": null, "capacity_persons": null, "addr_full": null, "addr_city": "Nouakchott نواكشوط", "source": null, "adm0_pcode": "MRT", "adm0_name": "Mauritania", "adm1_pcode": "MR15", "adm1_name": "Nouakchott Sud", "adm2_pcode": "MR151", "adm2_name": "El Mina", "adm3_pcode": "MR15101", "adm3_name": "El Mina", "adm4_pcode": null, "adm4_name": null, "name_latin": "CFF sy f f" }, "geometry": { "type": "Polygon", "coordinates": [ [ [ -15.9871047, 18.0677558 ], [ -15.9867928, 18.0679472 ], [ -15.9864129, 18.0674216 ], [ -15.9867352, 18.0672348 ], [ -15.9871047, 18.0677558 ] ] ] } },
{ "type": "Feature", "properties": { "id": "way/229234739", "name": "École Mokhtar Ould Daddah مدرسة مختار ولد داداه", "name_en": null, "name_ar": "مدرسة مختار ولد داداه", "amenity": "school", "building": null, "operator_type": null, "capacity_persons": null, "addr_full": null, "addr_city": "Nouakchott نواكشوط", "source": null, "adm0_pcode": "MRT", "adm0_name": "Mauritania", "adm1_pcode": "MR15", "adm1_name": "Nouakchott Sud", "adm2_pcode": "MR151", "adm2_name": "El Mina", "adm3_pcode": "MR15101", "adm3_name": "El Mina", "adm4_pcode": null, "adm4_name": null, "name_latin": "Ecole Mokhtar Ould Daddah mdrs@ mkhtr wld ddh" }, "geometry": { "type": "Polygon", "coordinates": [ [ [ -15.9982041, 18.0610134 ], [ -15.9980753, 18.0611472 ], [ -15.9978055, 18.0614298 ], [ -15.9972776, 18.0609203 ], [ -15.9972904, 18.0609083 ], [ -15.9970797, 18.0606652 ], [ -15.9977063, 18.0602754 ], [ -15.9982041, 18.0610134 ] ] ] } },
{ "type": "Feature", "properties": { "id": "way/229837220", "name": null, "name_en": null, "name_ar": null, "amenity": "school", "building": null, "operator_type": null, "capacity_persons": null, "addr_full": null, "addr_city": null, "source": null, "adm0_pcode": "MRT", "adm0_name": "Mauritania", "adm1_pcode": "MR15", "adm1_name": "Nouakchott Sud", "adm2_pcode": "MR151", "adm2_name": "El Mina", "adm3_pcode": "MR15101", "adm3_name": "El Mina", "adm4_pcode": null, "adm4_name": null, "name_latin": null }, "geometry": { "type": "Polygon", "coordinates": [ [ [ -16.0009697, 18.0575648 ], [ -16.0006092, 18.0577776 ], [ -16.0004282, 18.0578845 ], [ -16.0000495, 18.0573326 ], [ -16.0005804, 18.056986 ], [ -16.0009697, 18.0575648 ] ] ] } },
{ "type": "Feature", "properties": { "id": "way/229837228", "name": null, "name_en": null, "name_ar": null, "amenity": "school", "building": null, "operator_type": null, "capacity_persons": null, "addr_full": null, "addr_city": null, "source": null, "adm0_pcode": "MRT", "adm0_name": "Mauritania", "adm1_pcode": "MR15", "adm1_name": "Nouakchott Sud", "adm2_pcode": "MR151", "adm2_name": "El Mina", "adm3_pcode": "MR15101", "adm3_name": "El Mina", "adm4_pcode": null, "adm4_name": null, "name_latin": null }, "geometry": { "type": "Polygon", "coordinates": [ [ [ -15.9977232, 18.0560522 ], [ -15.9971748, 18.0564084 ], [ -15.9968601, 18.0559582 ], [ -15.9970129, 18.0558613 ], [ -15.9971118, 18.0559012 ], [ -15.9972497, 18.0558328 ], [ -15.9972647, 18.0557103 ], [ -15.9974265, 18.0556078 ], [ -15.9977232, 18.0560522 ] ] ] } },
{ "type": "Feature", "properties": { "id": "way/229837229", "name": null, "name_en": null, "name_ar": null, "amenity": "school", "building": null, "operator_type": null, "capacity_persons": null, "addr_full": null, "addr_city": null, "source": null, "adm0_pcode": "MRT", "adm0_name": "Mauritania", "adm1_pcode": "MR15", "adm1_name": "Nouakchott Sud", "adm2_pcode": "MR151", "adm2_name": "El Mina", "adm3_pcode": "MR15101", "adm3_name": "El Mina", "adm4_pcode": null, "adm4_name": null, "name_latin": null }, "geometry": { "type": "Polygon", "coordinates": [ [ [ -15.9943505, 18.0592318 ], [ -15.9942376, 18.0591722 ], [ -15.9940746, 18.0592834 ], [ -15.9941025, 18.0594078 ], [ -15.9939177, 18.059522 ], [ -15.9935836, 18.0590526 ], [ -15.9941122, 18.0586754 ], [ -15.9943972, 18.0590632 ], [ -15.9943505, 18.0592318 ] ] ] } },
{ "type": "Feature", "properties": { "id": "way/1021480127", "name": "school grounds", "name_en": null, "name_ar": null, "amenity": "school", "building": null, "operator_type": null, "capacity_persons": null, "addr_full": null, "addr_city": null, "source": null, "adm0_pcode": "MRT", "adm0_name": "Mauritania", "adm1_pcode": "MR15", "adm1_name": "Nouakchott Sud", "adm2_pcode": "MR151", "adm2_name": "El Mina", "adm3_pcode": "MR15101", "adm3_name": "El Mina", "adm4_pcode": null, "adm4_name": null, "name_latin": "school grounds" }, "geometry": { "type": "Polygon", "coordinates": [ [ [ -15.9951055, 18.0617856 ], [ -15.9944768, 18.0621631 ], [ -15.9943831, 18.0620058 ], [ -15.9944039, 18.061887 ], [ -15.9943488, 18.0617864 ], [ -15.9941974, 18.0617478 ], [ -15.9940135, 18.0615286 ], [ -15.9946527, 18.0611497 ], [ -15.9946879, 18.0611288 ], [ -15.9951055, 18.0617856 ] ] ] } },
{ "type": "Feature", "properties": { "id": "way/229234738", "name": null, "name_en": null, "name_ar": null, "amenity": "school", "building": null, "operator_type": null, "capacity_persons": null, "addr_full": null, "addr_city": "نواكشوط", "source": null, "adm0_pcode": "MRT", "adm0_name": "Mauritania", "adm1_pcode": "MR15", "adm1_name": "Nouakchott Sud", "adm2_pcode": "MR151", "adm2_name": "El Mina", "adm3_pcode": "MR15101", "adm3_name": "El Mina", "adm4_pcode": null, "adm4_name": null, "name_latin": null }, "geometry": { "type": "Polygon", "coordinates": [ [ [ -15.9951055, 18.0617856 ], [ -15.9944768, 18.0621631 ], [ -15.9943831, 18.0620058 ], [ -15.9944051, 18.0618747 ], [ -15.9943488, 18.0617864 ], [ -15.9941974, 18.0617478 ], [ -15.9940135, 18.0615286 ], [ -15.9946588, 18.0611144 ], [ -15.9951055, 18.0617856 ] ] ] } },
{ "type": "Feature", "properties": { "id": "way/229234737", "name": null, "name_en": null, "name_ar": null, "amenity": "school", "building": null, "operator_type": null, "capacity_persons": null, "addr_full": null, "addr_city": null, "source": null, "adm0_pcode": "MRT", "adm0_name": "Mauritania", "adm1_pcode": "MR15", "adm1_name": "Nouakchott Sud", "adm2_pcode": "MR151", "adm2_name": "El Mina", "adm3_pcode": "MR15101", "adm3_name": "El Mina", "adm4_pcode": null, "adm4_name": null, "name_latin": null }, "geometry": { "type": "Polygon", "coordinates": [ [ [ -15.9939177, 18.059522 ], [ -15.9933763, 18.059865 ], [ -15.9929709, 18.0592604 ], [ -15.9935011, 18.0589225 ], [ -15.9935836, 18.0590526 ], [ -15.9939177, 18.059522 ] ] ] } },
{ "type": "Feature", "properties": { "id": "way/229838195", "name": null, "name_en": null, "name_ar": null, "amenity": "school", "building": null, "operator_type": null, "capacity_persons": null, "addr_full": null, "addr_city": null, "source": null, "adm0_pcode": "MRT", "adm0_name": "Mauritania", "adm1_pcode": "MR15", "adm1_name": "Nouakchott Sud", "adm2_pcode": "MR151", "adm2_name": "El Mina", "adm3_pcode": "MR15101", "adm3_name": "El Mina", "adm4_pcode": null, "adm4_name": null, "name_latin": null }, "geometry": { "type": "Polygon", "coordinates": [ [ [ -15.9953766, 18.0492785 ], [ -15.994772, 18.0496607 ], [ -15.994529, 18.0493037 ], [ -15.9947003, 18.0490965 ], [ -15.9947341, 18.049136 ], [ -15.9947739, 18.0491111 ], [ -15.9948811, 18.0490432 ], [ -15.9948336, 18.048934 ], [ -15.9950074, 18.0487244 ], [ -15.9952488, 18.0490892 ], [ -15.9952645, 18.0491116 ], [ -15.9953766, 18.0492785 ] ] ] } },
{ "type": "Feature", "properties": { "id": "way/229837227", "name": null, "name_en": null, "name_ar": null, "amenity": "school", "building": null, "operator_type": null, "capacity_persons": null, "addr_full": null, "addr_city": null, "source": null, "adm0_pcode": "MRT", "adm0_name": "Mauritania", "adm1_pcode": "MR15", "adm1_name": "Nouakchott Sud", "adm2_pcode": "MR151", "adm2_name": "El Mina", "adm3_pcode": "MR15101", "adm3_name": "El Mina", "adm4_pcode": null, "adm4_name": null, "name_latin": null }, "geometry": { "type": "Polygon", "coordinates": [ [ [ -15.9960148, 18.0532306 ], [ -15.9954817, 18.0535569 ], [ -15.9950531, 18.0529516 ], [ -15.9955913, 18.0526246 ], [ -15.9960148, 18.0532306 ] ] ] } },
{ "type": "Feature", "properties": { "id": "way/229837217", "name": "Centre de formation", "name_en": null, "name_ar": null, "amenity": "college", "building": null, "operator_type": null, "capacity_persons": null, "addr_full": null, "addr_city": null, "source": null, "adm0_pcode": "MRT", "adm0_name": "Mauritania", "adm1_pcode": "MR15", "adm1_name": "Nouakchott Sud", "adm2_pcode": "MR151", "adm2_name": "El Mina", "adm3_pcode": "MR15101", "adm3_name": "El Mina", "adm4_pcode": null, "adm4_name": null, "name_latin": "Centre de formation" }, "geometry": { "type": "Polygon", "coordinates": [ [ [ -16.0010192, 18.0550045 ], [ -15.9995225, 18.0559229 ], [ -15.9986496, 18.0543323 ], [ -16.0002254, 18.0537985 ], [ -16.0010192, 18.0550045 ] ] ] } },
{ "type": "Feature", "properties": { "id": "way/229234734", "name": null, "name_en": null, "name_ar": null, "amenity": "school", "building": null, "operator_type": null, "capacity_persons": null, "addr_full": null, "addr_city": null, "source": null, "adm0_pcode": "MRT", "adm0_name": "Mauritania", "adm1_pcode": "MR15", "adm1_name": "Nouakchott Sud", "adm2_pcode": "MR151", "adm2_name": "El Mina", "adm3_pcode": "MR15101", "adm3_name": "El Mina", "adm4_pcode": null, "adm4_name": null, "name_latin": null }, "geometry": { "type": "Polygon", "coordinates": [ [ [ -15.9823543, 18.055116 ], [ -15.9819022, 18.0553633 ], [ -15.9817868, 18.0551689 ], [ -15.9818381, 18.0550643 ], [ -15.9817475, 18.0549159 ], [ -15.9816389, 18.0549288 ], [ -15.9815283, 18.0547226 ], [ -15.9819974, 18.0544899 ], [ -15.9823543, 18.055116 ] ] ] } },
{ "type": "Feature", "properties": { "id": "way/229483972", "name": null, "name_en": null, "name_ar": null, "amenity": "school", "building": null, "operator_type": null, "capacity_persons": null, "addr_full": null, "addr_city": null, "source": null, "adm0_pcode": "MRT", "adm0_name": "Mauritania", "adm1_pcode": "MR15", "adm1_name": "Nouakchott Sud", "adm2_pcode": "MR151", "adm2_name": "El Mina", "adm3_pcode": "MR15101", "adm3_name": "El Mina", "adm4_pcode": null, "adm4_name": null, "name_latin": null }, "geometry": { "type": "Polygon", "coordinates": [ [ [ -15.9860152, 18.0341699 ], [ -15.9854408, 18.0341657 ], [ -15.9854377, 18.033797 ], [ -15.9860271, 18.0338433 ], [ -15.9860152, 18.0341699 ] ] ] } },
{ "type": "Feature", "properties": { "id": "way/230282563", "name": null, "name_en": null, "name_ar": null, "amenity": "school", "building": null, "operator_type": null, "capacity_persons": null, "addr_full": null, "addr_city": null, "source": null, "adm0_pcode": "MRT", "adm0_name": "Mauritania", "adm1_pcode": "MR15", "adm1_name": "Nouakchott Sud", "adm2_pcode": "MR151", "adm2_name": "El Mina", "adm3_pcode": "MR15101", "adm3_name": "El Mina", "adm4_pcode": null, "adm4_name": null, "name_latin": null }, "geometry": { "type": "Polygon", "coordinates": [ [ [ -15.9879118, 18.0192358 ], [ -15.9875285, 18.0191966 ], [ -15.987614, 18.0185369 ], [ -15.9880005, 18.0185941 ], [ -15.9879118, 18.0192358 ] ] ] } },
{ "type": "Feature", "properties": { "id": "way/229483952", "name": null, "name_en": null, "name_ar": null, "amenity": "school", "building": null, "operator_type": null, "capacity_persons": null, "addr_full": null, "addr_city": null, "source": null, "adm0_pcode": "MRT", "adm0_name": "Mauritania", "adm1_pcode": "MR15", "adm1_name": "Nouakchott Sud", "adm2_pcode": "MR151", "adm2_name": "El Mina", "adm3_pcode": "MR15101", "adm3_name": "El Mina", "adm4_pcode": null, "adm4_name": null, "name_latin": null }, "geometry": { "type": "Polygon", "coordinates": [ [ [ -15.9839718, 18.0186736 ], [ -15.9832514, 18.018554 ], [ -15.9833705, 18.0179052 ], [ -15.9834263, 18.0179134 ], [ -15.9837066, 18.0179602 ], [ -15.9837503, 18.017969 ], [ -15.9840909, 18.0180248 ], [ -15.9840785, 18.018079 ], [ -15.984046, 18.0182544 ], [ -15.9839718, 18.0186736 ] ] ] } },
{ "type": "Feature", "properties": { "id": "way/229483947", "name": null, "name_en": null, "name_ar": null, "amenity": "school", "building": null, "operator_type": null, "capacity_persons": null, "addr_full": null, "addr_city": null, "source": null, "adm0_pcode": "MRT", "adm0_name": "Mauritania", "adm1_pcode": "MR15", "adm1_name": "Nouakchott Sud", "adm2_pcode": "MR151", "adm2_name": "El Mina", "adm3_pcode": "MR15101", "adm3_name": "El Mina", "adm4_pcode": null, "adm4_name": null, "name_latin": null }, "geometry": { "type": "Polygon", "coordinates": [ [ [ -15.9874179, 18.0254546 ], [ -15.986761, 18.0253581 ], [ -15.9868704, 18.024685 ], [ -15.9875273, 18.0247815 ], [ -15.9874179, 18.0254546 ] ] ] } },
{ "type": "Feature", "properties": { "id": "way/229483971", "name": null, "name_en": null, "name_ar": null, "amenity": "school", "building": null, "operator_type": null, "capacity_persons": null, "addr_full": null, "addr_city": null, "source": null, "adm0_pcode": "MRT", "adm0_name": "Mauritania", "adm1_pcode": "MR15", "adm1_name": "Nouakchott Sud", "adm2_pcode": "MR153", "adm2_name": "Riad", "adm3_pcode": "MR15301", "adm3_name": "Riyad", "adm4_pcode": null, "adm4_name": null, "name_latin": null }, "geometry": { "type": "Polygon", "coordinates": [ [ [ -15.9868627, 18.0288289 ], [ -15.9862346, 18.0287412 ], [ -15.9863077, 18.0283437 ], [ -15.9869368, 18.0284411 ], [ -15.9868627, 18.0288289 ] ] ] } },
{ "type": "Feature", "properties": { "id": "way/229483944", "name": null, "name_en": null, "name_ar": null, "amenity": "school", "building": null, "operator_type": null, "capacity_persons": null, "addr_full": null, "addr_city": null, "source": null, "adm0_pcode": "MRT", "adm0_name": "Mauritania", "adm1_pcode": "MR15", "adm1_name": "Nouakchott Sud", "adm2_pcode": "MR153", "adm2_name": "Riad", "adm3_pcode": "MR15301", "adm3_name": "Riyad", "adm4_pcode": null, "adm4_name": null, "name_latin": null }, "geometry": { "type": "Polygon", "coordinates": [ [ [ -15.9830167, 18.0236459 ], [ -15.9828426, 18.0236166 ], [ -15.9823617, 18.0235424 ], [ -15.9823316, 18.0235412 ], [ -15.9824419, 18.022889 ], [ -15.9831269, 18.0229937 ], [ -15.9830167, 18.0236459 ] ] ] } },
{ "type": "Feature", "properties": { "id": "way/229483943", "name": null, "name_en": null, "name_ar": null, "amenity": "school", "building": null, "operator_type": null, "capacity_persons": null, "addr_full": null, "addr_city": null, "source": null, "adm0_pcode": "MRT", "adm0_name": "Mauritania", "adm1_pcode": "MR15", "adm1_name": "Nouakchott Sud", "adm2_pcode": "MR153", "adm2_name": "Riad", "adm3_pcode": "MR15301", "adm3_name": "Riyad", "adm4_pcode": null, "adm4_name": null, "name_latin": null }, "geometry": { "type": "Polygon", "coordinates": [ [ [ -15.982125, 18.028429 ], [ -15.9813916, 18.028303 ], [ -15.98148, 18.0277064 ], [ -15.9822399, 18.0277988 ], [ -15.982125, 18.028429 ] ] ] } },
{ "type": "Feature", "properties": { "id": "way/229351460", "name": null, "name_en": null, "name_ar": null, "amenity": "kindergarten", "building": null, "operator_type": null, "capacity_persons": null, "addr_full": null, "addr_city": null, "source": null, "adm0_pcode": "MRT", "adm0_name": "Mauritania", "adm1_pcode": "MR15", "adm1_name": "Nouakchott Sud", "adm2_pcode": "MR153", "adm2_name": "Riad", "adm3_pcode": "MR15301", "adm3_name": "Riyad", "adm4_pcode": null, "adm4_name": null, "name_latin": null }, "geometry": { "type": "Polygon", "coordinates": [ [ [ -15.9720871, 18.0208147 ], [ -15.9715629, 18.020712 ], [ -15.9716786, 18.0201773 ], [ -15.9722029, 18.02028 ], [ -15.9720871, 18.0208147 ] ] ] } },
{ "type": "Feature", "properties": { "id": "way/229483932", "name": null, "name_en": null, "name_ar": null, "amenity": "kindergarten", "building": null, "operator_type": null, "capacity_persons": null, "addr_full": null, "addr_city": null, "source": null, "adm0_pcode": "MRT", "adm0_name": "Mauritania", "adm1_pcode": "MR15", "adm1_name": "Nouakchott Sud", "adm2_pcode": "MR153", "adm2_name": "Riad", "adm3_pcode": "MR15301", "adm3_name": "Riyad", "adm4_pcode": null, "adm4_name": null, "name_latin": null }, "geometry": { "type": "Polygon", "coordinates": [ [ [ -15.9752085, 18.0372979 ], [ -15.9744668, 18.037454 ], [ -15.9744417, 18.0366201 ], [ -15.9751915, 18.0367429 ], [ -15.9752085, 18.0372979 ] ] ] } },
{ "type": "Feature", "properties": { "id": "way/228766320", "name": null, "name_en": null, "name_ar": null, "amenity": "school", "building": null, "operator_type": null, "capacity_persons": null, "addr_full": null, "addr_city": null, "source": null, "adm0_pcode": "MRT", "adm0_name": "Mauritania", "adm1_pcode": "MR15", "adm1_name": "Nouakchott Sud", "adm2_pcode": "MR152", "adm2_name": "Arafat", "adm3_pcode": "MR15201", "adm3_name": "Arafat", "adm4_pcode": null, "adm4_name": null, "name_latin": null }, "geometry": { "type": "Polygon", "coordinates": [ [ [ -15.9694977, 18.0407172 ], [ -15.9689773, 18.0407945 ], [ -15.9688716, 18.0403268 ], [ -15.9694001, 18.0402495 ], [ -15.9694977, 18.0407172 ] ] ] } },
{ "type": "Feature", "properties": { "id": "way/231978102", "name": null, "name_en": null, "name_ar": null, "amenity": "kindergarten", "building": null, "operator_type": null, "capacity_persons": null, "addr_full": null, "addr_city": null, "source": null, "adm0_pcode": "MRT", "adm0_name": "Mauritania", "adm1_pcode": "MR14", "adm1_name": "Nouakchott Nord", "adm2_pcode": "MR143", "adm2_name": "Teyarett", "adm3_pcode": "MR14301", "adm3_name": "Toujounine", "adm4_pcode": null, "adm4_name": null, "name_latin": null }, "geometry": { "type": "Polygon", "coordinates": [ [ [ -15.960125, 18.0338626 ], [ -15.9590004, 18.0340723 ], [ -15.9588655, 18.0335658 ], [ -15.9588529, 18.0335064 ], [ -15.9587564, 18.0331404 ], [ -15.9588482, 18.0331161 ], [ -15.95995, 18.0327907 ], [ -15.9600322, 18.0333451 ], [ -15.960125, 18.0338626 ] ] ] } },
{ "type": "Feature", "properties": { "id": "way/229232437", "name": null, "name_en": null, "name_ar": null, "amenity": "school", "building": null, "operator_type": null, "capacity_persons": null, "addr_full": null, "addr_city": null, "source": null, "adm0_pcode": "MRT", "adm0_name": "Mauritania", "adm1_pcode": "MR14", "adm1_name": "Nouakchott Nord", "adm2_pcode": "MR143", "adm2_name": "Teyarett", "adm3_pcode": "MR14301", "adm3_name": "Toujounine", "adm4_pcode": null, "adm4_name": null, "name_latin": null }, "geometry": { "type": "Polygon", "coordinates": [ [ [ -15.9603418, 18.0351485 ], [ -15.9592632, 18.0353859 ], [ -15.9590098, 18.0342293 ], [ -15.9601073, 18.0340646 ], [ -15.9603418, 18.0351485 ] ] ] } },
{ "type": "Feature", "properties": { "id": "way/228766321", "name": null, "name_en": null, "name_ar": null, "amenity": "school", "building": null, "operator_type": null, "capacity_persons": null, "addr_full": null, "addr_city": null, "source": null, "adm0_pcode": "MRT", "adm0_name": "Mauritania", "adm1_pcode": "MR14", "adm1_name": "Nouakchott Nord", "adm2_pcode": "MR143", "adm2_name": "Teyarett", "adm3_pcode": "MR14301", "adm3_name": "Toujounine", "adm4_pcode": null, "adm4_name": null, "name_latin": null }, "geometry": { "type": "Polygon", "coordinates": [ [ [ -15.9597527, 18.0401528 ], [ -15.9592202, 18.0402611 ], [ -15.9590454, 18.0394918 ], [ -15.9595698, 18.0393874 ], [ -15.9597527, 18.0401528 ] ] ] } },
{ "type": "Feature", "properties": { "id": "node/8680764641", "name": "Scolaire", "name_en": null, "name_ar": null, "amenity": "school", "building": null, "operator_type": null, "capacity_persons": null, "addr_full": null, "addr_city": null, "source": null, "adm0_pcode": "MRT", "adm0_name": "Mauritania", "adm1_pcode": "MR14", "adm1_name": "Nouakchott Nord", "adm2_pcode": "MR143", "adm2_name": "Teyarett", "adm3_pcode": "MR14301", "adm3_name": "Toujounine", "adm4_pcode": null, "adm4_name": null, "name_latin": "Scolaire" }, "geometry": { "type": "Point", "coordinates": [ -15.9544176, 18.033135 ] } },
{ "type": "Feature", "properties": { "id": "way/230398167", "name": null, "name_en": null, "name_ar": null, "amenity": "school", "building": null, "operator_type": null, "capacity_persons": null, "addr_full": null, "addr_city": null, "source": null, "adm0_pcode": "MRT", "adm0_name": "Mauritania", "adm1_pcode": "MR15", "adm1_name": "Nouakchott Sud", "adm2_pcode": "MR153", "adm2_name": "Riad", "adm3_pcode": "MR15301", "adm3_name": "Riyad", "adm4_pcode": null, "adm4_name": null, "name_latin": null }, "geometry": { "type": "Polygon", "coordinates": [ [ [ -15.9559519, 18.015401 ], [ -15.9555542, 18.0157274 ], [ -15.9551841, 18.0153198 ], [ -15.9551572, 18.0152901 ], [ -15.9555549, 18.0149636 ], [ -15.9559519, 18.015401 ] ] ] } },
{ "type": "Feature", "properties": { "id": "way/230398177", "name": "École Gleuguem Motali", "name_en": null, "name_ar": null, "amenity": "school", "building": null, "operator_type": null, "capacity_persons": null, "addr_full": null, "addr_city": null, "source": null, "adm0_pcode": "MRT", "adm0_name": "Mauritania", "adm1_pcode": "MR15", "adm1_name": "Nouakchott Sud", "adm2_pcode": "MR153", "adm2_name": "Riad", "adm3_pcode": "MR15301", "adm3_name": "Riyad", "adm4_pcode": null, "adm4_name": null, "name_latin": "Ecole Gleuguem Motali" }, "geometry": { "type": "Polygon", "coordinates": [ [ [ -15.9591597, 18.0045503 ], [ -15.9586021, 18.0045386 ], [ -15.9586206, 18.004089 ], [ -15.9591936, 18.0041343 ], [ -15.9591597, 18.0045503 ] ] ] } },
{ "type": "Feature", "properties": { "id": "way/230398170", "name": "College كلية", "name_en": null, "name_ar": "كلية", "amenity": "school", "building": null, "operator_type": null, "capacity_persons": null, "addr_full": null, "addr_city": "Nouakchott نواكشوط", "source": null, "adm0_pcode": "MRT", "adm0_name": "Mauritania", "adm1_pcode": "MR15", "adm1_name": "Nouakchott Sud", "adm2_pcode": "MR153", "adm2_name": "Riad", "adm3_pcode": "MR15301", "adm3_name": "Riyad", "adm4_pcode": null, "adm4_name": null, "name_latin": "College kly@" }, "geometry": { "type": "Polygon", "coordinates": [ [ [ -15.9585518, 18.0092312 ], [ -15.9580199, 18.0092109 ], [ -15.9580413, 18.0087023 ], [ -15.9585732, 18.0087226 ], [ -15.9585518, 18.0092312 ] ] ] } },
{ "type": "Feature", "properties": { "id": "way/230398169", "name": null, "name_en": null, "name_ar": null, "amenity": "school", "building": null, "operator_type": null, "capacity_persons": null, "addr_full": null, "addr_city": null, "source": null, "adm0_pcode": "MRT", "adm0_name": "Mauritania", "adm1_pcode": "MR15", "adm1_name": "Nouakchott Sud", "adm2_pcode": "MR153", "adm2_name": "Riad", "adm3_pcode": "MR15301", "adm3_name": "Riyad", "adm4_pcode": null, "adm4_name": null, "name_latin": null }, "geometry": { "type": "Polygon", "coordinates": [ [ [ -15.9615283, 18.0157547 ], [ -15.9609713, 18.015765 ], [ -15.9609608, 18.0152471 ], [ -15.9615177, 18.0152368 ], [ -15.9615283, 18.0157547 ] ] ] } },
{ "type": "Feature", "properties": { "id": "way/229484298", "name": null, "name_en": null, "name_ar": null, "amenity": "school", "building": null, "operator_type": null, "capacity_persons": null, "addr_full": null, "addr_city": null, "source": null, "adm0_pcode": "MRT", "adm0_name": "Mauritania", "adm1_pcode": "MR15", "adm1_name": "Nouakchott Sud", "adm2_pcode": "MR153", "adm2_name": "Riad", "adm3_pcode": "MR15301", "adm3_name": "Riyad", "adm4_pcode": null, "adm4_name": null, "name_latin": null }, "geometry": { "type": "Polygon", "coordinates": [ [ [ -15.9705058, 18.0168543 ], [ -15.9701348, 18.0168009 ], [ -15.9696014, 18.0166985 ], [ -15.9697308, 18.0158224 ], [ -15.9699388, 18.0158567 ], [ -15.9703478, 18.015922 ], [ -15.9705257, 18.0159627 ], [ -15.9706484, 18.0159739 ], [ -15.9705514, 18.0165675 ], [ -15.9705058, 18.0168543 ] ] ] } },
{ "type": "Feature", "properties": { "id": "way/229484297", "name": null, "name_en": null, "name_ar": null, "amenity": "school", "building": null, "operator_type": null, "capacity_persons": null, "addr_full": null, "addr_city": null, "source": null, "adm0_pcode": "MRT", "adm0_name": "Mauritania", "adm1_pcode": "MR15", "adm1_name": "Nouakchott Sud", "adm2_pcode": "MR151", "adm2_name": "El Mina", "adm3_pcode": "MR15101", "adm3_name": "El Mina", "adm4_pcode": null, "adm4_name": null, "name_latin": null }, "geometry": { "type": "Polygon", "coordinates": [ [ [ -15.9707382, 18.0158393 ], [ -15.9698756, 18.0156496 ], [ -15.9699512, 18.0147694 ], [ -15.9702653, 18.0147963 ], [ -15.9705247, 18.0147949 ], [ -15.970906, 18.0148585 ], [ -15.9708552, 18.0150231 ], [ -15.9708234, 18.0152452 ], [ -15.9707382, 18.0158393 ] ] ] } },
{ "type": "Feature", "properties": { "id": "way/229436019", "name": null, "name_en": null, "name_ar": null, "amenity": "school", "building": null, "operator_type": null, "capacity_persons": null, "addr_full": null, "addr_city": null, "source": null, "adm0_pcode": "MRT", "adm0_name": "Mauritania", "adm1_pcode": "MR15", "adm1_name": "Nouakchott Sud", "adm2_pcode": "MR151", "adm2_name": "El Mina", "adm3_pcode": "MR15101", "adm3_name": "El Mina", "adm4_pcode": null, "adm4_name": null, "name_latin": null }, "geometry": { "type": "Polygon", "coordinates": [ [ [ -15.9740104, 18.0109702 ], [ -15.9735145, 18.0108846 ], [ -15.9736148, 18.0103589 ], [ -15.9741108, 18.0104445 ], [ -15.9740104, 18.0109702 ] ] ] } },
{ "type": "Feature", "properties": { "id": "way/229443291", "name": null, "name_en": null, "name_ar": null, "amenity": "school", "building": null, "operator_type": null, "capacity_persons": null, "addr_full": null, "addr_city": null, "source": null, "adm0_pcode": "MRT", "adm0_name": "Mauritania", "adm1_pcode": "MR15", "adm1_name": "Nouakchott Sud", "adm2_pcode": "MR151", "adm2_name": "El Mina", "adm3_pcode": "MR15101", "adm3_name": "El Mina", "adm4_pcode": null, "adm4_name": null, "name_latin": null }, "geometry": { "type": "Polygon", "coordinates": [ [ [ -15.9752058, 18.0049899 ], [ -15.9746966, 18.0049085 ], [ -15.9747995, 18.0043262 ], [ -15.9753086, 18.0044076 ], [ -15.9752058, 18.0049899 ] ] ] } },
{ "type": "Feature", "properties": { "id": "node/8670648342", "name": "Groupe Scolaire Prive", "name_en": null, "name_ar": null, "amenity": "school", "building": null, "operator_type": null, "capacity_persons": null, "addr_full": null, "addr_city": null, "source": null, "adm0_pcode": "MRT", "adm0_name": "Mauritania", "adm1_pcode": "MR15", "adm1_name": "Nouakchott Sud", "adm2_pcode": "MR151", "adm2_name": "El Mina", "adm3_pcode": "MR15101", "adm3_name": "El Mina", "adm4_pcode": null, "adm4_name": null, "name_latin": "Groupe Scolaire Prive" }, "geometry": { "type": "Point", "coordinates": [ -15.9665787, 18.0025945 ] } },
{ "type": "Feature", "properties": { "id": "way/326473316", "name": null, "name_en": null, "name_ar": null, "amenity": null, "building": "school", "operator_type": null, "capacity_persons": null, "addr_full": null, "addr_city": null, "source": null, "adm0_pcode": "MRT", "adm0_name": "Mauritania", "adm1_pcode": "MR15", "adm1_name": "Nouakchott Sud", "adm2_pcode": "MR151", "adm2_name": "El Mina", "adm3_pcode": "MR15101", "adm3_name": "El Mina", "adm4_pcode": null, "adm4_name": null, "name_latin": null }, "geometry": { "type": "Polygon", "coordinates": [ [ [ -15.9667322, 18.0024632 ], [ -15.966398, 18.0025206 ], [ -15.9664271, 18.0026744 ], [ -15.9667613, 18.0026171 ], [ -15.9667322, 18.0024632 ] ] ] } },
{ "type": "Feature", "properties": { "id": "way/229841594", "name": null, "name_en": null, "name_ar": null, "amenity": "school", "building": null, "operator_type": null, "capacity_persons": null, "addr_full": null, "addr_city": null, "source": null, "adm0_pcode": "MRT", "adm0_name": "Mauritania", "adm1_pcode": "MR15", "adm1_name": "Nouakchott Sud", "adm2_pcode": "MR151", "adm2_name": "El Mina", "adm3_pcode": "MR15101", "adm3_name": "El Mina", "adm4_pcode": null, "adm4_name": null, "name_latin": null }, "geometry": { "type": "Polygon", "coordinates": [ [ [ -15.9710025, 18.0031152 ], [ -15.9705448, 18.0030461 ], [ -15.9705372, 18.002497 ], [ -15.9709713, 18.0024734 ], [ -15.9710025, 18.0031152 ] ] ] } },
{ "type": "Feature", "properties": { "id": "way/229841592", "name": "Lycée Ryad N°1 ليسي الرياض رقم", "name_en": null, "name_ar": "ليسي الرياض رقم ١", "amenity": "school", "building": null, "operator_type": null, "capacity_persons": null, "addr_full": null, "addr_city": "نواكشوط Nouakchott", "source": null, "adm0_pcode": "MRT", "adm0_name": "Mauritania", "adm1_pcode": "MR15", "adm1_name": "Nouakchott Sud", "adm2_pcode": "MR151", "adm2_name": "El Mina", "adm3_pcode": "MR15101", "adm3_name": "El Mina", "adm4_pcode": null, "adm4_name": null, "name_latin": "Lycee Ryad Ndeg1 lysy lryD rqm" }, "geometry": { "type": "Polygon", "coordinates": [ [ [ -15.9733375, 18.0024256 ], [ -15.9731058, 18.0035267 ], [ -15.972411, 18.0033857 ], [ -15.9725812, 18.0022981 ], [ -15.9733375, 18.0024256 ] ] ] } },
{ "type": "Feature", "properties": { "id": "way/229841595", "name": null, "name_en": null, "name_ar": null, "amenity": "school", "building": null, "operator_type": null, "capacity_persons": null, "addr_full": null, "addr_city": null, "source": null, "adm0_pcode": "MRT", "adm0_name": "Mauritania", "adm1_pcode": "MR15", "adm1_name": "Nouakchott Sud", "adm2_pcode": "MR151", "adm2_name": "El Mina", "adm3_pcode": "MR15101", "adm3_name": "El Mina", "adm4_pcode": null, "adm4_name": null, "name_latin": null }, "geometry": { "type": "Polygon", "coordinates": [ [ [ -15.9745545, 17.9985015 ], [ -15.9744607, 17.9985297 ], [ -15.9744064, 17.9986471 ], [ -15.9738338, 17.9987503 ], [ -15.9737548, 17.9982856 ], [ -15.974515, 17.9981494 ], [ -15.9745545, 17.9985015 ] ] ] } },
{ "type": "Feature", "properties": { "id": "way/229841599", "name": null, "name_en": null, "name_ar": null, "amenity": "school", "building": null, "operator_type": null, "capacity_persons": null, "addr_full": null, "addr_city": null, "source": null, "adm0_pcode": "MRT", "adm0_name": "Mauritania", "adm1_pcode": "MR15", "adm1_name": "Nouakchott Sud", "adm2_pcode": "MR153", "adm2_name": "Riad", "adm3_pcode": "MR15301", "adm3_name": "Riyad", "adm4_pcode": null, "adm4_name": null, "name_latin": null }, "geometry": { "type": "Polygon", "coordinates": [ [ [ -15.9735475, 17.9937269 ], [ -15.9730292, 17.993788 ], [ -15.9729502, 17.993356 ], [ -15.9734882, 17.9932762 ], [ -15.9735475, 17.9937269 ] ] ] } },
{ "type": "Feature", "properties": { "id": "way/229841596", "name": null, "name_en": null, "name_ar": null, "amenity": "school", "building": null, "operator_type": null, "capacity_persons": null, "addr_full": null, "addr_city": null, "source": null, "adm0_pcode": "MRT", "adm0_name": "Mauritania", "adm1_pcode": "MR15", "adm1_name": "Nouakchott Sud", "adm2_pcode": "MR153", "adm2_name": "Riad", "adm3_pcode": "MR15301", "adm3_name": "Riyad", "adm4_pcode": null, "adm4_name": null, "name_latin": null }, "geometry": { "type": "Polygon", "coordinates": [ [ [ -15.9714347, 17.9965955 ], [ -15.970877, 17.9966847 ], [ -15.970798, 17.9962387 ], [ -15.9713262, 17.9961448 ], [ -15.9714347, 17.9965955 ] ] ] } },
{ "type": "Feature", "properties": { "id": "way/229841609", "name": null, "name_en": null, "name_ar": null, "amenity": "school", "building": null, "operator_type": null, "capacity_persons": null, "addr_full": null, "addr_city": null, "source": null, "adm0_pcode": "MRT", "adm0_name": "Mauritania", "adm1_pcode": "MR15", "adm1_name": "Nouakchott Sud", "adm2_pcode": "MR153", "adm2_name": "Riad", "adm3_pcode": "MR15301", "adm3_name": "Riyad", "adm4_pcode": null, "adm4_name": null, "name_latin": null }, "geometry": { "type": "Polygon", "coordinates": [ [ [ -15.9684432, 17.9945201 ], [ -15.9678866, 17.9946025 ], [ -15.9678104, 17.9941264 ], [ -15.9683733, 17.99404 ], [ -15.9683859, 17.9940863 ], [ -15.9683612, 17.9941177 ], [ -15.9683772, 17.9942497 ], [ -15.9684134, 17.9942923 ], [ -15.9684432, 17.9945201 ] ] ] } },
{ "type": "Feature", "properties": { "id": "way/229841600", "name": null, "name_en": null, "name_ar": null, "amenity": "school", "building": null, "operator_type": null, "capacity_persons": null, "addr_full": null, "addr_city": null, "source": null, "adm0_pcode": "MRT", "adm0_name": "Mauritania", "adm1_pcode": "MR15", "adm1_name": "Nouakchott Sud", "adm2_pcode": "MR153", "adm2_name": "Riad", "adm3_pcode": "MR15301", "adm3_name": "Riyad", "adm4_pcode": null, "adm4_name": null, "name_latin": null }, "geometry": { "type": "Polygon", "coordinates": [ [ [ -15.9679751, 17.9918454 ], [ -15.9674147, 17.9919386 ], [ -15.967326, 17.9914523 ], [ -15.9679214, 17.9913412 ], [ -15.9679751, 17.9918454 ] ] ] } },
{ "type": "Feature", "properties": { "id": "way/231949129", "name": null, "name_en": null, "name_ar": null, "amenity": "school", "building": null, "operator_type": null, "capacity_persons": null, "addr_full": null, "addr_city": null, "source": null, "adm0_pcode": "MRT", "adm0_name": "Mauritania", "adm1_pcode": "MR15", "adm1_name": "Nouakchott Sud", "adm2_pcode": "MR153", "adm2_name": "Riad", "adm3_pcode": "MR15301", "adm3_name": "Riyad", "adm4_pcode": null, "adm4_name": null, "name_latin": null }, "geometry": { "type": "Polygon", "coordinates": [ [ [ -15.9623434, 17.9969688 ], [ -15.9612356, 17.9971438 ], [ -15.9610091, 17.99606 ], [ -15.9616639, 17.9959422 ], [ -15.9617311, 17.9959556 ], [ -15.961855, 17.9959287 ], [ -15.9619081, 17.995895 ], [ -15.9621558, 17.9958446 ], [ -15.9622035, 17.9961303 ], [ -15.9623434, 17.9969688 ] ] ] } },
{ "type": "Feature", "properties": { "id": "way/326471435", "name": null, "name_en": null, "name_ar": null, "amenity": "school", "building": null, "operator_type": null, "capacity_persons": null, "addr_full": null, "addr_city": null, "source": null, "adm0_pcode": "MRT", "adm0_name": "Mauritania", "adm1_pcode": "MR15", "adm1_name": "Nouakchott Sud", "adm2_pcode": "MR153", "adm2_name": "Riad", "adm3_pcode": "MR15301", "adm3_name": "Riyad", "adm4_pcode": null, "adm4_name": null, "name_latin": null }, "geometry": { "type": "Polygon", "coordinates": [ [ [ -15.9644415, 18.0017105 ], [ -15.9644227, 18.0017104 ], [ -15.9636941, 18.0018137 ], [ -15.9636297, 18.001392 ], [ -15.9643772, 18.0012889 ], [ -15.9643872, 18.0013398 ], [ -15.9643973, 18.0014171 ], [ -15.9644415, 18.0017105 ] ] ] } },
{ "type": "Feature", "properties": { "id": "way/230170573", "name": null, "name_en": null, "name_ar": null, "amenity": "school", "building": null, "operator_type": null, "capacity_persons": null, "addr_full": null, "addr_city": null, "source": null, "adm0_pcode": "MRT", "adm0_name": "Mauritania", "adm1_pcode": "MR15", "adm1_name": "Nouakchott Sud", "adm2_pcode": "MR153", "adm2_name": "Riad", "adm3_pcode": "MR15301", "adm3_name": "Riyad", "adm4_pcode": null, "adm4_name": null, "name_latin": null }, "geometry": { "type": "Polygon", "coordinates": [ [ [ -15.9627236, 17.9835966 ], [ -15.9623033, 17.9836411 ], [ -15.9622379, 17.9831036 ], [ -15.9626348, 17.9830414 ], [ -15.9627236, 17.9835966 ] ] ] } },
{ "type": "Feature", "properties": { "id": "way/230174888", "name": null, "name_en": null, "name_ar": null, "amenity": "school", "building": null, "operator_type": null, "capacity_persons": null, "addr_full": null, "addr_city": null, "source": null, "adm0_pcode": "MRT", "adm0_name": "Mauritania", "adm1_pcode": "MR15", "adm1_name": "Nouakchott Sud", "adm2_pcode": "MR153", "adm2_name": "Riad", "adm3_pcode": "MR15301", "adm3_name": "Riyad", "adm4_pcode": null, "adm4_name": null, "name_latin": null }, "geometry": { "type": "Polygon", "coordinates": [ [ [ -15.9690372, 17.9673429 ], [ -15.9686531, 17.9673649 ], [ -15.9686617, 17.9667867 ], [ -15.9690587, 17.9667816 ], [ -15.9690372, 17.9673429 ] ] ] } },
{ "type": "Feature", "properties": { "id": "way/229841605", "name": null, "name_en": null, "name_ar": null, "amenity": "school", "building": null, "operator_type": null, "capacity_persons": null, "addr_full": null, "addr_city": null, "source": null, "adm0_pcode": "MRT", "adm0_name": "Mauritania", "adm1_pcode": "MR15", "adm1_name": "Nouakchott Sud", "adm2_pcode": "MR153", "adm2_name": "Riad", "adm3_pcode": "MR15301", "adm3_name": "Riyad", "adm4_pcode": null, "adm4_name": null, "name_latin": null }, "geometry": { "type": "Polygon", "coordinates": [ [ [ -15.9700659, 17.9796702 ], [ -15.9695106, 17.9797493 ], [ -15.9694248, 17.9792135 ], [ -15.9699881, 17.9791268 ], [ -15.9700659, 17.9796702 ] ] ] } },
{ "type": "Feature", "properties": { "id": "way/229841604", "name": null, "name_en": null, "name_ar": null, "amenity": "school", "building": null, "operator_type": null, "capacity_persons": null, "addr_full": null, "addr_city": null, "source": null, "adm0_pcode": "MRT", "adm0_name": "Mauritania", "adm1_pcode": "MR15", "adm1_name": "Nouakchott Sud", "adm2_pcode": "MR153", "adm2_name": "Riad", "adm3_pcode": "MR15301", "adm3_name": "Riyad", "adm4_pcode": null, "adm4_name": null, "name_latin": null }, "geometry": { "type": "Polygon", "coordinates": [ [ [ -15.969248, 17.9838405 ], [ -15.968689, 17.983919 ], [ -15.9686248, 17.9835049 ], [ -15.9686173, 17.9834566 ], [ -15.9691762, 17.9833781 ], [ -15.969248, 17.9838405 ] ] ] } },
{ "type": "Feature", "properties": { "id": "way/229841608", "name": null, "name_en": null, "name_ar": null, "amenity": "school", "building": null, "operator_type": null, "capacity_persons": null, "addr_full": null, "addr_city": null, "source": null, "adm0_pcode": "MRT", "adm0_name": "Mauritania", "adm1_pcode": "MR15", "adm1_name": "Nouakchott Sud", "adm2_pcode": "MR153", "adm2_name": "Riad", "adm3_pcode": "MR15301", "adm3_name": "Riyad", "adm4_pcode": null, "adm4_name": null, "name_latin": null }, "geometry": { "type": "Polygon", "coordinates": [ [ [ -15.9671276, 17.9868993 ], [ -15.96658, 17.9869947 ], [ -15.9664964, 17.9865097 ], [ -15.9670523, 17.9864103 ], [ -15.9671276, 17.9868993 ] ] ] } },
{ "type": "Feature", "properties": { "id": "way/229841601", "name": null, "name_en": null, "name_ar": null, "amenity": "school", "building": null, "operator_type": null, "capacity_persons": null, "addr_full": null, "addr_city": null, "source": null, "adm0_pcode": "MRT", "adm0_name": "Mauritania", "adm1_pcode": "MR15", "adm1_name": "Nouakchott Sud", "adm2_pcode": "MR153", "adm2_name": "Riad", "adm3_pcode": "MR15301", "adm3_name": "Riyad", "adm4_pcode": null, "adm4_name": null, "name_latin": null }, "geometry": { "type": "Polygon", "coordinates": [ [ [ -15.9662467, 17.9896142 ], [ -15.9654224, 17.9897269 ], [ -15.965294, 17.9889992 ], [ -15.9661085, 17.9888395 ], [ -15.9662467, 17.9896142 ] ] ] } },
{ "type": "Feature", "properties": { "id": "way/230140166", "name": null, "name_en": null, "name_ar": null, "amenity": "kindergarten", "building": null, "operator_type": null, "capacity_persons": null, "addr_full": null, "addr_city": null, "source": null, "adm0_pcode": "MRT", "adm0_name": "Mauritania", "adm1_pcode": "MR15", "adm1_name": "Nouakchott Sud", "adm2_pcode": "MR153", "adm2_name": "Riad", "adm3_pcode": "MR15301", "adm3_name": "Riyad", "adm4_pcode": null, "adm4_name": null, "name_latin": null }, "geometry": { "type": "Polygon", "coordinates": [ [ [ -15.9717126, 17.9891155 ], [ -15.9713298, 17.9891854 ], [ -15.971274, 17.9889084 ], [ -15.9716568, 17.9888386 ], [ -15.9717126, 17.9891155 ] ] ] } },
{ "type": "Feature", "properties": { "id": "way/229841602", "name": null, "name_en": null, "name_ar": null, "amenity": "school", "building": null, "operator_type": null, "capacity_persons": null, "addr_full": null, "addr_city": null, "source": null, "adm0_pcode": "MRT", "adm0_name": "Mauritania", "adm1_pcode": "MR15", "adm1_name": "Nouakchott Sud", "adm2_pcode": "MR151", "adm2_name": "El Mina", "adm3_pcode": "MR15101", "adm3_name": "El Mina", "adm4_pcode": null, "adm4_name": null, "name_latin": null }, "geometry": { "type": "Polygon", "coordinates": [ [ [ -15.9726616, 17.9858286 ], [ -15.9722794, 17.9859161 ], [ -15.9722865, 17.9860676 ], [ -15.9717273, 17.9861686 ], [ -15.9716317, 17.9856771 ], [ -15.972382, 17.9855559 ], [ -15.9723962, 17.9856939 ], [ -15.9726475, 17.9856401 ], [ -15.9726616, 17.9858286 ] ] ] } },
{ "type": "Feature", "properties": { "id": "way/230282562", "name": null, "name_en": null, "name_ar": null, "amenity": "school", "building": null, "operator_type": null, "capacity_persons": null, "addr_full": null, "addr_city": null, "source": null, "adm0_pcode": "MRT", "adm0_name": "Mauritania", "adm1_pcode": "MR15", "adm1_name": "Nouakchott Sud", "adm2_pcode": "MR151", "adm2_name": "El Mina", "adm3_pcode": "MR15101", "adm3_name": "El Mina", "adm4_pcode": null, "adm4_name": null, "name_latin": null }, "geometry": { "type": "Polygon", "coordinates": [ [ [ -15.9903796, 18.0146978 ], [ -15.9901081, 18.0146607 ], [ -15.990198, 18.0140655 ], [ -15.9904695, 18.0141026 ], [ -15.9903796, 18.0146978 ] ] ] } },
{ "type": "Feature", "properties": { "id": "way/323370686", "name": "مدرسة", "name_en": null, "name_ar": "مدرسة", "amenity": null, "building": "school", "operator_type": null, "capacity_persons": null, "addr_full": null, "addr_city": null, "source": null, "adm0_pcode": "MRT", "adm0_name": "Mauritania", "adm1_pcode": null, "adm1_name": null, "adm2_pcode": null, "adm2_name": null, "adm3_pcode": null, "adm3_name": null, "adm4_pcode": null, "adm4_name": null, "name_latin": "mdrs@" }, "geometry": { "type": "Polygon", "coordinates": [ [ [ -17.0892035, 20.832058 ], [ -17.0892802, 20.8320109 ], [ -17.0891184, 20.8317806 ], [ -17.0890417, 20.8318278 ], [ -17.0892035, 20.832058 ] ] ] } },
{ "type": "Feature", "properties": { "id": "way/251372831", "name": null, "name_en": null, "name_ar": null, "amenity": null, "building": "school", "operator_type": null, "capacity_persons": null, "addr_full": null, "addr_city": null, "source": null, "adm0_pcode": "MRT", "adm0_name": "Mauritania", "adm1_pcode": "MR08", "adm1_name": "Dakhlet Nouadhibou", "adm2_pcode": "MR081", "adm2_name": "Nouadhibou", "adm3_pcode": "MR08101", "adm3_name": "Nouadhibou", "adm4_pcode": null, "adm4_name": null, "name_latin": null }, "geometry": { "type": "Polygon", "coordinates": [ [ [ -17.0400758, 20.8527708 ], [ -17.0400752, 20.852841 ], [ -17.039988, 20.8528403 ], [ -17.0399887, 20.8527702 ], [ -17.0400758, 20.8527708 ] ] ] } },
{ "type": "Feature", "properties": { "id": "way/232197902", "name": null, "name_en": null, "name_ar": null, "amenity": "school", "building": null, "operator_type": null, "capacity_persons": null, "addr_full": null, "addr_city": "Cansado كانصادو", "source": null, "adm0_pcode": "MRT", "adm0_name": "Mauritania", "adm1_pcode": "MR08", "adm1_name": "Dakhlet Nouadhibou", "adm2_pcode": "MR081", "adm2_name": "Nouadhibou", "adm3_pcode": "MR08101", "adm3_name": "Nouadhibou", "adm4_pcode": null, "adm4_name": null, "name_latin": null }, "geometry": { "type": "Polygon", "coordinates": [ [ [ -17.0408752, 20.8534833 ], [ -17.0399172, 20.8534767 ], [ -17.0399242, 20.8525888 ], [ -17.0408822, 20.8525954 ], [ -17.0408752, 20.8534833 ] ] ] } },
{ "type": "Feature", "properties": { "id": "way/315887798", "name": null, "name_en": null, "name_ar": null, "amenity": null, "building": "school", "operator_type": null, "capacity_persons": null, "addr_full": null, "addr_city": null, "source": null, "adm0_pcode": "MRT", "adm0_name": "Mauritania", "adm1_pcode": "MR08", "adm1_name": "Dakhlet Nouadhibou", "adm2_pcode": "MR081", "adm2_name": "Nouadhibou", "adm3_pcode": "MR08101", "adm3_name": "Nouadhibou", "adm4_pcode": null, "adm4_name": null, "name_latin": null }, "geometry": { "type": "Polygon", "coordinates": [ [ [ -17.0408515, 20.8532205 ], [ -17.0408517, 20.853476 ], [ -17.0407691, 20.8534761 ], [ -17.0407689, 20.8532206 ], [ -17.0408515, 20.8532205 ] ] ] } },
{ "type": "Feature", "properties": { "id": "way/315887799", "name": null, "name_en": null, "name_ar": null, "amenity": null, "building": "school", "operator_type": null, "capacity_persons": null, "addr_full": null, "addr_city": null, "source": null, "adm0_pcode": "MRT", "adm0_name": "Mauritania", "adm1_pcode": "MR08", "adm1_name": "Dakhlet Nouadhibou", "adm2_pcode": "MR081", "adm2_name": "Nouadhibou", "adm3_pcode": "MR08101", "adm3_name": "Nouadhibou", "adm4_pcode": null, "adm4_name": null, "name_latin": null }, "geometry": { "type": "Polygon", "coordinates": [ [ [ -17.0404203, 20.8534014 ], [ -17.0406934, 20.8533964 ], [ -17.0406951, 20.8534749 ], [ -17.040422, 20.85348 ], [ -17.0404203, 20.8534014 ] ] ] } },
{ "type": "Feature", "properties": { "id": "way/315887794", "name": null, "name_en": null, "name_ar": null, "amenity": null, "building": "school", "operator_type": null, "capacity_persons": null, "addr_full": null, "addr_city": null, "source": null, "adm0_pcode": "MRT", "adm0_name": "Mauritania", "adm1_pcode": "MR08", "adm1_name": "Dakhlet Nouadhibou", "adm2_pcode": "MR081", "adm2_name": "Nouadhibou", "adm3_pcode": "MR08101", "adm3_name": "Nouadhibou", "adm4_pcode": null, "adm4_name": null, "name_latin": null }, "geometry": { "type": "Polygon", "coordinates": [ [ [ -17.0401142, 20.8533983 ], [ -17.0403894, 20.8533977 ], [ -17.0403896, 20.8534767 ], [ -17.0401144, 20.8534773 ], [ -17.0401142, 20.8533983 ] ] ] } },
{ "type": "Feature", "properties": { "id": "way/315887797", "name": null, "name_en": null, "name_ar": null, "amenity": null, "building": "school", "operator_type": null, "capacity_persons": null, "addr_full": null, "addr_city": null, "source": null, "adm0_pcode": "MRT", "adm0_name": "Mauritania", "adm1_pcode": "MR08", "adm1_name": "Dakhlet Nouadhibou", "adm2_pcode": "MR081", "adm2_name": "Nouadhibou", "adm3_pcode": "MR08101", "adm3_name": "Nouadhibou", "adm4_pcode": null, "adm4_name": null, "name_latin": null }, "geometry": { "type": "Polygon", "coordinates": [ [ [ -17.0400457, 20.8533622 ], [ -17.0399516, 20.8533612 ], [ -17.0399543, 20.8531313 ], [ -17.0400485, 20.8531323 ], [ -17.0400457, 20.8533622 ] ] ] } },
{ "type": "Feature", "properties": { "id": "way/1234990534", "name": null, "name_en": null, "name_ar": null, "amenity": null, "building": "school", "operator_type": null, "capacity_persons": null, "addr_full": null, "addr_city": null, "source": null, "adm0_pcode": "MRT", "adm0_name": "Mauritania", "adm1_pcode": "MR08", "adm1_name": "Dakhlet Nouadhibou", "adm2_pcode": "MR081", "adm2_name": "Nouadhibou", "adm3_pcode": "MR08101", "adm3_name": "Nouadhibou", "adm4_pcode": null, "adm4_name": null, "name_latin": null }, "geometry": { "type": "Polygon", "coordinates": [ [ [ -17.0234352, 20.982654 ], [ -17.0233885, 20.9827412 ], [ -17.0232944, 20.9826973 ], [ -17.0233099, 20.9826729 ], [ -17.0233309, 20.982633 ], [ -17.0233411, 20.98261 ], [ -17.0234352, 20.982654 ] ] ] } },
{ "type": "Feature", "properties": { "id": "way/1234990535", "name": null, "name_en": null, "name_ar": null, "amenity": null, "building": "school", "operator_type": null, "capacity_persons": null, "addr_full": null, "addr_city": null, "source": null, "adm0_pcode": "MRT", "adm0_name": "Mauritania", "adm1_pcode": "MR08", "adm1_name": "Dakhlet Nouadhibou", "adm2_pcode": "MR081", "adm2_name": "Nouadhibou", "adm3_pcode": "MR08101", "adm3_name": "Nouadhibou", "adm4_pcode": null, "adm4_name": null, "name_latin": null }, "geometry": { "type": "Polygon", "coordinates": [ [ [ -17.0232647, 20.9826026 ], [ -17.0232437, 20.9826425 ], [ -17.0233099, 20.9826729 ], [ -17.0233309, 20.982633 ], [ -17.0232647, 20.9826026 ] ] ] } },
{ "type": "Feature", "properties": { "id": "way/1234990537", "name": null, "name_en": null, "name_ar": null, "amenity": null, "building": "school", "operator_type": null, "capacity_persons": null, "addr_full": null, "addr_city": null, "source": null, "adm0_pcode": "MRT", "adm0_name": "Mauritania", "adm1_pcode": "MR08", "adm1_name": "Dakhlet Nouadhibou", "adm2_pcode": "MR081", "adm2_name": "Nouadhibou", "adm3_pcode": "MR08101", "adm3_name": "Nouadhibou", "adm4_pcode": null, "adm4_name": null, "name_latin": null }, "geometry": { "type": "Polygon", "coordinates": [ [ [ -17.0228749, 20.9827752 ], [ -17.023024, 20.9824798 ], [ -17.0230695, 20.9824999 ], [ -17.0230397, 20.9825591 ], [ -17.0231155, 20.9825925 ], [ -17.0230794, 20.9826639 ], [ -17.0230316, 20.9826429 ], [ -17.0230083, 20.9826891 ], [ -17.0230517, 20.9827082 ], [ -17.0230162, 20.9827786 ], [ -17.0229489, 20.9827491 ], [ -17.0229247, 20.9827971 ], [ -17.0228749, 20.9827752 ] ] ] } },
{ "type": "Feature", "properties": { "id": "way/1234990533", "name": null, "name_en": null, "name_ar": null, "amenity": null, "building": "school", "operator_type": null, "capacity_persons": null, "addr_full": null, "addr_city": null, "source": null, "adm0_pcode": "MRT", "adm0_name": "Mauritania", "adm1_pcode": "MR08", "adm1_name": "Dakhlet Nouadhibou", "adm2_pcode": "MR081", "adm2_name": "Nouadhibou", "adm3_pcode": "MR08101", "adm3_name": "Nouadhibou", "adm4_pcode": null, "adm4_name": null, "name_latin": null }, "geometry": { "type": "Polygon", "coordinates": [ [ [ -17.0231745, 20.9829007 ], [ -17.0231416, 20.9829603 ], [ -17.0231853, 20.9829813 ], [ -17.0231736, 20.9830024 ], [ -17.0232133, 20.9830215 ], [ -17.0231855, 20.9830718 ], [ -17.0228544, 20.9829125 ], [ -17.0228766, 20.9828722 ], [ -17.0229212, 20.9828937 ], [ -17.0229389, 20.9828617 ], [ -17.02297, 20.9828767 ], [ -17.0230024, 20.9828179 ], [ -17.0231745, 20.9829007 ] ] ] } },
{ "type": "Feature", "properties": { "id": "way/1234990536", "name": null, "name_en": null, "name_ar": null, "amenity": null, "building": "school", "operator_type": null, "capacity_persons": null, "addr_full": null, "addr_city": null, "source": null, "adm0_pcode": "MRT", "adm0_name": "Mauritania", "adm1_pcode": "MR08", "adm1_name": "Dakhlet Nouadhibou", "adm2_pcode": "MR081", "adm2_name": "Nouadhibou", "adm3_pcode": "MR08101", "adm3_name": "Nouadhibou", "adm4_pcode": null, "adm4_name": null, "name_latin": null }, "geometry": { "type": "Polygon", "coordinates": [ [ [ -17.0232976, 20.983042 ], [ -17.0232482, 20.9831258 ], [ -17.0232802, 20.9831422 ], [ -17.0233297, 20.9830585 ], [ -17.0232976, 20.983042 ] ] ] } },
{ "type": "Feature", "properties": { "id": "way/251461362", "name": "École Nationale d'Enseignement Maritime et des Pêches المدرسة الوطنية للنقل البحري والثروة السمكية التعليم", "name_en": null, "name_ar": "المدرسة الوطنية للنقل البحري والثروة السمكية التعليم", "amenity": "university", "building": null, "operator_type": null, "capacity_persons": null, "addr_full": null, "addr_city": "Nouadhibou نواذيبو", "source": null, "adm0_pcode": "MRT", "adm0_name": "Mauritania", "adm1_pcode": "MR08", "adm1_name": "Dakhlet Nouadhibou", "adm2_pcode": "MR081", "adm2_name": "Nouadhibou", "adm3_pcode": "MR08101", "adm3_name": "Nouadhibou", "adm4_pcode": null, "adm4_name": null, "name_latin": "Ecole Nationale d'Enseignement Maritime et des Peches lmdrs@ lwTny@ llnql lbHry wlthrw@ lsmky@ lt`lym" }, "geometry": { "type": "Polygon", "coordinates": [ [ [ -17.0494617, 20.9098889 ], [ -17.0493276, 20.9098989 ], [ -17.0492579, 20.9099164 ], [ -17.0491908, 20.909959 ], [ -17.0490916, 20.9100417 ], [ -17.0488232, 20.9097333 ], [ -17.0482011, 20.909037 ], [ -17.049113, 20.908373 ], [ -17.0491298, 20.9083892 ], [ -17.0491545, 20.9084121 ], [ -17.0491659, 20.9084285 ], [ -17.0497088, 20.9090839 ], [ -17.0497305, 20.9091074 ], [ -17.0497407, 20.9091222 ], [ -17.0497246, 20.9091397 ], [ -17.0499445, 20.9093176 ], [ -17.0494617, 20.9098889 ] ] ] } },
{ "type": "Feature", "properties": { "id": "relation/14607286", "name": "Jardin d’Enfants de la Mission Catholique", "name_en": null, "name_ar": null, "amenity": "kindergarten", "building": null, "operator_type": null, "capacity_persons": null, "addr_full": null, "addr_city": "نواذيبو", "source": null, "adm0_pcode": "MRT", "adm0_name": "Mauritania", "adm1_pcode": "MR08", "adm1_name": "Dakhlet Nouadhibou", "adm2_pcode": "MR081", "adm2_name": "Nouadhibou", "adm3_pcode": "MR08101", "adm3_name": "Nouadhibou", "adm4_pcode": null, "adm4_name": null, "name_latin": "Jardin d'Enfants de la Mission Catholique" }, "geometry": { "type": "Polygon", "coordinates": [ [ [ -17.0460423, 20.9175255 ], [ -17.0458818, 20.9177442 ], [ -17.0457725, 20.9176832 ], [ -17.0458848, 20.9175273 ], [ -17.0458979, 20.9175101 ], [ -17.0460014, 20.9173576 ], [ -17.0460307, 20.9173203 ], [ -17.0460508, 20.9172926 ], [ -17.0460735, 20.9172643 ], [ -17.0460916, 20.9172759 ], [ -17.0460836, 20.9172886 ], [ -17.0461527, 20.9173323 ], [ -17.04604, 20.9174849 ], [ -17.0459941, 20.9174575 ], [ -17.0459735, 20.917486 ], [ -17.0460423, 20.9175255 ] ] ] } },
{ "type": "Feature", "properties": { "id": "node/2161265788", "name": null, "name_en": null, "name_ar": null, "amenity": "school", "building": null, "operator_type": null, "capacity_persons": null, "addr_full": null, "addr_city": null, "source": null, "adm0_pcode": "MRT", "adm0_name": "Mauritania", "adm1_pcode": "MR11", "adm1_name": "Tiris Zemmour", "adm2_pcode": "MR113", "adm2_name": "Zoueirat", "adm3_pcode": "MR11301", "adm3_name": "Zoueirat", "adm4_pcode": null, "adm4_name": null, "name_latin": null }, "geometry": { "type": "Point", "coordinates": [ -12.4733613, 22.7434278 ] } },
{ "type": "Feature", "properties": { "id": "node/2161265787", "name": null, "name_en": null, "name_ar": null, "amenity": "school", "building": null, "operator_type": null, "capacity_persons": null, "addr_full": null, "addr_city": null, "source": null, "adm0_pcode": "MRT", "adm0_name": "Mauritania", "adm1_pcode": "MR11", "adm1_name": "Tiris Zemmour", "adm2_pcode": "MR113", "adm2_name": "Zoueirat", "adm3_pcode": "MR11301", "adm3_name": "Zoueirat", "adm4_pcode": null, "adm4_name": null, "name_latin": null }, "geometry": { "type": "Point", "coordinates": [ -12.4722781, 22.7430765 ] } },
{ "type": "Feature", "properties": { "id": "way/452100146", "name": "École Touâjîl مدرسة اتواجيل", "name_en": null, "name_ar": "مدرسة اتواجيل", "amenity": "school", "building": null, "operator_type": null, "capacity_persons": null, "addr_full": null, "addr_city": "Touâjîl اتواجيل", "source": null, "adm0_pcode": "MRT", "adm0_name": "Mauritania", "adm1_pcode": "MR11", "adm1_name": "Tiris Zemmour", "adm2_pcode": "MR112", "adm2_name": "F’Deirick", "adm3_pcode": "MR11201", "adm3_name": "F’Deirick", "adm4_pcode": null, "adm4_name": null, "name_latin": "Ecole Touajil mdrs@ twjyl" }, "geometry": { "type": "Polygon", "coordinates": [ [ [ -12.676412, 22.1726478 ], [ -12.6768948, 22.1726776 ], [ -12.6767822, 22.1733234 ], [ -12.6763047, 22.1733682 ], [ -12.676412, 22.1726478 ] ] ] } },
{ "type": "Feature", "properties": { "id": "way/252486746", "name": null, "name_en": null, "name_ar": null, "amenity": "school", "building": null, "operator_type": null, "capacity_persons": null, "addr_full": null, "addr_city": null, "source": null, "adm0_pcode": "MRT", "adm0_name": "Mauritania", "adm1_pcode": "MR11", "adm1_name": "Tiris Zemmour", "adm2_pcode": "MR113", "adm2_name": "Zoueirat", "adm3_pcode": "MR11301", "adm3_name": "Zoueirat", "adm4_pcode": null, "adm4_name": null, "name_latin": null }, "geometry": { "type": "Polygon", "coordinates": [ [ [ -12.4747811, 22.7314809 ], [ -12.4742836, 22.7314773 ], [ -12.474289, 22.7308489 ], [ -12.4747865, 22.7308526 ], [ -12.4747811, 22.7314809 ] ] ] } },
{ "type": "Feature", "properties": { "id": "way/252487240", "name": null, "name_en": null, "name_ar": null, "amenity": "school", "building": null, "operator_type": null, "capacity_persons": null, "addr_full": null, "addr_city": null, "source": null, "adm0_pcode": "MRT", "adm0_name": "Mauritania", "adm1_pcode": "MR11", "adm1_name": "Tiris Zemmour", "adm2_pcode": "MR113", "adm2_name": "Zoueirat", "adm3_pcode": "MR11301", "adm3_name": "Zoueirat", "adm4_pcode": null, "adm4_name": null, "name_latin": null }, "geometry": { "type": "Polygon", "coordinates": [ [ [ -12.4769028, 22.7327278 ], [ -12.4764602, 22.7327228 ], [ -12.4764495, 22.732844 ], [ -12.4761652, 22.7328366 ], [ -12.4761652, 22.7326189 ], [ -12.4761196, 22.7326263 ], [ -12.4761223, 22.7321489 ], [ -12.4769135, 22.7321588 ], [ -12.4769028, 22.7327278 ] ] ] } },
{ "type": "Feature", "properties": { "id": "way/252494293", "name": null, "name_en": null, "name_ar": null, "amenity": "school", "building": null, "operator_type": null, "capacity_persons": null, "addr_full": null, "addr_city": null, "source": null, "adm0_pcode": "MRT", "adm0_name": "Mauritania", "adm1_pcode": "MR11", "adm1_name": "Tiris Zemmour", "adm2_pcode": "MR113", "adm2_name": "Zoueirat", "adm3_pcode": "MR11301", "adm3_name": "Zoueirat", "adm4_pcode": null, "adm4_name": null, "name_latin": null }, "geometry": { "type": "Polygon", "coordinates": [ [ [ -12.4693497, 22.7251378 ], [ -12.4688991, 22.7251155 ], [ -12.468883, 22.7246133 ], [ -12.4693604, 22.7246529 ], [ -12.4693497, 22.7251378 ] ] ] } },
{ "type": "Feature", "properties": { "id": "way/252488771", "name": null, "name_en": null, "name_ar": null, "amenity": "school", "building": null, "operator_type": null, "capacity_persons": null, "addr_full": null, "addr_city": null, "source": null, "adm0_pcode": "MRT", "adm0_name": "Mauritania", "adm1_pcode": "MR11", "adm1_name": "Tiris Zemmour", "adm2_pcode": "MR113", "adm2_name": "Zoueirat", "adm3_pcode": "MR11301", "adm3_name": "Zoueirat", "adm4_pcode": null, "adm4_name": null, "name_latin": null }, "geometry": { "type": "Polygon", "coordinates": [ [ [ -12.4736868, 22.7303108 ], [ -12.4732067, 22.7303108 ], [ -12.4732063, 22.7302866 ], [ -12.4732068, 22.7302434 ], [ -12.4732114, 22.7298899 ], [ -12.4732126, 22.7298417 ], [ -12.4732121, 22.7297938 ], [ -12.4737056, 22.7297987 ], [ -12.4736868, 22.7303108 ] ] ] } },
{ "type": "Feature", "properties": { "id": "node/2161265779", "name": null, "name_en": null, "name_ar": null, "amenity": "school", "building": null, "operator_type": null, "capacity_persons": null, "addr_full": null, "addr_city": null, "source": null, "adm0_pcode": "MRT", "adm0_name": "Mauritania", "adm1_pcode": "MR11", "adm1_name": "Tiris Zemmour", "adm2_pcode": "MR113", "adm2_name": "Zoueirat", "adm3_pcode": "MR11301", "adm3_name": "Zoueirat", "adm4_pcode": null, "adm4_name": null, "name_latin": null }, "geometry": { "type": "Point", "coordinates": [ -12.4734595, 22.7287402 ] } },
{ "type": "Feature", "properties": { "id": "way/252494425", "name": null, "name_en": null, "name_ar": null, "amenity": "school", "building": null, "operator_type": null, "capacity_persons": null, "addr_full": null, "addr_city": null, "source": null, "adm0_pcode": "MRT", "adm0_name": "Mauritania", "adm1_pcode": "MR11", "adm1_name": "Tiris Zemmour", "adm2_pcode": "MR113", "adm2_name": "Zoueirat", "adm3_pcode": "MR11301", "adm3_name": "Zoueirat", "adm4_pcode": null, "adm4_name": null, "name_latin": null }, "geometry": { "type": "Polygon", "coordinates": [ [ [ -12.4635658, 22.7341048 ], [ -12.4639991, 22.734113 ], [ -12.4639744, 22.7352212 ], [ -12.4635412, 22.735213 ], [ -12.4635658, 22.7341048 ] ] ] } },
{ "type": "Feature", "properties": { "id": "node/2161265782", "name": null, "name_en": null, "name_ar": null, "amenity": "school", "building": null, "operator_type": null, "capacity_persons": null, "addr_full": null, "addr_city": null, "source": null, "adm0_pcode": "MRT", "adm0_name": "Mauritania", "adm1_pcode": "MR11", "adm1_name": "Tiris Zemmour", "adm2_pcode": "MR113", "adm2_name": "Zoueirat", "adm3_pcode": "MR11301", "adm3_name": "Zoueirat", "adm4_pcode": null, "adm4_name": null, "name_latin": null }, "geometry": { "type": "Point", "coordinates": [ -12.4623896, 22.7313475 ] } },
{ "type": "Feature", "properties": { "id": "way/451297348", "name": null, "name_en": null, "name_ar": null, "amenity": "school", "building": null, "operator_type": null, "capacity_persons": null, "addr_full": null, "addr_city": "تمبدغة", "source": null, "adm0_pcode": "MRT", "adm0_name": "Mauritania", "adm1_pcode": "MR01", "adm1_name": "Hodh Chargui", "adm2_pcode": "MR016", "adm2_name": "Timbédra", "adm3_pcode": "MR01601", "adm3_name": "Tembedgha", "adm4_pcode": null, "adm4_name": null, "name_latin": null }, "geometry": { "type": "Polygon", "coordinates": [ [ [ -8.1777498, 16.2381569 ], [ -8.1771972, 16.2383114 ], [ -8.1770524, 16.2375955 ], [ -8.1775942, 16.2375079 ], [ -8.1777498, 16.2381569 ] ] ] } },
{ "type": "Feature", "properties": { "id": "way/451293841", "name": null, "name_en": null, "name_ar": null, "amenity": "school", "building": null, "operator_type": null, "capacity_persons": null, "addr_full": null, "addr_city": "تمبدغة", "source": null, "adm0_pcode": "MRT", "adm0_name": "Mauritania", "adm1_pcode": "MR01", "adm1_name": "Hodh Chargui", "adm2_pcode": "MR016", "adm2_name": "Timbédra", "adm3_pcode": "MR01601", "adm3_name": "Tembedgha", "adm4_pcode": null, "adm4_name": null, "name_latin": null }, "geometry": { "type": "Polygon", "coordinates": [ [ [ -8.1640033, 16.2455656 ], [ -8.1636359, 16.2456841 ], [ -8.1635255, 16.2453241 ], [ -8.1639198, 16.2452082 ], [ -8.1640033, 16.2455656 ] ] ] } },
{ "type": "Feature", "properties": { "id": "way/451310939", "name": null, "name_en": null, "name_ar": null, "amenity": "school", "building": null, "operator_type": null, "capacity_persons": null, "addr_full": null, "addr_city": null, "source": null, "adm0_pcode": "MRT", "adm0_name": "Mauritania", "adm1_pcode": "MR01", "adm1_name": "Hodh Chargui", "adm2_pcode": "MR016", "adm2_name": "Timbédra", "adm3_pcode": "MR01601", "adm3_name": "Tembedgha", "adm4_pcode": null, "adm4_name": null, "name_latin": null }, "geometry": { "type": "Polygon", "coordinates": [ [ [ -8.1940362, 16.2429106 ], [ -8.1932819, 16.2430116 ], [ -8.1932047, 16.2425038 ], [ -8.1939289, 16.2424162 ], [ -8.1940362, 16.2429106 ] ] ] } },
{ "type": "Feature", "properties": { "id": "node/4959760922", "name": "Affam Likhdheiratt أفام لخذيرات", "name_en": null, "name_ar": "أفام لخذيرات", "amenity": "school", "building": null, "operator_type": null, "capacity_persons": null, "addr_full": null, "addr_city": null, "source": null, "adm0_pcode": "MRT", "adm0_name": "Mauritania", "adm1_pcode": "MR03", "adm1_name": "Assaba", "adm2_pcode": "MR035", "adm2_name": "Kiffa", "adm3_pcode": "MR03503", "adm3_name": "Aghorat", "adm4_pcode": null, "adm4_name": null, "name_latin": "Affam Likhdheiratt 'fm lkhdhyrt" }, "geometry": { "type": "Point", "coordinates": [ -10.798958, 16.5069111 ] } },
{ "type": "Feature", "properties": { "id": "way/455701851", "name": "École El-Farabi", "name_en": null, "name_ar": null, "amenity": "school", "building": null, "operator_type": null, "capacity_persons": null, "addr_full": null, "addr_city": "Tintane طينطان", "source": null, "adm0_pcode": "MRT", "adm0_name": "Mauritania", "adm1_pcode": "MR02", "adm1_name": "Hodh El Gharbi", "adm2_pcode": "MR024", "adm2_name": "Tintane", "adm3_pcode": "MR02401", "adm3_name": "Tintan", "adm4_pcode": null, "adm4_name": null, "name_latin": "Ecole El-Farabi" }, "geometry": { "type": "Polygon", "coordinates": [ [ [ -10.1671709, 16.3879306 ], [ -10.1662429, 16.3880696 ], [ -10.166259, 16.3872153 ], [ -10.1663016, 16.3871849 ], [ -10.1670046, 16.3872873 ], [ -10.1671709, 16.3879306 ] ] ] } },
{ "type": "Feature", "properties": { "id": "way/456618494", "name": "Lycée d'Aioun ثانوية لعيون", "name_en": null, "name_ar": null, "amenity": "school", "building": null, "operator_type": null, "capacity_persons": null, "addr_full": null, "addr_city": "Aïoun العيون", "source": null, "adm0_pcode": "MRT", "adm0_name": "Mauritania", "adm1_pcode": "MR02", "adm1_name": "Hodh El Gharbi", "adm2_pcode": "MR021", "adm2_name": "Aïoun", "adm3_pcode": "MR02101", "adm3_name": "Aïoun El Atrouss", "adm4_pcode": null, "adm4_name": null, "name_latin": "Lycee d'Aioun thnwy@ l`ywn" }, "geometry": { "type": "Polygon", "coordinates": [ [ [ -9.6145444, 16.6673061 ], [ -9.6131606, 16.6666612 ], [ -9.6137721, 16.6652236 ], [ -9.6138687, 16.665149 ], [ -9.614267, 16.6650577 ], [ -9.6148454, 16.6653769 ], [ -9.615372, 16.665686 ], [ -9.6145444, 16.6673061 ] ] ] } },
{ "type": "Feature", "properties": { "id": "way/456562357", "name": null, "name_en": null, "name_ar": null, "amenity": "school", "building": null, "operator_type": null, "capacity_persons": null, "addr_full": null, "addr_city": null, "source": null, "adm0_pcode": "MRT", "adm0_name": "Mauritania", "adm1_pcode": "MR02", "adm1_name": "Hodh El Gharbi", "adm2_pcode": "MR021", "adm2_name": "Aïoun", "adm3_pcode": "MR02101", "adm3_name": "Aïoun El Atrouss", "adm4_pcode": null, "adm4_name": null, "name_latin": null }, "geometry": { "type": "Polygon", "coordinates": [ [ [ -9.6167896, 16.6469932 ], [ -9.6158964, 16.6472682 ], [ -9.6155209, 16.6460501 ], [ -9.6163953, 16.6458086 ], [ -9.6167896, 16.6469932 ] ] ] } },
{ "type": "Feature", "properties": { "id": "way/456526653", "name": null, "name_en": null, "name_ar": null, "amenity": "school", "building": null, "operator_type": null, "capacity_persons": null, "addr_full": null, "addr_city": null, "source": null, "adm0_pcode": "MRT", "adm0_name": "Mauritania", "adm1_pcode": "MR02", "adm1_name": "Hodh El Gharbi", "adm2_pcode": "MR021", "adm2_name": "Aïoun", "adm3_pcode": "MR02105", "adm3_name": "Beneamane", "adm4_pcode": null, "adm4_name": null, "name_latin": null }, "geometry": { "type": "Polygon", "coordinates": [ [ [ -9.5566143, 16.3856609 ], [ -9.5561983, 16.3859267 ], [ -9.5557989, 16.3859799 ], [ -9.5557292, 16.3852903 ], [ -9.5565392, 16.3852028 ], [ -9.556566, 16.3854396 ], [ -9.5566143, 16.3856609 ] ] ] } },
{ "type": "Feature", "properties": { "id": "way/456194924", "name": null, "name_en": null, "name_ar": null, "amenity": "school", "building": null, "operator_type": null, "capacity_persons": null, "addr_full": null, "addr_city": "موبيدوغو", "source": null, "adm0_pcode": "MRT", "adm0_name": "Mauritania", "adm1_pcode": "MR02", "adm1_name": "Hodh El Gharbi", "adm2_pcode": "MR022", "adm2_name": "Kobeni", "adm3_pcode": "MR02206", "adm3_name": "Modibougou", "adm4_pcode": null, "adm4_name": null, "name_latin": null }, "geometry": { "type": "Polygon", "coordinates": [ [ [ -9.4826893, 15.5203379 ], [ -9.4821233, 15.520281 ], [ -9.4821823, 15.5197434 ], [ -9.4827268, 15.5198029 ], [ -9.4826893, 15.5203379 ] ] ] } },
{ "type": "Feature", "properties": { "id": "node/3079763003", "name": "HAMAKE I", "name_en": null, "name_ar": null, "amenity": "school", "building": null, "operator_type": "public", "capacity_persons": null, "addr_full": null, "addr_city": "Hamake", "source": null, "adm0_pcode": "MRT", "adm0_name": "Mauritania", "adm1_pcode": "MR02", "adm1_name": "Hodh El Gharbi", "adm2_pcode": "MR022", "adm2_name": "Kobeni", "adm3_pcode": "MR02207", "adm3_name": "Voullaniya", "adm4_pcode": null, "adm4_name": null, "name_latin": "HAMAKE I" }, "geometry": { "type": "Point", "coordinates": [ -9.7716, 15.44645 ] } },
{ "type": "Feature", "properties": { "id": "node/7728556195", "name": null, "name_en": null, "name_ar": null, "amenity": "school", "building": null, "operator_type": null, "capacity_persons": null, "addr_full": null, "addr_city": null, "source": null, "adm0_pcode": "MRT", "adm0_name": "Mauritania", "adm1_pcode": "MR02", "adm1_name": "Hodh El Gharbi", "adm2_pcode": "MR022", "adm2_name": "Kobeni", "adm3_pcode": "MR02207", "adm3_name": "Voullaniya", "adm4_pcode": null, "adm4_name": null, "name_latin": null }, "geometry": { "type": "Point", "coordinates": [ -9.8400063, 15.5886066 ] } },
{ "type": "Feature", "properties": { "id": "node/3079750934", "name": "BOUGOUDIRE [1er C].", "name_en": null, "name_ar": null, "amenity": "school", "building": null, "operator_type": "public", "capacity_persons": null, "addr_full": null, "addr_city": null, "source": null, "adm0_pcode": "MRT", "adm0_name": "Mauritania", "adm1_pcode": "MR02", "adm1_name": "Hodh El Gharbi", "adm2_pcode": "MR025", "adm2_name": "Touil", "adm3_pcode": "MR02501", "adm3_name": "Touil 2", "adm4_pcode": null, "adm4_name": null, "name_latin": "BOUGOUDIRE [1er C]." }, "geometry": { "type": "Point", "coordinates": [ -10.0541845, 15.4415376 ] } },
{ "type": "Feature", "properties": { "id": "node/3079751592", "name": "GAKHE FILY ET LEE SARAKOLE", "name_en": null, "name_ar": null, "amenity": "school", "building": null, "operator_type": "religious", "capacity_persons": null, "addr_full": null, "addr_city": null, "source": null, "adm0_pcode": "MRT", "adm0_name": "Mauritania", "adm1_pcode": null, "adm1_name": null, "adm2_pcode": null, "adm2_name": null, "adm3_pcode": null, "adm3_name": null, "adm4_pcode": null, "adm4_name": null, "name_latin": "GAKHE FILY ET LEE SARAKOLE" }, "geometry": { "type": "Point", "coordinates": [ -10.8728833, 15.14205 ] } },
{ "type": "Feature", "properties": { "id": "node/3079763363", "name": "MEDERSA ALITIHADE NAFADJI", "name_en": null, "name_ar": null, "amenity": "school", "building": null, "operator_type": "religious", "capacity_persons": null, "addr_full": null, "addr_city": "Nafadji", "source": null, "adm0_pcode": "MRT", "adm0_name": "Mauritania", "adm1_pcode": "MR02", "adm1_name": "Hodh El Gharbi", "adm2_pcode": "MR022", "adm2_name": "Kobeni", "adm3_pcode": "MR02205", "adm3_name": "Gougui Zemmal", "adm4_pcode": null, "adm4_name": null, "name_latin": "MEDERSA ALITIHADE NAFADJI" }, "geometry": { "type": "Point", "coordinates": [ -9.2342833, 15.5573167 ] } },
{ "type": "Feature", "properties": { "id": "node/3079763391", "name": "NAFADJI", "name_en": null, "name_ar": null, "amenity": "school", "building": null, "operator_type": "public", "capacity_persons": null, "addr_full": null, "addr_city": "Nafadji", "source": null, "adm0_pcode": "MRT", "adm0_name": "Mauritania", "adm1_pcode": "MR02", "adm1_name": "Hodh El Gharbi", "adm2_pcode": "MR022", "adm2_name": "Kobeni", "adm3_pcode": "MR02205", "adm3_name": "Gougui Zemmal", "adm4_pcode": null, "adm4_name": null, "name_latin": "NAFADJI" }, "geometry": { "type": "Point", "coordinates": [ -9.2342771, 15.5573267 ] } },
{ "type": "Feature", "properties": { "id": "way/1415301022", "name": null, "name_en": null, "name_ar": null, "amenity": "school", "building": null, "operator_type": null, "capacity_persons": null, "addr_full": null, "addr_city": null, "source": null, "adm0_pcode": "MRT", "adm0_name": "Mauritania", "adm1_pcode": "MR02", "adm1_name": "Hodh El Gharbi", "adm2_pcode": "MR022", "adm2_name": "Kobeni", "adm3_pcode": "MR02205", "adm3_name": "Gougui Zemmal", "adm4_pcode": null, "adm4_name": null, "name_latin": null }, "geometry": { "type": "Polygon", "coordinates": [ [ [ -9.3124669, 15.7064585 ], [ -9.3124401, 15.7057355 ], [ -9.3116354, 15.70572 ], [ -9.3116891, 15.7064637 ], [ -9.3124669, 15.7064585 ] ] ] } },
{ "type": "Feature", "properties": { "id": "way/1415301023", "name": "GOGUI [2ème C]", "name_en": null, "name_ar": "المدرسة الثانوية كوكي", "amenity": "school", "building": null, "operator_type": "public", "capacity_persons": null, "addr_full": null, "addr_city": "Gogui", "source": null, "adm0_pcode": "MRT", "adm0_name": "Mauritania", "adm1_pcode": null, "adm1_name": null, "adm2_pcode": null, "adm2_name": null, "adm3_pcode": null, "adm3_name": null, "adm4_pcode": null, "adm4_name": null, "name_latin": "GOGUI [2eme C]" }, "geometry": { "type": "Polygon", "coordinates": [ [ [ -9.3276612, 15.691227 ], [ -9.3276122, 15.6905282 ], [ -9.326997, 15.6905753 ], [ -9.3270396, 15.6912783 ], [ -9.3276612, 15.691227 ] ] ] } },
{ "type": "Feature", "properties": { "id": "way/762957717", "name": null, "name_en": null, "name_ar": null, "amenity": null, "building": "school", "operator_type": null, "capacity_persons": null, "addr_full": null, "addr_city": null, "source": null, "adm0_pcode": "MRT", "adm0_name": "Mauritania", "adm1_pcode": null, "adm1_name": null, "adm2_pcode": null, "adm2_name": null, "adm3_pcode": null, "adm3_name": null, "adm4_pcode": null, "adm4_name": null, "name_latin": null }, "geometry": { "type": "Polygon", "coordinates": [ [ [ -9.3275894, 15.6912072 ], [ -9.3270804, 15.6912438 ], [ -9.3270739, 15.6911596 ], [ -9.3271482, 15.6911543 ], [ -9.3275829, 15.691123 ], [ -9.3275894, 15.6912072 ] ] ] } },
{ "type": "Feature", "properties": { "id": "node/3079762986", "name": "GOGUI", "name_en": null, "name_ar": "كوكي", "amenity": "school", "building": null, "operator_type": "public", "capacity_persons": null, "addr_full": null, "addr_city": "Gogui", "source": null, "adm0_pcode": "MRT", "adm0_name": "Mauritania", "adm1_pcode": null, "adm1_name": null, "adm2_pcode": null, "adm2_name": null, "adm3_pcode": null, "adm3_name": null, "adm4_pcode": null, "adm4_name": null, "name_latin": "GOGUI" }, "geometry": { "type": "Point", "coordinates": [ -9.3258097, 15.6844873 ] } },
{ "type": "Feature", "properties": { "id": "node/3079762989", "name": "GOGUI [2ème C]", "name_en": null, "name_ar": "المدرسة الثانوية كوكي", "amenity": "school", "building": null, "operator_type": "public", "capacity_persons": null, "addr_full": null, "addr_city": "Gogui", "source": null, "adm0_pcode": "MRT", "adm0_name": "Mauritania", "adm1_pcode": null, "adm1_name": null, "adm2_pcode": null, "adm2_name": null, "adm3_pcode": null, "adm3_name": null, "adm4_pcode": null, "adm4_name": null, "name_latin": "GOGUI [2eme C]" }, "geometry": { "type": "Point", "coordinates": [ -9.3261024, 15.6851761 ] } },
{ "type": "Feature", "properties": { "id": "node/3079762987", "name": "GOGUI (Med)", "name_en": null, "name_ar": "المدرسة المتوسطة كوكي", "amenity": "school", "building": null, "operator_type": "religious", "capacity_persons": null, "addr_full": null, "addr_city": "Gogui", "source": null, "adm0_pcode": "MRT", "adm0_name": "Mauritania", "adm1_pcode": null, "adm1_name": null, "adm2_pcode": null, "adm2_name": null, "adm3_pcode": null, "adm3_name": null, "adm4_pcode": null, "adm4_name": null, "name_latin": "GOGUI (Med)" }, "geometry": { "type": "Point", "coordinates": [ -9.330916, 15.6850196 ] } },
{ "type": "Feature", "properties": { "id": "node/3079763335", "name": "LABIDI", "name_en": null, "name_ar": null, "amenity": "school", "building": null, "operator_type": "community", "capacity_persons": null, "addr_full": null, "addr_city": "Labidi", "source": null, "adm0_pcode": "MRT", "adm0_name": "Mauritania", "adm1_pcode": null, "adm1_name": null, "adm2_pcode": null, "adm2_name": null, "adm3_pcode": null, "adm3_name": null, "adm4_pcode": null, "adm4_name": null, "name_latin": "LABIDI" }, "geometry": { "type": "Point", "coordinates": [ -9.3608999, 15.6380494 ] } },
{ "type": "Feature", "properties": { "id": "node/3079762429", "name": "BOULOULI", "name_en": null, "name_ar": null, "amenity": "school", "building": null, "operator_type": "community", "capacity_persons": null, "addr_full": null, "addr_city": "Boulouli", "source": null, "adm0_pcode": "MRT", "adm0_name": "Mauritania", "adm1_pcode": null, "adm1_name": null, "adm2_pcode": null, "adm2_name": null, "adm3_pcode": null, "adm3_name": null, "adm4_pcode": null, "adm4_name": null, "name_latin": "BOULOULI" }, "geometry": { "type": "Point", "coordinates": [ -9.3520592, 15.5650649 ] } },
{ "type": "Feature", "properties": { "id": "way/456217973", "name": "École Ibn Battuta", "name_en": null, "name_ar": "مدرسة", "amenity": "school", "building": null, "operator_type": null, "capacity_persons": null, "addr_full": null, "addr_city": "Kobenni كوباني", "source": null, "adm0_pcode": "MRT", "adm0_name": "Mauritania", "adm1_pcode": "MR02", "adm1_name": "Hodh El Gharbi", "adm2_pcode": "MR022", "adm2_name": "Kobeni", "adm3_pcode": "MR02201", "adm3_name": "Koubenni", "adm4_pcode": null, "adm4_name": null, "name_latin": "Ecole Ibn Battuta" }, "geometry": { "type": "Polygon", "coordinates": [ [ [ -9.4073976, 15.8167843 ], [ -9.4069523, 15.8168359 ], [ -9.4069121, 15.8161907 ], [ -9.4072715, 15.8161726 ], [ -9.4073976, 15.8167843 ] ] ] } },
{ "type": "Feature", "properties": { "id": "way/456218695", "name": null, "name_en": null, "name_ar": null, "amenity": "school", "building": null, "operator_type": null, "capacity_persons": null, "addr_full": null, "addr_city": null, "source": null, "adm0_pcode": "MRT", "adm0_name": "Mauritania", "adm1_pcode": "MR02", "adm1_name": "Hodh El Gharbi", "adm2_pcode": "MR022", "adm2_name": "Kobeni", "adm3_pcode": "MR02201", "adm3_name": "Koubenni", "adm4_pcode": null, "adm4_name": null, "name_latin": null }, "geometry": { "type": "Polygon", "coordinates": [ [ [ -9.4171688, 15.8275349 ], [ -9.4164975, 15.8268927 ], [ -9.4171359, 15.8262605 ], [ -9.4178045, 15.8268846 ], [ -9.4171688, 15.8275349 ] ] ] } },
{ "type": "Feature", "properties": { "id": "way/457210114", "name": null, "name_en": null, "name_ar": null, "amenity": "school", "building": null, "operator_type": null, "capacity_persons": null, "addr_full": null, "addr_city": "جيكني", "source": null, "adm0_pcode": "MRT", "adm0_name": "Mauritania", "adm1_pcode": "MR01", "adm1_name": "Hodh Chargui", "adm2_pcode": "MR013", "adm2_name": "Djiguenni", "adm3_pcode": "MR01301", "adm3_name": "Djiguenni", "adm4_pcode": null, "adm4_name": null, "name_latin": null }, "geometry": { "type": "Polygon", "coordinates": [ [ [ -8.6639196, 15.7334027 ], [ -8.6630425, 15.7336299 ], [ -8.6628547, 15.7327935 ], [ -8.6636996, 15.732636 ], [ -8.6639196, 15.7334027 ] ] ] } },
{ "type": "Feature", "properties": { "id": "way/457195981", "name": null, "name_en": null, "name_ar": null, "amenity": "school", "building": null, "operator_type": null, "capacity_persons": null, "addr_full": null, "addr_city": "جيكني", "source": null, "adm0_pcode": "MRT", "adm0_name": "Mauritania", "adm1_pcode": "MR01", "adm1_name": "Hodh Chargui", "adm2_pcode": "MR013", "adm2_name": "Djiguenni", "adm3_pcode": "MR01301", "adm3_name": "Djiguenni", "adm4_pcode": null, "adm4_name": null, "name_latin": null }, "geometry": { "type": "Polygon", "coordinates": [ [ [ -8.660778, 15.7291609 ], [ -8.6601611, 15.7290215 ], [ -8.6602469, 15.7286188 ], [ -8.6608531, 15.728753 ], [ -8.660778, 15.7291609 ] ] ] } },
{ "type": "Feature", "properties": { "id": "way/757565465", "name": null, "name_en": null, "name_ar": null, "amenity": "school", "building": null, "operator_type": null, "capacity_persons": null, "addr_full": null, "addr_city": null, "source": null, "adm0_pcode": "MRT", "adm0_name": "Mauritania", "adm1_pcode": "MR02", "adm1_name": "Hodh El Gharbi", "adm2_pcode": "MR022", "adm2_name": "Kobeni", "adm3_pcode": "MR02205", "adm3_name": "Gougui Zemmal", "adm4_pcode": null, "adm4_name": null, "name_latin": null }, "geometry": { "type": "Polygon", "coordinates": [ [ [ -8.9833886, 15.5315599 ], [ -8.9828626, 15.5316621 ], [ -8.9827729, 15.5312333 ], [ -8.9832989, 15.5311311 ], [ -8.9833886, 15.5315599 ] ] ] } },
{ "type": "Feature", "properties": { "id": "way/456759170", "name": null, "name_en": null, "name_ar": null, "amenity": "school", "building": null, "operator_type": null, "capacity_persons": null, "addr_full": null, "addr_city": "عدل بكرو", "source": null, "adm0_pcode": "MRT", "adm0_name": "Mauritania", "adm1_pcode": "MR01", "adm1_name": "Hodh Chargui", "adm2_pcode": "MR018", "adm2_name": "Adel Bagrou", "adm3_pcode": "MR01801", "adm3_name": "Adel Bagrou", "adm4_pcode": null, "adm4_name": null, "name_latin": null }, "geometry": { "type": "Polygon", "coordinates": [ [ [ -7.029598, 15.5511515 ], [ -7.0290576, 15.5511753 ], [ -7.0290401, 15.5507329 ], [ -7.0295819, 15.5507278 ], [ -7.029598, 15.5511515 ] ] ] } },
{ "type": "Feature", "properties": { "id": "way/457171222", "name": null, "name_en": null, "name_ar": null, "amenity": "school", "building": null, "operator_type": null, "capacity_persons": null, "addr_full": null, "addr_city": null, "source": null, "adm0_pcode": "MRT", "adm0_name": "Mauritania", "adm1_pcode": "MR01", "adm1_name": "Hodh Chargui", "adm2_pcode": "MR014", "adm2_name": "Néma", "adm3_pcode": "MR01404", "adm3_name": "Bangou", "adm4_pcode": null, "adm4_name": null, "name_latin": null }, "geometry": { "type": "Polygon", "coordinates": [ [ [ -7.0404556, 16.3083907 ], [ -7.0397531, 16.3085107 ], [ -7.0395922, 16.3077744 ], [ -7.0403536, 16.307706 ], [ -7.0404556, 16.3083907 ] ] ] } },
{ "type": "Feature", "properties": { "id": "way/451543110", "name": null, "name_en": null, "name_ar": null, "amenity": "school", "building": null, "operator_type": null, "capacity_persons": null, "addr_full": null, "addr_city": "فصالة", "source": null, "adm0_pcode": "MRT", "adm0_name": "Mauritania", "adm1_pcode": "MR01", "adm1_name": "Hodh Chargui", "adm2_pcode": "MR012", "adm2_name": "Bassiknou", "adm3_pcode": "MR01203", "adm3_name": "Vessale", "adm4_pcode": null, "adm4_name": null, "name_latin": null }, "geometry": { "type": "Polygon", "coordinates": [ [ [ -5.5209743, 15.5581467 ], [ -5.5202125, 15.558219 ], [ -5.5202447, 15.5577229 ], [ -5.5209184, 15.557732 ], [ -5.5209743, 15.5581467 ] ] ] } },
{ "type": "Feature", "properties": { "id": "way/360814728", "name": null, "name_en": null, "name_ar": null, "amenity": "school", "building": null, "operator_type": null, "capacity_persons": null, "addr_full": null, "addr_city": null, "source": null, "adm0_pcode": "MRT", "adm0_name": "Mauritania", "adm1_pcode": null, "adm1_name": null, "adm2_pcode": null, "adm2_name": null, "adm3_pcode": null, "adm3_name": null, "adm4_pcode": null, "adm4_name": null, "name_latin": null }, "geometry": { "type": "Polygon", "coordinates": [ [ [ -16.4269524, 16.199539 ], [ -16.4275996, 16.1997496 ], [ -16.427374, 16.2003891 ], [ -16.4267267, 16.2001785 ], [ -16.4269524, 16.199539 ] ] ] } },
{ "type": "Feature", "properties": { "id": "way/189265748", "name": "École élémentaire N1", "name_en": null, "name_ar": null, "amenity": "school", "building": null, "operator_type": null, "capacity_persons": null, "addr_full": null, "addr_city": null, "source": null, "adm0_pcode": "MRT", "adm0_name": "Mauritania", "adm1_pcode": null, "adm1_name": null, "adm2_pcode": null, "adm2_name": null, "adm3_pcode": null, "adm3_name": null, "adm4_pcode": null, "adm4_name": null, "name_latin": "Ecole elementaire N1" }, "geometry": { "type": "Polygon", "coordinates": [ [ [ -15.9890653, 16.4831271 ], [ -15.9878082, 16.4832467 ], [ -15.9877164, 16.4823178 ], [ -15.9889985, 16.4822677 ], [ -15.9890653, 16.4831271 ] ] ] } },
{ "type": "Feature", "properties": { "id": "way/1117883193", "name": null, "name_en": null, "name_ar": null, "amenity": "school", "building": null, "operator_type": null, "capacity_persons": null, "addr_full": null, "addr_city": null, "source": null, "adm0_pcode": "MRT", "adm0_name": "Mauritania", "adm1_pcode": null, "adm1_name": null, "adm2_pcode": null, "adm2_name": null, "adm3_pcode": null, "adm3_name": null, "adm4_pcode": null, "adm4_name": null, "name_latin": null }, "geometry": { "type": "Polygon", "coordinates": [ [ [ -16.1067181, 16.5216545 ], [ -16.1064566, 16.5212404 ], [ -16.1068489, 16.5210053 ], [ -16.1069259, 16.5210859 ], [ -16.107115, 16.5214038 ], [ -16.1067181, 16.5216545 ] ] ] } },
{ "type": "Feature", "properties": { "id": "way/359608300", "name": "Institut Supérieur d'Enseignement Technologique de Rosso المعهد العالي للتعليم التكنولوجي روصو", "name_en": null, "name_ar": "المعهد العالي للتعليم التكنولوجي روصو", "amenity": "university", "building": null, "operator_type": null, "capacity_persons": null, "addr_full": null, "addr_city": "Rosso روصو", "source": null, "adm0_pcode": "MRT", "adm0_name": "Mauritania", "adm1_pcode": "MR06", "adm1_name": "Trarza", "adm2_pcode": "MR066", "adm2_name": "Rosso", "adm3_pcode": "MR06601", "adm3_name": "Rosso", "adm4_pcode": null, "adm4_name": null, "name_latin": "Institut Superieur d'Enseignement Technologique de Rosso lm`hd l`ly llt`lym ltknwlwjy rwSw" }, "geometry": { "type": "Polygon", "coordinates": [ [ [ -15.774801, 16.5313406 ], [ -15.7736584, 16.5284864 ], [ -15.7733419, 16.528003 ], [ -15.7733046, 16.527993 ], [ -15.7730655, 16.5275685 ], [ -15.7729904, 16.5272265 ], [ -15.7730306, 16.5272136 ], [ -15.7727383, 16.5261388 ], [ -15.7732103, 16.5259356 ], [ -15.773219, 16.525867 ], [ -15.7731084, 16.5254239 ], [ -15.7729904, 16.5240559 ], [ -15.7739337, 16.5238354 ], [ -15.7777862, 16.5229348 ], [ -15.7784782, 16.5252898 ], [ -15.7785721, 16.5256733 ], [ -15.7786583, 16.5270544 ], [ -15.7787196, 16.5303918 ], [ -15.7763221, 16.5312098 ], [ -15.775842, 16.5309989 ], [ -15.774801, 16.5313406 ] ] ] } },
{ "type": "Feature", "properties": { "id": "way/1385745866", "name": "Rosso High School", "name_en": "Rosso High School", "name_ar": "ثانوية روصو", "amenity": "school", "building": null, "operator_type": null, "capacity_persons": null, "addr_full": null, "addr_city": null, "source": null, "adm0_pcode": "MRT", "adm0_name": "Mauritania", "adm1_pcode": "MR06", "adm1_name": "Trarza", "adm2_pcode": "MR066", "adm2_name": "Rosso", "adm3_pcode": "MR06601", "adm3_name": "Rosso", "adm4_pcode": null, "adm4_name": null, "name_latin": "Rosso High School" }, "geometry": { "type": "Polygon", "coordinates": [ [ [ -15.7928941, 16.5146977 ], [ -15.7942911, 16.5149212 ], [ -15.7938761, 16.5174937 ], [ -15.7937069, 16.517613 ], [ -15.7924614, 16.5173899 ], [ -15.7928941, 16.5146977 ] ] ] } },
{ "type": "Feature", "properties": { "id": "way/1385745865", "name": null, "name_en": "Rosso 1 Middle School", "name_ar": "1 إعدادية روصو", "amenity": "school", "building": null, "operator_type": null, "capacity_persons": null, "addr_full": null, "addr_city": null, "source": null, "adm0_pcode": "MRT", "adm0_name": "Mauritania", "adm1_pcode": "MR06", "adm1_name": "Trarza", "adm2_pcode": "MR066", "adm2_name": "Rosso", "adm3_pcode": "MR06601", "adm3_name": "Rosso", "adm4_pcode": null, "adm4_name": null, "name_latin": "Rosso 1 Middle School" }, "geometry": { "type": "Polygon", "coordinates": [ [ [ -15.7955881, 16.516896 ], [ -15.7941905, 16.5166919 ], [ -15.7944652, 16.5149438 ], [ -15.7958559, 16.5151446 ], [ -15.7955881, 16.516896 ] ] ] } },
{ "type": "Feature", "properties": { "id": "node/2787889913", "name": "Ecole1", "name_en": null, "name_ar": null, "amenity": "school", "building": null, "operator_type": null, "capacity_persons": null, "addr_full": null, "addr_city": null, "source": null, "adm0_pcode": "MRT", "adm0_name": "Mauritania", "adm1_pcode": null, "adm1_name": null, "adm2_pcode": null, "adm2_name": null, "adm3_pcode": null, "adm3_name": null, "adm4_pcode": null, "adm4_name": null, "name_latin": "Ecole1" }, "geometry": { "type": "Point", "coordinates": [ -15.6967902, 16.4668205 ] } },
{ "type": "Feature", "properties": { "id": "node/12462989849", "name": "École primaire de Dagana", "name_en": null, "name_ar": null, "amenity": "school", "building": null, "operator_type": null, "capacity_persons": null, "addr_full": null, "addr_city": null, "source": null, "adm0_pcode": "MRT", "adm0_name": "Mauritania", "adm1_pcode": null, "adm1_name": null, "adm2_pcode": null, "adm2_name": null, "adm3_pcode": null, "adm3_name": null, "adm4_pcode": null, "adm4_name": null, "name_latin": "Ecole primaire de Dagana" }, "geometry": { "type": "Point", "coordinates": [ -15.5091048, 16.5223 ] } },
{ "type": "Feature", "properties": { "id": "way/188527693", "name": "École primaire de Léboudou Doué", "name_en": null, "name_ar": null, "amenity": "school", "building": null, "operator_type": null, "capacity_persons": null, "addr_full": null, "addr_city": null, "source": null, "adm0_pcode": "MRT", "adm0_name": "Mauritania", "adm1_pcode": null, "adm1_name": null, "adm2_pcode": null, "adm2_name": null, "adm3_pcode": null, "adm3_name": null, "adm4_pcode": null, "adm4_name": null, "name_latin": "Ecole primaire de Leboudou Doue" }, "geometry": { "type": "Polygon", "coordinates": [ [ [ -15.0709122, 16.6529867 ], [ -15.0703117, 16.6532262 ], [ -15.0700132, 16.6526453 ], [ -15.0706137, 16.6524165 ], [ -15.0709122, 16.6529867 ] ] ] } },
{ "type": "Feature", "properties": { "id": "way/1351216226", "name": "Ecole élementaire de Doué", "name_en": null, "name_ar": null, "amenity": "school", "building": null, "operator_type": null, "capacity_persons": null, "addr_full": null, "addr_city": null, "source": null, "adm0_pcode": "MRT", "adm0_name": "Mauritania", "adm1_pcode": "MR06", "adm1_name": "Trarza", "adm2_pcode": "MR067", "adm2_name": "Tekane", "adm3_pcode": "MR06704", "adm3_name": "Lexelbe 2", "adm4_pcode": null, "adm4_name": null, "name_latin": "Ecole elementaire de Doue" }, "geometry": { "type": "Polygon", "coordinates": [ [ [ -15.0463187, 16.6273136 ], [ -15.0460523, 16.6273359 ], [ -15.0459968, 16.6271868 ], [ -15.0459986, 16.6270224 ], [ -15.0463241, 16.6270206 ], [ -15.0463187, 16.6273136 ] ] ] } },
{ "type": "Feature", "properties": { "id": "node/12460548658", "name": "Hamat ba", "name_en": null, "name_ar": null, "amenity": "school", "building": null, "operator_type": null, "capacity_persons": null, "addr_full": null, "addr_city": null, "source": null, "adm0_pcode": "MRT", "adm0_name": "Mauritania", "adm1_pcode": null, "adm1_name": null, "adm2_pcode": null, "adm2_name": null, "adm3_pcode": null, "adm3_name": null, "adm4_pcode": null, "adm4_name": null, "name_latin": "Hamat ba" }, "geometry": { "type": "Point", "coordinates": [ -14.9558932, 16.6515794 ] } },
{ "type": "Feature", "properties": { "id": "way/455034659", "name": null, "name_en": null, "name_ar": null, "amenity": "school", "building": null, "operator_type": null, "capacity_persons": null, "addr_full": null, "addr_city": "اركيز", "source": null, "adm0_pcode": "MRT", "adm0_name": "Mauritania", "adm1_pcode": "MR06", "adm1_name": "Trarza", "adm2_pcode": "MR065", "adm2_name": "R’Kiz", "adm3_pcode": "MR06501", "adm3_name": "R’Kiz", "adm4_pcode": null, "adm4_name": null, "name_latin": null }, "geometry": { "type": "Polygon", "coordinates": [ [ [ -15.245279, 16.9270612 ], [ -15.2446546, 16.9272405 ], [ -15.2445226, 16.9267994 ], [ -15.2451342, 16.926625 ], [ -15.245279, 16.9270612 ] ] ] } },
{ "type": "Feature", "properties": { "id": "way/698067864", "name": "Ecole Primaire", "name_en": null, "name_ar": null, "amenity": "school", "building": null, "operator_type": null, "capacity_persons": null, "addr_full": null, "addr_city": null, "source": null, "adm0_pcode": "MRT", "adm0_name": "Mauritania", "adm1_pcode": "MR06", "adm1_name": "Trarza", "adm2_pcode": "MR067", "adm2_name": "Tekane", "adm3_pcode": "MR06701", "adm3_name": "Teikane", "adm4_pcode": null, "adm4_name": null, "name_latin": "Ecole Primaire" }, "geometry": { "type": "Polygon", "coordinates": [ [ [ -15.351347, 16.6016253 ], [ -15.3519988, 16.6015949 ], [ -15.3519408, 16.6004083 ], [ -15.3512907, 16.600451 ], [ -15.3513162, 16.6011013 ], [ -15.351347, 16.6016253 ] ] ] } },
{ "type": "Feature", "properties": { "id": "node/5404846623", "name": null, "name_en": "Rkiz, Boubacare", "name_ar": "مدرسة ببكر", "amenity": "school", "building": null, "operator_type": null, "capacity_persons": null, "addr_full": null, "addr_city": null, "source": null, "adm0_pcode": "MRT", "adm0_name": "Mauritania", "adm1_pcode": "MR06", "adm1_name": "Trarza", "adm2_pcode": "MR065", "adm2_name": "R’Kiz", "adm3_pcode": "MR06503", "adm3_name": "Bareine", "adm4_pcode": null, "adm4_name": null, "name_latin": "Rkiz, Boubacare" }, "geometry": { "type": "Point", "coordinates": [ -15.1854699, 17.2452632 ] } },
{ "type": "Feature", "properties": { "id": "node/4235396693", "name": "École Noubaghiya مدرسة النباغية", "name_en": null, "name_ar": "مدرسة النباغية", "amenity": "school", "building": null, "operator_type": null, "capacity_persons": null, "addr_full": null, "addr_city": "Noubaghiya النباغية", "source": null, "adm0_pcode": "MRT", "adm0_name": "Mauritania", "adm1_pcode": "MR06", "adm1_name": "Trarza", "adm2_pcode": "MR061", "adm2_name": "Boutilimit", "adm3_pcode": "MR06105", "adm3_name": "Nebaghiye", "adm4_pcode": null, "adm4_name": null, "name_latin": "Ecole Noubaghiya mdrs@ lnbGy@" }, "geometry": { "type": "Point", "coordinates": [ -15.041112, 17.5698225 ] } },
{ "type": "Feature", "properties": { "id": "node/4235396694", "name": null, "name_en": null, "name_ar": null, "amenity": "school", "building": null, "operator_type": null, "capacity_persons": null, "addr_full": null, "addr_city": null, "source": null, "adm0_pcode": "MRT", "adm0_name": "Mauritania", "adm1_pcode": "MR06", "adm1_name": "Trarza", "adm2_pcode": "MR061", "adm2_name": "Boutilimit", "adm3_pcode": "MR06105", "adm3_name": "Nebaghiye", "adm4_pcode": null, "adm4_name": null, "name_latin": null }, "geometry": { "type": "Point", "coordinates": [ -15.0463817, 17.5644189 ] } },
{ "type": "Feature", "properties": { "id": "way/227409817", "name": "École préparatoire Boutilimit 2", "name_en": null, "name_ar": "مدرسة ثانوية", "amenity": "school", "building": null, "operator_type": null, "capacity_persons": null, "addr_full": null, "addr_city": "Boutilimit بوتلميت", "source": null, "adm0_pcode": "MRT", "adm0_name": "Mauritania", "adm1_pcode": "MR06", "adm1_name": "Trarza", "adm2_pcode": "MR061", "adm2_name": "Boutilimit", "adm3_pcode": "MR06101", "adm3_name": "Boutilimit", "adm4_pcode": null, "adm4_name": null, "name_latin": "Ecole preparatoire Boutilimit 2" }, "geometry": { "type": "Polygon", "coordinates": [ [ [ -14.6917767, 17.5512851 ], [ -14.6908887, 17.5520349 ], [ -14.690173, 17.5514325 ], [ -14.6908931, 17.55059 ], [ -14.6917767, 17.5512851 ] ] ] } },
{ "type": "Feature", "properties": { "id": "way/449162090", "name": "École 1 de Boghé مدرسة 1 بوغي", "name_en": null, "name_ar": "مدرسة 1 بوغي", "amenity": "school", "building": null, "operator_type": null, "capacity_persons": null, "addr_full": null, "addr_city": "Boghé بوغي", "source": null, "adm0_pcode": "MRT", "adm0_name": "Mauritania", "adm1_pcode": "MR05", "adm1_name": "Brakna", "adm2_pcode": "MR053", "adm2_name": "Boghé", "adm3_pcode": "MR05301", "adm3_name": "Boghé", "adm4_pcode": null, "adm4_name": null, "name_latin": "Ecole 1 de Boghe mdrs@ 1 bwGy" }, "geometry": { "type": "Polygon", "coordinates": [ [ [ -14.2726538, 16.5830047 ], [ -14.2727852, 16.5826629 ], [ -14.2735308, 16.5827529 ], [ -14.2733859, 16.5833106 ], [ -14.2726538, 16.5830047 ] ] ] } },
{ "type": "Feature", "properties": { "id": "way/188693168", "name": null, "name_en": null, "name_ar": null, "amenity": "school", "building": null, "operator_type": null, "capacity_persons": null, "addr_full": null, "addr_city": "Boghé بوغي", "source": null, "adm0_pcode": "MRT", "adm0_name": "Mauritania", "adm1_pcode": "MR05", "adm1_name": "Brakna", "adm2_pcode": "MR053", "adm2_name": "Boghé", "adm3_pcode": "MR05301", "adm3_name": "Boghé", "adm4_pcode": null, "adm4_name": null, "name_latin": null }, "geometry": { "type": "Polygon", "coordinates": [ [ [ -14.2674642, 16.5917628 ], [ -14.2683991, 16.5916681 ], [ -14.268228, 16.5924717 ], [ -14.2679377, 16.5924106 ], [ -14.2674642, 16.5917628 ] ] ] } },
{ "type": "Feature", "properties": { "id": "way/188693166", "name": null, "name_en": null, "name_ar": null, "amenity": "school", "building": null, "operator_type": null, "capacity_persons": null, "addr_full": null, "addr_city": "Boghé بوغي", "source": null, "adm0_pcode": "MRT", "adm0_name": "Mauritania", "adm1_pcode": "MR05", "adm1_name": "Brakna", "adm2_pcode": "MR053", "adm2_name": "Boghé", "adm3_pcode": "MR05301", "adm3_name": "Boghé", "adm4_pcode": null, "adm4_name": null, "name_latin": null }, "geometry": { "type": "Polygon", "coordinates": [ [ [ -14.2700429, 16.5928414 ], [ -14.2690682, 16.5926519 ], [ -14.2692802, 16.5916942 ], [ -14.2693035, 16.5915887 ], [ -14.2694074, 16.5915887 ], [ -14.2694104, 16.5915123 ], [ -14.2699665, 16.5915337 ], [ -14.2699573, 16.5916192 ], [ -14.2700215, 16.5916864 ], [ -14.2702751, 16.5922639 ], [ -14.2701804, 16.5923739 ], [ -14.2700429, 16.5928414 ] ] ] } },
{ "type": "Feature", "properties": { "id": "way/188693169", "name": null, "name_en": null, "name_ar": null, "amenity": "school", "building": null, "operator_type": null, "capacity_persons": null, "addr_full": null, "addr_city": "Boghé بوغي", "source": null, "adm0_pcode": "MRT", "adm0_name": "Mauritania", "adm1_pcode": "MR05", "adm1_name": "Brakna", "adm2_pcode": "MR053", "adm2_name": "Boghé", "adm3_pcode": "MR05301", "adm3_name": "Boghé", "adm4_pcode": null, "adm4_name": null, "name_latin": null }, "geometry": { "type": "Polygon", "coordinates": [ [ [ -14.268228, 16.5924717 ], [ -14.2683991, 16.5916681 ], [ -14.2692802, 16.5916942 ], [ -14.2690682, 16.5926519 ], [ -14.268228, 16.5924717 ] ] ] } },
{ "type": "Feature", "properties": { "id": "way/188724260", "name": null, "name_en": null, "name_ar": null, "amenity": "school", "building": null, "operator_type": null, "capacity_persons": null, "addr_full": null, "addr_city": null, "source": null, "adm0_pcode": "MRT", "adm0_name": "Mauritania", "adm1_pcode": null, "adm1_name": null, "adm2_pcode": null, "adm2_name": null, "adm3_pcode": null, "adm3_name": null, "adm4_pcode": null, "adm4_name": null, "name_latin": null }, "geometry": { "type": "Polygon", "coordinates": [ [ [ -14.6986497, 16.6398218 ], [ -14.6980044, 16.6398334 ], [ -14.6980114, 16.639239 ], [ -14.6986451, 16.6392228 ], [ -14.6986497, 16.6398218 ] ] ] } },
{ "type": "Feature", "properties": { "id": "node/11309301031", "name": "Ecole de Bakaw", "name_en": null, "name_ar": null, "amenity": "college", "building": null, "operator_type": null, "capacity_persons": null, "addr_full": null, "addr_city": null, "source": null, "adm0_pcode": "MRT", "adm0_name": "Mauritania", "adm1_pcode": "MR05", "adm1_name": "Brakna", "adm2_pcode": "MR053", "adm2_name": "Boghé", "adm3_pcode": "MR05301", "adm3_name": "Boghé", "adm4_pcode": null, "adm4_name": null, "name_latin": "Ecole de Bakaw" }, "geometry": { "type": "Point", "coordinates": [ -14.2987398, 16.5764988 ] } },
{ "type": "Feature", "properties": { "id": "way/449167758", "name": "مدرسة ديمت", "name_en": null, "name_ar": "مدرسة ديمت", "amenity": "school", "building": null, "operator_type": null, "capacity_persons": null, "addr_full": null, "addr_city": null, "source": null, "adm0_pcode": "MRT", "adm0_name": "Mauritania", "adm1_pcode": null, "adm1_name": null, "adm2_pcode": null, "adm2_name": null, "adm3_pcode": null, "adm3_name": null, "adm4_pcode": null, "adm4_name": null, "name_latin": "mdrs@ dymt" }, "geometry": { "type": "Polygon", "coordinates": [ [ [ -14.2766209, 16.5733157 ], [ -14.275508, 16.5730977 ], [ -14.2757306, 16.5720539 ], [ -14.2761987, 16.5721456 ], [ -14.2768435, 16.5722719 ], [ -14.2766209, 16.5733157 ] ] ] } },
{ "type": "Feature", "properties": { "id": "way/360151573", "name": "Lycée de Walaldé", "name_en": null, "name_ar": null, "amenity": "school", "building": null, "operator_type": null, "capacity_persons": null, "addr_full": null, "addr_city": null, "source": null, "adm0_pcode": "MRT", "adm0_name": "Mauritania", "adm1_pcode": null, "adm1_name": null, "adm2_pcode": null, "adm2_name": null, "adm3_pcode": null, "adm3_name": null, "adm4_pcode": null, "adm4_name": null, "name_latin": "Lycee de Walalde" }, "geometry": { "type": "Polygon", "coordinates": [ [ [ -14.2007787, 16.4987385 ], [ -14.2001779, 16.4993763 ], [ -14.1995664, 16.4987899 ], [ -14.2001135, 16.4982138 ], [ -14.2007787, 16.4987385 ] ] ] } },
{ "type": "Feature", "properties": { "id": "node/8221932448", "name": "ecole2 walalde", "name_en": null, "name_ar": null, "amenity": "school", "building": null, "operator_type": null, "capacity_persons": null, "addr_full": null, "addr_city": null, "source": null, "adm0_pcode": "MRT", "adm0_name": "Mauritania", "adm1_pcode": null, "adm1_name": null, "adm2_pcode": null, "adm2_name": null, "adm3_pcode": null, "adm3_name": null, "adm4_pcode": null, "adm4_name": null, "name_latin": "ecole2 walalde" }, "geometry": { "type": "Point", "coordinates": [ -14.198325, 16.5059307 ] } },
{ "type": "Feature", "properties": { "id": "way/188693171", "name": null, "name_en": null, "name_ar": null, "amenity": "school", "building": null, "operator_type": null, "capacity_persons": null, "addr_full": null, "addr_city": null, "source": null, "adm0_pcode": "MRT", "adm0_name": "Mauritania", "adm1_pcode": null, "adm1_name": null, "adm2_pcode": null, "adm2_name": null, "adm3_pcode": null, "adm3_name": null, "adm4_pcode": null, "adm4_name": null, "name_latin": null }, "geometry": { "type": "Polygon", "coordinates": [ [ [ -14.2017969, 16.5076804 ], [ -14.2009912, 16.5075376 ], [ -14.2012683, 16.5070411 ], [ -14.2019695, 16.5073458 ], [ -14.2017969, 16.5076804 ] ] ] } },
{ "type": "Feature", "properties": { "id": "node/3647023073", "name": "ecole 1 walalde", "name_en": null, "name_ar": null, "amenity": "school", "building": null, "operator_type": null, "capacity_persons": null, "addr_full": null, "addr_city": null, "source": null, "adm0_pcode": "MRT", "adm0_name": "Mauritania", "adm1_pcode": null, "adm1_name": null, "adm2_pcode": null, "adm2_name": null, "adm3_pcode": null, "adm3_name": null, "adm4_pcode": null, "adm4_name": null, "name_latin": "ecole 1 walalde" }, "geometry": { "type": "Point", "coordinates": [ -14.1946737, 16.5041447 ] } },
{ "type": "Feature", "properties": { "id": "node/12501178721", "name": "Case des Tout-Petits", "name_en": null, "name_ar": null, "amenity": "kindergarten", "building": null, "operator_type": null, "capacity_persons": null, "addr_full": null, "addr_city": null, "source": null, "adm0_pcode": "MRT", "adm0_name": "Mauritania", "adm1_pcode": null, "adm1_name": null, "adm2_pcode": null, "adm2_name": null, "adm3_pcode": null, "adm3_name": null, "adm4_pcode": null, "adm4_name": null, "name_latin": "Case des Tout-Petits" }, "geometry": { "type": "Point", "coordinates": [ -14.2045437, 16.5042585 ] } },
{ "type": "Feature", "properties": { "id": "node/8221932449", "name": "jardin d'enfant walalde", "name_en": null, "name_ar": null, "amenity": "kindergarten", "building": null, "operator_type": null, "capacity_persons": null, "addr_full": null, "addr_city": null, "source": null, "adm0_pcode": "MRT", "adm0_name": "Mauritania", "adm1_pcode": null, "adm1_name": null, "adm2_pcode": null, "adm2_name": null, "adm3_pcode": null, "adm3_name": null, "adm4_pcode": null, "adm4_name": null, "name_latin": "jardin d'enfant walalde" }, "geometry": { "type": "Point", "coordinates": [ -14.2117108, 16.5058776 ] } },
{ "type": "Feature", "properties": { "id": "node/8446246817", "name": null, "name_en": "Collège de thidé", "name_ar": "إعدادية تيدة", "amenity": "school", "building": null, "operator_type": null, "capacity_persons": null, "addr_full": null, "addr_city": null, "source": null, "adm0_pcode": "MRT", "adm0_name": "Mauritania", "adm1_pcode": "MR05", "adm1_name": "Brakna", "adm2_pcode": "MR053", "adm2_name": "Boghé", "adm3_pcode": "MR05301", "adm3_name": "Boghé", "adm4_pcode": null, "adm4_name": null, "name_latin": "Collège de thidé" }, "geometry": { "type": "Point", "coordinates": [ -14.2169782, 16.5713715 ] } },
{ "type": "Feature", "properties": { "id": "relation/5358019", "name": "Collège de Saldé", "name_en": null, "name_ar": null, "amenity": "school", "building": null, "operator_type": null, "capacity_persons": null, "addr_full": null, "addr_city": null, "source": null, "adm0_pcode": "MRT", "adm0_name": "Mauritania", "adm1_pcode": null, "adm1_name": null, "adm2_pcode": null, "adm2_name": null, "adm3_pcode": null, "adm3_name": null, "adm4_pcode": null, "adm4_name": null, "name_latin": "College de Salde" }, "geometry": { "type": "Polygon", "coordinates": [ [ [ -13.8832697, 16.166826 ], [ -13.8825133, 16.1672485 ], [ -13.8820922, 16.1665613 ], [ -13.8815678, 16.1657288 ], [ -13.8823094, 16.1653112 ], [ -13.8832697, 16.166826 ] ] ] } },
{ "type": "Feature", "properties": { "id": "way/188426172", "name": "Mairie de M'bagne", "name_en": null, "name_ar": "مدرسة", "amenity": "school", "building": null, "operator_type": null, "capacity_persons": null, "addr_full": null, "addr_city": "امباني", "source": null, "adm0_pcode": "MRT", "adm0_name": "Mauritania", "adm1_pcode": "MR05", "adm1_name": "Brakna", "adm2_pcode": "MR055", "adm2_name": "M’Bagne", "adm3_pcode": "MR05501", "adm3_name": "M’Bagne", "adm4_pcode": null, "adm4_name": null, "name_latin": "Mairie de M'bagne" }, "geometry": { "type": "Polygon", "coordinates": [ [ [ -13.7847681, 16.146642 ], [ -13.7840568, 16.1466788 ], [ -13.7837805, 16.1465206 ], [ -13.7838181, 16.1461429 ], [ -13.7837789, 16.1456743 ], [ -13.7846831, 16.1455287 ], [ -13.7847681, 16.146642 ] ] ] } },
{ "type": "Feature", "properties": { "id": "way/1083752403", "name": "Ecole 2", "name_en": null, "name_ar": null, "amenity": "school", "building": null, "operator_type": null, "capacity_persons": null, "addr_full": null, "addr_city": null, "source": null, "adm0_pcode": "MRT", "adm0_name": "Mauritania", "adm1_pcode": "MR05", "adm1_name": "Brakna", "adm2_pcode": "MR055", "adm2_name": "M’Bagne", "adm3_pcode": "MR05501", "adm3_name": "M’Bagne", "adm4_pcode": null, "adm4_name": null, "name_latin": "Ecole 2" }, "geometry": { "type": "Polygon", "coordinates": [ [ [ -13.782405, 16.1524145 ], [ -13.7819302, 16.1523991 ], [ -13.7819946, 16.1517679 ], [ -13.7824774, 16.1517988 ], [ -13.782405, 16.1524145 ] ] ] } },
{ "type": "Feature", "properties": { "id": "way/188426167", "name": null, "name_en": null, "name_ar": null, "amenity": "school", "building": null, "operator_type": null, "capacity_persons": null, "addr_full": null, "addr_city": null, "source": null, "adm0_pcode": "MRT", "adm0_name": "Mauritania", "adm1_pcode": "MR05", "adm1_name": "Brakna", "adm2_pcode": "MR055", "adm2_name": "M’Bagne", "adm3_pcode": "MR05501", "adm3_name": "M’Bagne", "adm4_pcode": null, "adm4_name": null, "name_latin": null }, "geometry": { "type": "Polygon", "coordinates": [ [ [ -13.7780585, 16.1486392 ], [ -13.7762844, 16.1492328 ], [ -13.7760286, 16.1479739 ], [ -13.7776457, 16.1474348 ], [ -13.7778521, 16.1480369 ], [ -13.7780585, 16.1486392 ] ] ] } },
{ "type": "Feature", "properties": { "id": "way/962318476", "name": "Lycée de M'bagne", "name_en": null, "name_ar": null, "amenity": "school", "building": null, "operator_type": null, "capacity_persons": null, "addr_full": null, "addr_city": null, "source": null, "adm0_pcode": "MRT", "adm0_name": "Mauritania", "adm1_pcode": "MR05", "adm1_name": "Brakna", "adm2_pcode": "MR055", "adm2_name": "M’Bagne", "adm3_pcode": "MR05501", "adm3_name": "M’Bagne", "adm4_pcode": null, "adm4_name": null, "name_latin": "Lycee de M'bagne" }, "geometry": { "type": "Polygon", "coordinates": [ [ [ -13.7780585, 16.1486392 ], [ -13.7778521, 16.1480369 ], [ -13.7776457, 16.1474348 ], [ -13.7760286, 16.1479739 ], [ -13.7762844, 16.1492328 ], [ -13.7780585, 16.1486392 ] ] ] } },
{ "type": "Feature", "properties": { "id": "node/12398453831", "name": "Ecole coranique", "name_en": null, "name_ar": null, "amenity": "school", "building": null, "operator_type": null, "capacity_persons": null, "addr_full": null, "addr_city": null, "source": null, "adm0_pcode": "MRT", "adm0_name": "Mauritania", "adm1_pcode": null, "adm1_name": null, "adm2_pcode": null, "adm2_name": null, "adm3_pcode": null, "adm3_name": null, "adm4_pcode": null, "adm4_name": null, "name_latin": "Ecole coranique" }, "geometry": { "type": "Point", "coordinates": [ -13.6987571, 16.1044181 ] } },
{ "type": "Feature", "properties": { "id": "node/12397560694", "name": "Daara Thierno Oumar Dia", "name_en": null, "name_ar": null, "amenity": "school", "building": null, "operator_type": null, "capacity_persons": null, "addr_full": null, "addr_city": null, "source": null, "adm0_pcode": "MRT", "adm0_name": "Mauritania", "adm1_pcode": null, "adm1_name": null, "adm2_pcode": null, "adm2_name": null, "adm3_pcode": null, "adm3_name": null, "adm4_pcode": null, "adm4_name": null, "name_latin": "Daara Thierno Oumar Dia" }, "geometry": { "type": "Point", "coordinates": [ -13.7161936, 16.1237557 ] } },
{ "type": "Feature", "properties": { "id": "node/12398405980", "name": "Ecole coranique", "name_en": null, "name_ar": null, "amenity": "school", "building": null, "operator_type": null, "capacity_persons": null, "addr_full": null, "addr_city": null, "source": null, "adm0_pcode": "MRT", "adm0_name": "Mauritania", "adm1_pcode": null, "adm1_name": null, "adm2_pcode": null, "adm2_name": null, "adm3_pcode": null, "adm3_name": null, "adm4_pcode": null, "adm4_name": null, "name_latin": "Ecole coranique" }, "geometry": { "type": "Point", "coordinates": [ -13.7171607, 16.1236639 ] } },
{ "type": "Feature", "properties": { "id": "node/12398583204", "name": "Daara thierno Issa Diallo de tiaski", "name_en": null, "name_ar": null, "amenity": "school", "building": null, "operator_type": null, "capacity_persons": null, "addr_full": null, "addr_city": null, "source": null, "adm0_pcode": "MRT", "adm0_name": "Mauritania", "adm1_pcode": null, "adm1_name": null, "adm2_pcode": null, "adm2_name": null, "adm3_pcode": null, "adm3_name": null, "adm4_pcode": null, "adm4_name": null, "name_latin": "Daara thierno Issa Diallo de tiaski" }, "geometry": { "type": "Point", "coordinates": [ -13.6689148, 16.0958471 ] } },
{ "type": "Feature", "properties": { "id": "node/12400125612", "name": "École élémentaire Tiaski", "name_en": null, "name_ar": null, "amenity": "school", "building": null, "operator_type": null, "capacity_persons": null, "addr_full": null, "addr_city": null, "source": null, "adm0_pcode": "MRT", "adm0_name": "Mauritania", "adm1_pcode": null, "adm1_name": null, "adm2_pcode": null, "adm2_name": null, "adm3_pcode": null, "adm3_name": null, "adm4_pcode": null, "adm4_name": null, "name_latin": "Ecole elementaire Tiaski" }, "geometry": { "type": "Point", "coordinates": [ -13.669615, 16.0928498 ] } },
{ "type": "Feature", "properties": { "id": "node/12397734780", "name": "École élémentaire de Diowguel", "name_en": null, "name_ar": null, "amenity": "school", "building": null, "operator_type": null, "capacity_persons": null, "addr_full": null, "addr_city": null, "source": null, "adm0_pcode": "MRT", "adm0_name": "Mauritania", "adm1_pcode": null, "adm1_name": null, "adm2_pcode": null, "adm2_name": null, "adm3_pcode": null, "adm3_name": null, "adm4_pcode": null, "adm4_name": null, "name_latin": "Ecole elementaire de Diowguel" }, "geometry": { "type": "Point", "coordinates": [ -13.6937192, 16.0993628 ] } },
{ "type": "Feature", "properties": { "id": "node/12397718819", "name": "Daara", "name_en": null, "name_ar": null, "amenity": "school", "building": null, "operator_type": null, "capacity_persons": null, "addr_full": null, "addr_city": null, "source": null, "adm0_pcode": "MRT", "adm0_name": "Mauritania", "adm1_pcode": null, "adm1_name": null, "adm2_pcode": null, "adm2_name": null, "adm3_pcode": null, "adm3_name": null, "adm4_pcode": null, "adm4_name": null, "name_latin": "Daara" }, "geometry": { "type": "Point", "coordinates": [ -13.6899822, 16.0952446 ] } },
{ "type": "Feature", "properties": { "id": "way/361429636", "name": null, "name_en": null, "name_ar": null, "amenity": "school", "building": null, "operator_type": null, "capacity_persons": null, "addr_full": null, "addr_city": null, "source": null, "adm0_pcode": "MRT", "adm0_name": "Mauritania", "adm1_pcode": "MR04", "adm1_name": "Gorgol", "adm2_pcode": "MR041", "adm2_name": "Kaedi", "adm3_pcode": "MR04102", "adm3_name": "Néré Walo", "adm4_pcode": null, "adm4_name": null, "name_latin": null }, "geometry": { "type": "Polygon", "coordinates": [ [ [ -13.6212409, 16.1094925 ], [ -13.6205972, 16.109745 ], [ -13.6202431, 16.1088483 ], [ -13.6208869, 16.1086318 ], [ -13.6211241, 16.1092086 ], [ -13.6212409, 16.1094925 ] ] ] } },
{ "type": "Feature", "properties": { "id": "way/361428912", "name": null, "name_en": null, "name_ar": null, "amenity": "school", "building": null, "operator_type": null, "capacity_persons": null, "addr_full": null, "addr_city": null, "source": null, "adm0_pcode": "MRT", "adm0_name": "Mauritania", "adm1_pcode": "MR04", "adm1_name": "Gorgol", "adm2_pcode": "MR041", "adm2_name": "Kaedi", "adm3_pcode": "MR04102", "adm3_name": "Néré Walo", "adm4_pcode": null, "adm4_name": null, "name_latin": null }, "geometry": { "type": "Polygon", "coordinates": [ [ [ -13.6323383, 16.1009277 ], [ -13.6313513, 16.1011107 ], [ -13.6311306, 16.1002983 ], [ -13.6321903, 16.1000931 ], [ -13.6323383, 16.1009277 ] ] ] } },
{ "type": "Feature", "properties": { "id": "node/12646576011", "name": "École Primaire Salah El-Din", "name_en": null, "name_ar": null, "amenity": "school", "building": null, "operator_type": null, "capacity_persons": null, "addr_full": null, "addr_city": "Kaédi كيهيدي", "source": null, "adm0_pcode": "MRT", "adm0_name": "Mauritania", "adm1_pcode": "MR04", "adm1_name": "Gorgol", "adm2_pcode": "MR041", "adm2_name": "Kaedi", "adm3_pcode": "MR04101", "adm3_name": "Kaedi", "adm4_pcode": null, "adm4_name": null, "name_latin": "Ecole Primaire Salah El-Din" }, "geometry": { "type": "Point", "coordinates": [ -13.5084551, 16.1475142 ] } },
{ "type": "Feature", "properties": { "id": "way/466060644", "name": "Lycée d'excellence Baye de Kaédi", "name_en": null, "name_ar": "مدرسة", "amenity": "school", "building": null, "operator_type": null, "capacity_persons": null, "addr_full": null, "addr_city": "Kaédi كيهيدي", "source": null, "adm0_pcode": "MRT", "adm0_name": "Mauritania", "adm1_pcode": "MR04", "adm1_name": "Gorgol", "adm2_pcode": "MR041", "adm2_name": "Kaedi", "adm3_pcode": "MR04101", "adm3_name": "Kaedi", "adm4_pcode": null, "adm4_name": null, "name_latin": "Lycee d'excellence Baye de Kaedi" }, "geometry": { "type": "Polygon", "coordinates": [ [ [ -13.5081061, 16.1478955 ], [ -13.5059335, 16.1483103 ], [ -13.5056519, 16.146968 ], [ -13.5077923, 16.1465481 ], [ -13.5081061, 16.1478955 ] ] ] } },
{ "type": "Feature", "properties": { "id": "way/466403873", "name": "École El-Maghrib", "name_en": null, "name_ar": null, "amenity": "school", "building": null, "operator_type": null, "capacity_persons": null, "addr_full": null, "addr_city": "Kaédi كيهيدي", "source": null, "adm0_pcode": "MRT", "adm0_name": "Mauritania", "adm1_pcode": "MR04", "adm1_name": "Gorgol", "adm2_pcode": "MR041", "adm2_name": "Kaedi", "adm3_pcode": "MR04101", "adm3_name": "Kaedi", "adm4_pcode": null, "adm4_name": null, "name_latin": "Ecole El-Maghrib" }, "geometry": { "type": "Polygon", "coordinates": [ [ [ -13.501787, 16.1555835 ], [ -13.5011245, 16.1549652 ], [ -13.5016985, 16.1543829 ], [ -13.5023583, 16.155009 ], [ -13.501787, 16.1555835 ] ] ] } },
{ "type": "Feature", "properties": { "id": "way/466049134", "name": "École El-Bahri", "name_en": null, "name_ar": null, "amenity": "school", "building": null, "operator_type": null, "capacity_persons": null, "addr_full": null, "addr_city": "Kaédi كيهيدي", "source": null, "adm0_pcode": "MRT", "adm0_name": "Mauritania", "adm1_pcode": "MR04", "adm1_name": "Gorgol", "adm2_pcode": "MR041", "adm2_name": "Kaedi", "adm3_pcode": "MR04101", "adm3_name": "Kaedi", "adm4_pcode": null, "adm4_name": null, "name_latin": "Ecole El-Bahri" }, "geometry": { "type": "Polygon", "coordinates": [ [ [ -13.4929544, 16.1475606 ], [ -13.4922088, 16.1473983 ], [ -13.4923265, 16.1469985 ], [ -13.4924797, 16.14695 ], [ -13.4930624, 16.1469835 ], [ -13.4929544, 16.1475606 ] ] ] } },
{ "type": "Feature", "properties": { "id": "way/1414848919", "name": null, "name_en": null, "name_ar": null, "amenity": null, "building": "school", "operator_type": null, "capacity_persons": null, "addr_full": null, "addr_city": null, "source": null, "adm0_pcode": "MRT", "adm0_name": "Mauritania", "adm1_pcode": "MR04", "adm1_name": "Gorgol", "adm2_pcode": "MR041", "adm2_name": "Kaedi", "adm3_pcode": "MR04104", "adm3_name": "Toghomadi", "adm4_pcode": null, "adm4_name": null, "name_latin": null }, "geometry": { "type": "Polygon", "coordinates": [ [ [ -13.3286442, 15.9712037 ], [ -13.3288453, 15.9711737 ], [ -13.3288453, 15.9711193 ], [ -13.3288538, 15.9710648 ], [ -13.3289444, 15.9710512 ], [ -13.3289302, 15.9709832 ], [ -13.3287547, 15.9710104 ], [ -13.328732, 15.970975 ], [ -13.3286669, 15.9709941 ], [ -13.3286612, 15.9710294 ], [ -13.3284913, 15.9710512 ], [ -13.3284998, 15.9711302 ], [ -13.3285933, 15.9711193 ], [ -13.3286188, 15.9711465 ], [ -13.3286442, 15.9712037 ] ] ] } },
{ "type": "Feature", "properties": { "id": "way/331067659", "name": "Ecole primaire Sada Ndiaye", "name_en": null, "name_ar": null, "amenity": "school", "building": null, "operator_type": null, "capacity_persons": null, "addr_full": null, "addr_city": null, "source": null, "adm0_pcode": "MRT", "adm0_name": "Mauritania", "adm1_pcode": null, "adm1_name": null, "adm2_pcode": null, "adm2_name": null, "adm3_pcode": null, "adm3_name": null, "adm4_pcode": null, "adm4_name": null, "name_latin": "Ecole primaire Sada Ndiaye" }, "geometry": { "type": "Polygon", "coordinates": [ [ [ -13.3526305, 15.9410266 ], [ -13.3526163, 15.9412444 ], [ -13.3523792, 15.9412308 ], [ -13.3519899, 15.9412206 ], [ -13.3519403, 15.9412852 ], [ -13.3518519, 15.9413057 ], [ -13.3518023, 15.9414077 ], [ -13.3516006, 15.9414146 ], [ -13.3515652, 15.9413737 ], [ -13.351505, 15.9413533 ], [ -13.3514378, 15.9413771 ], [ -13.3512042, 15.9412036 ], [ -13.3511405, 15.9411185 ], [ -13.3512219, 15.9409143 ], [ -13.3515156, 15.9409449 ], [ -13.3526305, 15.9410266 ] ] ] } },
{ "type": "Feature", "properties": { "id": "way/480378071", "name": "Ecole élémentaire de Gourel Serigne", "name_en": null, "name_ar": null, "amenity": "school", "building": null, "operator_type": null, "capacity_persons": null, "addr_full": null, "addr_city": "Matam", "source": null, "adm0_pcode": "MRT", "adm0_name": "Mauritania", "adm1_pcode": "MR04", "adm1_name": "Gorgol", "adm2_pcode": "MR041", "adm2_name": "Kaedi", "adm3_pcode": "MR04105", "adm3_name": "Tifondé Civé", "adm4_pcode": null, "adm4_name": null, "name_latin": "Ecole elementaire de Gourel Serigne" }, "geometry": { "type": "Polygon", "coordinates": [ [ [ -13.2548245, 15.6519641 ], [ -13.254748, 15.651414 ], [ -13.2539705, 15.6515526 ], [ -13.2540603, 15.6520833 ], [ -13.2548245, 15.6519641 ] ] ] } },
{ "type": "Feature", "properties": { "id": "way/449334166", "name": null, "name_en": null, "name_ar": null, "amenity": "school", "building": null, "operator_type": null, "capacity_persons": null, "addr_full": null, "addr_city": null, "source": null, "adm0_pcode": "MRT", "adm0_name": "Mauritania", "adm1_pcode": "MR04", "adm1_name": "Gorgol", "adm2_pcode": "MR045", "adm2_name": "Lexeibe 1", "adm3_pcode": "MR04502", "adm3_name": "Betengal", "adm4_pcode": null, "adm4_name": null, "name_latin": null }, "geometry": { "type": "Polygon", "coordinates": [ [ [ -12.9912553, 16.1563098 ], [ -12.9909869, 16.1567391 ], [ -12.9906302, 16.1565614 ], [ -12.9908824, 16.1561089 ], [ -12.9912553, 16.1563098 ] ] ] } },
{ "type": "Feature", "properties": { "id": "way/468430440", "name": null, "name_en": null, "name_ar": null, "amenity": "school", "building": null, "operator_type": null, "capacity_persons": null, "addr_full": null, "addr_city": null, "source": null, "adm0_pcode": "MRT", "adm0_name": "Mauritania", "adm1_pcode": "MR04", "adm1_name": "Gorgol", "adm2_pcode": "MR045", "adm2_name": "Lexeibe 1", "adm3_pcode": "MR04502", "adm3_name": "Betengal", "adm4_pcode": null, "adm4_name": null, "name_latin": null }, "geometry": { "type": "Polygon", "coordinates": [ [ [ -12.8634024, 16.0790323 ], [ -12.8626866, 16.0787226 ], [ -12.8629011, 16.078238 ], [ -12.8636385, 16.0785736 ], [ -12.8634024, 16.0790323 ] ] ] } },
{ "type": "Feature", "properties": { "id": "way/467257961", "name": null, "name_en": null, "name_ar": null, "amenity": "school", "building": null, "operator_type": null, "capacity_persons": null, "addr_full": null, "addr_city": "امبوت", "source": null, "adm0_pcode": "MRT", "adm0_name": "Mauritania", "adm1_pcode": "MR04", "adm1_name": "Gorgol", "adm2_pcode": "MR043", "adm2_name": "M’Bout", "adm3_pcode": "MR04301", "adm3_name": "M’Boud", "adm4_pcode": null, "adm4_name": null, "name_latin": null }, "geometry": { "type": "Polygon", "coordinates": [ [ [ -12.5808055, 16.0212625 ], [ -12.5802932, 16.0213734 ], [ -12.5802905, 16.0213424 ], [ -12.5800008, 16.0214249 ], [ -12.579856, 16.020649 ], [ -12.5806258, 16.0204685 ], [ -12.5808055, 16.0212625 ] ] ] } },
{ "type": "Feature", "properties": { "id": "way/467155260", "name": null, "name_en": null, "name_ar": null, "amenity": "school", "building": null, "operator_type": null, "capacity_persons": null, "addr_full": null, "addr_city": null, "source": null, "adm0_pcode": "MRT", "adm0_name": "Mauritania", "adm1_pcode": "MR04", "adm1_name": "Gorgol", "adm2_pcode": "MR043", "adm2_name": "M’Bout", "adm3_pcode": "MR04305", "adm3_name": "Edebaye Ehel Guelaye", "adm4_pcode": null, "adm4_name": null, "name_latin": null }, "geometry": { "type": "Polygon", "coordinates": [ [ [ -12.7081803, 15.6871682 ], [ -12.7079496, 15.6869926 ], [ -12.7081481, 15.6867059 ], [ -12.7084056, 15.6869125 ], [ -12.7081803, 15.6871682 ] ] ] } },
{ "type": "Feature", "properties": { "id": "way/467155466", "name": null, "name_en": null, "name_ar": null, "amenity": "school", "building": null, "operator_type": null, "capacity_persons": null, "addr_full": null, "addr_city": null, "source": null, "adm0_pcode": "MRT", "adm0_name": "Mauritania", "adm1_pcode": "MR04", "adm1_name": "Gorgol", "adm2_pcode": "MR042", "adm2_name": "Maghama", "adm3_pcode": "MR04204", "adm3_name": "Beilouguet Litame", "adm4_pcode": null, "adm4_name": null, "name_latin": null }, "geometry": { "type": "Polygon", "coordinates": [ [ [ -12.7197648, 15.6690215 ], [ -12.7193013, 15.6689878 ], [ -12.7193517, 15.6685412 ], [ -12.7198157, 15.6685748 ], [ -12.7197648, 15.6690215 ] ] ] } },
{ "type": "Feature", "properties": { "id": "way/467154219", "name": null, "name_en": null, "name_ar": null, "amenity": "school", "building": null, "operator_type": null, "capacity_persons": null, "addr_full": null, "addr_city": null, "source": null, "adm0_pcode": "MRT", "adm0_name": "Mauritania", "adm1_pcode": "MR04", "adm1_name": "Gorgol", "adm2_pcode": "MR042", "adm2_name": "Maghama", "adm3_pcode": "MR04204", "adm3_name": "Beilouguet Litame", "adm4_pcode": null, "adm4_name": null, "name_latin": null }, "geometry": { "type": "Polygon", "coordinates": [ [ [ -12.7441782, 15.6833129 ], [ -12.7432722, 15.6833643 ], [ -12.7432448, 15.6823316 ], [ -12.7440924, 15.6822748 ], [ -12.7441782, 15.6833129 ] ] ] } },
{ "type": "Feature", "properties": { "id": "way/467156346", "name": null, "name_en": null, "name_ar": null, "amenity": "school", "building": null, "operator_type": null, "capacity_persons": null, "addr_full": null, "addr_city": null, "source": null, "adm0_pcode": "MRT", "adm0_name": "Mauritania", "adm1_pcode": "MR04", "adm1_name": "Gorgol", "adm2_pcode": "MR042", "adm2_name": "Maghama", "adm3_pcode": "MR04205", "adm3_name": "Vrea Litame", "adm4_pcode": null, "adm4_name": null, "name_latin": null }, "geometry": { "type": "Polygon", "coordinates": [ [ [ -12.7779419, 15.5780652 ], [ -12.7775932, 15.5781091 ], [ -12.77762, 15.5777345 ], [ -12.7779097, 15.5777526 ], [ -12.7779419, 15.5780652 ] ] ] } },
{ "type": "Feature", "properties": { "id": "way/467986019", "name": null, "name_en": null, "name_ar": null, "amenity": "school", "building": null, "operator_type": null, "capacity_persons": null, "addr_full": null, "addr_city": null, "source": null, "adm0_pcode": "MRT", "adm0_name": "Mauritania", "adm1_pcode": "MR10", "adm1_name": "Guidimagha", "adm2_pcode": "MR104", "adm2_name": "Wompou", "adm3_pcode": "MR10405", "adm3_name": "Arr", "adm4_pcode": null, "adm4_name": null, "name_latin": null }, "geometry": { "type": "Polygon", "coordinates": [ [ [ -12.5053813, 15.2930022 ], [ -12.504516, 15.2928987 ], [ -12.5045015, 15.2922881 ], [ -12.5054993, 15.2924434 ], [ -12.5053813, 15.2930022 ] ] ] } },
{ "type": "Feature", "properties": { "id": "way/450334951", "name": null, "name_en": null, "name_ar": null, "amenity": "school", "building": null, "operator_type": null, "capacity_persons": null, "addr_full": null, "addr_city": "ليراج", "source": null, "adm0_pcode": "MRT", "adm0_name": "Mauritania", "adm1_pcode": "MR10", "adm1_name": "Guidimagha", "adm2_pcode": "MR103", "adm2_name": "Ghabou", "adm3_pcode": "MR10305", "adm3_name": "Gouraye", "adm4_pcode": null, "adm4_name": null, "name_latin": null }, "geometry": { "type": "Polygon", "coordinates": [ [ [ -12.5183842, 15.0391665 ], [ -12.5176332, 15.0390837 ], [ -12.5176653, 15.0381822 ], [ -12.518404, 15.0382827 ], [ -12.5183842, 15.0391665 ] ] ] } },
{ "type": "Feature", "properties": { "id": "way/416390132", "name": null, "name_en": null, "name_ar": null, "amenity": "school", "building": null, "operator_type": null, "capacity_persons": null, "addr_full": null, "addr_city": null, "source": null, "adm0_pcode": "MRT", "adm0_name": "Mauritania", "adm1_pcode": null, "adm1_name": null, "adm2_pcode": null, "adm2_name": null, "adm3_pcode": null, "adm3_name": null, "adm4_pcode": null, "adm4_name": null, "name_latin": null }, "geometry": { "type": "Polygon", "coordinates": [ [ [ -12.6307643, 15.0891606 ], [ -12.6298188, 15.0889017 ], [ -12.6302667, 15.0880004 ], [ -12.6309628, 15.0887579 ], [ -12.6307643, 15.0891606 ] ] ] } },
{ "type": "Feature", "properties": { "id": "node/6082538016", "name": "ecole elementaire de Gande", "name_en": null, "name_ar": null, "amenity": "school", "building": null, "operator_type": null, "capacity_persons": null, "addr_full": null, "addr_city": null, "source": null, "adm0_pcode": "MRT", "adm0_name": "Mauritania", "adm1_pcode": null, "adm1_name": null, "adm2_pcode": null, "adm2_name": null, "adm3_pcode": null, "adm3_name": null, "adm4_pcode": null, "adm4_name": null, "name_latin": "ecole elementaire de Gande" }, "geometry": { "type": "Point", "coordinates": [ -12.6558705, 15.0997642 ] } },
{ "type": "Feature", "properties": { "id": "way/810372614", "name": "Ecole Elémentaire", "name_en": null, "name_ar": null, "amenity": null, "building": "school", "operator_type": null, "capacity_persons": null, "addr_full": null, "addr_city": null, "source": null, "adm0_pcode": "MRT", "adm0_name": "Mauritania", "adm1_pcode": null, "adm1_name": null, "adm2_pcode": null, "adm2_name": null, "adm3_pcode": null, "adm3_name": null, "adm4_pcode": null, "adm4_name": null, "name_latin": "Ecole Elementaire" }, "geometry": { "type": "Polygon", "coordinates": [ [ [ -12.7438545, 15.1206783 ], [ -12.7438646, 15.1207419 ], [ -12.7436837, 15.1207685 ], [ -12.7436737, 15.1207048 ], [ -12.7438545, 15.1206783 ] ] ] } },
{ "type": "Feature", "properties": { "id": "way/627554384", "name": null, "name_en": null, "name_ar": null, "amenity": "school", "building": null, "operator_type": null, "capacity_persons": null, "addr_full": null, "addr_city": null, "source": null, "adm0_pcode": "MRT", "adm0_name": "Mauritania", "adm1_pcode": null, "adm1_name": null, "adm2_pcode": null, "adm2_name": null, "adm3_pcode": null, "adm3_name": null, "adm4_pcode": null, "adm4_name": null, "name_latin": null }, "geometry": { "type": "Polygon", "coordinates": [ [ [ -12.8689894, 15.2659876 ], [ -12.8682143, 15.2656538 ], [ -12.868394, 15.2651854 ], [ -12.8691879, 15.2655192 ], [ -12.8689894, 15.2659876 ] ] ] } },
{ "type": "Feature", "properties": { "id": "way/465354249", "name": null, "name_en": null, "name_ar": null, "amenity": "school", "building": null, "operator_type": null, "capacity_persons": null, "addr_full": null, "addr_city": null, "source": null, "adm0_pcode": "MRT", "adm0_name": "Mauritania", "adm1_pcode": null, "adm1_name": null, "adm2_pcode": null, "adm2_name": null, "adm3_pcode": null, "adm3_name": null, "adm4_pcode": null, "adm4_name": null, "name_latin": null }, "geometry": { "type": "Polygon", "coordinates": [ [ [ -12.8613265, 15.2646293 ], [ -12.8605809, 15.2638634 ], [ -12.861594, 15.2628731 ], [ -12.8623342, 15.2636235 ], [ -12.8613265, 15.2646293 ] ] ] } },
{ "type": "Feature", "properties": { "id": "way/621758457", "name": "Ecole 2 (Tadamoune)", "name_en": null, "name_ar": null, "amenity": null, "building": "school", "operator_type": null, "capacity_persons": null, "addr_full": null, "addr_city": null, "source": null, "adm0_pcode": "MRT", "adm0_name": "Mauritania", "adm1_pcode": "MR04", "adm1_name": "Gorgol", "adm2_pcode": "MR042", "adm2_name": "Maghama", "adm3_pcode": "MR04208", "adm3_name": "Wali Djantang", "adm4_pcode": null, "adm4_name": null, "name_latin": "Ecole 2 (Tadamoune)" }, "geometry": { "type": "Polygon", "coordinates": [ [ [ -12.8784415, 15.3425267 ], [ -12.8777736, 15.3423948 ], [ -12.8778407, 15.3421076 ], [ -12.8785086, 15.3422732 ], [ -12.8784415, 15.3425267 ] ] ] } },
{ "type": "Feature", "properties": { "id": "way/582083470", "name": null, "name_en": null, "name_ar": null, "amenity": "school", "building": null, "operator_type": null, "capacity_persons": null, "addr_full": null, "addr_city": null, "source": null, "adm0_pcode": "MRT", "adm0_name": "Mauritania", "adm1_pcode": "MR04", "adm1_name": "Gorgol", "adm2_pcode": "MR042", "adm2_name": "Maghama", "adm3_pcode": "MR04208", "adm3_name": "Wali Djantang", "adm4_pcode": null, "adm4_name": null, "name_latin": null }, "geometry": { "type": "Polygon", "coordinates": [ [ [ -12.8789914, 15.3414739 ], [ -12.8778166, 15.341267 ], [ -12.8776055, 15.3425704 ], [ -12.8786561, 15.3426793 ], [ -12.8789914, 15.3414739 ] ] ] } },
{ "type": "Feature", "properties": { "id": "way/621772778", "name": "Ecole Sithiane", "name_en": null, "name_ar": null, "amenity": "school", "building": null, "operator_type": null, "capacity_persons": null, "addr_full": null, "addr_city": null, "source": null, "adm0_pcode": "MRT", "adm0_name": "Mauritania", "adm1_pcode": "MR04", "adm1_name": "Gorgol", "adm2_pcode": "MR042", "adm2_name": "Maghama", "adm3_pcode": "MR04208", "adm3_name": "Wali Djantang", "adm4_pcode": null, "adm4_name": null, "name_latin": "Ecole Sithiane" }, "geometry": { "type": "Polygon", "coordinates": [ [ [ -12.9023642, 15.3408272 ], [ -12.9020852, 15.3407445 ], [ -12.9022086, 15.340491 ], [ -12.9024554, 15.340553 ], [ -12.9023642, 15.3408272 ] ] ] } },
{ "type": "Feature", "properties": { "id": "way/465387896", "name": null, "name_en": null, "name_ar": null, "amenity": "school", "building": null, "operator_type": null, "capacity_persons": null, "addr_full": null, "addr_city": null, "source": null, "adm0_pcode": "MRT", "adm0_name": "Mauritania", "adm1_pcode": null, "adm1_name": null, "adm2_pcode": null, "adm2_name": null, "adm3_pcode": null, "adm3_name": null, "adm4_pcode": null, "adm4_name": null, "name_latin": null }, "geometry": { "type": "Polygon", "coordinates": [ [ [ -12.8911794, 15.3163538 ], [ -12.8906698, 15.3161365 ], [ -12.8909809, 15.3152828 ], [ -12.8914798, 15.3155001 ], [ -12.8911794, 15.3163538 ] ] ] } },
{ "type": "Feature", "properties": { "id": "node/3079751614", "name": "École primiare de Gouthioube", "name_en": null, "name_ar": null, "amenity": "school", "building": null, "operator_type": "public", "capacity_persons": null, "addr_full": null, "addr_city": null, "source": null, "adm0_pcode": "MRT", "adm0_name": "Mauritania", "adm1_pcode": "MR10", "adm1_name": "Guidimagha", "adm2_pcode": "MR103", "adm2_name": "Ghabou", "adm3_pcode": "MR10303", "adm3_name": "Diogountou", "adm4_pcode": null, "adm4_name": null, "name_latin": "Ecole primiare de Gouthioube" }, "geometry": { "type": "Point", "coordinates": [ -12.2285731, 14.7575435 ] } },
{ "type": "Feature", "properties": { "id": "way/471060054", "name": null, "name_en": null, "name_ar": null, "amenity": "school", "building": null, "operator_type": null, "capacity_persons": null, "addr_full": null, "addr_city": null, "source": null, "adm0_pcode": "MRT", "adm0_name": "Mauritania", "adm1_pcode": "MR10", "adm1_name": "Guidimagha", "adm2_pcode": "MR103", "adm2_name": "Ghabou", "adm3_pcode": "MR10303", "adm3_name": "Diogountou", "adm4_pcode": null, "adm4_name": null, "name_latin": null }, "geometry": { "type": "Polygon", "coordinates": [ [ [ -12.2278145, 14.7564123 ], [ -12.2271037, 14.7562125 ], [ -12.2271681, 14.7557067 ], [ -12.2279218, 14.7560647 ], [ -12.2278145, 14.7564123 ] ] ] } },
{ "type": "Feature", "properties": { "id": "node/3079751631", "name": "INSTITUT CULTUREL TAFACIRGA [2ème C];INSTITUT CULTUREL TAFACIRGA [1er C]", "name_en": null, "name_ar": null, "amenity": "school", "building": null, "operator_type": "religious", "capacity_persons": null, "addr_full": null, "addr_city": null, "source": null, "adm0_pcode": "MRT", "adm0_name": "Mauritania", "adm1_pcode": null, "adm1_name": null, "adm2_pcode": null, "adm2_name": null, "adm3_pcode": null, "adm3_name": null, "adm4_pcode": null, "adm4_name": null, "name_latin": "INSTITUT CULTUREL TAFACIRGA [2eme C];INSTITUT CULTUREL TAFACIRGA [1er C]" }, "geometry": { "type": "Point", "coordinates": [ -12.1906762, 14.7571038 ] } },
{ "type": "Feature", "properties": { "id": "node/3079753707", "name": "TAFACIRGA [2ème C] (RG)", "name_en": null, "name_ar": null, "amenity": "school", "building": null, "operator_type": "public", "capacity_persons": null, "addr_full": null, "addr_city": null, "source": null, "adm0_pcode": "MRT", "adm0_name": "Mauritania", "adm1_pcode": null, "adm1_name": null, "adm2_pcode": null, "adm2_name": null, "adm3_pcode": null, "adm3_name": null, "adm4_pcode": null, "adm4_name": null, "name_latin": "TAFACIRGA [2eme C] (RG)" }, "geometry": { "type": "Point", "coordinates": [ -12.18536, 14.7573139 ] } },
{ "type": "Feature", "properties": { "id": "node/3079753705", "name": "TAFACIRGA [1er C].", "name_en": null, "name_ar": null, "amenity": "school", "building": null, "operator_type": "public", "capacity_persons": null, "addr_full": null, "addr_city": null, "source": null, "adm0_pcode": "MRT", "adm0_name": "Mauritania", "adm1_pcode": null, "adm1_name": null, "adm2_pcode": null, "adm2_name": null, "adm3_pcode": null, "adm3_name": null, "adm4_pcode": null, "adm4_name": null, "name_latin": "TAFACIRGA [1er C]." }, "geometry": { "type": "Point", "coordinates": [ -12.1846895, 14.7573502 ] } },
{ "type": "Feature", "properties": { "id": "node/3079751723", "name": "KOTERA [2ème C].", "name_en": null, "name_ar": null, "amenity": "school", "building": null, "operator_type": "public", "capacity_persons": null, "addr_full": null, "addr_city": null, "source": null, "adm0_pcode": "MRT", "adm0_name": "Mauritania", "adm1_pcode": "MR10", "adm1_name": "Guidimagha", "adm2_pcode": "MR103", "adm2_name": "Ghabou", "adm3_pcode": "MR10303", "adm3_name": "Diogountou", "adm4_pcode": null, "adm4_name": null, "name_latin": "KOTERA [2eme C]." }, "geometry": { "type": "Point", "coordinates": [ -12.1785499, 14.7592748 ] } },
{ "type": "Feature", "properties": { "id": "node/3079751722", "name": "KOTERA [1er C]", "name_en": null, "name_ar": null, "amenity": "school", "building": null, "operator_type": "public", "capacity_persons": null, "addr_full": null, "addr_city": null, "source": null, "adm0_pcode": "MRT", "adm0_name": "Mauritania", "adm1_pcode": "MR10", "adm1_name": "Guidimagha", "adm2_pcode": "MR103", "adm2_name": "Ghabou", "adm3_pcode": "MR10303", "adm3_name": "Diogountou", "adm4_pcode": null, "adm4_name": null, "name_latin": "KOTERA [1er C]" }, "geometry": { "type": "Point", "coordinates": [ -12.1777828, 14.7593422 ] } },
{ "type": "Feature", "properties": { "id": "way/1274057014", "name": "LYCEE", "name_en": null, "name_ar": null, "amenity": "school", "building": null, "operator_type": null, "capacity_persons": null, "addr_full": null, "addr_city": null, "source": null, "adm0_pcode": "MRT", "adm0_name": "Mauritania", "adm1_pcode": "MR10", "adm1_name": "Guidimagha", "adm2_pcode": "MR103", "adm2_name": "Ghabou", "adm3_pcode": "MR10303", "adm3_name": "Diogountou", "adm4_pcode": null, "adm4_name": null, "name_latin": "LYCEE" }, "geometry": { "type": "Polygon", "coordinates": [ [ [ -12.1650629, 14.7710356 ], [ -12.1649235, 14.7702227 ], [ -12.1640786, 14.7703368 ], [ -12.1642116, 14.771144 ], [ -12.1650629, 14.7710356 ] ] ] } },
{ "type": "Feature", "properties": { "id": "way/416390158", "name": "Ségala - Gadiaga (1er & 2ème cycles)", "name_en": null, "name_ar": null, "amenity": "school", "building": null, "operator_type": "public", "capacity_persons": null, "addr_full": null, "addr_city": null, "source": null, "adm0_pcode": "MRT", "adm0_name": "Mauritania", "adm1_pcode": "MR10", "adm1_name": "Guidimagha", "adm2_pcode": "MR103", "adm2_name": "Ghabou", "adm3_pcode": "MR10301", "adm3_name": "Ghabou", "adm4_pcode": null, "adm4_name": null, "name_latin": "Segala - Gadiaga (1er & 2eme cycles)" }, "geometry": { "type": "Polygon", "coordinates": [ [ [ -12.1231469, 14.7589407 ], [ -12.1224616, 14.7592882 ], [ -12.1223, 14.7590096 ], [ -12.1221652, 14.758693 ], [ -12.1222872, 14.7582715 ], [ -12.1227754, 14.7580601 ], [ -12.1231469, 14.7589407 ] ] ] } },
{ "type": "Feature", "properties": { "id": "way/246806435", "name": "Ecole Golmy II", "name_en": null, "name_ar": null, "amenity": "school", "building": null, "operator_type": null, "capacity_persons": null, "addr_full": null, "addr_city": null, "source": null, "adm0_pcode": "MRT", "adm0_name": "Mauritania", "adm1_pcode": null, "adm1_name": null, "adm2_pcode": null, "adm2_name": null, "adm3_pcode": null, "adm3_name": null, "adm4_pcode": null, "adm4_name": null, "name_latin": "Ecole Golmy II" }, "geometry": { "type": "Polygon", "coordinates": [ [ [ -12.3572924, 14.8243931 ], [ -12.3563752, 14.8242523 ], [ -12.3564968, 14.8235119 ], [ -12.357414, 14.8236526 ], [ -12.3572924, 14.8243931 ] ] ] } },
{ "type": "Feature", "properties": { "id": "node/7059948085", "name": null, "name_en": null, "name_ar": null, "amenity": "school", "building": null, "operator_type": null, "capacity_persons": null, "addr_full": null, "addr_city": null, "source": null, "adm0_pcode": "MRT", "adm0_name": "Mauritania", "adm1_pcode": "MR10", "adm1_name": "Guidimagha", "adm2_pcode": "MR103", "adm2_name": "Ghabou", "adm3_pcode": "MR10305", "adm3_name": "Gouraye", "adm4_pcode": null, "adm4_name": null, "name_latin": null }, "geometry": { "type": "Point", "coordinates": [ -12.3686947, 15.1219097 ] } },
{ "type": "Feature", "properties": { "id": "node/7059947885", "name": null, "name_en": null, "name_ar": null, "amenity": "school", "building": null, "operator_type": null, "capacity_persons": null, "addr_full": null, "addr_city": null, "source": null, "adm0_pcode": "MRT", "adm0_name": "Mauritania", "adm1_pcode": "MR10", "adm1_name": "Guidimagha", "adm2_pcode": "MR103", "adm2_name": "Ghabou", "adm3_pcode": "MR10305", "adm3_name": "Gouraye", "adm4_pcode": null, "adm4_name": null, "name_latin": null }, "geometry": { "type": "Point", "coordinates": [ -12.4257054, 15.0661218 ] } },
{ "type": "Feature", "properties": { "id": "node/7059948086", "name": null, "name_en": null, "name_ar": null, "amenity": "school", "building": null, "operator_type": null, "capacity_persons": null, "addr_full": null, "addr_city": null, "source": null, "adm0_pcode": "MRT", "adm0_name": "Mauritania", "adm1_pcode": "MR10", "adm1_name": "Guidimagha", "adm2_pcode": "MR104", "adm2_name": "Wompou", "adm3_pcode": "MR10404", "adm3_name": "Sagne Dieri", "adm4_pcode": null, "adm4_name": null, "name_latin": null }, "geometry": { "type": "Point", "coordinates": [ -12.4649589, 15.1409462 ] } },
{ "type": "Feature", "properties": { "id": "way/467985404", "name": null, "name_en": null, "name_ar": null, "amenity": "school", "building": null, "operator_type": null, "capacity_persons": null, "addr_full": null, "addr_city": null, "source": null, "adm0_pcode": "MRT", "adm0_name": "Mauritania", "adm1_pcode": "MR10", "adm1_name": "Guidimagha", "adm2_pcode": "MR104", "adm2_name": "Wompou", "adm3_pcode": "MR10405", "adm3_name": "Arr", "adm4_pcode": null, "adm4_name": null, "name_latin": null }, "geometry": { "type": "Polygon", "coordinates": [ [ [ -12.4640162, 15.3281703 ], [ -12.4634192, 15.3284805 ], [ -12.4631939, 15.3280718 ], [ -12.4638821, 15.3278392 ], [ -12.4640162, 15.3281703 ] ] ] } },
{ "type": "Feature", "properties": { "id": "way/465492545", "name": null, "name_en": null, "name_ar": null, "amenity": "school", "building": null, "operator_type": null, "capacity_persons": null, "addr_full": null, "addr_city": null, "source": null, "adm0_pcode": "MRT", "adm0_name": "Mauritania", "adm1_pcode": "MR10", "adm1_name": "Guidimagha", "adm2_pcode": "MR104", "adm2_name": "Wompou", "adm3_pcode": "MR10405", "adm3_name": "Arr", "adm4_pcode": null, "adm4_name": null, "name_latin": null }, "geometry": { "type": "Polygon", "coordinates": [ [ [ -12.4321729, 15.2749688 ], [ -12.4312341, 15.2751654 ], [ -12.4310303, 15.2747825 ], [ -12.4319959, 15.2745496 ], [ -12.4321729, 15.2749688 ] ] ] } },
{ "type": "Feature", "properties": { "id": "way/1077238949", "name": null, "name_en": null, "name_ar": null, "amenity": "school", "building": "yes", "operator_type": null, "capacity_persons": null, "addr_full": null, "addr_city": null, "source": null, "adm0_pcode": "MRT", "adm0_name": "Mauritania", "adm1_pcode": "MR10", "adm1_name": "Guidimagha", "adm2_pcode": "MR102", "adm2_name": "Sélibaby", "adm3_pcode": "MR10201", "adm3_name": "Sélibabi", "adm4_pcode": null, "adm4_name": null, "name_latin": null }, "geometry": { "type": "Polygon", "coordinates": [ [ [ -12.1888474, 15.1681205 ], [ -12.1889582, 15.1680986 ], [ -12.1889681, 15.1681453 ], [ -12.1888573, 15.1681672 ], [ -12.1888474, 15.1681205 ] ] ] } },
{ "type": "Feature", "properties": { "id": "way/1077238950", "name": null, "name_en": null, "name_ar": null, "amenity": "school", "building": "yes", "operator_type": null, "capacity_persons": null, "addr_full": null, "addr_city": null, "source": null, "adm0_pcode": "MRT", "adm0_name": "Mauritania", "adm1_pcode": "MR10", "adm1_name": "Guidimagha", "adm2_pcode": "MR102", "adm2_name": "Sélibaby", "adm3_pcode": "MR10201", "adm3_name": "Sélibabi", "adm4_pcode": null, "adm4_name": null, "name_latin": null }, "geometry": { "type": "Polygon", "coordinates": [ [ [ -12.1888241, 15.1680267 ], [ -12.1888914, 15.1680126 ], [ -12.1889115, 15.1681019 ], [ -12.1888442, 15.1681161 ], [ -12.1888241, 15.1680267 ] ] ] } },
{ "type": "Feature", "properties": { "id": "way/1088061628", "name": null, "name_en": null, "name_ar": null, "amenity": null, "building": "school", "operator_type": null, "capacity_persons": null, "addr_full": null, "addr_city": null, "source": null, "adm0_pcode": "MRT", "adm0_name": "Mauritania", "adm1_pcode": "MR10", "adm1_name": "Guidimagha", "adm2_pcode": "MR102", "adm2_name": "Sélibaby", "adm3_pcode": "MR10201", "adm3_name": "Sélibabi", "adm4_pcode": null, "adm4_name": null, "name_latin": null }, "geometry": { "type": "Polygon", "coordinates": [ [ [ -12.1910376, 15.1495133 ], [ -12.1910356, 15.1495214 ], [ -12.1910401, 15.1495284 ], [ -12.1910484, 15.1495303 ], [ -12.1910557, 15.149526 ], [ -12.1910577, 15.1495179 ], [ -12.1910532, 15.1495109 ], [ -12.1910449, 15.149509 ], [ -12.1910376, 15.1495133 ] ] ] } },
{ "type": "Feature", "properties": { "id": "way/1088062901", "name": null, "name_en": null, "name_ar": null, "amenity": null, "building": "school", "operator_type": null, "capacity_persons": null, "addr_full": null, "addr_city": null, "source": null, "adm0_pcode": "MRT", "adm0_name": "Mauritania", "adm1_pcode": "MR10", "adm1_name": "Guidimagha", "adm2_pcode": "MR102", "adm2_name": "Sélibaby", "adm3_pcode": "MR10201", "adm3_name": "Sélibabi", "adm4_pcode": null, "adm4_name": null, "name_latin": null }, "geometry": { "type": "Polygon", "coordinates": [ [ [ -12.1900871, 15.1490836 ], [ -12.1900825, 15.1490938 ], [ -12.1900868, 15.1491043 ], [ -12.1900974, 15.1491087 ], [ -12.1901082, 15.1491046 ], [ -12.1901128, 15.1490943 ], [ -12.1901086, 15.1490839 ], [ -12.1900979, 15.1490794 ], [ -12.1900871, 15.1490836 ] ] ] } }
]
}
