{
"type": "FeatureCollection",
"name": "mrt_admin0_em",
"crs": { "type": "name", "properties": { "name": "urn:ogc:def:crs:OGC:1.3:CRS84" } },
"features": [
{ "type": "Feature", "properties": { "iso2": "MR", "iso3": "MRT", "adm0_name": "Mauritanie", "adm0_name1": null, "adm0_name2": null, "adm0_name3": null, "adm0_pcode": "MR", "valid_on": "2024-03-27", "valid_to": null, "area_sqkm": 1036763.8833755699, "version": "v03", "lang": "fr", "lang1": null, "lang2": null, "lang3": null, "center_lat": 21.0170566, "center_lon": -11.48695015 }, "geometry": { "type": "MultiPolygon", "coordinates": [ [ [ [ -6.457710184999939, 26.003926610000121 ], [ -6.465983159999951, 26.008950452000136 ], [ -6.474256838999906, 26.013973818000125 ], [ -6.48253122199992, 26.018996706000053 ], [ -6.490806308999822, 26.024019117000023 ], [ -6.499082100999942, 26.02904105000016 ], [ -6.507358597999882, 26.034062507000044 ], [ -6.515635798999938, 26.039083485000162 ], [ -6.523913704999927, 26.044103986000152 ], [ -6.532192316999897, 26.049124009000138 ], [ -6.540471633999971, 26.054143554 ], [ -6.548751655999922, 26.059162621000098 ], [ -6.557032382999864, 26.064181209000026 ], [ -6.565313816999947, 26.069199320000166 ], [ -6.573595955999963, 26.074216951000096 ], [ -6.581878800999959, 26.079234104000022 ], [ -6.590162351999936, 26.084250777000022 ], [ -6.598446609999883, 26.089266972000019 ], [ -6.60673157399998, 26.094282688000078 ], [ -6.615017243999944, 26.099297924000098 ], [ -6.62330362199998, 26.104312681000124 ], [ -6.631590705999827, 26.109326958000167 ], [ -6.63987849699987, 26.114340755000114 ], [ -6.64816699499994, 26.119354073000181 ], [ -6.656456200999912, 26.124366910000049 ], [ -6.664746114999957, 26.129379267000104 ], [ -6.673036734999926, 26.134391144000062 ], [ -6.681328063999899, 26.139402541000038 ], [ -6.689620100999889, 26.144413456000109 ], [ -6.697912845999895, 26.149423891000026 ], [ -6.706206297999927, 26.154433845000085 ], [ -6.714500459999954, 26.159443318000058 ], [ -6.722795329999883, 26.164452310000115 ], [ -6.731090907999885, 26.169460820000097 ], [ -6.739387195999939, 26.174468849000107 ], [ -6.747684191999952, 26.179476396000098 ], [ -6.75598189699997, 26.18448346100007 ], [ -6.764280311999926, 26.18949004500007 ], [ -6.772579435999944, 26.19449614600012 ], [ -6.780879269999957, 26.199501765000093 ], [ -6.789179813999908, 26.204506902000105 ], [ -6.797481066999921, 26.209511556000109 ], [ -6.805783030999919, 26.214515727000162 ], [ -6.814085703999979, 26.219519416000026 ], [ -6.822389087999966, 26.224522622000109 ], [ -6.830693181999948, 26.229525344000137 ], [ -6.838997987999846, 26.234527583000045 ], [ -6.847303502999864, 26.239529339000171 ], [ -6.855609729999912, 26.244530611000073 ], [ -6.863916667999888, 26.249531400000023 ], [ -6.872224316999905, 26.254531705000147 ], [ -6.880532676999962, 26.259531525000114 ], [ -6.888841748999937, 26.264530862000129 ], [ -6.897151531999953, 26.269529714000043 ], [ -6.905462027999931, 26.274528082000074 ], [ -6.913773234999894, 26.279525965000175 ], [ -6.922085154999934, 26.284523364 ], [ -6.930397785999901, 26.289520278000111 ], [ -6.938711129999945, 26.294516706000138 ], [ -6.947025186999952, 26.299512650000167 ], [ -6.955339955999932, 26.304508108000107 ], [ -6.963655438999979, 26.309503081000116 ], [ -6.971971633999885, 26.314497568000093 ], [ -6.980288541999869, 26.319491569000036 ], [ -6.988606163999918, 26.324485084000116 ], [ -6.996924498999931, 26.329478114000096 ], [ -7.005243547999953, 26.334470657000054 ], [ -7.013563309999881, 26.339462714000035 ], [ -7.021883785999876, 26.344454284 ], [ -7.030204976999869, 26.349445368000147 ], [ -7.038526880999939, 26.354435965000164 ], [ -7.046849499999951, 26.359426075000044 ], [ -7.055172833999904, 26.36441569800013 ], [ -7.063496881999868, 26.369404834000136 ], [ -7.071821643999954, 26.374393482000073 ], [ -7.080147121999971, 26.379381643000045 ], [ -7.088473314999817, 26.384369316000175 ], [ -7.096800222999889, 26.389356501000066 ], [ -7.105127845999959, 26.394343199000048 ], [ -7.113456184999848, 26.399329408000028 ], [ -7.121785239999952, 26.404315129000167 ], [ -7.13011500999994, 26.409300362000124 ], [ -7.138445496999964, 26.414285106000079 ], [ -7.146776698999872, 26.419269362000023 ], [ -7.155108617999872, 26.424253128000089 ], [ -7.163441252999917, 26.429236406000086 ], [ -7.171774604999939, 26.434219194000093 ], [ -7.180108673999825, 26.439201494000031 ], [ -7.188443458999927, 26.444183304000092 ], [ -7.19677896099995, 26.449164624000161 ], [ -7.20511518099994, 26.454145454000127 ], [ -7.213452117999964, 26.459125795000034 ], [ -7.221789771999909, 26.464105646 ], [ -7.230128143999877, 26.469085006000057 ], [ -7.238467232999938, 26.474063876000116 ], [ -7.246807040999954, 26.479042256000071 ], [ -7.255147565999948, 26.484020145000102 ], [ -7.263488809999956, 26.488997544000085 ], [ -7.271830771999817, 26.493974451000042 ], [ -7.280173451999872, 26.498950868000122 ], [ -7.28851685199993, 26.503926793000119 ], [ -7.296860969999955, 26.508902227000078 ], [ -7.305205805999947, 26.513877169000125 ], [ -7.313551361999885, 26.518851620000191 ], [ -7.321897636999893, 26.523825579000061 ], [ -7.33024463199996, 26.528799046000074 ], [ -7.338592345999928, 26.533772021000061 ], [ -7.346940779999954, 26.538744504000192 ], [ -7.355289932999938, 26.543716494000137 ], [ -7.36363980699997, 26.548687992000112 ], [ -7.371990399999902, 26.553658998000174 ], [ -7.380341713999883, 26.55862951 ], [ -7.388693747999923, 26.563599529000101 ], [ -7.397046502999956, 26.568569056000172 ], [ -7.405399977999934, 26.573538089000124 ], [ -7.413754174999895, 26.578506629 ], [ -7.422109091999914, 26.583474675000048 ], [ -7.430464729999926, 26.588442226999973 ], [ -7.438821089999976, 26.593409286 ], [ -7.447178170999905, 26.598375850000082 ], [ -7.455535973999872, 26.603341921000037 ], [ -7.463894497999945, 26.608307497000169 ], [ -7.472253744999875, 26.613272579000125 ], [ -7.480613712999968, 26.618237166000085 ], [ -7.488974403999919, 26.623201258000165 ], [ -7.497335815999975, 26.628164856000126 ], [ -7.505697951999935, 26.633127958000102 ], [ -7.51406080899983, 26.638090566000187 ], [ -7.522424389999856, 26.64305267800006 ], [ -7.530788693999853, 26.648014294000063 ], [ -7.539153719999888, 26.652975415000128 ], [ -7.547519469999941, 26.657936040000152 ], [ -7.555885942999907, 26.662896169000135 ], [ -7.564253139999892, 26.667855802000076 ], [ -7.572621059999847, 26.672814939000148 ], [ -7.580989703999933, 26.677773580000178 ], [ -7.589359071999979, 26.682731724000064 ], [ -7.597729163999929, 26.687689370999976 ], [ -7.606099979999954, 26.692646522000075 ], [ -7.614471519999825, 26.697603175000154 ], [ -7.622843785999862, 26.702559332000135 ], [ -7.631216774999928, 26.707514991000096 ], [ -7.639590489999932, 26.712470153000083 ], [ -7.647964928999954, 26.717424817000051 ], [ -7.656340093999972, 26.722378984000102 ], [ -7.66471598399994, 26.727332653000076 ], [ -7.673092598999972, 26.732285823000097 ], [ -7.681469939999886, 26.737238496000145 ], [ -7.689848005999977, 26.74219067000007 ], [ -7.69822679899994, 26.747142346000146 ], [ -7.706606316999967, 26.752093523000099 ], [ -7.714986560999932, 26.757044202000031 ], [ -7.723367531999884, 26.761994381000079 ], [ -7.731749228999888, 26.76694406200005 ], [ -7.740131652999878, 26.771893243000193 ], [ -7.748514802999921, 26.776841926000088 ], [ -7.756898679999949, 26.781790108000052 ], [ -7.76528328399985, 26.786737791000064 ], [ -7.773668615999895, 26.791684974000077 ], [ -7.782054673999937, 26.796631657000148 ], [ -7.790441459999897, 26.801577841000153 ], [ -7.798828973999946, 26.80652352400017 ], [ -7.80721721499998, 26.811468706000028 ], [ -7.815606184999979, 26.816413388000058 ], [ -7.823995881999963, 26.821357569000156 ], [ -7.832386306999979, 26.826301250000029 ], [ -7.840777460999959, 26.831244430000083 ], [ -7.849169342999858, 26.836187108000161 ], [ -7.857561953999948, 26.841129285000079 ], [ -7.865955293999889, 26.84607096100018 ], [ -7.874349361999862, 26.851012135000133 ], [ -7.882744159999959, 26.855952808000097 ], [ -7.891139685999974, 26.860892978000095 ], [ -7.899535941999943, 26.865832647000161 ], [ -7.90793292799998, 26.87077181300009 ], [ -7.916330642999981, 26.875710477000155 ], [ -7.924729087999879, 26.880648639000185 ], [ -7.933128262999958, 26.885586298000078 ], [ -7.941528167999934, 26.890523454000174 ], [ -7.949928802999921, 26.895460107000133 ], [ -7.958330167999975, 26.900396258000114 ], [ -7.966732263999972, 26.905331905000025 ], [ -7.97513509099997, 26.910267048000037 ], [ -7.983538647999922, 26.915201688000138 ], [ -7.99194293599993, 26.920135825000102 ], [ -8.000347955999928, 26.925069458000166 ], [ -8.008753705999823, 26.930002586000171 ], [ -8.017160187999934, 26.934935211000152 ], [ -8.025567401999922, 26.939867331000016 ], [ -8.033975346999966, 26.944798947000038 ], [ -8.04238402399983, 26.949730059000046 ], [ -8.050793431999921, 26.954660666000052 ], [ -8.059203572999877, 26.959590767000179 ], [ -8.067614446999926, 26.964520364000123 ], [ -8.076026051999918, 26.96944945600012 ], [ -8.084438389999889, 26.974378042000069 ], [ -8.092851460999952, 26.979306123000072 ], [ -8.101265264999938, 26.984233699000072 ], [ -8.109679800999913, 26.989160768000147 ], [ -8.118095070999971, 26.994087332000106 ], [ -8.12651107399995, 26.99901338900014 ], [ -8.134927809999965, 27.003938941000172 ], [ -8.143345279999892, 27.008863986000051 ], [ -8.1517634839999, 27.013788524000063 ], [ -8.160182420999888, 27.018712556000139 ], [ -8.168602091999958, 27.02363608100012 ], [ -8.177022497999872, 27.02855909900012 ], [ -8.185443637999981, 27.033481610000024 ], [ -8.193865511999945, 27.038403614000117 ], [ -8.202288119999935, 27.043325110000183 ], [ -8.210711463999871, 27.048246099000096 ], [ -8.219135541999947, 27.053166579999981 ], [ -8.227560354999866, 27.058086554000113 ], [ -8.235985903999961, 27.063006019000113 ], [ -8.244412186999909, 27.067924976000029 ], [ -8.252839205999976, 27.072843425000144 ], [ -8.261266960999876, 27.077761365000072 ], [ -8.269695450999961, 27.082678797000142 ], [ -8.278124677999813, 27.087595720000138 ], [ -8.286554639999906, 27.092512134000117 ], [ -8.29498533799989, 27.097428039000135 ], [ -8.303416772999924, 27.102343434000147 ], [ -8.311848943999962, 27.107258321000131 ], [ -8.320281850999947, 27.112172698000052 ], [ -8.328715495999973, 27.117086565000079 ], [ -8.337149876999945, 27.1219999220001 ], [ -8.345584994999911, 27.12691277000016 ], [ -8.354020850999973, 27.131825107000111 ], [ -8.362457442999926, 27.136736934000169 ], [ -8.370894772999918, 27.141648251 ], [ -8.379332840999894, 27.146559057000104 ], [ -8.387771645999919, 27.151469352000049 ], [ -8.396211189999917, 27.156379137000101 ], [ -8.404651470999909, 27.161288410000111 ], [ -8.41309248999994, 27.166197173000114 ], [ -8.421534247999944, 27.171105424000075 ], [ -8.42997674399993, 27.176013163000164 ], [ -8.438419978999889, 27.180920391000086 ], [ -8.44686395299982, 27.185827107000023 ], [ -8.455308664999961, 27.190733312000134 ], [ -8.463754116999951, 27.195639004000157 ], [ -8.47220030699998, 27.20054418400008 ], [ -8.480647236999971, 27.205448851000085 ], [ -8.489094905999934, 27.210353006000048 ], [ -8.497543314999973, 27.215256648999969 ], [ -8.505992463999974, 27.220159778000038 ], [ -8.514442351999946, 27.225062395000066 ], [ -8.52289298099987, 27.229964498000186 ], [ -8.53134434999987, 27.23486608900015 ], [ -8.539796458999945, 27.239767165000103 ], [ -8.548249307999981, 27.244667728000138 ], [ -8.556702897999912, 27.249567778000028 ], [ -8.565157228999965, 27.254467313000134 ], [ -8.573612300999969, 27.259366335000095 ], [ -8.582068113999981, 27.264264842000159 ], [ -8.590524667999944, 27.269162835000145 ], [ -8.598981962999915, 27.274060314000053 ], [ -8.607439998999951, 27.278957278000064 ], [ -8.61589877799986, 27.283853727000121 ], [ -8.624358297999891, 27.288749661000168 ], [ -8.632818559999862, 27.293645080000147 ], [ -8.641279563999944, 27.298539984000115 ], [ -8.649741309999911, 27.303434372000083 ], [ -8.658203797999874, 27.308328245000098 ], [ -8.666667028999882, 27.313221602000056 ], [ -8.666667, 27.312739 ], [ -8.666665984999895, 27.300542251000138 ], [ -8.666665477999913, 27.294443868000144 ], [ -8.666665470999931, 27.276467098000069 ], [ -8.666665463999948, 27.258490281000093 ], [ -8.666665382999952, 27.042764884000178 ], [ -8.666665355999839, 26.970854947000134 ], [ -8.666665241999908, 26.665229544000169 ], [ -8.666665184999829, 26.512411905000192 ], [ -8.666665154999976, 26.431507123000131 ], [ -8.666665144999911, 26.404538659000025 ], [ -8.666665134999903, 26.377570093000088 ], [ -8.666665124999895, 26.35060142500015 ], [ -8.666665114999887, 26.323632656000143 ], [ -8.666665021999904, 26.071919262000165 ], [ -8.666664998999977, 26.008989539000083 ], [ -8.666664995999895, 25.999999534000096 ], [ -8.676644486999976, 26.000114221999979 ], [ -8.686623473999873, 26.000228218000188 ], [ -8.696602479999967, 26.000341525000067 ], [ -8.706581504999917, 26.000454144000059 ], [ -8.716560548999951, 26.000566074000062 ], [ -8.726539611999954, 26.000677316000065 ], [ -8.736518693999869, 26.000787870000124 ], [ -8.746497793999822, 26.000897735000081 ], [ -8.756476912999915, 26.001006911000047 ], [ -8.766456050999977, 26.001115399000128 ], [ -8.776435205999974, 26.001223198000105 ], [ -8.78641437999994, 26.001330308000092 ], [ -8.796393571999943, 26.001436731000069 ], [ -8.806372780999823, 26.001542464000067 ], [ -8.816352008999957, 26.001647509000122 ], [ -8.826331253999967, 26.001751865000074 ], [ -8.836310516999902, 26.001855533000082 ], [ -8.84628979699994, 26.001958511999987 ], [ -8.856269094999902, 26.002060803000063 ], [ -8.866248409999969, 26.002162405000092 ], [ -8.876227741999912, 26.002263318000189 ], [ -8.886207089999971, 26.002363543000058 ], [ -8.896186455999896, 26.002463079000108 ], [ -8.906165838999868, 26.002561927000102 ], [ -8.916145237999899, 26.002660086000162 ], [ -8.926124653999977, 26.002757556000063 ], [ -8.936104085999943, 26.002854338000077 ], [ -8.946083533999968, 26.002950431000102 ], [ -8.956062998999926, 26.003045835000023 ], [ -8.966042479999828, 26.003140551 ], [ -8.976021976999959, 26.003234578000104 ], [ -8.986001488999932, 26.003327917000092 ], [ -8.995981016999906, 26.003420567000092 ], [ -9.005960560999881, 26.003512528000158 ], [ -9.015940119999925, 26.003603801000168 ], [ -9.025919694999914, 26.003694384000084 ], [ -9.035899284999971, 26.003784280000104 ], [ -9.045878889999869, 26.003873486000032 ], [ -9.05585850999995, 26.003962004000073 ], [ -9.06583814499993, 26.004049834000057 ], [ -9.075817794999978, 26.004136974000119 ], [ -9.085797458999878, 26.004223426000181 ], [ -9.09577713799996, 26.004309189000082 ], [ -9.10575683199994, 26.004394264000098 ], [ -9.115736538999897, 26.004478650000181 ], [ -9.12571626099998, 26.004562347000046 ], [ -9.135695996999971, 26.004645355000036 ], [ -9.145675746999871, 26.004727675000083 ], [ -9.155655510999964, 26.00480930599997 ], [ -9.165635288999965, 26.004890248000095 ], [ -9.175615079999943, 26.004970502 ], [ -9.185594884999944, 26.005050067000127 ], [ -9.19557470299992, 26.005128943000045 ], [ -9.20555453399993, 26.005207130000031 ], [ -9.215534378999905, 26.00528462900013 ], [ -9.225514235999924, 26.005361439000126 ], [ -9.235494106999909, 26.005437560000075 ], [ -9.245473989999937, 26.005512993000025 ], [ -9.255453885999941, 26.005587736999985 ], [ -9.265433794999922, 26.005661792000183 ], [ -9.275413715999946, 26.00573515800005 ], [ -9.285393648999843, 26.005807835000098 ], [ -9.295373594999944, 26.00587982400009 ], [ -9.305353552999918, 26.005951124000148 ], [ -9.315333521999946, 26.006021736000093 ], [ -9.325313503999951, 26.006091658000059 ], [ -9.335293496999952, 26.006160892000082 ], [ -9.345273501999884, 26.006229437000172 ], [ -9.355253518999973, 26.006297293000102 ], [ -9.365233546999889, 26.006364460000043 ], [ -9.375213585999916, 26.006430939000154 ], [ -9.385193636999929, 26.006496729000048 ], [ -9.395173697999951, 26.006561830000066 ], [ -9.40515376999997, 26.006626243000142 ], [ -9.415133853999976, 26.006689966000181 ], [ -9.425113947999932, 26.006753001000163 ], [ -9.43509405199984, 26.006815347000156 ], [ -9.445074166999859, 26.006877003999989 ], [ -9.455054292999876, 26.00693797200006 ], [ -9.465034427999967, 26.006998252000074 ], [ -9.475014573999943, 26.007057843000155 ], [ -9.484994729999926, 26.007116745000019 ], [ -9.494974895999974, 26.007174958000121 ], [ -9.504955070999813, 26.00723248200012 ], [ -9.514935255999944, 26.007289318 ], [ -9.52491545099997, 26.007345465000128 ], [ -9.534895654999957, 26.007400923000091 ], [ -9.544875868999895, 26.007455692000121 ], [ -9.55485609099992, 26.007509772000162 ], [ -9.564836322999952, 26.007563163000043 ], [ -9.574816563999889, 26.007615866000037 ], [ -9.584796813999958, 26.007667880000099 ], [ -9.594777071999886, 26.007719205000171 ], [ -9.604757338999832, 26.007769841000083 ], [ -9.614737613999864, 26.007819788 ], [ -9.624717897999972, 26.007869047000099 ], [ -9.634698189999938, 26.007917616000157 ], [ -9.644678489999876, 26.0079654970001 ], [ -9.65465879899989, 26.008012689000111 ], [ -9.664639114999943, 26.008059192000132 ], [ -9.674619438999969, 26.008105007000097 ], [ -9.68459976999992, 26.008150132000026 ], [ -9.694580109999947, 26.008194569000068 ], [ -9.704560455999911, 26.008238316000188 ], [ -9.71454080999996, 26.008281375000138 ], [ -9.724521171999982, 26.008323745000098 ], [ -9.73450153999994, 26.008365426000069 ], [ -9.744481914999881, 26.008406419000153 ], [ -9.754462297999851, 26.008446722000031 ], [ -9.764442686999871, 26.008486337000193 ], [ -9.774423081999942, 26.008525262000148 ], [ -9.784403483999881, 26.008563499 ], [ -9.794383892999917, 26.008601047000127 ], [ -9.804364307999947, 26.008637906000047 ], [ -9.814344728999913, 26.00867407700008 ], [ -9.824325155999873, 26.008709558000135 ], [ -9.834305588999939, 26.008744351000075 ], [ -9.844286027999885, 26.008778454000151 ], [ -9.854266471999949, 26.008811869000112 ], [ -9.864246921999893, 26.008844595000028 ], [ -9.874227377999944, 26.008876632000067 ], [ -9.884207838999885, 26.008907980000174 ], [ -9.894188304999943, 26.008938639000121 ], [ -9.904168775999892, 26.008968610000068 ], [ -9.914149252999948, 26.008997891000092 ], [ -9.924129733999905, 26.00902648400006 ], [ -9.93411021999998, 26.009054387000106 ], [ -9.944090710999944, 26.009081602000151 ], [ -9.954071205999981, 26.009108128000037 ], [ -9.96405170599985, 26.00913396500016 ], [ -9.974032209999962, 26.009159113000067 ], [ -9.98401271799986, 26.009183572999973 ], [ -9.993993229999887, 26.009207343000185 ], [ -10.003973745999872, 26.009230424000066 ], [ -10.013954265999928, 26.009252817 ], [ -10.023934789999885, 26.009274521000066 ], [ -10.033915316999924, 26.009295536000081 ], [ -10.043895847999977, 26.009315861000118 ], [ -10.053876381999942, 26.009335498000041 ], [ -10.063856919999921, 26.009354447000078 ], [ -10.073837459999879, 26.009372706000079 ], [ -10.083818003999966, 26.009390276000147 ], [ -10.093798550999907, 26.009407157 ], [ -10.103779099999883, 26.009423350000191 ], [ -10.113759651999942, 26.00943885300012 ], [ -10.123740206999969, 26.009453668000049 ], [ -10.133720763999975, 26.009467794000159 ], [ -10.143701322999902, 26.009481231000109 ], [ -10.153681884999969, 26.009493979000069 ], [ -10.163662448999958, 26.009506038000097 ], [ -10.173643013999936, 26.009517408000136 ], [ -10.183623581999882, 26.009528089000071 ], [ -10.193604150999931, 26.00953808200012 ], [ -10.203584721999903, 26.009547385000076 ], [ -10.213565293999977, 26.009556000000146 ], [ -10.223545867999917, 26.00956392500018 ], [ -10.233526442999903, 26.009571162000157 ], [ -10.243507019999868, 26.009577709999974 ], [ -10.253487596999946, 26.009583569000029 ], [ -10.263468174999957, 26.009588739000094 ], [ -10.273448753999958, 26.009593220000056 ], [ -10.283429333999834, 26.009597011999972 ], [ -10.29340991499987, 26.009600115000183 ], [ -10.30339049499986, 26.009602530000109 ], [ -10.313371076999829, 26.00960425500017 ], [ -10.323351657999979, 26.009605291000071 ], [ -10.333332239999947, 26.009605639000085 ], [ -10.343312820999927, 26.009605298000167 ], [ -10.353293402999952, 26.009604268000089 ], [ -10.363273983999932, 26.009602549000192 ], [ -10.373254564999968, 26.009600140000089 ], [ -10.383235144999958, 26.009597043999975 ], [ -10.393215724999948, 26.009593258000052 ], [ -10.403196303999891, 26.00958878300014 ], [ -10.413176881999959, 26.009583619000068 ], [ -10.423157458999924, 26.00957776700011 ], [ -10.433138035999889, 26.009571225000059 ], [ -10.443118610999932, 26.009563995 ], [ -10.453099184999928, 26.009556075999967 ], [ -10.463079756999889, 26.009547467000061 ], [ -10.473060327999917, 26.009538170000098 ], [ -10.48304089699991, 26.009528183999976 ], [ -10.49302146499997, 26.009517509000091 ], [ -10.503002030999937, 26.009506145000046 ], [ -10.51298259399988, 26.009494093000114 ], [ -10.522963155999946, 26.00948135100009 ], [ -10.53294371599992, 26.009467921000066 ], [ -10.542924272999869, 26.00945380100012 ], [ -10.552904826999963, 26.009438993000174 ], [ -10.562885378999908, 26.009423495000135 ], [ -10.572865928999875, 26.009407309000039 ], [ -10.58284647499994, 26.009390434000125 ], [ -10.592827018999969, 26.009372870000107 ], [ -10.602807559999974, 26.009354617000099 ], [ -10.612788096999907, 26.009335676000035 ], [ -10.622768630999872, 26.009316045000105 ], [ -10.632749161999925, 26.009295725000015 ], [ -10.642729689999896, 26.009274717000039 ], [ -10.652710213999967, 26.009253020000131 ], [ -10.662690733999909, 26.009230633000129 ], [ -10.672671249999951, 26.009207558000128 ], [ -10.682651761999921, 26.00918379400008 ], [ -10.692632269999876, 26.0091593410001 ], [ -10.702612773999931, 26.009134199000187 ], [ -10.712593273999971, 26.00910836900016 ], [ -10.722573768999951, 26.009081849000097 ], [ -10.732554259999915, 26.009054641000148 ], [ -10.742534745999876, 26.009026743000163 ], [ -10.752515226999947, 26.008998157000121 ], [ -10.762495703999889, 26.00896888200009 ], [ -10.772476174999952, 26.008938918000069 ], [ -10.782456640999897, 26.008908265000116 ], [ -10.792437101999951, 26.008876923 ], [ -10.802417557999888, 26.008844892000127 ], [ -10.812398007999946, 26.008812172999967 ], [ -10.822378452999885, 26.008778764000169 ], [ -10.832358891999945, 26.008744667000087 ], [ -10.842339324999898, 26.008709881000073 ], [ -10.852319751999971, 26.008674406000068 ], [ -10.862300172999824, 26.008638242000075 ], [ -10.872280587999967, 26.008601389000148 ], [ -10.8822609959999, 26.008563848000108 ], [ -10.892241398999943, 26.008525617000089 ], [ -10.9022217939999, 26.008486698000127 ], [ -10.91220218299992, 26.008447089000128 ], [ -10.92218256599989, 26.00840679200013 ], [ -10.932162940999945, 26.008365806000086 ], [ -10.94214330899996, 26.008324131000109 ], [ -10.952123670999924, 26.008281768000074 ], [ -10.962104024999974, 26.008238715000118 ], [ -10.972084371999927, 26.008194974000162 ], [ -10.982064710999964, 26.008150544000046 ], [ -10.992045042999905, 26.008105424000064 ], [ -11.002025366999931, 26.008059615999969 ], [ -11.01200568299987, 26.008013120000044 ], [ -11.021985990999895, 26.007965934000026 ], [ -11.031966291999936, 26.007918060000179 ], [ -11.041946583999902, 26.007869496000069 ], [ -11.051926867999953, 26.007820244000072 ], [ -11.061907142999871, 26.007770303000086 ], [ -11.071887409999817, 26.007719673 ], [ -11.081867668999848, 26.007668355000192 ], [ -11.091847917999871, 26.00761634700018 ], [ -11.101828158999979, 26.007563651000055 ], [ -11.111808390999954, 26.007510266000168 ], [ -11.121788613999968, 26.00745619200012 ], [ -11.131768826999973, 26.00740142900014 ], [ -11.141749030999904, 26.00734597700017 ], [ -11.151729225999929, 26.007289837000144 ], [ -11.16170941099989, 26.007233008000128 ], [ -11.171689586999889, 26.007175490000179 ], [ -11.181669752999937, 26.007117283000071 ], [ -11.191649908999977, 26.007058387000029 ], [ -11.201630054999896, 26.006998803000045 ], [ -11.211610189999931, 26.006938529000024 ], [ -11.221590315999947, 26.006877567000117 ], [ -11.231570430999966, 26.00681591700004 ], [ -11.241550535999977, 26.006753576999984 ], [ -11.251530629999877, 26.006690548000051 ], [ -11.261510712999893, 26.006626831000176 ], [ -11.271490785999845, 26.006562425000027 ], [ -11.281470846999923, 26.006497330000059 ], [ -11.291450897999937, 26.006431547000034 ], [ -11.301430936999964, 26.00636507500019 ], [ -11.31141096499988, 26.006297913000139 ], [ -11.321390981999969, 26.006230064000135 ], [ -11.3313709869999, 26.006161525000039 ], [ -11.341350980999835, 26.00609229700018 ], [ -11.351330961999906, 26.006022381000093 ], [ -11.361310931999924, 26.005951776000188 ], [ -11.371290889999955, 26.005880483000055 ], [ -11.381270835999942, 26.005808500000057 ], [ -11.391250768999953, 26.005735829000173 ], [ -11.401230689999977, 26.005662469000129 ], [ -11.411210598999958, 26.005588420000151 ], [ -11.421190494999962, 26.005513683000117 ], [ -11.43117037899998, 26.005438257000094 ], [ -11.441150248999975, 26.005362142000081 ], [ -11.451130106999869, 26.005285338000135 ], [ -11.461109951999958, 26.005207846000076 ], [ -11.471089782999968, 26.005129664000037 ], [ -11.481069600999945, 26.005050795000159 ], [ -11.491049405999945, 26.004971236000074 ], [ -11.501029197999912, 26.004890989000103 ], [ -11.511008974999982, 26.004810053000142 ], [ -11.520988738999904, 26.004728428000021 ], [ -11.530968488999974, 26.004646115000071 ], [ -11.540948225999955, 26.004563113000131 ], [ -11.55092794799998, 26.004479422000031 ], [ -11.560907655999927, 26.004395042000169 ], [ -11.570887348999918, 26.00430997400008 ], [ -11.580867027999886, 26.004224217000171 ], [ -11.590846692999889, 26.004137772000036 ], [ -11.600826342999937, 26.004050637000034 ], [ -11.610805977999917, 26.003962815000023 ], [ -11.620785597999941, 26.003874302999975 ], [ -11.630765202999896, 26.003785103000041 ], [ -11.640744792999953, 26.003695214000174 ], [ -11.650724367999942, 26.003604636000148 ], [ -11.660703927999975, 26.003513370000064 ], [ -11.670683470999961, 26.003421415000162 ], [ -11.680663, 26.003328771000156 ], [ -11.690642511999897, 26.003235439000036 ], [ -11.700622008999972, 26.003141417999984 ], [ -11.710601489999931, 26.003046709000103 ], [ -11.720580954999889, 26.002951311000174 ], [ -11.730560403999959, 26.002855224000143 ], [ -11.740539835999925, 26.002758449000055 ], [ -11.750519251999947, 26.002660985000148 ], [ -11.760498650999921, 26.002562832000081 ], [ -11.77047803399995, 26.002463991000184 ], [ -11.780457399999932, 26.002364461000127 ], [ -11.79043674899998, 26.002264242000081 ], [ -11.800416080999923, 26.002163334999977 ], [ -11.810395395999876, 26.002061740000045 ], [ -11.820374693999895, 26.00195945500019 ], [ -11.830353973999934, 26.001856482000107 ], [ -11.840333236999982, 26.001752821000139 ], [ -11.850312482999925, 26.00164847100001 ], [ -11.860291709999956, 26.001543432000119 ], [ -11.870270919999939, 26.001437705000171 ], [ -11.880250111999942, 26.001331290000167 ], [ -11.890229285999965, 26.001224185000069 ], [ -11.900208441999894, 26.001116392000142 ], [ -11.910187578999967, 26.001007911000158 ], [ -11.920166697999946, 26.000898741000185 ], [ -11.930145798999888, 26.000788882000052 ], [ -11.940124880999917, 26.000678335000032 ], [ -11.950103943999864, 26.000567100000183 ], [ -11.960082987999954, 26.000455176000173 ], [ -11.970062013999893, 26.000342563000174 ], [ -11.980041019999931, 26.000229262000119 ], [ -11.990020006999941, 26.000115272000073 ], [ -11.999998974999926, 26.000000594000028 ], [ -11.999999145999936, 25.990986072000055 ], [ -11.999999486999968, 25.972956995000175 ], [ -11.999999997999851, 25.945913293999979 ], [ -12.00000050899996, 25.918869493000159 ], [ -12.000001019999843, 25.89182559000011 ], [ -12.000001870999824, 25.846752196000182 ], [ -12.000002040999902, 25.837737483000126 ], [ -12.000002210999924, 25.82872276 ], [ -12.000002380999945, 25.819708025000125 ], [ -12.000002550999966, 25.810693279000134 ], [ -12.000002720999873, 25.801678522000032 ], [ -12.000002890999895, 25.79266375300017 ], [ -12.000003060999916, 25.783648974000073 ], [ -12.000003230999937, 25.77463418300016 ], [ -12.00000407999994, 25.729560062000076 ], [ -12.000004588999957, 25.702515454999968 ], [ -12.000005097999917, 25.675470748000066 ], [ -12.000005606999935, 25.648425941000141 ], [ -12.000005945999874, 25.630396014000041 ], [ -12.000006284999927, 25.61236604200019 ], [ -12.000006792999955, 25.585321001000068 ], [ -12.000007300999926, 25.558275861000027 ], [ -12.000007977999871, 25.522215518 ], [ -12.000008146999903, 25.513200403999974 ], [ -12.000008315999935, 25.504185279000069 ], [ -12.00000848499991, 25.495170144000099 ], [ -12.000008653999942, 25.486154997000028 ], [ -12.000008822999973, 25.477139839000188 ], [ -12.000008991999948, 25.468124670000066 ], [ -12.00000916099998, 25.45910949 ], [ -12.000009329999898, 25.450094299000057 ], [ -12.00000949899993, 25.441079097000056 ], [ -12.000009667999848, 25.432063884000115 ], [ -12.000009836999936, 25.423048660000063 ], [ -12.000010005999968, 25.414033424000024 ], [ -12.000010174999886, 25.405018178000034 ], [ -12.000010343999975, 25.396002921000047 ], [ -12.000010512999893, 25.38698765200013 ], [ -12.000011187999974, 25.350926468000182 ], [ -12.000011693999909, 25.323880464000013 ], [ -12.000012030999869, 25.305849739000053 ], [ -12.000012367999886, 25.287818970000046 ], [ -12.000012704999904, 25.269788158000154 ], [ -12.000013041999864, 25.251757301000112 ], [ -12.000013378999881, 25.233726400000137 ], [ -12.000013883999941, 25.206679967000071 ], [ -12.000014388999887, 25.179633434000152 ], [ -12.00001539799996, 25.125540072000149 ], [ -12.000015565999888, 25.116524474000073 ], [ -12.000015733999817, 25.10750886400001 ], [ -12.000015901999916, 25.098493243000064 ], [ -12.000016069999845, 25.089477612000053 ], [ -12.000016237999944, 25.080461969000112 ], [ -12.000016405999872, 25.071446316000106 ], [ -12.000016573999972, 25.06243065100017 ], [ -12.000017580999952, 25.008336435000103 ], [ -12.000017737999883, 24.999880001000122 ], [ -12.000017737999883, 24.999879032000081 ], [ -12.000018083999919, 24.981289180000147 ], [ -12.000018586999943, 24.954241826000043 ], [ -12.00001908999991, 24.927194373000077 ], [ -12.000019424999948, 24.909162684000023 ], [ -12.000019759999873, 24.891130951000093 ], [ -12.000020261999907, 24.864083270000151 ], [ -12.000020763999942, 24.837035491000108 ], [ -12.000021265999919, 24.809987614000136 ], [ -12.000022268999828, 24.755891568000095 ], [ -12.000022435999938, 24.746875522000153 ], [ -12.000022602999934, 24.737859465000156 ], [ -12.00002276999993, 24.728843398000151 ], [ -12.000022936999869, 24.719827319000103 ], [ -12.000023103999979, 24.710811230000104 ], [ -12.000023270999975, 24.70179513 ], [ -12.000023437999914, 24.69277901900017 ], [ -12.000024438999901, 24.638682127000038 ], [ -12.000024938999957, 24.611633535000067 ], [ -12.000025438999899, 24.584584845999984 ], [ -12.000025938999954, 24.557536059000086 ], [ -12.000026271999957, 24.539503481000054 ], [ -12.000026604999903, 24.521470860000079 ], [ -12.000026937999962, 24.503438195000058 ], [ -12.000027436999972, 24.476389118000156 ], [ -12.000027935999924, 24.449339944000144 ], [ -12.000028600999883, 24.413274228000148 ], [ -12.000028766999833, 24.404257772 ], [ -12.000028932999953, 24.395241305000127 ], [ -12.00002909899996, 24.386224828000081 ], [ -12.000029264999966, 24.377208340000152 ], [ -12.000029430999973, 24.368191841000112 ], [ -12.00002959699998, 24.359175332000063 ], [ -12.00002976299993, 24.350158810999972 ], [ -12.000029928999936, 24.341142281000032 ], [ -12.000030094999943, 24.332125739000048 ], [ -12.000030260999949, 24.323109187000114 ], [ -12.000030426999956, 24.314092623000136 ], [ -12.000030592999963, 24.305076050000082 ], [ -12.000030758999969, 24.296059465000042 ], [ -12.000030924999919, 24.287042870000164 ], [ -12.000031090999926, 24.278026264000175 ], [ -12.000031753999963, 24.241959734000147 ], [ -12.000032250999936, 24.214909724000051 ], [ -12.000032747999967, 24.187859618000118 ], [ -12.000033078999934, 24.16982616100006 ], [ -12.000033409999958, 24.151792661000115 ], [ -12.000033740999982, 24.133759118000057 ], [ -12.000034071999892, 24.115725532999988 ], [ -12.000034567999933, 24.088675076000129 ], [ -12.000035063999974, 24.061624522000159 ], [ -12.000035724999975, 24.025556969000093 ], [ -12.000035889999879, 24.016540055000121 ], [ -12.000036054999896, 24.007523129000106 ], [ -12.000036219999913, 23.998506193000139 ], [ -12.00003638499993, 23.989489247000165 ], [ -12.000036549999948, 23.98047229000008 ], [ -12.000036714999965, 23.971455322000054 ], [ -12.000036879999982, 23.962438344000077 ], [ -12.000037044999885, 23.95342135500016 ], [ -12.000037209999903, 23.944404355000131 ], [ -12.00003737499992, 23.935387345000152 ], [ -12.000037539999937, 23.926370324000061 ], [ -12.000037704999954, 23.917353293000133 ], [ -12.000037869999971, 23.908336251000151 ], [ -12.000038034999875, 23.899319199000161 ], [ -12.000038199999892, 23.890302136000059 ], [ -12.000039023999875, 23.845216663000087 ], [ -12.000039517999937, 23.818165252000142 ], [ -12.000040340999874, 23.773079356999972 ], [ -12.000040669999919, 23.755044925000107 ], [ -12.000040998999964, 23.73701045100006 ], [ -12.00004149199998, 23.709958662000133 ], [ -12.000041984999939, 23.682906778000017 ], [ -12.000042477999898, 23.655854799000053 ], [ -12.000043298999969, 23.610767959000043 ], [ -12.000043462999884, 23.601750559000038 ], [ -12.000043626999968, 23.592733149000026 ], [ -12.000043790999939, 23.583715728000072 ], [ -12.00004395499991, 23.574698298000044 ], [ -12.000044118999938, 23.565680855999972 ], [ -12.000044282999966, 23.556663404000119 ], [ -12.00004444699988, 23.547645942000088 ], [ -12.000044610999964, 23.538628469000116 ], [ -12.000044774999822, 23.529610986000023 ], [ -12.000044938999906, 23.52059349200016 ], [ -12.000045102999934, 23.511575988000118 ], [ -12.000045266999962, 23.502558474000068 ], [ -12.000045921999913, 23.466488311000148 ], [ -12.00004641299995, 23.439435580000065 ], [ -12.009358296999949, 23.43861988000009 ], [ -12.01867006699996, 23.437803625000129 ], [ -12.027981721999936, 23.436986813999965 ], [ -12.037293262999981, 23.436169448000044 ], [ -12.046604688999821, 23.435351526000034 ], [ -12.0559160009999, 23.434533049000095 ], [ -12.065227197999945, 23.43371401700017 ], [ -12.073772899999938, 23.432154556 ], [ -12.082318400999895, 23.430594628000108 ], [ -12.090863700999932, 23.42903423100006 ], [ -12.099408800999981, 23.427473367 ], [ -12.107953699999939, 23.425912035000181 ], [ -12.116498398999909, 23.424350235000077 ], [ -12.125042896999901, 23.422787967000147 ], [ -12.133587193999972, 23.421225231000165 ], [ -12.142131289999895, 23.419662028000062 ], [ -12.150712985999974, 23.415726120000159 ], [ -12.159294173999967, 23.411789738999971 ], [ -12.167874853999933, 23.407852885000011 ], [ -12.176455025999928, 23.403915558000108 ], [ -12.185034691999874, 23.399977758000091 ], [ -12.193613848999973, 23.396039484000028 ], [ -12.202192498999977, 23.392100739 ], [ -12.210770641999886, 23.388161520000153 ], [ -12.219348277999927, 23.384221829000012 ], [ -12.22792540599994, 23.380281665000155 ], [ -12.236502026999858, 23.376341029000059 ], [ -12.245078141999954, 23.372399921000124 ], [ -12.253653748999966, 23.368458341000121 ], [ -12.262228848999882, 23.364516289000107 ], [ -12.270803441999874, 23.360573765000026 ], [ -12.27937752899993, 23.356630770000038 ], [ -12.287951108999891, 23.352687302000049 ], [ -12.296524181999928, 23.348743364000029 ], [ -12.305096747999926, 23.344798954000169 ], [ -12.313668807999818, 23.34085407200007 ], [ -12.322240360999899, 23.336908720000167 ], [ -12.330811407999931, 23.33296289599997 ], [ -12.339381948999971, 23.329016602000138 ], [ -12.347951982999916, 23.325069836000068 ], [ -12.356521510999926, 23.321122599999967 ], [ -12.36509053299983, 23.317174894 ], [ -12.374457685999914, 23.315581344000122 ], [ -12.383824615999913, 23.313987234000081 ], [ -12.393191322999826, 23.312392564000106 ], [ -12.402557805999948, 23.310797334000085 ], [ -12.41192406499988, 23.309201544000018 ], [ -12.421290100999897, 23.307605195 ], [ -12.430655912999896, 23.306008285000075 ], [ -12.440021501999979, 23.304410816000143 ], [ -12.44938686699993, 23.302812787000164 ], [ -12.458752007999976, 23.301214198000139 ], [ -12.46811692499989, 23.29961505000017 ], [ -12.477481618999946, 23.298015342000156 ], [ -12.486846087999936, 23.296415074000095 ], [ -12.496210333999898, 23.294814248000137 ], [ -12.505574354999908, 23.293212861000086 ], [ -12.514938152999946, 23.291610916000138 ], [ -12.524301725999976, 23.290008411000144 ], [ -12.533665074999874, 23.288405347000037 ], [ -12.543028198999934, 23.2868017240001 ], [ -12.552391098999919, 23.285197542000105 ], [ -12.561753774999943, 23.283592800000179 ], [ -12.571116226999948, 23.281987500000071 ], [ -12.580478453999888, 23.280381641000133 ], [ -12.589840455999934, 23.278775223000082 ], [ -12.597868631999916, 23.273732187000121 ], [ -12.605896203999919, 23.268688737000048 ], [ -12.613923170999897, 23.263644872999976 ], [ -12.621949533999839, 23.258600596000178 ], [ -12.629975292999973, 23.253555905000098 ], [ -12.638000447999957, 23.248510801000123 ], [ -12.646025, 23.243465284000024 ], [ -12.654048947999911, 23.23841935300004 ], [ -12.662072291999948, 23.233373010000037 ], [ -12.670095033999928, 23.228326254000081 ], [ -12.678117171999929, 23.223279085 ], [ -12.686138706999941, 23.218231504000073 ], [ -12.694159638999906, 23.213183510000022 ], [ -12.702179967999882, 23.208135104000121 ], [ -12.710199694999972, 23.20308628600003 ], [ -12.718218819999834, 23.198037056000032 ], [ -12.72623734199982, 23.192987414000015 ], [ -12.73425526199992, 23.187937361000081 ], [ -12.742272579999906, 23.182886895000024 ], [ -12.750289295999835, 23.177836018000164 ], [ -12.758305410999981, 23.172784729999989 ], [ -12.766320923999956, 23.167733031000068 ], [ -12.774335834999931, 23.162680920000128 ], [ -12.782350144999839, 23.157628398999975 ], [ -12.790363853999963, 23.152575466000144 ], [ -12.79837696199985, 23.147522123000101 ], [ -12.806389468999953, 23.142468369000085 ], [ -12.814401375999921, 23.137414205000084 ], [ -12.822412681999936, 23.132359630999986 ], [ -12.830423386999882, 23.127304646000027 ], [ -12.838433491999979, 23.122249251000142 ], [ -12.84644299699994, 23.117193447000147 ], [ -12.854451901999937, 23.112137232000066 ], [ -12.86246020699997, 23.10708060800016 ], [ -12.870467912999857, 23.1020235740001 ], [ -12.87847501899995, 23.096966131000045 ], [ -12.886481524999908, 23.091908279000052 ], [ -12.894487431999949, 23.086850017000074 ], [ -12.9024927399999, 23.081791346000102 ], [ -12.910497448999877, 23.076732267000125 ], [ -12.918501558999935, 23.07167277800005 ], [ -12.926505070999895, 23.066612881000026 ], [ -12.934507982999946, 23.061552576000111 ], [ -12.942510297999945, 23.056491862000087 ], [ -12.950512013999855, 23.051430740000171 ], [ -12.958513131999894, 23.04636921000008 ], [ -12.96651365199989, 23.041307271 ], [ -12.974513573999957, 23.036244925 ], [ -12.982512897999868, 23.031182171000182 ], [ -12.990511624999897, 23.02611901 ], [ -12.998509754999873, 23.021055440999987 ], [ -13.00650728699992, 23.01599146500007 ], [ -13.014504221999971, 23.010927081000091 ], [ -13.019466303999934, 23.00402130700013 ], [ -13.024427880999951, 22.99711537200011 ], [ -13.029388952999909, 22.990209275000041 ], [ -13.034349520999911, 22.983303017000082 ], [ -13.039309583999966, 22.976396597000075 ], [ -13.044269142999894, 22.969490017000112 ], [ -13.04922819899997, 22.9625832750001 ], [ -13.054186750999975, 22.955676372000141 ], [ -13.059144798999966, 22.948769309 ], [ -13.064102343999934, 22.941862084000036 ], [ -13.068764937999958, 22.934484510000175 ], [ -13.07342702699998, 22.927106793000178 ], [ -13.078088610999941, 22.919728932000169 ], [ -13.082749690999947, 22.912350927000148 ], [ -13.087410265999836, 22.904972779000047 ], [ -13.092070335999949, 22.897594487000106 ], [ -13.096729902999982, 22.890216051000152 ], [ -13.101388965999945, 22.882837472000062 ], [ -13.106047524999838, 22.875458750000064 ], [ -13.110705580999934, 22.868079884999986 ], [ -13.113721299999895, 22.859814929000038 ], [ -13.116736654999897, 22.851549906 ], [ -13.119751644999951, 22.843284818000029 ], [ -13.122766270999875, 22.835019665000175 ], [ -13.125780532999897, 22.826754446000109 ], [ -13.128794429999971, 22.818489161000059 ], [ -13.131807963999904, 22.810223811000071 ], [ -13.134821134999981, 22.801958395000099 ], [ -13.137833941999872, 22.793692914000189 ], [ -13.140846385999964, 22.785427367000125 ], [ -13.143858466999973, 22.777161755000122 ], [ -13.146870184999955, 22.768896077000079 ], [ -13.149881539999967, 22.760630334000155 ], [ -13.147370591999959, 22.752063784000143 ], [ -13.144859956999881, 22.743497185000024 ], [ -13.142349634999846, 22.734930538000071 ], [ -13.139839625999912, 22.726363842000183 ], [ -13.137329928999975, 22.717797097000073 ], [ -13.134820544999855, 22.709230304000073 ], [ -13.132311472999902, 22.700663463000126 ], [ -13.12980271299989, 22.692096573000072 ], [ -13.127294264999932, 22.683529634000081 ], [ -13.124786127999869, 22.674962647000086 ], [ -13.122278302999916, 22.666395611000041 ], [ -13.119770789999961, 22.657828528000039 ], [ -13.117263587999958, 22.649261395000053 ], [ -13.114756695999858, 22.64069421500011 ], [ -13.112250115999927, 22.632126986000117 ], [ -13.109743846999947, 22.623559708000016 ], [ -13.107237887999929, 22.614992383000015 ], [ -13.104732238999873, 22.606425009000134 ], [ -13.102226900999881, 22.597857587000192 ], [ -13.099721871999918, 22.589290117000075 ], [ -13.097217153999907, 22.580722598000023 ], [ -13.094712744999981, 22.572155031000023 ], [ -13.092208645999904, 22.563587416000189 ], [ -13.089704855999969, 22.555019754000057 ], [ -13.08720137499995, 22.546452042000112 ], [ -13.084698203999949, 22.537884283000039 ], [ -13.082195340999931, 22.52931647600019 ], [ -13.079692786999885, 22.520748621000109 ], [ -13.078807306999977, 22.511835307000183 ], [ -13.077921939999896, 22.502921979000064 ], [ -13.077036686999861, 22.494008636 ], [ -13.076151547999871, 22.485095278000074 ], [ -13.075266520999946, 22.476181905000033 ], [ -13.074381607999896, 22.467268518000139 ], [ -13.073496808999892, 22.458355116 ], [ -13.072612121999953, 22.449441699000147 ], [ -13.071727547999956, 22.440528267 ], [ -13.070843087999947, 22.431614821000039 ], [ -13.06995873999989, 22.422701361000122 ], [ -13.06907450499989, 22.413787885000147 ], [ -13.068190382999944, 22.404874394999979 ], [ -13.067306373999884, 22.39596089000014 ], [ -13.066422476999946, 22.387047371000051 ], [ -13.065538692999837, 22.378133837000121 ], [ -13.064655021999897, 22.369220288000065 ], [ -13.063771462999966, 22.360306725000157 ], [ -13.062888016999977, 22.35139314700001 ], [ -13.062004682999884, 22.342479554000136 ], [ -13.061121460999914, 22.333565947000068 ], [ -13.060238350999953, 22.324652325000102 ], [ -13.05935535399982, 22.315738689000113 ], [ -13.058472468999867, 22.306825038000056 ], [ -13.057589695999923, 22.297911372000101 ], [ -13.056707033999885, 22.288997692000123 ], [ -13.05582448499996, 22.28008399700002 ], [ -13.054942047999873, 22.271170288000178 ], [ -13.054059721999977, 22.262256563999983 ], [ -13.053177507999976, 22.253342825000118 ], [ -13.052295405999928, 22.244429072 ], [ -13.051413414999956, 22.235515305000149 ], [ -13.05053153599988, 22.22660152300017 ], [ -13.049649768999927, 22.217687726000065 ], [ -13.048768112999937, 22.208773915000165 ], [ -13.047886567999967, 22.199860089000026 ], [ -13.04700513399996, 22.190946249000035 ], [ -13.046123811999962, 22.182032394000089 ], [ -13.045242600999813, 22.173118525 ], [ -13.044361500999912, 22.164204641000026 ], [ -13.043480511999917, 22.155290742000147 ], [ -13.042599633999885, 22.146376830000122 ], [ -13.04171886599994, 22.137462902000152 ], [ -13.04083820999989, 22.128548961000035 ], [ -13.039957664999974, 22.119635004000145 ], [ -13.039077229999918, 22.110721034000107 ], [ -13.038196905999939, 22.101807048000126 ], [ -13.037316691999933, 22.092893049000054 ], [ -13.036436588999948, 22.083979035000027 ], [ -13.035556595999878, 22.075065006000102 ], [ -13.034676713999886, 22.066150962999984 ], [ -13.033796941999924, 22.057236906000071 ], [ -13.032917280999982, 22.048322834000089 ], [ -13.032037728999967, 22.039408747000152 ], [ -13.031158287999915, 22.030494647000125 ], [ -13.030278956999837, 22.02158053200003 ], [ -13.029399735999903, 22.012666402000036 ], [ -13.029011096999909, 22.003728210000133 ], [ -13.028622505999977, 21.994790008000109 ], [ -13.02823396399998, 21.985851795000144 ], [ -13.027845470999921, 21.976913571000068 ], [ -13.027457025999922, 21.967975337000041 ], [ -13.027068629999974, 21.959037092000074 ], [ -13.026680282999962, 21.950098836000166 ], [ -13.026291983999897, 21.941160570000136 ], [ -13.02590373299995, 21.932222293000166 ], [ -13.025515530999883, 21.923284006000188 ], [ -13.025127377999979, 21.914345708000099 ], [ -13.024739272999966, 21.905407399000126 ], [ -13.0243512159999, 21.896469079999974 ], [ -13.023963207999941, 21.88753075000011 ], [ -13.023575247999929, 21.878592409000134 ], [ -13.023187335999978, 21.869654058000151 ], [ -13.022799472999964, 21.860715696000113 ], [ -13.022411657999839, 21.851777324000011 ], [ -13.02202389099989, 21.842838941000025 ], [ -13.021636172999877, 21.833900547000155 ], [ -13.021248501999878, 21.824962143000107 ], [ -13.02086087999993, 21.816023728000118 ], [ -13.020473305999928, 21.807085303000122 ], [ -13.020085779999931, 21.798146867000071 ], [ -13.019698301999938, 21.789208421000126 ], [ -13.019310871999949, 21.78026996300008 ], [ -13.018923490999953, 21.771331496000073 ], [ -13.018536156999971, 21.762393018000182 ], [ -13.018148870999937, 21.75345452900001 ], [ -13.01776163299985, 21.744516030000057 ], [ -13.017374442999881, 21.735577520000163 ], [ -13.016987300999972, 21.726638999000158 ], [ -13.016600205999964, 21.717700468000146 ], [ -13.016213159999893, 21.708761927000182 ], [ -13.01582616099995, 21.699823375000108 ], [ -13.015439209999897, 21.690884812000093 ], [ -13.015052306999962, 21.681946239000069 ], [ -13.014665451999974, 21.673007656000095 ], [ -13.014278643999944, 21.664069062000181 ], [ -13.013891883999918, 21.655130457000041 ], [ -13.013505170999906, 21.646191842 ], [ -13.013118506999888, 21.63725321600009 ], [ -13.012731888999951, 21.62831458 ], [ -13.012345319999952, 21.619375933000185 ], [ -13.011958796999977, 21.610437276000027 ], [ -13.011572322999939, 21.601498609000032 ], [ -13.011185894999869, 21.59255993 ], [ -13.010799515999963, 21.583621242000106 ], [ -13.010413182999969, 21.574682543000108 ], [ -13.010251905999951, 21.570950560000142 ], [ -13.010251898999968, 21.57095040300004 ], [ -13.010026897999978, 21.56574383300017 ], [ -13.009640660999935, 21.556805113000053 ], [ -13.009254469999917, 21.547866382000052 ], [ -13.008868326999959, 21.538927641000043 ], [ -13.008482231999892, 21.529988890000027 ], [ -13.008096182999907, 21.521050128000127 ], [ -13.007710181999869, 21.512111355000116 ], [ -13.007324227999902, 21.503172572000096 ], [ -13.00693832099995, 21.494233779000069 ], [ -13.006552460999899, 21.485294975000159 ], [ -13.006166647999976, 21.476356161000069 ], [ -13.005780882999943, 21.46741733600004 ], [ -13.005395163999935, 21.458478501000059 ], [ -13.005009492999875, 21.449539656000184 ], [ -13.004623867999953, 21.440600800000084 ], [ -13.004238290999922, 21.431661933000044 ], [ -13.003852759999916, 21.422723057000155 ], [ -13.003467276999913, 21.413784169000053 ], [ -13.003081839999822, 21.404845271999989 ], [ -13.002696449999974, 21.395906364000098 ], [ -13.002311106999912, 21.386967445000039 ], [ -13.001925810999921, 21.378028516000029 ], [ -13.001540560999842, 21.369089577000182 ], [ -13.001155358999938, 21.360150627000053 ], [ -13.000770202999945, 21.351211667000143 ], [ -13.000385093999967, 21.342272697 ], [ -13.0000000309999, 21.33333371599997 ], [ -13.000000280999927, 21.333332181000117 ], [ -13.009627386999966, 21.333445267000059 ], [ -13.019254506999914, 21.33355780200003 ], [ -13.028881641999931, 21.333669786000087 ], [ -13.038508791999959, 21.33378121800007 ], [ -13.048135955999953, 21.333892099000082 ], [ -13.05776313399997, 21.334002428000076 ], [ -13.067390326999941, 21.3341122060001 ], [ -13.077017533999935, 21.334221433000153 ], [ -13.086644755999828, 21.334330108000188 ], [ -13.096271990999867, 21.334438232000082 ], [ -13.105899240999975, 21.334545805000175 ], [ -13.115526504999934, 21.334652826000081 ], [ -13.125153781999927, 21.334759296000186 ], [ -13.134781073999875, 21.334865214000047 ], [ -13.144408378999913, 21.334970581000164 ], [ -13.154035697999973, 21.335075397000139 ], [ -13.163663029999952, 21.335179661000041 ], [ -13.173290375999898, 21.335283373000095 ], [ -13.182917735999922, 21.335386535000112 ], [ -13.19254510899998, 21.335489145000054 ], [ -13.202172494999957, 21.335591203000149 ], [ -13.211799894999956, 21.335692710000103 ], [ -13.221427307999818, 21.33579366500004 ], [ -13.23105473399994, 21.335894070000109 ], [ -13.240682172999925, 21.335993922000171 ], [ -13.250309624999886, 21.336093223000148 ], [ -13.25993708999988, 21.336191973000155 ], [ -13.269564567999851, 21.33629017200019 ], [ -13.279192058999911, 21.336387818000105 ], [ -13.288819561999958, 21.336484914000096 ], [ -13.298447077999867, 21.336581458000126 ], [ -13.308074606999924, 21.336677450000082 ], [ -13.31770214799991, 21.336772891000066 ], [ -13.327329700999883, 21.33686778100008 ], [ -13.336957266999946, 21.336962119000077 ], [ -13.346584844999938, 21.337055905 ], [ -13.356212434999918, 21.337149140000179 ], [ -13.365840037999931, 21.337241824000046 ], [ -13.375467651999884, 21.337333956 ], [ -13.38509527899987, 21.337425537000058 ], [ -13.394722916999967, 21.337516566000033 ], [ -13.404350566999938, 21.337607043000162 ], [ -13.413978228999952, 21.337696969000149 ], [ -13.423605902999839, 21.337786344000165 ], [ -13.43323358899994, 21.337875167000107 ], [ -13.442861284999822, 21.337963438000088 ], [ -13.452488993999907, 21.338051158000042 ], [ -13.462116713999876, 21.338138327000081 ], [ -13.471744444999956, 21.338224944000046 ], [ -13.481372186999977, 21.338311009000108 ], [ -13.49099994099987, 21.338396523000085 ], [ -13.500627705999875, 21.338481486000092 ], [ -13.510255480999945, 21.33856589700008 ], [ -13.519883267999944, 21.338649756 ], [ -13.529511065999884, 21.338733064000166 ], [ -13.539138873999946, 21.338815820000093 ], [ -13.54876669399988, 21.338898025000049 ], [ -13.55839452399988, 21.338979678000101 ], [ -13.568022363999887, 21.339060779000192 ], [ -13.577650214999892, 21.339141329000086 ], [ -13.587278076999894, 21.339221328000065 ], [ -13.596905948999904, 21.33930077500014 ], [ -13.606533830999979, 21.339379670000028 ], [ -13.616161723999937, 21.339458014000115 ], [ -13.625789626999847, 21.339535806000129 ], [ -13.635417539999935, 21.339613047000057 ], [ -13.645045462999974, 21.339689736000082 ], [ -13.654673395999964, 21.33976587300009 ], [ -13.664301338999962, 21.339841459000127 ], [ -13.667288984999971, 21.339864743000078 ], [ -13.667451967999966, 21.339866013000176 ], [ -13.673929290999979, 21.339916493000089 ], [ -13.683557253999936, 21.339990976000138 ], [ -13.693185225999912, 21.340064907000112 ], [ -13.702813207999952, 21.340138287000173 ], [ -13.712441198999954, 21.340211114000056 ], [ -13.722069199999964, 21.340283391000071 ], [ -13.731697209999822, 21.340355116000069 ], [ -13.741325228999926, 21.340426289 ], [ -13.750953257999925, 21.34049691000007 ], [ -13.760581295999941, 21.340566980000176 ], [ -13.770209342999976, 21.340636498000094 ], [ -13.779837398999916, 21.340705464999985 ], [ -13.789465463999932, 21.340773880000086 ], [ -13.799093537999966, 21.340841743999988 ], [ -13.808721620999904, 21.340909055000168 ], [ -13.818349712999918, 21.340975816000082 ], [ -13.827977812999961, 21.341042024000046 ], [ -13.837605921999966, 21.341107681000096 ], [ -13.847234038999829, 21.341172786000016 ], [ -13.856862164999939, 21.341237340000077 ], [ -13.866490298999963, 21.341301342 ], [ -13.876118440999903, 21.341364793000025 ], [ -13.885746591999919, 21.341427691000092 ], [ -13.895374750999963, 21.341490039000064 ], [ -13.90500291799998, 21.341551834000143 ], [ -13.914631092999855, 21.34161307800008 ], [ -13.924259275999873, 21.341673770000114 ], [ -13.93388746699992, 21.341733911 ], [ -13.943515665999939, 21.341793500000051 ], [ -13.953143872999874, 21.341852537000079 ], [ -13.962772086999848, 21.341911022000033 ], [ -13.972400307999976, 21.341968956000187 ], [ -13.982028537999895, 21.342026339000029 ], [ -13.991656773999864, 21.342083169000148 ], [ -14.001285018999965, 21.342139448000069 ], [ -14.010913269999946, 21.342195174999972 ], [ -14.020541528999956, 21.342250351000132 ], [ -14.030169794999949, 21.342304975 ], [ -14.039798067999982, 21.342359047000059 ], [ -14.049426346999894, 21.3424125680001 ], [ -14.059054633999949, 21.34246553700018 ], [ -14.06868292799993, 21.34251795400013 ], [ -14.078311228999951, 21.342569820000165 ], [ -14.087939535999908, 21.34262113300008 ], [ -14.097567849999962, 21.34267189600007 ], [ -14.107196170999885, 21.342722106000167 ], [ -14.116824497999971, 21.342771765000066 ], [ -14.126452830999881, 21.342820872000175 ], [ -14.136081170999944, 21.342869428000085 ], [ -14.145709517999819, 21.342917431000046 ], [ -14.155337869999869, 21.342964883000093 ], [ -14.164966228999901, 21.343011784000169 ], [ -14.174594592999938, 21.343058132000067 ], [ -14.1842229639999, 21.343103929000051 ], [ -14.19385134099997, 21.343149175000065 ], [ -14.20347972299993, 21.343193868000128 ], [ -14.213108111999873, 21.34323801000005 ], [ -14.222736505999933, 21.343281600000068 ], [ -14.232364905999873, 21.343324639000173 ], [ -14.241993310999931, 21.343367125000157 ], [ -14.251621721999982, 21.34340906000017 ], [ -14.26125013799998, 21.343450444000041 ], [ -14.270878559999915, 21.343491275000133 ], [ -14.280506985999978, 21.343531555000084 ], [ -14.290135418999853, 21.343571283000188 ], [ -14.29976385599997, 21.343610460000093 ], [ -14.309392297999977, 21.343649084000106 ], [ -14.319020745999921, 21.343687157000147 ], [ -14.32864919799988, 21.343724679000047 ], [ -14.338277654999956, 21.343761648 ], [ -14.34790611699998, 21.343798066000033 ], [ -14.35753458399995, 21.343833932000109 ], [ -14.367163054999935, 21.343869246000054 ], [ -14.376791530999981, 21.343904008999971 ], [ -14.386420011999974, 21.343938220000041 ], [ -14.396048495999935, 21.343971879000094 ], [ -14.405676985999889, 21.344004987000176 ], [ -14.415305478999869, 21.344037542000081 ], [ -14.42493397699991, 21.344069546000071 ], [ -14.434562478999965, 21.344100999000091 ], [ -14.444190984999864, 21.344131899 ], [ -14.453819494999834, 21.344162248000146 ], [ -14.463448007999887, 21.344192045 ], [ -14.473076525999943, 21.34422129 ], [ -14.4827050479999, 21.344249984000101 ], [ -14.492333572999883, 21.34427812600012 ], [ -14.501962101999936, 21.344305716000065 ], [ -14.511590633999845, 21.344332754 ], [ -14.521219169999881, 21.344359241000177 ], [ -14.530847708999943, 21.344385175000184 ], [ -14.540476251999849, 21.344410559000153 ], [ -14.550104797999893, 21.344435390000172 ], [ -14.559733346999963, 21.344459669000116 ], [ -14.569361898999944, 21.344483397000147 ], [ -14.578990454999939, 21.344506573000103 ], [ -14.58861901299997, 21.344529198000089 ], [ -14.59824757399997, 21.344551270000181 ], [ -14.607876137999938, 21.344572791000076 ], [ -14.617504704999931, 21.344593760000123 ], [ -14.627133274999949, 21.344614178000029 ], [ -14.636761846999946, 21.344634043000156 ], [ -14.646390421999911, 21.34465335699997 ], [ -14.656018998999969, 21.344672119000109 ], [ -14.665647578999881, 21.344690329 ], [ -14.675276160999942, 21.344707988000152 ], [ -14.684904744999926, 21.344725095000058 ], [ -14.692308880999974, 21.344737826000141 ], [ -14.692425942999876, 21.344738027000062 ], [ -14.694533331999878, 21.344741650000117 ], [ -14.704161919999876, 21.344757653000102 ], [ -14.713790510999956, 21.344773104000012 ], [ -14.723419103999902, 21.344788004 ], [ -14.733047697999893, 21.344802352000158 ], [ -14.742676293999978, 21.344816148000064 ], [ -14.752304892999916, 21.344829393000168 ], [ -14.761933491999912, 21.344842086000085 ], [ -14.771562093999876, 21.344854227000098 ], [ -14.781190696999943, 21.344865816000095 ], [ -14.790819300999942, 21.344876853000187 ], [ -14.800447906999921, 21.344887338999968 ], [ -14.810076514999878, 21.344897273000072 ], [ -14.819705122999949, 21.344906655000159 ], [ -14.829333732999942, 21.344915485000172 ], [ -14.838962343999924, 21.344923764000043 ], [ -14.848590954999963, 21.344931491000068 ], [ -14.858219567999981, 21.344938666000076 ], [ -14.867848181999932, 21.344945289000179 ], [ -14.877476796999929, 21.344951360000039 ], [ -14.887105411999926, 21.344956880000154 ], [ -14.896734027999969, 21.344961848000025 ], [ -14.906362643999955, 21.34496626400005 ], [ -14.91599126199992, 21.344970129000103 ], [ -14.925619878999896, 21.344973440999979 ], [ -14.935248496999975, 21.344976202000169 ], [ -14.944877115999873, 21.34497841200016 ], [ -14.954505733999952, 21.34498006900003 ], [ -14.964134352999906, 21.3449811750001 ], [ -14.973762971999975, 21.34498172800005 ], [ -14.983391590999872, 21.344981730000086 ], [ -14.993020209999941, 21.344981181000094 ], [ -15.002648827999906, 21.344980079000038 ], [ -15.012277446999974, 21.344978426000125 ], [ -15.021906064999882, 21.344976221000081 ], [ -15.031534682999961, 21.344973464000077 ], [ -15.041163300999926, 21.344970155999988 ], [ -15.050791917999902, 21.34496629500012 ], [ -15.060420534999878, 21.34496188300011 ], [ -15.070049150999978, 21.344956920000129 ], [ -15.079677765999918, 21.344951404000028 ], [ -15.089306380999915, 21.344945337000183 ], [ -15.098934993999876, 21.344938717000161 ], [ -15.108563606999951, 21.344931547000101 ], [ -15.118192218999923, 21.344923824000091 ], [ -15.127820829999905, 21.344915549000177 ], [ -15.137449439999898, 21.344906723000179 ], [ -15.147078047999969, 21.344897345000106 ], [ -15.156706654999937, 21.344887415000187 ], [ -15.166335260999915, 21.344876934000126 ], [ -15.175963865999904, 21.344865901000162 ], [ -15.185592468999971, 21.34485431600018 ], [ -15.195221069999945, 21.344842179000182 ], [ -15.20484966999993, 21.344829490000109 ], [ -15.21447826799988, 21.344816250000065 ], [ -15.224106864999953, 21.344802458000174 ], [ -15.233735458999945, 21.344788114000039 ], [ -15.243364051999833, 21.34477321900016 ], [ -15.25299264299997, 21.344757771000104 ], [ -15.262621230999969, 21.344741772000134 ], [ -15.272249817999921, 21.34472522100009 ], [ -15.281878401999904, 21.344708119000074 ], [ -15.291506983999966, 21.344690464000109 ], [ -15.301135563999935, 21.34467225800006 ], [ -15.310764140999936, 21.344653500000106 ], [ -15.320392715999901, 21.344634190000079 ], [ -15.330021287999955, 21.344614329000137 ], [ -15.339649857999973, 21.344593916000122 ], [ -15.349278424999909, 21.344572951000089 ], [ -15.358906988999877, 21.344551433999982 ], [ -15.368535549999876, 21.344529366000131 ], [ -15.378164107999851, 21.344506745000103 ], [ -15.387792663999903, 21.344483574000037 ], [ -15.397421215999884, 21.344459850000078 ], [ -15.407049764999954, 21.344435573999988 ], [ -15.416678310999941, 21.344410747000154 ], [ -15.426306853999961, 21.344385368000133 ], [ -15.435935392999966, 21.344359438000083 ], [ -15.445563928999945, 21.344332955000141 ], [ -15.4551924619999, 21.344305921 ], [ -15.464820989999964, 21.34427833500007 ], [ -15.474449515999936, 21.344250197 ], [ -15.484078036999904, 21.344221508000032 ], [ -15.49370655499996, 21.344192267000039 ], [ -15.503335068999945, 21.344162474000143 ], [ -15.512963578999972, 21.344132129 ], [ -15.522592084999872, 21.344101233000117 ], [ -15.532220586999927, 21.344069785000045 ], [ -15.541849083999978, 21.344037785000012 ], [ -15.551477577999947, 21.344005233000189 ], [ -15.558693856999923, 21.343980423000062 ], [ -15.561106066999912, 21.34397213 ], [ -15.570734551999976, 21.343938475000186 ], [ -15.58036303199998, 21.343904268000074 ], [ -15.589991507999912, 21.343869510000047 ], [ -15.599619979999886, 21.343834200000174 ], [ -15.60924844699997, 21.343798338000056 ], [ -15.618876908999937, 21.343761924000034 ], [ -15.628505365999956, 21.343724959000099 ], [ -15.638133817999915, 21.343687440999986 ], [ -15.647762265999972, 21.343649373000062 ], [ -15.657390707999866, 21.343610752000131 ], [ -15.667019144999927, 21.343571580000116 ], [ -15.676647577999972, 21.343531856000027 ], [ -15.686276003999922, 21.343491580000034 ], [ -15.69590442599997, 21.343450752000024 ], [ -15.705532841999968, 21.3434093730001 ], [ -15.715161252999906, 21.343367442000101 ], [ -15.724789658999953, 21.343324960000132 ], [ -15.734418057999903, 21.343281926000088 ], [ -15.744046452999953, 21.343238340000084 ], [ -15.753674840999849, 21.34319420200012 ], [ -15.763303223999969, 21.343149513000071 ], [ -15.772931599999936, 21.343104271000072 ], [ -15.782559970999898, 21.343058479000035 ], [ -15.792188335999924, 21.343012134000162 ], [ -15.8018166949999, 21.342965238000033 ], [ -15.81144504699995, 21.342917790000172 ], [ -15.821073392999892, 21.342869790000123 ], [ -15.830701732999955, 21.342821239000102 ], [ -15.840330066999911, 21.342772136 ], [ -15.849958393999941, 21.342722481000123 ], [ -15.859586714999978, 21.342672275000041 ], [ -15.869215028999974, 21.342621517000111 ], [ -15.878843335999818, 21.342570207000108 ], [ -15.888471636999952, 21.34251834600019 ], [ -15.898099930999877, 21.342465933000028 ], [ -15.907728217999932, 21.342412968000133 ], [ -15.91735649799989, 21.342359451999982 ], [ -15.926984770999923, 21.342305383000053 ], [ -15.936613036999972, 21.342250764000084 ], [ -15.946241294999936, 21.34219559200011 ], [ -15.955869546999963, 21.34213986900005 ], [ -15.965497790999905, 21.342083594000087 ], [ -15.97512602799992, 21.342026767999982 ], [ -15.984754256999963, 21.341969390000031 ], [ -15.99438247899991, 21.341911460000063 ], [ -16.004010692999941, 21.34185297800019 ], [ -16.013638899999819, 21.341793945000177 ], [ -16.023267097999963, 21.341734361000078 ], [ -16.032895288999953, 21.341674224000144 ], [ -16.042523472999903, 21.341613536000068 ], [ -16.052151647999949, 21.341552295999975 ], [ -16.061779814999966, 21.341490505000138 ], [ -16.071407973999897, 21.341428162000057 ], [ -16.081036124999969, 21.341365267000072 ], [ -16.090664266999966, 21.341301821000172 ], [ -16.100292400999933, 21.341237823000029 ], [ -16.109920526999929, 21.341173274000084 ], [ -16.119548644999952, 21.341108173000123 ], [ -16.1291767539999, 21.341042520000087 ], [ -16.138804853999943, 21.340976315000034 ], [ -16.148432945999957, 21.340909559000011 ], [ -16.158061027999963, 21.340842252000073 ], [ -16.16768910199994, 21.340774392000128 ], [ -16.177317166999956, 21.340705981000042 ], [ -16.186945223999942, 21.340637019000042 ], [ -16.196573270999977, 21.340567505000138 ], [ -16.206201308999937, 21.340497439000046 ], [ -16.215829337999935, 21.340426821000051 ], [ -16.225457356999925, 21.340355652000085 ], [ -16.235085366999954, 21.340283932000034 ], [ -16.244713367999964, 21.34021166000008 ], [ -16.254341359999898, 21.340138836000108 ], [ -16.26396934099995, 21.340065461000165 ], [ -16.273597313999858, 21.339991533999978 ], [ -16.283225275999939, 21.339917055000171 ], [ -16.292853228999945, 21.339842025000166 ], [ -16.302481171999887, 21.339766443000144 ], [ -16.31210910499982, 21.339690310000151 ], [ -16.321737027999916, 21.339613625000084 ], [ -16.331364940999947, 21.33953638800017 ], [ -16.340992843999913, 21.339458600000114 ], [ -16.350620736999929, 21.339380261000144 ], [ -16.360248618999947, 21.339301370000101 ], [ -16.369876490999957, 21.339221926999983 ], [ -16.379504352999959, 21.339141933000121 ], [ -16.389132203999964, 21.339061387000072 ], [ -16.39876004499996, 21.338980289000062 ], [ -16.40838787499996, 21.338898639999968 ], [ -16.418015693999962, 21.33881644000013 ], [ -16.427643502999956, 21.338733688000048 ], [ -16.437271300999953, 21.338650384000061 ], [ -16.446899087999952, 21.338566529000161 ], [ -16.456526862999965, 21.338482122000187 ], [ -16.46615462799997, 21.338397164000071 ], [ -16.475782381999977, 21.338311654000108 ], [ -16.485410123999941, 21.338225593000175 ], [ -16.495037855999954, 21.33813898 ], [ -16.504665575999979, 21.338051816000075 ], [ -16.514293283999962, 21.337964100000136 ], [ -16.523920980999947, 21.337875832000123 ], [ -16.533548665999945, 21.337787013000138 ], [ -16.543176339999945, 21.337697643000183 ], [ -16.552804001999903, 21.33760772100004 ], [ -16.562431652999976, 21.337517248000097 ], [ -16.57205929099996, 21.337426223000136 ], [ -16.581686917999946, 21.337334646000102 ], [ -16.591314531999956, 21.337242518000096 ], [ -16.600942134999912, 21.337149839000176 ], [ -16.610569724999891, 21.337056608000182 ], [ -16.620197302999884, 21.336962826000047 ], [ -16.629824868999947, 21.336868492000065 ], [ -16.639452422999966, 21.336773606 ], [ -16.649079963999839, 21.336678170000141 ], [ -16.658707492999895, 21.336582181000097 ], [ -16.668335008999975, 21.336485641000081 ], [ -16.677962511999965, 21.336388550000152 ], [ -16.687590002999912, 21.33629090800008 ], [ -16.697217480999882, 21.336192713 ], [ -16.706844945999933, 21.336093968000114 ], [ -16.716472397999951, 21.335994671000151 ], [ -16.726099836999879, 21.335894822000171 ], [ -16.735727263999934, 21.335794422 ], [ -16.745354676999909, 21.33569347100007 ], [ -16.754982075999976, 21.335591968000131 ], [ -16.764609462999942, 21.33548991400005 ], [ -16.774236835999886, 21.335387308000065 ], [ -16.783864195999968, 21.335284151000167 ], [ -16.793491541999913, 21.335180442000024 ], [ -16.803118874999882, 21.33507618200008 ], [ -16.812746193999942, 21.334971371000051 ], [ -16.82237349899998, 21.33486600800012 ], [ -16.832000789999938, 21.334760094000046 ], [ -16.841628067999977, 21.334653628000126 ], [ -16.851255331999937, 21.334546611000064 ], [ -16.860882581999817, 21.334439043000032 ], [ -16.87050981699997, 21.334330923000152 ], [ -16.880137038999976, 21.334222252000131 ], [ -16.889764245999913, 21.334113029000093 ], [ -16.899391438999885, 21.334003255000027 ], [ -16.909018617999948, 21.333892930000047 ], [ -16.918645781999942, 21.33378205300005 ], [ -16.928272931999913, 21.333670625000082 ], [ -16.93790006699993, 21.333558646000142 ], [ -16.947527186999878, 21.333446115000129 ], [ -16.957159347999891, 21.333333033000031 ], [ -16.959648281999932, 21.317789690000097 ], [ -16.961845851999954, 21.309046848000094 ], [ -16.964043162999872, 21.300303968000037 ], [ -16.966240212999935, 21.291561050000155 ], [ -16.968437003999895, 21.282818094000049 ], [ -16.970633534999934, 21.274075101000108 ], [ -16.972829805999936, 21.265332070000113 ], [ -16.975025817999892, 21.256589001000123 ], [ -16.977221570999916, 21.247845895000069 ], [ -16.97941706499995, 21.239102751000132 ], [ -16.981612299999938, 21.230359569000086 ], [ -16.983807276999926, 21.22161635000009 ], [ -16.986001993999878, 21.212873093000098 ], [ -16.988196452999944, 21.204129798000054 ], [ -16.990390653999953, 21.195386466000173 ], [ -16.992584596999905, 21.186643097000172 ], [ -16.99477828199997, 21.177899690000118 ], [ -16.99477828199997, 21.169194694 ], [ -16.99477828199997, 21.160489690000077 ], [ -16.997788800999899, 21.152128968 ], [ -17.000798980999946, 21.143768184000123 ], [ -17.003808823999918, 21.13540733800005 ], [ -17.006818328999884, 21.127046430000178 ], [ -17.009827496999833, 21.118685460999984 ], [ -17.012836327999935, 21.11032443 ], [ -17.015844820999973, 21.101963337000029 ], [ -17.018852977999927, 21.093602183000087 ], [ -17.021860797999977, 21.085240967000175 ], [ -17.024868281999886, 21.076879690000169 ], [ -17.027681250999933, 21.068562272000122 ], [ -17.030493906999936, 21.060244799000031 ], [ -17.033306250999942, 21.051927272000057 ], [ -17.036118281999904, 21.043609690000039 ], [ -17.036501718999943, 21.03550637800015 ], [ -17.036885113999915, 21.027403058000061 ], [ -17.037268467999922, 21.019299729000068 ], [ -17.037651780999965, 21.011196391 ], [ -17.038035051999941, 21.003093045000128 ], [ -17.038117074999889, 21.001358687000163 ], [ -17.038418281999952, 20.994989690000125 ], [ -17.044558281999969, 20.974769690000073 ], [ -17.046937229999969, 20.966988124000181 ], [ -17.049315931999956, 20.959206518000087 ], [ -17.05169438899992, 20.951424871000029 ], [ -17.05407259899988, 20.943643184000052 ], [ -17.056450562999885, 20.935861456999987 ], [ -17.058828281999979, 20.928079690000175 ], [ -17.06102070399993, 20.920819759000153 ], [ -17.063212914999951, 20.913559793000047 ], [ -17.065404914999874, 20.90629979300013 ], [ -17.067596703999925, 20.899039759000175 ], [ -17.069788281999934, 20.891779690000135 ], [ -17.068654045999949, 20.883917719000067 ], [ -17.067519927999967, 20.876055734000147 ], [ -17.066385927999931, 20.868193734000158 ], [ -17.065252045999898, 20.860331719000044 ], [ -17.064118281999981, 20.852469690000135 ], [ -17.064434977999895, 20.845536363000122 ], [ -17.064751643999898, 20.838603030000172 ], [ -17.06506828199997, 20.831669690000069 ], [ -17.056658281999944, 20.800389690000088 ], [ -17.053744656999925, 20.792803079000066 ], [ -17.050831323999944, 20.785216413000114 ], [ -17.04877874999994, 20.779870692000031 ], [ -17.049048609999943, 20.782391166000025 ], [ -17.049185630999943, 20.787020836000067 ], [ -17.049240642999962, 20.789967626000191 ], [ -17.048873649999962, 20.794324317000132 ], [ -17.049194671999942, 20.798109047000139 ], [ -17.049707697999963, 20.801469806000114 ], [ -17.048648677999893, 20.803591659000062 ], [ -17.047648671999923, 20.808800291000125 ], [ -17.045304631999954, 20.814310907000049 ], [ -17.044172614999923, 20.817790663000039 ], [ -17.043057602999966, 20.822252350000156 ], [ -17.042817608999883, 20.825438124000129 ], [ -17.042198608999911, 20.829657826000073 ], [ -17.04140259899998, 20.832477628000106 ], [ -17.040070576999881, 20.836007382000162 ], [ -17.039779580999948, 20.839100163000182 ], [ -17.039489585999945, 20.842285937000156 ], [ -17.038659577999852, 20.845901682999965 ], [ -17.037898574999929, 20.850591352000151 ], [ -17.038436596999873, 20.852642205000109 ], [ -17.036831563999954, 20.854913049000061 ], [ -17.035057522999978, 20.856203963000098 ], [ -17.033863502999964, 20.859075763000021 ], [ -17.033987509999974, 20.860337672000071 ], [ -17.036037573999977, 20.8631124690001 ], [ -17.038269638999907, 20.864996326999972 ], [ -17.043755788999874, 20.867203152000059 ], [ -17.047743900999933, 20.869479978000186 ], [ -17.05182001299994, 20.871100849000072 ], [ -17.05670714799993, 20.873364672000037 ], [ -17.059250222999935, 20.875804490000121 ], [ -17.062048305999951, 20.878521288000059 ], [ -17.063216349999891, 20.882199023000112 ], [ -17.062889355999914, 20.886040751000053 ], [ -17.063917387999879, 20.887615636000021 ], [ -17.064453409999942, 20.889572495000039 ], [ -17.064563423999971, 20.892752269000084 ], [ -17.063482409999949, 20.89632401900019 ], [ -17.061750377999942, 20.899813777000077 ], [ -17.060175351999874, 20.903674509000155 ], [ -17.058633322999924, 20.906693300000086 ], [ -17.056294273999924, 20.909770089000176 ], [ -17.054299232999881, 20.912561897000046 ], [ -17.051848177999943, 20.91498573399997 ], [ -17.049826130999975, 20.916327645000081 ], [ -17.047460075999879, 20.918001534000098 ], [ -17.044379998999943, 20.91884548500002 ], [ -17.043854979999935, 20.917496582000069 ], [ -17.044970002999889, 20.91570170600005 ], [ -17.047729066999921, 20.913739836000104 ], [ -17.048600083999872, 20.912229940000032 ], [ -17.044698980999954, 20.911962971999969 ], [ -17.041331899999875, 20.913465875999975 ], [ -17.038776841999947, 20.915703726000061 ], [ -17.035962775999906, 20.917432613000187 ], [ -17.032769692999864, 20.917622610000024 ], [ -17.030274628999905, 20.917707612000129 ], [ -17.02778556599992, 20.918167588000188 ], [ -17.024879488999943, 20.917651634000094 ], [ -17.022515433999899, 20.919419516 ], [ -17.0224834469999, 20.923022261000142 ], [ -17.023427479999953, 20.925394090000168 ], [ -17.023941505999915, 20.928800846000115 ], [ -17.021702459999972, 20.931923632000064 ], [ -17.020893456999886, 20.936662299000034 ], [ -17.021598485999959, 20.939645085000052 ], [ -17.02118349299991, 20.944142768000177 ], [ -17.020365486999935, 20.948413468000183 ], [ -17.021161516999939, 20.950881290000098 ], [ -17.02235255699992, 20.953155125000023 ], [ -17.022197560999871, 20.955496960000062 ], [ -17.020052515999964, 20.958289769000146 ], [ -17.018109476999939, 20.961174571000072 ], [ -17.017075462999912, 20.964606331000027 ], [ -17.016189451999878, 20.967941098000153 ], [ -17.01525744199995, 20.971511847999977 ], [ -17.015142455999921, 20.976004530000125 ], [ -17.016252496999925, 20.979262296 ], [ -17.01727853899996, 20.983364002000087 ], [ -17.016984541999932, 20.986315794000063 ], [ -17.016041528999892, 20.989278587000172 ], [ -17.01568152699997, 20.991342442000132 ], [ -17.014091497999914, 20.99445522700006 ], [ -17.014036504999922, 20.996795062000103 ], [ -17.013922518999891, 21.001334741000107 ], [ -17.013996535999979, 21.005264462000071 ], [ -17.013037528999973, 21.010051127000111 ], [ -17.011921516999962, 21.014419821000104 ], [ -17.011442517999967, 21.018169558000125 ], [ -17.013301578999972, 21.021416322000164 ], [ -17.015657641999951, 21.021894280000083 ], [ -17.017697692999889, 21.02148830200008 ], [ -17.020633766999879, 21.020927332000042 ], [ -17.023598837999941, 21.019244441000126 ], [ -17.024812861999919, 21.017400568000085 ], [ -17.023593826999956, 21.016343646 ], [ -17.020903757999974, 21.016712629000097 ], [ -17.018278684999927, 21.015209744000174 ], [ -17.01639862899998, 21.013507871000115 ], [ -17.016083607999917, 21.010050117000048 ], [ -17.017250621999949, 21.005728419000036 ], [ -17.018615640999883, 21.00126173000001 ], [ -17.018637635999937, 20.999811833000024 ], [ -17.018537622999929, 20.997146022000038 ], [ -17.017785592999871, 20.994351222000034 ], [ -17.017776580999907, 20.991216444000031 ], [ -17.018627593999895, 20.988676621000138 ], [ -17.019760619999943, 20.987863674999971 ], [ -17.019908632999943, 20.990387495999983 ], [ -17.019271628999888, 20.9936722650001 ], [ -17.020326667999882, 20.996650051000074 ], [ -17.02091068999988, 20.998512917000028 ], [ -17.022060729999907, 21.001255719000142 ], [ -17.021877738999876, 21.004767471000093 ], [ -17.021935751999877, 21.007854253000062 ], [ -17.022190768999963, 21.010798044000182 ], [ -17.023325805999889, 21.012697905000095 ], [ -17.02590787999992, 21.014575764000085 ], [ -17.027309926999919, 21.017408559000103 ], [ -17.025423890999946, 21.020666334999987 ], [ -17.023558848999983, 21.022426216000042 ], [ -17.026754941999911, 21.025043021000101 ], [ -17.028520000999947, 21.02861776200001 ], [ -17.03065007299989, 21.032982446000062 ], [ -17.031969120999975, 21.036705178000034 ], [ -17.03173512799998, 21.040217930999972 ], [ -17.030755115999966, 21.043835678000107 ], [ -17.028083061999951, 21.047807406000061 ], [ -17.024199963999934, 21.048475372000098 ], [ -17.020056856999929, 21.04858737800015 ], [ -17.016870765999954, 21.04648453700014 ], [ -17.013627672999917, 21.044008723000104 ], [ -17.010875589999955, 21.041056941000136 ], [ -17.008829526999932, 21.038516127000037 ], [ -17.008560505999981, 21.034824389000107 ], [ -17.008570498999916, 21.03271853800004 ], [ -17.009423511999955, 21.030272707999984 ], [ -17.008888490999936, 21.028361845000063 ], [ -17.007380449999971, 21.027870885000141 ], [ -17.00661543599989, 21.029660761000116 ], [ -17.005126409999946, 21.032818543000076 ], [ -17.002876360999949, 21.035333372000025 ], [ -16.998114253999915, 21.03966508200017 ], [ -16.991035081999939, 21.043003869000074 ], [ -16.987925028999939, 21.050210370000116 ], [ -16.986025998999935, 21.05548000400006 ], [ -16.981213890999925, 21.059812714000088 ], [ -16.977278800999954, 21.06300850100007 ], [ -16.975472771999932, 21.067902161000177 ], [ -16.974336764999975, 21.073861744000055 ], [ -16.974033776999875, 21.078966385000058 ], [ -16.973036770999897, 21.084362007000095 ], [ -16.972141768999904, 21.089849622000031 ], [ -16.971003761999896, 21.0957622090001 ], [ -16.969693744999972, 21.100414885000134 ], [ -16.965614652999875, 21.103940650000084 ], [ -16.961215546999938, 21.106348494000031 ], [ -16.955473398999914, 21.10643750700001 ], [ -16.950586272999942, 21.10679449800017 ], [ -16.946849177999923, 21.107273477000092 ], [ -16.943853099999899, 21.1072734870001 ], [ -16.940862012999958, 21.104933662 ], [ -16.938002936999908, 21.104276718000051 ], [ -16.937299917999951, 21.104053736000026 ], [ -16.937346927999897, 21.106532561000051 ], [ -16.94191306099998, 21.110345276000146 ], [ -16.945125157999939, 21.113851018000105 ], [ -16.946521212999983, 21.118975652000131 ], [ -16.945702197999879, 21.120578542000032 ], [ -16.942948134999938, 21.122867390000067 ], [ -16.94412017999997, 21.126732113 ], [ -16.945192222999935, 21.130598837000036 ], [ -16.942199155999958, 21.133452645999967 ], [ -16.939315093999937, 21.136772421000103 ], [ -16.938697093999963, 21.141086119000022 ], [ -16.937248075999889, 21.146348753000041 ], [ -16.934331015999874, 21.15055846600012 ], [ -16.933598019999977, 21.156699035000031 ], [ -16.930403947999935, 21.159461851 ], [ -16.92391578999991, 21.162370668000108 ], [ -16.919541670999934, 21.160800793000135 ], [ -16.917149599999959, 21.158451967000133 ], [ -16.91534953199988, 21.153006357000038 ], [ -16.91139441699994, 21.149839593000024 ], [ -16.907403304999946, 21.147421777000034 ], [ -16.901245130999939, 21.143962041000123 ], [ -16.898233029999972, 21.137833483000179 ], [ -16.895430935999912, 21.132262885000046 ], [ -16.89216683799998, 21.128664150000077 ], [ -16.889078748999964, 21.126466315000073 ], [ -16.888117711999939, 21.123159551000185 ], [ -16.886562659999981, 21.120189766000067 ], [ -16.884551574999932, 21.111518384000021 ], [ -16.883446524999897, 21.105874786000072 ], [ -16.882960484999899, 21.098630299000092 ], [ -16.882700456999885, 21.09278671200002 ], [ -16.882316419999938, 21.085681215000022 ], [ -16.882305396999982, 21.079785631 ], [ -16.88161836199987, 21.075164960000052 ], [ -16.879496291999885, 21.071174248999966 ], [ -16.874103141999967, 21.068591449000166 ], [ -16.871169048999946, 21.063958786000114 ], [ -16.867108929999915, 21.060513043000185 ], [ -16.867318907999959, 21.053117565000093 ], [ -16.868155906999959, 21.04716198300008 ], [ -16.868847913999844, 21.04415719300016 ], [ -16.869732923999948, 21.040775429000121 ], [ -16.867978867999966, 21.037807645000044 ], [ -16.8665118159999, 21.034134909000102 ], [ -16.859560623999926, 21.031128145000025 ], [ -16.856369531999974, 21.028631332000089 ], [ -16.851104380999971, 21.024876614000107 ], [ -16.84664025099994, 21.021203889000049 ], [ -16.845293195999943, 21.015938266000035 ], [ -16.843997133999892, 21.008144821000144 ], [ -16.842427077999957, 21.004333096000153 ], [ -16.839115979999974, 21.000875352000037 ], [ -16.833941828999968, 20.996651667000037 ], [ -16.828053657999931, 20.991644041000143 ], [ -16.825154551999958, 20.983547624000039 ], [ -16.821137423999858, 20.977107093000143 ], [ -16.820152380999957, 20.972537420000151 ], [ -16.821718405999945, 20.968161724000083 ], [ -16.822064393999881, 20.962683111000047 ], [ -16.822707399999899, 20.959725319000086 ], [ -16.82246337499987, 20.954722674000152 ], [ -16.821377329999962, 20.950108004000072 ], [ -16.817596204999973, 20.942915526000036 ], [ -16.816155148999826, 20.937977881000165 ], [ -16.811615021999955, 20.935616063000111 ], [ -16.807274899999925, 20.933204248000152 ], [ -16.80266976899992, 20.930000490000111 ], [ -16.798661652999954, 20.926694738000151 ], [ -16.796571599999936, 20.927054719000182 ], [ -16.797396635999917, 20.931112429000166 ], [ -16.795506597999918, 20.934182218000046 ], [ -16.790766485999939, 20.937063029000115 ], [ -16.785900354999967, 20.935876129000178 ], [ -16.782929253999953, 20.929278606000082 ], [ -16.781814191999899, 20.920500232000109 ], [ -16.781179148999911, 20.913304744000186 ], [ -16.780141094999919, 20.905929271 ], [ -16.78014206499995, 20.89802183200004 ], [ -16.779202022999925, 20.893218176000175 ], [ -16.778007982999895, 20.890803351000102 ], [ -16.7729958299999, 20.884518813000057 ], [ -16.767526662999899, 20.877913299999989 ], [ -16.764644571999895, 20.873373631 ], [ -16.76416353299993, 20.866410127000108 ], [ -16.763663490999932, 20.85841669600012 ], [ -16.764917504999858, 20.853392049000149 ], [ -16.76458447999994, 20.848998362000145 ], [ -16.764085437999938, 20.841052928000181 ], [ -16.760403315999895, 20.833858451000083 ], [ -16.75184607999995, 20.830295733000185 ], [ -16.744244870999921, 20.827091985000095 ], [ -16.741030774999899, 20.823493251000059 ], [ -16.738427686999898, 20.817918656000074 ], [ -16.733083527999952, 20.81257505300016 ], [ -16.731246462999934, 20.80787839300001 ], [ -16.731864462999908, 20.803564698000059 ], [ -16.728412352999896, 20.797957108000105 ], [ -16.727465318999975, 20.795398293 ], [ -16.729547350999951, 20.789237724000031 ], [ -16.721586110999908, 20.780238390000079 ], [ -16.723416134999979, 20.773986828999966 ], [ -16.719079004999969, 20.769095191000076 ], [ -16.713114835999932, 20.765351477000138 ], [ -16.708998705999875, 20.758911949000037 ], [ -16.707066639999937, 20.754451271999983 ], [ -16.704443556999934, 20.750421568000036 ], [ -16.698737396999888, 20.747141820000081 ], [ -16.695735307999939, 20.744194039000149 ], [ -16.690380166999944, 20.743576101000031 ], [ -16.685645035999926, 20.741403270999967 ], [ -16.68170893599995, 20.741933246000031 ], [ -16.684635016999948, 20.743478126000184 ], [ -16.685933060999957, 20.746124934000136 ], [ -16.682678983999836, 20.748327787000051 ], [ -16.678859879999948, 20.747076889000141 ], [ -16.675028763999933, 20.742551223000135 ], [ -16.675277750999953, 20.7372136030001 ], [ -16.675730734999945, 20.729487152 ], [ -16.675895722999826, 20.724993471000062 ], [ -16.678003759999967, 20.720234802999983 ], [ -16.679108760999952, 20.712591345000135 ], [ -16.680142774999865, 20.709160586000053 ], [ -16.681190792999871, 20.706476774 ], [ -16.680907778999938, 20.70470390100013 ], [ -16.678832719999889, 20.703286009000067 ], [ -16.680731749999836, 20.698016378000091 ], [ -16.682576787999892, 20.695226571000092 ], [ -16.684987833999912, 20.690697886000123 ], [ -16.68820991299998, 20.68938497 ], [ -16.68933392699995, 20.685437247000152 ], [ -16.688402886999938, 20.681100560000061 ], [ -16.686427820999938, 20.676966861000039 ], [ -16.678754615999935, 20.675309004000098 ], [ -16.674610498999982, 20.672706203000132 ], [ -16.671865408999963, 20.667509583000026 ], [ -16.668360305999954, 20.664335820000076 ], [ -16.660357086999966, 20.661045081000054 ], [ -16.653330897999922, 20.659236233000115 ], [ -16.644731653999941, 20.653474670999969 ], [ -16.639962505999961, 20.646859159000087 ], [ -16.636062374999938, 20.638638758000184 ], [ -16.63168623599995, 20.631688269000051 ], [ -16.627956123999979, 20.627255597000101 ], [ -16.624476016999893, 20.622770929000126 ], [ -16.620232887999975, 20.617597312000044 ], [ -16.6129076819999, 20.613172651000127 ], [ -16.604620448999981, 20.608015046000162 ], [ -16.597762228999898, 20.596565886 ], [ -16.593933113999981, 20.592134215000044 ], [ -16.588250949999974, 20.587450568000065 ], [ -16.582153780999931, 20.584550795000041 ], [ -16.574803578999934, 20.581484038000042 ], [ -16.572177506999878, 20.580373126000154 ], [ -16.570322455999872, 20.57941320000009 ], [ -16.567941385999973, 20.577205366000044 ], [ -16.565793329999963, 20.577087381000126 ], [ -16.562509232999901, 20.573993613000141 ], [ -16.558784125999978, 20.571015837000118 ], [ -16.554501008999978, 20.56942496500011 ], [ -16.552713965999942, 20.57026991000015 ], [ -16.548530853999921, 20.569467981000116 ], [ -16.546497795999926, 20.568036090000078 ], [ -16.545820771999956, 20.566015236000169 ], [ -16.544720731999973, 20.562849466000102 ], [ -16.542838668999934, 20.559117739000158 ], [ -16.540893607999976, 20.555949972000121 ], [ -16.538545541999952, 20.554552080000121 ], [ -16.537217498999894, 20.552205252000078 ], [ -16.535447460999933, 20.554414099000155 ], [ -16.534842451999964, 20.556278968000186 ], [ -16.535871488999931, 20.559121761000085 ], [ -16.536843525999871, 20.562621508000063 ], [ -16.537496554999905, 20.565812277000191 ], [ -16.537549564999949, 20.568194107000068 ], [ -16.5358905249999, 20.569189041000129 ], [ -16.534710497999981, 20.570017986000096 ], [ -16.533442470999944, 20.571642873000144 ], [ -16.532042436999916, 20.572326829000076 ], [ -16.530793414999948, 20.575339618000044 ], [ -16.531022426999982, 20.577060494000136 ], [ -16.531317443999967, 20.579683305000174 ], [ -16.532018471999891, 20.582290117000014 ], [ -16.534049577999895, 20.597277039000176 ], [ -16.538724733999913, 20.606842341000061 ], [ -16.537744750999934, 20.618460514000049 ], [ -16.536916761999976, 20.627502871000104 ], [ -16.533715715999961, 20.637846143000047 ], [ -16.53237472099994, 20.648861361 ], [ -16.531365720999872, 20.656268835000105 ], [ -16.53236978599989, 20.667108059000043 ], [ -16.538940990999947, 20.676596361000122 ], [ -16.540501072999973, 20.687847553999973 ], [ -16.537049009999919, 20.695434024000122 ], [ -16.534119965999935, 20.704322400000137 ], [ -16.535169021999877, 20.71225983100004 ], [ -16.535490063999873, 20.721378181000091 ], [ -16.534243069999945, 20.7320644240001 ], [ -16.530234991999919, 20.739331919000051 ], [ -16.525831856999957, 20.733599341000172 ], [ -16.524350802999891, 20.729224658000135 ], [ -16.515018551999901, 20.726936850000016 ], [ -16.509447401999921, 20.72547897200019 ], [ -16.503282236999894, 20.724265078000144 ], [ -16.497911101999932, 20.725472009000043 ], [ -16.4915229369999, 20.72571201300002 ], [ -16.487733829999854, 20.72338419100015 ], [ -16.490340870999887, 20.715998708000086 ], [ -16.494270950999919, 20.709902130000103 ], [ -16.494271903999902, 20.69670807000017 ], [ -16.49450087699995, 20.687628717000109 ], [ -16.495441880999977, 20.6819061220001 ], [ -16.490938752999909, 20.678841355000088 ], [ -16.487365644999954, 20.674732659000142 ], [ -16.482667502999959, 20.669238066000162 ], [ -16.478589380999949, 20.664857391000169 ], [ -16.474831261999952, 20.658926826000027 ], [ -16.471051147999901, 20.65444815800015 ], [ -16.468739094999933, 20.656309033000014 ], [ -16.467560086999981, 20.662642584000139 ], [ -16.465052019999973, 20.662073633000034 ], [ -16.464371986999936, 20.657779941000058 ], [ -16.464500975999954, 20.654035208000096 ], [ -16.464513950999958, 20.646782726000083 ], [ -16.458445787999949, 20.645426842000177 ], [ -16.452593624999963, 20.642337081000051 ], [ -16.449132512999938, 20.636215528999969 ], [ -16.445844419999958, 20.633973699000137 ], [ -16.441966312999966, 20.632255833999977 ], [ -16.441459326999905, 20.639796298000022 ], [ -16.437687223999944, 20.638405408999972 ], [ -16.434620158999905, 20.642617118000032 ], [ -16.432096116999958, 20.64915965900019 ], [ -16.429764049999903, 20.647277801000087 ], [ -16.428955016999964, 20.644109030000038 ], [ -16.430762046999973, 20.639308366000023 ], [ -16.432984080999972, 20.632676833000119 ], [ -16.434528100999955, 20.627132224000093 ], [ -16.43505708299989, 20.618093867000027 ], [ -16.434428324999942, 20.616594561000113 ], [ -16.433069013999898, 20.61335321200005 ], [ -16.431489947999978, 20.606406713000069 ], [ -16.430453904999979, 20.601791046000187 ], [ -16.428215828999896, 20.596959398000081 ], [ -16.427555790999918, 20.591121818000033 ], [ -16.424474694999958, 20.586631148000095 ], [ -16.420396572999948, 20.582203478000054 ], [ -16.417541488999973, 20.579468682000083 ], [ -16.416318451999871, 20.577906798000186 ], [ -16.414538397999934, 20.575824952000062 ], [ -16.410109272999932, 20.573097161000021 ], [ -16.406921178999937, 20.569950395999967 ], [ -16.402082044999929, 20.567454590000068 ], [ -16.398630942999944, 20.564088842000103 ], [ -16.396698879999974, 20.560360114000162 ], [ -16.394263799999919, 20.555769450000128 ], [ -16.392885745999934, 20.550607824000053 ], [ -16.389313631999983, 20.544584266000129 ], [ -16.386804553999923, 20.541166518000125 ], [ -16.385799518999931, 20.538696698000081 ], [ -16.384113459999924, 20.534159028000147 ], [ -16.382974413999932, 20.529592359000048 ], [ -16.380597341999874, 20.526682574000063 ], [ -16.379092290999949, 20.523397814000077 ], [ -16.378192253999941, 20.519473098000049 ], [ -16.378194239999914, 20.515638372000012 ], [ -16.378354230999946, 20.511936637000076 ], [ -16.379177234999872, 20.506935992000138 ], [ -16.37949223499993, 20.504862140000114 ], [ -16.378110183999979, 20.500401464000163 ], [ -16.376532118999876, 20.493660951000152 ], [ -16.375419055999885, 20.48409064000009 ], [ -16.373633992999885, 20.479558971000074 ], [ -16.372546948999911, 20.475035298000137 ], [ -16.370554880999975, 20.470374639000056 ], [ -16.366675752999981, 20.462684202000162 ], [ -16.363499648999891, 20.456638645000055 ], [ -16.36188659499993, 20.45321889600018 ], [ -16.35962552399991, 20.449788149000085 ], [ -16.357398447999913, 20.444579529000066 ], [ -16.353358320999973, 20.438252996000188 ], [ -16.352321277999977, 20.433727323000085 ], [ -16.352542270999948, 20.430208575000108 ], [ -16.353990297999928, 20.427184788000091 ], [ -16.355492334999951, 20.426542829000027 ], [ -16.357217370999876, 20.423971008000137 ], [ -16.359466431999977, 20.42487793600003 ], [ -16.36137448299985, 20.425147911000067 ], [ -16.362234502999968, 20.424586948000126 ], [ -16.36102346499996, 20.422783081000148 ], [ -16.358616395999888, 20.420949220000011 ], [ -16.356040324999924, 20.419593326000097 ], [ -16.353523254999914, 20.418374421000067 ], [ -16.351857204999931, 20.416453564000051 ], [ -16.350326149999887, 20.41200188900001 ], [ -16.347053045999871, 20.406756275000134 ], [ -16.342922930999919, 20.404455453000025 ], [ -16.339893849999953, 20.403778511000155 ], [ -16.332419632999972, 20.397450989000106 ], [ -16.329454538999869, 20.392375363000042 ], [ -16.328922514999874, 20.389505571000086 ], [ -16.326811444999919, 20.385318878000191 ], [ -16.326119413999947, 20.381523153000103 ], [ -16.324225345999935, 20.376061551000078 ], [ -16.322468274999949, 20.368864073 ], [ -16.319224173999942, 20.364083427000082 ], [ -16.317119114999912, 20.363075506000087 ], [ -16.315302069999973, 20.363454484000158 ], [ -16.31423304599997, 20.364635403000079 ], [ -16.313196010999945, 20.362446563000162 ], [ -16.313077998999972, 20.359835751000162 ], [ -16.312482958999908, 20.352901252000038 ], [ -16.312293949999912, 20.351509352000164 ], [ -16.310920903999829, 20.348731556000189 ], [ -16.310571886999981, 20.346412724000174 ], [ -16.309513847999938, 20.343103965000068 ], [ -16.30942783799992, 20.341004116000136 ], [ -16.306694756999832, 20.337973343000101 ], [ -16.303701672999978, 20.336312472000088 ], [ -16.299705560999939, 20.333770667000181 ], [ -16.298381527999879, 20.33407664900011 ], [ -16.297864517999926, 20.335320561000174 ], [ -16.295685456999934, 20.333942667000031 ], [ -16.294052409999892, 20.332534773000077 ], [ -16.293215388999897, 20.332673766000084 ], [ -16.290233310999895, 20.332741770000041 ], [ -16.287311224999883, 20.329861985999969 ], [ -16.284872150999888, 20.326768217000051 ], [ -16.282396071999926, 20.322320544000036 ], [ -16.280530013999964, 20.319616744000143 ], [ -16.279642977999856, 20.315877016000172 ], [ -16.27790891899997, 20.312137291000113 ], [ -16.276725878999969, 20.309209505000126 ], [ -16.275673842999879, 20.306788682000104 ], [ -16.274441802999831, 20.304657839000129 ], [ -16.274028783999938, 20.302109024000174 ], [ -16.273721766999927, 20.299648202000128 ], [ -16.272853734999956, 20.29698339700019 ], [ -16.270566664999933, 20.293928624000102 ], [ -16.268728606999957, 20.290894848000107 ], [ -16.267271559999926, 20.288356035000106 ], [ -16.265588522999963, 20.290036919000102 ], [ -16.263949482999976, 20.290873864000162 ], [ -16.261138410999934, 20.291260845000068 ], [ -16.258790352999938, 20.291901806000112 ], [ -16.254633245999969, 20.292267793000121 ], [ -16.251734172999932, 20.292845760000034 ], [ -16.247935072999894, 20.292584791000024 ], [ -16.243350953999879, 20.292505811000069 ], [ -16.239168842999959, 20.29170388100016 ], [ -16.235585743999877, 20.290169003000187 ], [ -16.232798658999968, 20.286299289999988 ], [ -16.230187578999903, 20.282840547000092 ], [ -16.227508495999928, 20.279105824000055 ], [ -16.225255423999954, 20.27502012500014 ], [ -16.223232363999955, 20.272979279000026 ], [ -16.222256328999947, 20.270180483000104 ], [ -16.221382296999934, 20.26742268400011 ], [ -16.220341258999952, 20.264392906000069 ], [ -16.219598223999924, 20.259804239000061 ], [ -16.219595217999938, 20.258215353000082 ], [ -16.219030199999906, 20.257170430000031 ], [ -16.216673126999922, 20.253791681000166 ], [ -16.214559062999967, 20.25110088100007 ], [ -16.213276018999977, 20.248179096 ], [ -16.212793993999981, 20.24455835800012 ], [ -16.210812929999918, 20.240831633000028 ], [ -16.208181856999829, 20.239384745000052 ], [ -16.205951796999955, 20.238757797000062 ], [ -16.204185738999968, 20.235300052000014 ], [ -16.203045698999915, 20.232276273000025 ], [ -16.201274645999945, 20.230268422999984 ], [ -16.199475590999953, 20.227841604000048 ], [ -16.199215569999922, 20.223787897000079 ], [ -16.199024556999916, 20.221601055000178 ], [ -16.19862952099993, 20.213908610999965 ], [ -16.20074656099996, 20.209678910000036 ], [ -16.202972582999905, 20.19941264300013 ], [ -16.205964628999936, 20.190227297000092 ], [ -16.208288674999949, 20.186126585000068 ], [ -16.211574735999875, 20.179169077000097 ], [ -16.214609811999935, 20.178397124000128 ], [ -16.218200897999964, 20.17619127200004 ], [ -16.222004994999963, 20.175751292000029 ], [ -16.225161064999952, 20.172213538000051 ], [ -16.228226145999884, 20.172655496000061 ], [ -16.229769185999942, 20.172665491000089 ], [ -16.23096920699993, 20.169654704000095 ], [ -16.232142224999905, 20.166224947999979 ], [ -16.233620248999955, 20.162124239999969 ], [ -16.230372163999903, 20.161926264000101 ], [ -16.22932112899997, 20.159505442000182 ], [ -16.230612153999971, 20.15714460900017 ], [ -16.23280819799993, 20.153377874000171 ], [ -16.235809265999933, 20.150504072000047 ], [ -16.239371340999924, 20.145541420000143 ], [ -16.245404484999881, 20.141847668000082 ], [ -16.249433575999831, 20.137935938000055 ], [ -16.253783675999955, 20.134380182000029 ], [ -16.256781746999934, 20.132254326000179 ], [ -16.260967852999897, 20.131559364000054 ], [ -16.264497949999964, 20.133051245000104 ], [ -16.266660006999871, 20.133401213000127 ], [ -16.269764085999952, 20.132906239000022 ], [ -16.271949130999928, 20.12974846100002 ], [ -16.272563131999902, 20.125366775000032 ], [ -16.269884059999924, 20.124717831000169 ], [ -16.265552939999964, 20.122381013000108 ], [ -16.262445841999977, 20.117406382000183 ], [ -16.26153480499994, 20.113294682000117 ], [ -16.259718742999951, 20.109044995000147 ], [ -16.259239712999943, 20.103928366 ], [ -16.258931687999848, 20.099129714000128 ], [ -16.256899622999924, 20.095405990000074 ], [ -16.254083529999889, 20.089527424000039 ], [ -16.25105145099991, 20.089598428000045 ], [ -16.246374334999928, 20.091161329000158 ], [ -16.244323262999956, 20.085568740000042 ], [ -16.244499257999962, 20.08289393299998 ], [ -16.244665249999912, 20.079285194000079 ], [ -16.244810239999936, 20.075350478000132 ], [ -16.245468236999898, 20.069329912000114 ], [ -16.243389161999914, 20.06331835300017 ], [ -16.241027091999968, 20.060640554000031 ], [ -16.238536021999948, 20.059046677000026 ], [ -16.23515093899988, 20.060585576000108 ], [ -16.232310862999896, 20.059757645000047 ], [ -16.231267827999943, 20.057476813000164 ], [ -16.231008809999935, 20.054218050000088 ], [ -16.232668840999963, 20.050621305000163 ], [ -16.234416870999894, 20.046085628000128 ], [ -16.236504916999934, 20.04372779300013 ], [ -16.237612932999923, 20.04006805400013 ], [ -16.238039926999932, 20.035088414000029 ], [ -16.237760909999906, 20.032298617000038 ], [ -16.236938878999922, 20.029584816000124 ], [ -16.236607860999982, 20.026751022000155 ], [ -16.236939857999914, 20.023413263000123 ], [ -16.236766843999931, 20.020710459000099 ], [ -16.238309854999954, 20.012211071000138 ], [ -16.238427848999947, 20.009400274000029 ], [ -16.237949561999812, 20.006358028000022 ], [ -16.237669812999911, 20.004578626000011 ], [ -16.235857753999937, 20.001170878000153 ], [ -16.233403678999935, 19.997844127000178 ], [ -16.231375618999891, 19.995709288000171 ], [ -16.230492585999912, 19.99281250100006 ], [ -16.230488572999946, 19.988884786000028 ], [ -16.232638620999921, 19.986710937000055 ], [ -16.234119639999903, 19.981114338000168 ], [ -16.235117655999886, 19.978067556000099 ], [ -16.235652657999935, 19.97476579400012 ], [ -16.238346712999885, 19.970225115000062 ], [ -16.242588804999968, 19.964992482000071 ], [ -16.246087879999948, 19.960594790000187 ], [ -16.254636076999873, 19.953445283000065 ], [ -16.263925292999943, 19.946208780000063 ], [ -16.270902452999906, 19.940173197000092 ], [ -16.278318626999976, 19.934767567000108 ], [ -16.283128731999966, 19.929082965000134 ], [ -16.286987822999947, 19.926396148000151 ], [ -16.292791958999942, 19.922247432000063 ], [ -16.299723122999978, 19.917803734000131 ], [ -16.30453023299998, 19.913616023000088 ], [ -16.307867305999935, 19.909788291000098 ], [ -16.312285403999908, 19.904966628000068 ], [ -16.318369540999981, 19.898979045000146 ], [ -16.320479572999943, 19.892319522000093 ], [ -16.318968511999913, 19.885855997000021 ], [ -16.31734745499989, 19.881549315000029 ], [ -16.314212352999959, 19.875360775000104 ], [ -16.309503223999968, 19.873324937000064 ], [ -16.305065108999884, 19.873191959999986 ], [ -16.300834, 19.873187973000142 ], [ -16.298542955999892, 19.877800645000036 ], [ -16.295942898999897, 19.88069944200015 ], [ -16.293918859999962, 19.884830148000162 ], [ -16.291946820999954, 19.888209908000022 ], [ -16.289799782999921, 19.893516529000067 ], [ -16.288920771999926, 19.896883287000094 ], [ -16.286428717999968, 19.89991707400003 ], [ -16.281710601999976, 19.901622964000126 ], [ -16.278507501999968, 19.896700331999966 ], [ -16.275810423999928, 19.894228520000127 ], [ -16.273354361999907, 19.89473549000013 ], [ -16.268363239999928, 19.896829353000101 ], [ -16.265492157999972, 19.894741514000089 ], [ -16.26386910399998, 19.891182777999973 ], [ -16.261157024999932, 19.888477981999984 ], [ -16.257577921999939, 19.885446214000183 ], [ -16.256548879999968, 19.881060536 ], [ -16.256418861999919, 19.876718852000124 ], [ -16.25962093499993, 19.87388104900009 ], [ -16.26238098999994, 19.868821408000031 ], [ -16.263595008999971, 19.865249664000089 ], [ -16.266899079999973, 19.860908970000139 ], [ -16.268814114999941, 19.856644274000075 ], [ -16.269661120999956, 19.852016609000032 ], [ -16.268430070999955, 19.846799992000172 ], [ -16.265562987999886, 19.844010204000085 ], [ -16.263104927999905, 19.845265120000022 ], [ -16.260194861999935, 19.847994930000084 ], [ -16.25787681099996, 19.850644744000135 ], [ -16.256057754999972, 19.847891950000133 ], [ -16.254032694999978, 19.845804108000038 ], [ -16.25285865799998, 19.843811257000084 ], [ -16.255178695999916, 19.837326722000057 ], [ -16.256471705999957, 19.830337227000086 ], [ -16.258188730999905, 19.824539643000151 ], [ -16.258138715999962, 19.820661926000014 ], [ -16.260898770999972, 19.815603286000169 ], [ -16.261149766999949, 19.812550508000186 ], [ -16.262447787999974, 19.808739781000099 ], [ -16.264039815999979, 19.804866059000062 ], [ -16.26671388099993, 19.803880122000066 ], [ -16.268932942999925, 19.805115026000124 ], [ -16.268436911999913, 19.799718419999977 ], [ -16.26819289499997, 19.79669264100005 ], [ -16.2706319589999, 19.796700633000171 ], [ -16.272167005999904, 19.79890846800015 ], [ -16.27311203499994, 19.800447352999981 ], [ -16.274686077999945, 19.800922314000161 ], [ -16.277274133999981, 19.797836530999973 ], [ -16.27676510699996, 19.793796826000118 ], [ -16.276145081999971, 19.791119023000192 ], [ -16.273658009999906, 19.788822198000105 ], [ -16.269382896999957, 19.788119263000112 ], [ -16.265368788999979, 19.786841368000182 ], [ -16.262617716999898, 19.786616393000145 ], [ -16.25904561699997, 19.784472560000097 ], [ -16.258889604999979, 19.782049737000136 ], [ -16.260519633999934, 19.777987028000155 ], [ -16.265404739999951, 19.771924455000089 ], [ -16.269979833999969, 19.764896954000108 ], [ -16.274013919999959, 19.759535332000041 ], [ -16.275616946999889, 19.755053654000108 ], [ -16.278715008999882, 19.749836026000082 ], [ -16.282066085999872, 19.746989223000185 ], [ -16.281356048999953, 19.74137063500018 ], [ -16.278551964999906, 19.738016888000061 ], [ -16.276191891999929, 19.734591146000128 ], [ -16.274193834999892, 19.73292327300004 ], [ -16.275788863999821, 19.72909654800003 ], [ -16.278813922999916, 19.723508947000028 ], [ -16.281574979999903, 19.719244249000099 ], [ -16.285981081999978, 19.71577948900017 ], [ -16.290488186999937, 19.712355725 ], [ -16.293255249999902, 19.709727909000037 ], [ -16.2988553859999, 19.707039088000045 ], [ -16.301961461999952, 19.705796170000042 ], [ -16.3064135649999, 19.702281413000094 ], [ -16.308477608999908, 19.699551606000114 ], [ -16.308653604999904, 19.69687680100003 ], [ -16.306465547999949, 19.696901806000085 ], [ -16.304457489999891, 19.695093944000064 ], [ -16.307037550999951, 19.69341105899997 ], [ -16.310756640999898, 19.691666175000023 ], [ -16.314060722999898, 19.690412257000048 ], [ -16.316487784999936, 19.690233263000152 ], [ -16.318735840999921, 19.689597301999981 ], [ -16.317656823999982, 19.692929062000189 ], [ -16.314764753999896, 19.694394964000139 ], [ -16.312287695999942, 19.696118845000058 ], [ -16.312581708999915, 19.697598735999975 ], [ -16.310670675999972, 19.702705369 ], [ -16.309750666999889, 19.706963061000067 ], [ -16.306527591999952, 19.709474887000056 ], [ -16.301905482999871, 19.712671668000155 ], [ -16.298821413999974, 19.715784450000115 ], [ -16.295210334999979, 19.720001153000055 ], [ -16.290229215999943, 19.723029946999986 ], [ -16.286006114999907, 19.725455782999973 ], [ -16.28306604699992, 19.72771962600018 ], [ -16.283971083999916, 19.731738330000155 ], [ -16.286736164999922, 19.734487121000086 ], [ -16.291519296999979, 19.736891931000116 ], [ -16.295339396999964, 19.737479877000112 ], [ -16.300205522999875, 19.737308875000167 ], [ -16.305843663999951, 19.735974955000131 ], [ -16.310100769999906, 19.73485602400018 ], [ -16.314358875999972, 19.733736092000072 ], [ -16.317468949999977, 19.731791225000165 ], [ -16.322088058999896, 19.72854844799997 ], [ -16.327099179999948, 19.725985620000017 ], [ -16.329311232999885, 19.724789700000031 ], [ -16.334895358999916, 19.719531067000048 ], [ -16.336943398999892, 19.715773335000165 ], [ -16.339513454999917, 19.712407573000064 ], [ -16.342957522999939, 19.706377003000057 ], [ -16.346304591999967, 19.701146375000178 ], [ -16.347368606999964, 19.697581631999981 ], [ -16.352306719999888, 19.693105944000081 ], [ -16.35661080899996, 19.686514413000111 ], [ -16.357198810999932, 19.682507704000159 ], [ -16.359237849999886, 19.678609983000115 ], [ -16.362419913999929, 19.673154372 ], [ -16.364979957999935, 19.666516849000175 ], [ -16.369555059999982, 19.661827178000181 ], [ -16.378191237999943, 19.648314139999968 ], [ -16.382449324999982, 19.641771606000077 ], [ -16.385200378999969, 19.636572978000174 ], [ -16.391090518999931, 19.632981223000115 ], [ -16.392011527999898, 19.628723532000151 ], [ -16.392372524999928, 19.625056799000049 ], [ -16.394262560999891, 19.621167078000042 ], [ -16.397032618999958, 19.617042371000082 ], [ -16.39719460799995, 19.612592697000139 ], [ -16.400121672999944, 19.609347925000066 ], [ -16.40165170399996, 19.606834105000075 ], [ -16.405140780999886, 19.60304437200017 ], [ -16.407448822999982, 19.597916740000073 ], [ -16.410568889999979, 19.593820031000121 ], [ -16.411582901999907, 19.589463347000105 ], [ -16.413466936999953, 19.585480633000088 ], [ -16.415994987999852, 19.581462920000092 ], [ -16.416312984999934, 19.577893180000103 ], [ -16.415508947999967, 19.573120532000132 ], [ -16.413560899999879, 19.573787489000154 ], [ -16.411146840999891, 19.574947412000085 ], [ -16.406919745999915, 19.578870137000024 ], [ -16.404135683999868, 19.582012915 ], [ -16.401491625999938, 19.585008704000188 ], [ -16.39955858999997, 19.588994418000084 ], [ -16.398427573999982, 19.593076122000127 ], [ -16.397912574999907, 19.59745180300007 ], [ -16.396318554999937, 19.603616356000032 ], [ -16.394524508999893, 19.603573365000102 ], [ -16.394296495999981, 19.601575512000124 ], [ -16.39477749699995, 19.598229756000023 ], [ -16.392982460999974, 19.601272538000103 ], [ -16.389253374999953, 19.604420319000042 ], [ -16.385826299999906, 19.608394038000085 ], [ -16.382519223999907, 19.611144847000048 ], [ -16.379572157999974, 19.614062642000022 ], [ -16.378068123999981, 19.615453545000037 ], [ -16.375754072999882, 19.618150355000068 ], [ -16.371657978999906, 19.621786101000168 ], [ -16.369101925999928, 19.625383845000158 ], [ -16.366708868999979, 19.626869744000089 ], [ -16.36380380099996, 19.628897603999974 ], [ -16.360539729999971, 19.633095307000133 ], [ -16.359304706999922, 19.635547131000123 ], [ -16.357644680999954, 19.640686760000051 ], [ -16.356692666999891, 19.643683544000169 ], [ -16.355797656999982, 19.647565263000104 ], [ -16.354182623999975, 19.650318066000068 ], [ -16.35107054499997, 19.650674050000191 ], [ -16.349122491999879, 19.649798120000185 ], [ -16.348497468999938, 19.647821266000051 ], [ -16.349204476999887, 19.644884479000154 ], [ -16.351004515999875, 19.642682634000153 ], [ -16.352710542999944, 19.637494009000079 ], [ -16.352639531999898, 19.634833204000131 ], [ -16.35346454199987, 19.631422451000105 ], [ -16.355667586999971, 19.627749713000128 ], [ -16.357657632999974, 19.626191821000191 ], [ -16.360660700999915, 19.623364019000178 ], [ -16.363855778999891, 19.621975110999983 ], [ -16.367563867999934, 19.62004424100013 ], [ -16.370381933999965, 19.618208367000079 ], [ -16.372631987999966, 19.616823461000081 ], [ -16.373374998999964, 19.614445633000173 ], [ -16.374832026999911, 19.611561840000036 ], [ -16.37686407599989, 19.610656900000095 ], [ -16.379305131999899, 19.608373060000133 ], [ -16.381813181999973, 19.604029370000092 ], [ -16.383866227999931, 19.601907519000122 ], [ -16.385509254999874, 19.597283853000022 ], [ -16.387723304999838, 19.595339988000035 ], [ -16.389509340999894, 19.592157216000146 ], [ -16.391908392999881, 19.589222424000127 ], [ -16.39332341699992, 19.585685679000164 ], [ -16.395038441999873, 19.5798421020001 ], [ -16.39710348899996, 19.577906237000036 ], [ -16.398083518999954, 19.579209139000056 ], [ -16.396950499999889, 19.582496901000127 ], [ -16.395258466999962, 19.585580681000181 ], [ -16.393516434999981, 19.589462401 ], [ -16.391477392999946, 19.592565180000122 ], [ -16.389871360999905, 19.595456973000012 ], [ -16.38812332599997, 19.598450759000116 ], [ -16.387347311999974, 19.600316625000119 ], [ -16.386141290999944, 19.603233415000091 ], [ -16.387895331999971, 19.601876509000078 ], [ -16.389509368999825, 19.600666593000142 ], [ -16.391019398999958, 19.597825796 ], [ -16.393352450999942, 19.595408966000036 ], [ -16.395178486999953, 19.592083204000062 ], [ -16.39690351999991, 19.588717446000089 ], [ -16.398621552999884, 19.585257694000177 ], [ -16.400021575999972, 19.581487966 ], [ -16.400256573999968, 19.578951151000183 ], [ -16.400438569999949, 19.576369340000156 ], [ -16.399863547999871, 19.574390486000027 ], [ -16.400293550999947, 19.571795675000033 ], [ -16.401239559999965, 19.56716201200004 ], [ -16.403980619999913, 19.564115227000116 ], [ -16.405139634999955, 19.55970354700014 ], [ -16.402574572999924, 19.560825472000147 ], [ -16.40160555999995, 19.564337218000105 ], [ -16.400296532999903, 19.566419069000119 ], [ -16.398705501999814, 19.569543845000055 ], [ -16.39651345599998, 19.572608627000136 ], [ -16.394309400999873, 19.573148594000145 ], [ -16.396110431999944, 19.568655918000047 ], [ -16.397442457999944, 19.566153097000154 ], [ -16.398969483999963, 19.562049394000155 ], [ -16.400842525999963, 19.56021752200013 ], [ -16.402762568999947, 19.558336654000072 ], [ -16.405275624999945, 19.555628845000115 ], [ -16.40727966399993, 19.551967108000099 ], [ -16.409565715999975, 19.549599274000116 ], [ -16.410546718999967, 19.543186742000159 ], [ -16.415675827999905, 19.536270233000153 ], [ -16.419099913999958, 19.535336291000135 ], [ -16.423761014999968, 19.529659694000031 ], [ -16.427079078999896, 19.523215157000152 ], [ -16.425812026999949, 19.517439584000044 ], [ -16.427570046999961, 19.509957128000167 ], [ -16.431778128999952, 19.501873709000051 ], [ -16.436655233999886, 19.495672149000143 ], [ -16.441804336999951, 19.486742789000118 ], [ -16.44588042099997, 19.480491236000034 ], [ -16.450791525999875, 19.474052694000022 ], [ -16.455570625999883, 19.46710819000009 ], [ -16.458822684999973, 19.459637729000065 ], [ -16.462555764999934, 19.454994059000057 ], [ -16.466109834999884, 19.44834953700007 ], [ -16.470969930999956, 19.439576166999984 ], [ -16.474287994999941, 19.433131631000037 ], [ -16.47593301899991, 19.427759021000099 ], [ -16.475995995999881, 19.42022857500001 ], [ -16.471997883999904, 19.417639777000034 ], [ -16.468258784999875, 19.416767852000135 ], [ -16.462474631999953, 19.415818940000122 ], [ -16.456676476999917, 19.413889099000073 ], [ -16.450628321999886, 19.414264088999971 ], [ -16.446779231999926, 19.417090893000136 ], [ -16.443398162999927, 19.422557500999972 ], [ -16.441423122999936, 19.42589126200005 ], [ -16.438508054999886, 19.427779132000126 ], [ -16.433987935999937, 19.427136193000081 ], [ -16.430744859999891, 19.429322042000024 ], [ -16.428248804999953, 19.432309830000179 ], [ -16.423550687999978, 19.433545753000033 ], [ -16.419079580999892, 19.435986587000173 ], [ -16.415268493999974, 19.439419346000079 ], [ -16.411144400999945, 19.443383067000013 ], [ -16.407672321999939, 19.446656837000035 ], [ -16.406306298999937, 19.450190581000186 ], [ -16.405628289999981, 19.452799391000042 ], [ -16.408781374999933, 19.453843305000078 ], [ -16.413059474999955, 19.450712522000117 ], [ -16.415127521999921, 19.448823655000069 ], [ -16.416921572999968, 19.450409533000027 ], [ -16.416898578999906, 19.452374389000056 ], [ -16.418499630999975, 19.455607146000091 ], [ -16.419451673999959, 19.461119739000139 ], [ -16.418038651999836, 19.465450425000142 ], [ -16.415571602999876, 19.469652123000174 ], [ -16.412523543999953, 19.475661691000028 ], [ -16.409090468999921, 19.479541416000131 ], [ -16.408996486999968, 19.485810956000023 ], [ -16.408511490999899, 19.490653602000123 ], [ -16.406579451999903, 19.493890370000031 ], [ -16.403160369999966, 19.495665250000172 ], [ -16.402164335999828, 19.493335424000122 ], [ -16.400656303999938, 19.495427275000111 ], [ -16.39753623699994, 19.499523984000064 ], [ -16.39433017399989, 19.505401562000031 ], [ -16.390204088999951, 19.511657116000151 ], [ -16.386431006999942, 19.516443776000074 ], [ -16.38221291699989, 19.522049376999973 ], [ -16.377737819999879, 19.527527989000134 ], [ -16.372387695999976, 19.531792692000124 ], [ -16.363606480999977, 19.535307461000059 ], [ -16.360660412999891, 19.537478309999983 ], [ -16.357933326999955, 19.532997647000059 ], [ -16.360338379999916, 19.530154848000166 ], [ -16.363702454999896, 19.526747088000093 ], [ -16.368108551999967, 19.521738442000128 ], [ -16.371498621999876, 19.516411823000169 ], [ -16.374607682999908, 19.510586241000112 ], [ -16.377485743999898, 19.50659652500002 ], [ -16.379726782999967, 19.501191915000163 ], [ -16.382591840999964, 19.496220271000027 ], [ -16.386828934999926, 19.491689591000124 ], [ -16.389184980999971, 19.487306906000128 ], [ -16.389666981999881, 19.483961150000084 ], [ -16.390670997999905, 19.481008364 ], [ -16.394345076999969, 19.476226704000169 ], [ -16.398047165999969, 19.474202842000011 ], [ -16.401806243999943, 19.468435254000099 ], [ -16.403565276999927, 19.464833513000087 ], [ -16.40370626999993, 19.461599751000051 ], [ -16.400422187999936, 19.462385703000052 ], [ -16.398131133999982, 19.463912597000103 ], [ -16.395279079999966, 19.469864169000118 ], [ -16.393052030999911, 19.472369991000164 ], [ -16.389864958999908, 19.475441775000149 ], [ -16.386772891999954, 19.479209508000054 ], [ -16.383479818999888, 19.482941244000074 ], [ -16.380388749999952, 19.485961031000102 ], [ -16.378732708999962, 19.486517995000156 ], [ -16.378463695999926, 19.484662132000153 ], [ -16.376529645999938, 19.484767131000069 ], [ -16.373765583999955, 19.487441942000146 ], [ -16.371055524999974, 19.49095569300016 ], [ -16.367884461999893, 19.496597288000032 ], [ -16.364972408999904, 19.503160815000172 ], [ -16.361036325999919, 19.508517434000055 ], [ -16.356777226999952, 19.511927196000102 ], [ -16.351919112999894, 19.515323962000139 ], [ -16.348352029999887, 19.517901783000184 ], [ -16.344908944999929, 19.519303691000175 ], [ -16.341364855999871, 19.519916656000191 ], [ -16.340886849999947, 19.521766522000121 ], [ -16.337028753999959, 19.522910450000097 ], [ -16.336013728999887, 19.52338641800003 ], [ -16.333276668999929, 19.526480199000105 ], [ -16.332284653999977, 19.529619972000148 ], [ -16.328754575999938, 19.533551693999982 ], [ -16.322472417999904, 19.534920613000054 ], [ -16.315747248999912, 19.536361527000054 ], [ -16.310647118999896, 19.536778512000183 ], [ -16.306438011999887, 19.537100501000111 ], [ -16.305058989999907, 19.541195205000122 ], [ -16.300648883999884, 19.543819026000051 ], [ -16.294110721999914, 19.545856896000089 ], [ -16.292142667999883, 19.54465499000014 ], [ -16.290929619999872, 19.539718355000161 ], [ -16.290157585999964, 19.535458670000025 ], [ -16.290442573999883, 19.529833081999982 ], [ -16.291287582999928, 19.525953364000145 ], [ -16.292683603999876, 19.521342698000069 ], [ -16.293430622999949, 19.521348695000086 ], [ -16.299625773999878, 19.518627876000153 ], [ -16.29937375999998, 19.516257050999968 ], [ -16.303331847999914, 19.512021350000111 ], [ -16.307783940999968, 19.505421821000027 ], [ -16.311459013999922, 19.499097274000121 ], [ -16.314471082999944, 19.496409462000145 ], [ -16.316282122999951, 19.494394604000036 ], [ -16.317066129999887, 19.49033090000006 ], [ -16.318643156999883, 19.486225197000067 ], [ -16.318516144999876, 19.483473399000104 ], [ -16.320816188999913, 19.479000721000091 ], [ -16.323244240999941, 19.475735953000139 ], [ -16.326415311999938, 19.472431187000097 ], [ -16.329743383999983, 19.468464468000036 ], [ -16.333898474999955, 19.463422826000169 ], [ -16.33723554799991, 19.45959509700009 ], [ -16.341577650999909, 19.45669429700007 ], [ -16.345032727999978, 19.453140548000079 ], [ -16.347871790999932, 19.450087764000102 ], [ -16.351157860999876, 19.445468093000045 ], [ -16.355278945999885, 19.439120548000062 ], [ -16.360640064999927, 19.433498945000053 ], [ -16.366064186999893, 19.428062328000067 ], [ -16.373038346999977, 19.421979755000166 ], [ -16.378027462999967, 19.418296011000166 ], [ -16.385946651999916, 19.413752321000118 ], [ -16.39234380299996, 19.409524613000087 ], [ -16.404582082999923, 19.39862137800003 ], [ -16.416170362999878, 19.393083751000063 ], [ -16.424642573999904, 19.390940883000042 ], [ -16.435592840999902, 19.386326190000034 ], [ -16.444805068999926, 19.383302385000093 ], [ -16.45347927499995, 19.378109742000049 ], [ -16.462386498999933, 19.376550830000042 ], [ -16.469279672999903, 19.375381895000032 ], [ -16.476881873999901, 19.376745772000163 ], [ -16.486495131999959, 19.379964506000022 ], [ -16.492376298999943, 19.384742136999989 ], [ -16.500752531999922, 19.389617752000106 ], [ -16.505071649999877, 19.391767581000067 ], [ -16.513113853999982, 19.390676637000013 ], [ -16.522047087999965, 19.39182852600004 ], [ -16.533827389999885, 19.39161050600012 ], [ -16.542601611999885, 19.390292577000082 ], [ -16.544756665999955, 19.389754610000068 ], [ -16.550227795999831, 19.386605825 ], [ -16.551177799999891, 19.380476274000102 ], [ -16.544876617999932, 19.37460072500005 ], [ -16.538452441999937, 19.371441977000188 ], [ -16.534613331999935, 19.36823722500003 ], [ -16.53305927599996, 19.363412585000162 ], [ -16.529433167999855, 19.358887929000105 ], [ -16.524248020999892, 19.354867241000136 ], [ -16.519348877999903, 19.349896622000188 ], [ -16.513994715999956, 19.342473185000131 ], [ -16.507826522999949, 19.33247494 ], [ -16.506003453999881, 19.325794438000059 ], [ -16.502077309999947, 19.312729413000056 ], [ -16.493518027999983, 19.294165808000059 ], [ -16.485740795999959, 19.284675531000062 ], [ -16.479160584999875, 19.272128477000024 ], [ -16.475599455999941, 19.260867319000113 ], [ -16.468931265999856, 19.255478737000146 ], [ -16.460963037999932, 19.24843028100014 ], [ -16.449716727999942, 19.242260770000087 ], [ -16.43817141299985, 19.236856203000116 ], [ -16.428313148999962, 19.233697465999967 ], [ -16.410018652999895, 19.226274069000112 ], [ -16.392044153999962, 19.215326931000106 ], [ -16.374887681999894, 19.206252652000103 ], [ -16.371080572999915, 19.20276592100015 ], [ -16.363019359999953, 19.201239058000056 ], [ -16.350992020999911, 19.192213761000119 ], [ -16.344912838999903, 19.184362359000147 ], [ -16.338953659999959, 19.176830934 ], [ -16.32933638399993, 19.168141605000073 ], [ -16.322090165999896, 19.158389347000139 ], [ -16.314917957999967, 19.151344890000189 ], [ -16.309294782999928, 19.142065593000098 ], [ -16.30752871899989, 19.136270026999966 ], [ -16.298200444999907, 19.125882823000154 ], [ -16.291820254999948, 19.118000425000048 ], [ -16.284457031999978, 19.107974189 ], [ -16.280432911999924, 19.102675594000118 ], [ -16.277370823999945, 19.099942805000012 ], [ -16.275954768999952, 19.094175236000069 ], [ -16.270645617999946, 19.089787576999981 ], [ -16.266028478999942, 19.083773036000025 ], [ -16.261762334999844, 19.073157835000188 ], [ -16.25941725399997, 19.06688030700019 ], [ -16.253533015999892, 19.052916669000183 ], [ -16.250288003999913, 19.046287671000073 ], [ -16.248612885999933, 19.038946410000051 ], [ -16.245115519999956, 19.033806619000131 ], [ -16.240626838999901, 19.023676175000048 ], [ -16.237798533999921, 19.01629712200014 ], [ -16.235409449999963, 19.009319647000041 ], [ -16.23437340199996, 19.002503156000103 ], [ -16.230562279999901, 18.995089716999985 ], [ -16.224310091999882, 18.986872345000108 ], [ -16.220981055999971, 18.981995784999981 ], [ -16.21689286599991, 18.976007174000188 ], [ -16.211429696999971, 18.966906866000045 ], [ -16.20652754199989, 18.958008541000027 ], [ -16.200066328999981, 18.943444641999974 ], [ -16.188440938999975, 18.915134780000074 ], [ -16.185055811999973, 18.902741712000022 ], [ -16.181950703999973, 18.893934376000118 ], [ -16.181565677999913, 18.888718765000135 ], [ -16.182130668999946, 18.881254319000163 ], [ -16.179166676999955, 18.868016658000101 ], [ -16.175766421999981, 18.855043289000037 ], [ -16.173002873999906, 18.839429562000191 ], [ -16.170429486999979, 18.82406086300017 ], [ -16.170049168999981, 18.821877776000122 ], [ -16.170031859999938, 18.811580170000013 ], [ -16.168795072999956, 18.801608290000047 ], [ -16.169065060999969, 18.795749726000111 ], [ -16.169231026999967, 18.78363163 ], [ -16.166635875999816, 18.776974019000079 ], [ -16.164963875999945, 18.770678608000139 ], [ -16.165901875999907, 18.762819192000165 ], [ -16.15942424799988, 18.756023900000116 ], [ -16.156339594999906, 18.751884034999989 ], [ -16.155481562999967, 18.748611282000184 ], [ -16.154843514999925, 18.738687025 ], [ -16.154039011999885, 18.73294313700012 ], [ -16.152497398999969, 18.726812637000023 ], [ -16.150470353999935, 18.723308186000054 ], [ -16.148541708999971, 18.717961930000172 ], [ -16.146442499999921, 18.712142868000115 ], [ -16.145282175999967, 18.709190255000124 ], [ -16.143141084999968, 18.697571129000153 ], [ -16.142519035999953, 18.687131911000051 ], [ -16.142415017999951, 18.682415264000156 ], [ -16.139938935999965, 18.676425719000065 ], [ -16.139778183999908, 18.671644184000172 ], [ -16.140062908999937, 18.666740442000105 ], [ -16.137997243999905, 18.660163569000133 ], [ -16.135659752999857, 18.653233465000142 ], [ -16.135872746999894, 18.649575738000124 ], [ -16.135044699999924, 18.641345355999988 ], [ -16.133146621999913, 18.631957064 ], [ -16.128889360999949, 18.62468850099998 ], [ -16.12557938599997, 18.618762073000084 ], [ -16.121501266999871, 18.614168428000085 ], [ -16.118877110999904, 18.610344887000167 ], [ -16.098196775999895, 18.570691471000146 ], [ -16.093038368999942, 18.560800506000078 ], [ -16.086533119999956, 18.53431251000012 ], [ -16.075313943999959, 18.508483161000186 ], [ -16.069508544999962, 18.489899890000117 ], [ -16.067303893999963, 18.481333238000104 ], [ -16.062539127999912, 18.46636034800008 ], [ -16.059826199999975, 18.458846249000146 ], [ -16.058338332999881, 18.453248658000177 ], [ -16.057164100999898, 18.44883100800007 ], [ -16.063531001999934, 18.363325420000024 ], [ -16.047531093999908, 18.20033775200011 ], [ -16.033704429999943, 18.09778154300011 ], [ -16.032679308999946, 18.06610794400018 ], [ -16.03544028999994, 17.822258235999982 ], [ -16.03604627399983, 17.819584506000126 ], [ -16.037286669999958, 17.811925232000021 ], [ -16.037940655999876, 17.80129403900014 ], [ -16.038118621999956, 17.788487014000168 ], [ -16.03864159699998, 17.775219023000034 ], [ -16.039390585999968, 17.765097793000166 ], [ -16.037757459999909, 17.736556973000177 ], [ -16.040280465999956, 17.716597488000104 ], [ -16.04292448699988, 17.700708693000081 ], [ -16.04505950499987, 17.688053653000111 ], [ -16.047920544999897, 17.676650516000166 ], [ -16.050806573999921, 17.661364675000073 ], [ -16.055510645999959, 17.644841925000037 ], [ -16.055533612999909, 17.633374801 ], [ -16.060525694999967, 17.61777897900015 ], [ -16.064670762999981, 17.604627973000049 ], [ -16.066490782999949, 17.59543767100007 ], [ -16.068723802999955, 17.582690640000123 ], [ -16.071481841999969, 17.572120441000095 ], [ -16.07433688499998, 17.561781225000118 ], [ -16.076711910999904, 17.549774136999986 ], [ -16.08081197599995, 17.53593018600003 ], [ -16.085153047999881, 17.52278018200019 ], [ -16.088795109999978, 17.511846009000124 ], [ -16.092914165999957, 17.494949293000047 ], [ -16.096749232999855, 17.484432089000109 ], [ -16.10157731899983, 17.471470069000191 ], [ -16.101390287999891, 17.462359768000169 ], [ -16.106263376999948, 17.450092696000013 ], [ -16.110355445999971, 17.437634641000159 ], [ -16.114124495999874, 17.421891839000182 ], [ -16.121176629999923, 17.405662066000161 ], [ -16.126098719999959, 17.393579980000027 ], [ -16.129542777999973, 17.382921790000125 ], [ -16.132696825999915, 17.371613650000143 ], [ -16.137470912999959, 17.359623559000056 ], [ -16.143236019999904, 17.345743610000113 ], [ -16.147854107999933, 17.335184408999964 ], [ -16.152026185999887, 17.325410150000096 ], [ -16.156704269999977, 17.313141081000083 ], [ -16.159544319999952, 17.305252680000081 ], [ -16.162851370999931, 17.293563571000107 ], [ -16.168330461999972, 17.276575864000051 ], [ -16.173305547999917, 17.262565929 ], [ -16.176254590999974, 17.25110980300019 ], [ -16.179071636999879, 17.242243479000024 ], [ -16.182951707999962, 17.232242239000129 ], [ -16.18409772699988, 17.228751505000162 ], [ -16.188690807999876, 17.215968478000036 ], [ -16.192179866999936, 17.205592268000032 ], [ -16.196405948999882, 17.196718941000086 ], [ -16.202277070999912, 17.186941679000086 ], [ -16.207722187999877, 17.179332252000108 ], [ -16.212416273999963, 17.167349163999972 ], [ -16.216771350999977, 17.155461069000012 ], [ -16.22181845199998, 17.145829799000182 ], [ -16.227100554999936, 17.134831634000136 ], [ -16.232924676999971, 17.125431345000095 ], [ -16.236262728999975, 17.113879228000087 ], [ -16.240471801999945, 17.101992134999989 ], [ -16.244880883999883, 17.091233954000074 ], [ -16.248526952999953, 17.08288159 ], [ -16.251427994999915, 17.071613453000168 ], [ -16.254244039999946, 17.062324164000131 ], [ -16.257305093999889, 17.053691823000065 ], [ -16.26142717099998, 17.043735582000068 ], [ -16.264075225999875, 17.039578897000126 ], [ -16.268190311999945, 17.032829408000055 ], [ -16.276011461999929, 17.015626718000135 ], [ -16.292993803999877, 16.983596153000121 ], [ -16.301861973999905, 16.963950651 ], [ -16.313214178999942, 16.934264922000068 ], [ -16.32475940199987, 16.909304826000039 ], [ -16.336519608999936, 16.876666327 ], [ -16.353083932999937, 16.841877984000121 ], [ -16.367150188999972, 16.805754753000087 ], [ -16.375718348999953, 16.785316319000117 ], [ -16.383554476999961, 16.759921273000145 ], [ -16.395310696999957, 16.731683439 ], [ -16.408217940999862, 16.701561750000053 ], [ -16.419339143999878, 16.673235927000178 ], [ -16.429223324999953, 16.647869878000051 ], [ -16.442892555999947, 16.60622609 ], [ -16.445123568999975, 16.590524308999989 ], [ -16.446420568999883, 16.578857216000188 ], [ -16.448147564999886, 16.561474568000108 ], [ -16.448924542999976, 16.546581729000025 ], [ -16.449603505999903, 16.526775273999988 ], [ -16.45096048399995, 16.506493855000144 ], [ -16.453194484999926, 16.486157438000134 ], [ -16.456646529999944, 16.470679640000071 ], [ -16.463527639999938, 16.447212457000035 ], [ -16.469291722999913, 16.42422324100005 ], [ -16.475535828999909, 16.405209713000147 ], [ -16.483367983999926, 16.389176948999989 ], [ -16.489242085999933, 16.372225262000143 ], [ -16.50449437799989, 16.33782391799997 ], [ -16.509151436999957, 16.316061613000159 ], [ -16.51632955599996, 16.293060399000012 ], [ -16.520023606999871, 16.277439615000048 ], [ -16.517732508999927, 16.262761773000079 ], [ -16.515882409999961, 16.24353828600016 ], [ -16.513645314999962, 16.229328408000015 ], [ -16.513794292999876, 16.219917147 ], [ -16.514309259999948, 16.20310746600012 ], [ -16.513603209999872, 16.190990420000162 ], [ -16.512473138999894, 16.17550564000004 ], [ -16.51209909499994, 16.162495664000062 ], [ -16.510516008999957, 16.145470007000085 ], [ -16.509549933999949, 16.126895470000022 ], [ -16.509981877999905, 16.101800444000048 ], [ -16.510423233999916, 16.072575146000077 ], [ -16.507778178999899, 16.063791730000048 ], [ -16.508589941999958, 16.05728447000007 ], [ -16.507811480999919, 16.057271872000115 ], [ -16.502350960999934, 16.057271872000115 ], [ -16.497328076999906, 16.066861015000086 ], [ -16.489173147999907, 16.067817295000168 ], [ -16.480566843999952, 16.065883140000096 ], [ -16.476966749999974, 16.069758305 ], [ -16.47693212299987, 16.069752978 ], [ -16.474192366999944, 16.074167028000033 ], [ -16.471757029999878, 16.078124452000054 ], [ -16.46642972799998, 16.080711999000187 ], [ -16.460036965999961, 16.08132083300012 ], [ -16.455014081999934, 16.085887092 ], [ -16.448806085999934, 16.093682457000114 ], [ -16.443727266999929, 16.104350851000163 ], [ -16.445482016999961, 16.109323679 ], [ -16.449984430999905, 16.113945528000045 ], [ -16.45451, 16.120040000000188 ], [ -16.45471, 16.12371 ], [ -16.454091640999934, 16.129356683000026 ], [ -16.451666625999906, 16.135186684000018 ], [ -16.452306695999937, 16.142986673000166 ], [ -16.454626738999877, 16.148276650000071 ], [ -16.452436791999958, 16.153766664000102 ], [ -16.451705664999963, 16.161454346000085 ], [ -16.45345880799988, 16.166094732000147 ], [ -16.453945591999911, 16.173284715000023 ], [ -16.454432410999971, 16.180474691000029 ], [ -16.452492518999975, 16.184929725000075 ], [ -16.450552538999943, 16.189384738000172 ], [ -16.446609571999829, 16.196231532000184 ], [ -16.442666331999874, 16.2030782490001 ], [ -16.437437311999929, 16.208676751000098 ], [ -16.433847349999894, 16.212086779000117 ], [ -16.42592015699995, 16.214816844000154 ], [ -16.419800156999941, 16.217363510000041 ], [ -16.413679999999886, 16.21991 ], [ -16.411978961999921, 16.219210548999968 ], [ -16.405700164999928, 16.214606097000058 ], [ -16.403248443999928, 16.21382872200013 ], [ -16.399959549999835, 16.21352973200004 ], [ -16.396491261999927, 16.214008116000059 ], [ -16.393262165999886, 16.215024683000024 ], [ -16.392365194999968, 16.215383472000156 ], [ -16.390092867999954, 16.216519635000111 ], [ -16.388777309999909, 16.217655799000113 ], [ -16.385309021999831, 16.220884895000154 ], [ -16.379269416999875, 16.227821471000141 ], [ -16.377475474999869, 16.23003400000016 ], [ -16.375860926999962, 16.232306326000071 ], [ -16.373469003999844, 16.236073605000115 ], [ -16.372631830999921, 16.237987143000169 ], [ -16.372572032999869, 16.238764518000096 ], [ -16.372631830999921, 16.240080076000027 ], [ -16.372392638999941, 16.241874018000146 ], [ -16.371854455999937, 16.245641296000088 ], [ -16.370419301999902, 16.250365344000159 ], [ -16.368984147999925, 16.2541326220001 ], [ -16.368386167999915, 16.255627574000187 ], [ -16.367907782999964, 16.256464747000052 ], [ -16.366472628999873, 16.258916468000166 ], [ -16.365396263999969, 16.260172228000158 ], [ -16.363662119999958, 16.261846574000117 ], [ -16.362226965999923, 16.263162131000172 ], [ -16.360552619999964, 16.26417869900007 ], [ -16.359117466999976, 16.265135468000096 ], [ -16.358340091999935, 16.265673650000053 ], [ -16.357144129999938, 16.266809814000112 ], [ -16.355529581999917, 16.268783150000104 ], [ -16.354931601999908, 16.270218304000025 ], [ -16.354572812999891, 16.271593659000075 ], [ -16.354453216999957, 16.27302881300011 ], [ -16.354513014999952, 16.274583562999965 ], [ -16.354692408999938, 16.277214678000178 ], [ -16.355350187999932, 16.280383976000053 ], [ -16.355768774999945, 16.281280947000084 ], [ -16.357084331999886, 16.283553274000099 ], [ -16.358997869999939, 16.286244187000079 ], [ -16.36061241799996, 16.288097927000138 ], [ -16.362226965999923, 16.289832071000092 ], [ -16.362884744999917, 16.289832071000092 ], [ -16.365695253999945, 16.292044600000111 ], [ -16.366293234999944, 16.292821975000038 ], [ -16.367907782999964, 16.295692282000118 ], [ -16.369223340999895, 16.29969875300003 ], [ -16.369462532999876, 16.301373099000045 ], [ -16.369522330999871, 16.302748455000142 ], [ -16.369402734999937, 16.304482599000096 ], [ -16.369223340999895, 16.306994118000148 ], [ -16.368924349999872, 16.309087051000063 ], [ -16.368445965999967, 16.311239781000154 ], [ -16.367548994999936, 16.3142296850001 ], [ -16.366173638999896, 16.317996963000041 ], [ -16.365456061999964, 16.319611511000062 ], [ -16.364080706999914, 16.322302424000043 ], [ -16.362705350999931, 16.324634549 ], [ -16.361090802999911, 16.326727482000081 ], [ -16.359655648999933, 16.328581222000139 ], [ -16.357144129999938, 16.33127213500012 ], [ -16.353675841999973, 16.333903250000162 ], [ -16.350745736999897, 16.334082645000137 ], [ -16.349788966999938, 16.333963048000101 ], [ -16.348114620999979, 16.334202241000071 ], [ -16.346500072999959, 16.33468062500009 ], [ -16.341716227999939, 16.337491135000107 ], [ -16.335258035999971, 16.346580442000118 ], [ -16.333583689999898, 16.349390951000032 ], [ -16.332507324999938, 16.351782874000151 ], [ -16.332028939999873, 16.353517018000105 ], [ -16.331909343999939, 16.355490354000153 ], [ -16.331909343999939, 16.357104902000117 ], [ -16.331909343999939, 16.358061670999973 ], [ -16.332507324999938, 16.362486729000182 ], [ -16.333165102999942, 16.362905315000035 ], [ -16.334361064999939, 16.368167546000109 ], [ -16.334899246999953, 16.372712198999977 ], [ -16.334839448999901, 16.389037073000168 ], [ -16.334540458999925, 16.39113000500015 ], [ -16.334062073999974, 16.393880716000069 ], [ -16.33322490099988, 16.396810822000077 ], [ -16.332507324999938, 16.39860476399997 ], [ -16.331371160999822, 16.40039870600009 ], [ -16.329756612999972, 16.402491639000175 ], [ -16.327603882999938, 16.4045845710001 ], [ -16.325869738999927, 16.405242350000094 ], [ -16.324135594999973, 16.405720735000159 ], [ -16.322939632999919, 16.405720735000159 ], [ -16.321145690999913, 16.405361946000028 ], [ -16.318693969999913, 16.404943360000061 ], [ -16.316481440999894, 16.405601139000055 ], [ -16.315106085999901, 16.406199119000121 ], [ -16.313790527999913, 16.407215687000019 ], [ -16.312773960999948, 16.408172456000045 ], [ -16.311697595999874, 16.4099066 ], [ -16.310681027999976, 16.411879936000048 ], [ -16.310202643999901, 16.414032667000072 ], [ -16.310142845999906, 16.416962772000147 ], [ -16.310142845999906, 16.41983308000016 ], [ -16.310202643999901, 16.421088839000049 ], [ -16.310322239999948, 16.425633493000191 ], [ -16.310501633999934, 16.432809261000045 ], [ -16.309963450999931, 16.445905039000024 ], [ -16.309544864999907, 16.448894942999971 ], [ -16.308468499999947, 16.454994346000092 ], [ -16.307930316999943, 16.456967682000084 ], [ -16.307212739999954, 16.459299807000036 ], [ -16.306255970999928, 16.461691729999984 ], [ -16.304880614999831, 16.464741432000096 ], [ -16.303146470999877, 16.467252951000148 ], [ -16.301053538999895, 16.469286085000135 ], [ -16.298661615999947, 16.470960431000151 ], [ -16.296688279999955, 16.472335787000077 ], [ -16.29513352999993, 16.472395585000015 ], [ -16.293160192999949, 16.472574979000115 ], [ -16.29172503999996, 16.472814171000039 ], [ -16.289333116999956, 16.473412152000037 ], [ -16.288376347999929, 16.474069931000031 ], [ -16.28682159799996, 16.475863873000094 ], [ -16.286462808999943, 16.477418623000176 ], [ -16.286044222999976, 16.479272363000064 ], [ -16.285685433999959, 16.483577824000065 ], [ -16.285625635999963, 16.487823487000071 ], [ -16.285924626999929, 16.491471170000125 ], [ -16.286343212999896, 16.493145516000141 ], [ -16.28658240499982, 16.494879660000095 ], [ -16.286702001999856, 16.49643441000012 ], [ -16.286761799999908, 16.498467544000107 ], [ -16.286761799999908, 16.501038861000154 ], [ -16.286522606999938, 16.502892602000145 ], [ -16.286198503999913, 16.504053970000143 ], [ -16.285805029999892, 16.505463919000022 ], [ -16.284429674999956, 16.508274428000107 ], [ -16.283413107999934, 16.510128168 ], [ -16.282037751999951, 16.511981908000109 ], [ -16.280722193999964, 16.513476860000139 ], [ -16.27922724299998, 16.515031610000165 ], [ -16.273068040999931, 16.51951646599997 ], [ -16.272111271999904, 16.520174244000088 ], [ -16.270556521999879, 16.521011417000125 ], [ -16.263918935999925, 16.524360109000099 ], [ -16.262423983999952, 16.525077686000031 ], [ -16.261048628999959, 16.525376677 ], [ -16.256623570999921, 16.52621385000009 ], [ -16.25309548499996, 16.526572638000118 ], [ -16.247414667999919, 16.526752032000047 ], [ -16.244245369999874, 16.526393244000189 ], [ -16.240537889999928, 16.525615869000092 ], [ -16.237966572999881, 16.524958090000098 ], [ -16.231269188999875, 16.52268576300014 ], [ -16.229594842999973, 16.522087783000018 ], [ -16.227561707999882, 16.521190812000157 ], [ -16.223495439999965, 16.519097879000071 ], [ -16.220326141999919, 16.516646158000185 ], [ -16.218412602999877, 16.515808985000092 ], [ -16.216558862999875, 16.515390399000125 ], [ -16.212372997999921, 16.514971812 ], [ -16.208127334999915, 16.515749187000154 ], [ -16.20304449899993, 16.516765754000119 ], [ -16.200532979999934, 16.517543129000046 ], [ -16.198081258999878, 16.517722523000145 ], [ -16.196287316999928, 16.516526562000081 ], [ -16.193536605999896, 16.516526562000081 ], [ -16.191084884999896, 16.516825552000114 ], [ -16.190008518999946, 16.517363735000117 ], [ -16.188453768999977, 16.518739091000043 ], [ -16.186779422999905, 16.520951619000186 ], [ -16.186002047999978, 16.522087783000018 ], [ -16.184566894999932, 16.523343542000077 ], [ -16.183071942999959, 16.523762129000033 ], [ -16.180739817999893, 16.523582734000172 ], [ -16.178766481999958, 16.523881725000138 ], [ -16.176733346999924, 16.525436475000163 ], [ -16.17458061699989, 16.527469608999979 ], [ -16.173205260999964, 16.528785167000137 ], [ -16.166806866999934, 16.535422753000091 ], [ -16.163816963999977, 16.538651849000075 ], [ -16.162262213999952, 16.540744781000058 ], [ -16.160647665999932, 16.543196502000171 ], [ -16.159690896999905, 16.544153270999971 ], [ -16.158494934999908, 16.545289435000029 ], [ -16.15215633999992, 16.54977429000013 ], [ -16.148987041999874, 16.550790857000095 ], [ -16.144741378999981, 16.552046617000087 ], [ -16.142708243999948, 16.552345607000177 ], [ -16.135592273999976, 16.553003386000114 ], [ -16.12889488999997, 16.554019953000136 ], [ -16.125486399999943, 16.555036520000158 ], [ -16.123333668999976, 16.555514905 ], [ -16.11854982299991, 16.556053087000123 ], [ -16.117932191999898, 16.556039660000181 ], [ -16.115799111999877, 16.555993289000185 ], [ -16.11131425699989, 16.555335511000067 ], [ -16.108623342999977, 16.554199347000065 ], [ -16.106530410999937, 16.553003386000114 ], [ -16.105155054999898, 16.551927020000051 ], [ -16.103839497999957, 16.550252674000092 ], [ -16.10264353599996, 16.54869792500017 ], [ -16.101746564999871, 16.547023579000154 ], [ -16.101208382999857, 16.545409031000133 ], [ -16.100490805999982, 16.543196502000171 ], [ -16.100012420999917, 16.540744781000058 ], [ -16.100012420999917, 16.539249829000028 ], [ -16.101028987999939, 16.533509214000105 ], [ -16.101447574999952, 16.531834868000146 ], [ -16.10234454599987, 16.528127388000144 ], [ -16.102703333999898, 16.526333446000024 ], [ -16.102105353999889, 16.524659100000065 ], [ -16.101208382999857, 16.522984754000106 ], [ -16.098936055999957, 16.52148980200019 ], [ -16.092597459999979, 16.51766272499998 ], [ -16.086498056999972, 16.514373831 ], [ -16.081534816999977, 16.511503524000091 ], [ -16.078425316999926, 16.509111601000029 ], [ -16.076033393999978, 16.507198063000146 ], [ -16.074478643999953, 16.504985534000127 ], [ -16.071608336999873, 16.501098659000149 ], [ -16.068558634999874, 16.497211785000047 ], [ -16.066166711999927, 16.494281679000096 ], [ -16.064073779999887, 16.491889756000148 ], [ -16.062160241999948, 16.489438035000035 ], [ -16.061203471999875, 16.487883286000113 ], [ -16.060545693999927, 16.486029545000122 ], [ -16.059887914999933, 16.483637622 ], [ -16.059469327999921, 16.482322065000119 ], [ -16.057137203999957, 16.480109536000157 ], [ -16.055163866999976, 16.478913575000036 ], [ -16.052771943999915, 16.478195998000103 ], [ -16.04996143499983, 16.477897007000138 ], [ -16.046433348999926, 16.477837209000143 ], [ -16.04344344499998, 16.478315594000037 ], [ -16.040931925999928, 16.478793979000102 ], [ -16.038300810999942, 16.479750748000129 ], [ -16.035071714999901, 16.481066305000184 ], [ -16.032321003999982, 16.482740651000142 ], [ -16.029510493999965, 16.484713988000067 ], [ -16.01946441799987, 16.492726929000071 ], [ -16.016414716999975, 16.495417843000098 ], [ -16.013962995999975, 16.497630371000014 ], [ -16.012647437999931, 16.499065525000105 ], [ -16.010375110999973, 16.500381083000093 ], [ -16.00858116899991, 16.501098659000149 ], [ -16.006129447999854, 16.502055429000052 ], [ -16.003378736999878, 16.502713207000113 ], [ -16.002737773999968, 16.502713207000113 ], [ -16.002737717999878, 16.502713207000113 ], [ -16.000508428999979, 16.502713207000113 ], [ -15.997697919999894, 16.502533813000014 ], [ -15.993093468999859, 16.501577043999987 ], [ -15.986455882999905, 16.498467544000107 ], [ -15.979459507999934, 16.494341477000035 ], [ -15.977127382999981, 16.492726929000071 ], [ -15.975333440999975, 16.491052583000055 ], [ -15.974137479999968, 16.488959651000073 ], [ -15.973599296999907, 16.487225507000119 ], [ -15.972881719999975, 16.485969747000127 ], [ -15.969413431999953, 16.484833584 ], [ -15.966961710999954, 16.484713988000067 ], [ -15.963912008999955, 16.485252170000024 ], [ -15.960025134999967, 16.486268738000092 ], [ -15.954284519999931, 16.488301872000136 ], [ -15.950696635999975, 16.490095814000028 ], [ -15.947826327999962, 16.491770160000044 ], [ -15.944537433999812, 16.494461073000025 ], [ -15.941726924999955, 16.497271583000042 ], [ -15.940351568999859, 16.498766535000073 ], [ -15.936464693999937, 16.50241421700008 ], [ -15.93401297399987, 16.504088563000039 ], [ -15.930783877999943, 16.505762909000055 ], [ -15.92193376299997, 16.510128168 ], [ -15.917688099999964, 16.512101505000146 ], [ -15.914578599999913, 16.513536658000135 ], [ -15.91063192699994, 16.513955245000034 ], [ -15.906505859999982, 16.514433629000166 ], [ -15.903097369999955, 16.514971812 ], [ -15.900286860999927, 16.515450197000064 ], [ -15.897894937999979, 16.516347168000152 ], [ -15.89580200599994, 16.516825552000114 ], [ -15.892752303999941, 16.517184341000018 ], [ -15.890061390999961, 16.517184341000018 ], [ -15.886772496999981, 16.517004947000089 ], [ -15.882885621999947, 16.516526562000081 ], [ -15.875470660999895, 16.515270802000089 ], [ -15.87146418999987, 16.514553226000032 ], [ -15.867039132999935, 16.513536658000135 ], [ -15.865304988999981, 16.512819080999975 ], [ -15.86327185399989, 16.511025139000083 ], [ -15.861657306999973, 16.508872409000105 ], [ -15.860999527999923, 16.506899072000181 ], [ -15.860700536999957, 16.504507149000062 ], [ -15.860999527999923, 16.50079966900006 ], [ -15.861418113999832, 16.497989160000145 ], [ -15.861657306999973, 16.496075620999989 ], [ -15.861238719999903, 16.494281679000096 ], [ -15.860461344999976, 16.492368141000043 ], [ -15.859384979999902, 16.491829957999983 ], [ -15.856574469999885, 16.491829957999983 ], [ -15.85460113399995, 16.49260733300008 ], [ -15.850594662999924, 16.494461073000025 ], [ -15.847305768999945, 16.496374612000125 ], [ -15.844076672999847, 16.498646938000036 ], [ -15.840907375999961, 16.501098659000149 ], [ -15.837379288999898, 16.503311188000112 ], [ -15.83486776999996, 16.504447351000067 ], [ -15.833193423999887, 16.505045332000066 ], [ -15.830861299999924, 16.505762909000055 ], [ -15.822668963999945, 16.508154832000173 ], [ -15.819559463999951, 16.5089322070001 ], [ -15.816509761999953, 16.5089322070001 ], [ -15.813639454999873, 16.508752813000171 ], [ -15.810589752999874, 16.508513619999974 ], [ -15.805686310999874, 16.505882505000159 ], [ -15.793308109999941, 16.499663506000104 ], [ -15.788703658999907, 16.497869564000041 ], [ -15.784099206999883, 16.496135419000154 ], [ -15.778836976999969, 16.494819862000099 ], [ -15.773335553999971, 16.493743497000139 ], [ -15.769329083999935, 16.493265112000074 ], [ -15.764784429999963, 16.492786727 ], [ -15.76000058399984, 16.492308343000047 ], [ -15.754678555999931, 16.492427938999981 ], [ -15.74792137399993, 16.491411372000186 ], [ -15.735842162999973, 16.490155612000024 ], [ -15.734526605999918, 16.49003601600009 ], [ -15.73225427899996, 16.489318439000101 ], [ -15.730041749999941, 16.488301872000136 ], [ -15.726513663999981, 16.485969747000127 ], [ -15.722566990999894, 16.483219036000037 ], [ -15.719517289999885, 16.480886911000084 ], [ -15.71485303999998, 16.477657815000043 ], [ -15.710846568999955, 16.475086498 ], [ -15.707438078999928, 16.472933768000075 ], [ -15.704567771999962, 16.471678008000083 ], [ -15.701876857999878, 16.471139825000023 ], [ -15.699245742999949, 16.471139825000023 ], [ -15.697870387999956, 16.47137901800005 ], [ -15.696973416999981, 16.472096595000153 ], [ -15.696315637999817, 16.473172960000113 ], [ -15.69577745499987, 16.474966902000062 ], [ -15.694760887999962, 16.476402056000154 ], [ -15.693445329999918, 16.477657815000043 ], [ -15.691890579999949, 16.478734181000107 ], [ -15.689857445999962, 16.479332161 ], [ -15.686867541999959, 16.479750748000129 ], [ -15.678794802999903, 16.480707517000155 ], [ -15.676163687999974, 16.480767315000094 ], [ -15.672934591999876, 16.480827113000089 ], [ -15.66683518799988, 16.480946709000023 ], [ -15.658284063999872, 16.482082873000081 ], [ -15.64979273799986, 16.483876814999974 ], [ -15.642377776999979, 16.485969747000127 ], [ -15.63729494099988, 16.487703891000081 ], [ -15.632152306999899, 16.49003601600009 ], [ -15.630717152999921, 16.490873189000126 ], [ -15.629281998999943, 16.492248545000052 ], [ -15.627966441999945, 16.493922891000068 ], [ -15.626949873999877, 16.49619521700015 ], [ -15.626531287999967, 16.498347948000173 ], [ -15.626172498999949, 16.500201688000061 ], [ -15.626232297999934, 16.502115227000047 ], [ -15.626650883999901, 16.503191592000178 ], [ -15.627189066999961, 16.504566948000104 ], [ -15.628265431999921, 16.506899072000181 ], [ -15.630597556999874, 16.512400495000179 ], [ -15.633228671999973, 16.518858687000034 ], [ -15.632989479999821, 16.52131040800009 ], [ -15.632331700999941, 16.524001321000071 ], [ -15.631255335999867, 16.526453042000185 ], [ -15.628145835999874, 16.529323349000094 ], [ -15.626955897999949, 16.530156305000048 ], [ -15.625155931999927, 16.531416282000123 ], [ -15.622524816999942, 16.533808205000071 ], [ -15.622465018999947, 16.534884570000031 ], [ -15.623003201999893, 16.536618713999985 ], [ -15.623003201999893, 16.537994070000082 ], [ -15.621926835999943, 16.539070435000099 ], [ -15.620431884999959, 16.53996740600013 ], [ -15.618338951999817, 16.540266396 ], [ -15.61552844299996, 16.540445791000025 ], [ -15.613136519999955, 16.540087002000064 ], [ -15.610684798999955, 16.539608618000102 ], [ -15.604804429999945, 16.535881372000119 ], [ -15.598924285999885, 16.532153958000038 ], [ -15.593044367999937, 16.528426378 ], [ -15.584612838999874, 16.523403340000073 ], [ -15.582639502999939, 16.521968185999981 ], [ -15.579828993999911, 16.519217475000062 ], [ -15.576241108999966, 16.517004947000089 ], [ -15.573311003999891, 16.515629591 ], [ -15.570022109999911, 16.514134639000133 ], [ -15.565896042999952, 16.512998476000178 ], [ -15.562846340999954, 16.512460293000117 ], [ -15.560633812999924, 16.512101505000146 ], [ -15.55495299599994, 16.511383928000157 ], [ -15.551664101999961, 16.511742716000185 ], [ -15.545205909999936, 16.512938678000012 ], [ -15.538448727999935, 16.514613024000028 ], [ -15.53444225699991, 16.515689389000158 ], [ -15.53264831499996, 16.516227572 ], [ -15.529725233999955, 16.517384259000039 ], [ -15.525678918999915, 16.518598154000017 ], [ -15.520881145999965, 16.519869852999989 ], [ -15.517586288999951, 16.521025943000097 ], [ -15.513366560999941, 16.523395927000081 ], [ -15.510071703999927, 16.525881521000031 ], [ -15.508395373999917, 16.52715322 ], [ -15.50787513299997, 16.529118573000176 ], [ -15.507817328999977, 16.531777579999982 ], [ -15.508800004999955, 16.534205369000063 ], [ -15.510071703999927, 16.536401940000189 ], [ -15.513308755999958, 16.540332645999968 ], [ -15.5149850869999, 16.541777758000023 ], [ -15.516661416999966, 16.543338480000159 ], [ -15.517817506999961, 16.545014810000112 ], [ -15.518279942999982, 16.545997487000022 ], [ -15.519031401999939, 16.547789426 ], [ -15.519147010999916, 16.549985997000135 ], [ -15.518857987999979, 16.552702809000039 ], [ -15.518395551999845, 16.554899380000165 ], [ -15.517990920999921, 16.556517906000124 ], [ -15.516777025999943, 16.559754958000099 ], [ -15.515736544999925, 16.561546897000142 ], [ -15.51458045499993, 16.562992010000073 ], [ -15.511516816999915, 16.566402475000075 ], [ -15.50978268199998, 16.567905392000171 ], [ -15.503655404999961, 16.572009512000079 ], [ -15.499435675999962, 16.574668519000113 ], [ -15.497585931999936, 16.575593391000041 ], [ -15.494984729999942, 16.576749481000149 ], [ -15.490129151999895, 16.578772638000146 ], [ -15.482903588999875, 16.581200427 ], [ -15.480360190999932, 16.581836276000104 ], [ -15.478741664999973, 16.583512606999989 ], [ -15.478105815999925, 16.58432187000011 ], [ -15.477412161999951, 16.586229418000187 ], [ -15.47694972599993, 16.587212095000041 ], [ -15.475157785999897, 16.589293057000077 ], [ -15.473250237999935, 16.590506951000179 ], [ -15.471342688999982, 16.59108499600012 ], [ -15.468972704999942, 16.591778650000151 ], [ -15.466891742999962, 16.592183282000065 ], [ -15.463770299999965, 16.592298891000098 ], [ -15.460244224999826, 16.591952064000111 ], [ -15.457390687999975, 16.591129858000102 ], [ -15.456833759999881, 16.59096938700003 ], [ -15.452498421999906, 16.589004034000084 ], [ -15.45175052999997, 16.588608091000083 ], [ -15.449550392999981, 16.587443313000165 ], [ -15.446833580999908, 16.585420155000122 ], [ -15.443596528999933, 16.582703344000095 ], [ -15.440648499999838, 16.580102141000111 ], [ -15.437758274999965, 16.576171436000038 ], [ -15.436024139999915, 16.573281211000051 ], [ -15.434521222999933, 16.570159768000167 ], [ -15.433018305999894, 16.566344671000081 ], [ -15.432555869999931, 16.563974686 ], [ -15.432498064999947, 16.56027519800017 ], [ -15.432324651999977, 16.55842545400003 ], [ -15.431804410999916, 16.555304011000146 ], [ -15.430937343999972, 16.551431110000067 ], [ -15.429492230999927, 16.547616013000152 ], [ -15.428393945999915, 16.545881878000102 ], [ -15.425734938999938, 16.543685306999976 ], [ -15.422440082999969, 16.541662149000103 ], [ -15.418278158999954, 16.539696796000101 ], [ -15.408104566999896, 16.53697998500013 ], [ -15.404347273999974, 16.536228526000059 ], [ -15.399954131999948, 16.536170722000065 ], [ -15.394809531999954, 16.537037789000124 ], [ -15.390763216999915, 16.538598511000089 ], [ -15.386774705999869, 16.540563864000092 ], [ -15.383190826999908, 16.542644826000128 ], [ -15.376196482999944, 16.546748945 ], [ -15.372843821999936, 16.548829907000027 ], [ -15.37082066399995, 16.550217215000089 ], [ -15.369375551999838, 16.551662328000191 ], [ -15.367178980999881, 16.554668162000041 ], [ -15.363248274999933, 16.558194236000077 ], [ -15.361571943999934, 16.559176913000158 ], [ -15.359606590999874, 16.559986176000052 ], [ -15.355964907999919, 16.56073763400002 ], [ -15.352438832999951, 16.560217394000176 ], [ -15.350415675999955, 16.559350326000185 ], [ -15.348565931999929, 16.559061304000068 ], [ -15.345502292999925, 16.559119108000061 ], [ -15.3422074369999, 16.559292522000192 ], [ -15.338045512999884, 16.559870567000132 ], [ -15.335155287999953, 16.560795439000117 ], [ -15.333132129999967, 16.562471769000069 ], [ -15.333093963999943, 16.562503329000037 ], [ -15.330126295999946, 16.564957363000019 ], [ -15.32151342599991, 16.570969031000061 ], [ -15.31885441899982, 16.572356339000123 ], [ -15.317582719999848, 16.572876578999967 ], [ -15.315443953999875, 16.573743647000128 ], [ -15.313420795999946, 16.57443730100016 ], [ -15.310877397999889, 16.575073150000094 ], [ -15.308854240999892, 16.575477782000178 ], [ -15.30451890299986, 16.575766804000125 ], [ -15.301802091999946, 16.575766804000125 ], [ -15.298622843999965, 16.575535586000171 ], [ -15.287697793999939, 16.573454624000135 ], [ -15.282842215999892, 16.572298534000026 ], [ -15.273188863999906, 16.569639527000049 ], [ -15.26902693999989, 16.568425633000118 ], [ -15.267466218999914, 16.568367828000078 ], [ -15.266599150999923, 16.569408309000096 ], [ -15.264518188999887, 16.57010196300007 ], [ -15.262610640999981, 16.57027537700003 ], [ -15.260587482999824, 16.57039098600012 ], [ -15.258159693999858, 16.569986354000036 ], [ -15.256136536999975, 16.569350505000102 ], [ -15.244806854999922, 16.564263709000045 ], [ -15.242783696999936, 16.563107619000107 ], [ -15.24122297599996, 16.56044861200013 ], [ -15.239777862999915, 16.55871447700008 ], [ -15.235731547999876, 16.556864733000168 ], [ -15.23203206099987, 16.555882056000087 ], [ -15.227927940999848, 16.555766447000053 ], [ -15.223534798999879, 16.556171079000137 ], [ -15.220528964999971, 16.557269364000149 ], [ -15.217465326999957, 16.559234717000152 ], [ -15.216367040999955, 16.559986176000052 ], [ -15.215326559999937, 16.561315679000188 ], [ -15.214632905999906, 16.562182747000179 ], [ -15.211973898999815, 16.564148100000125 ], [ -15.206482471999948, 16.567731979000087 ], [ -15.203245419999973, 16.569639527000049 ], [ -15.199950562999845, 16.571200249000185 ], [ -15.197233751999931, 16.572471948000157 ], [ -15.194632548999834, 16.573628038000095 ], [ -15.190412820999939, 16.574784127999976 ], [ -15.187117963999981, 16.575651195000034 ], [ -15.18179994999997, 16.577443134000077 ], [ -15.180008010999927, 16.578136788000108 ], [ -15.178620702999979, 16.579003856000099 ], [ -15.177522416999977, 16.579986532000191 ], [ -15.176944371999923, 16.582240908000017 ], [ -15.176655349999919, 16.584090652000157 ], [ -15.175614868999958, 16.586402832000147 ], [ -15.174863409999887, 16.587674531000118 ], [ -15.173476101999938, 16.589235252000037 ], [ -15.171510748999935, 16.590449147000186 ], [ -15.169603200999973, 16.59108499600012 ], [ -15.16821589299991, 16.59125841000008 ], [ -15.165845907999937, 16.59125841000008 ], [ -15.163418118999971, 16.590853778000167 ], [ -15.161279352999941, 16.590333538000095 ], [ -15.154920857999969, 16.588310380000053 ], [ -15.145903355999849, 16.584264065000184 ], [ -15.144978483999978, 16.583454802000119 ], [ -15.140874363999956, 16.581547254000043 ], [ -15.136770244999923, 16.580333359 ], [ -15.133186365999961, 16.579524096000114 ], [ -15.127752742999974, 16.57883044200014 ], [ -15.125035931999889, 16.578772638000146 ], [ -15.122030097999982, 16.578946051000173 ], [ -15.118966458999978, 16.57946629200012 ], [ -15.116827692999948, 16.579928728000027 ], [ -15.113995271999954, 16.581373840000083 ], [ -15.110642610999946, 16.583281389000035 ], [ -15.108388235999939, 16.585477960000162 ], [ -15.107058731999871, 16.586980877000087 ], [ -15.105324596999935, 16.588830621 ], [ -15.103128025999979, 16.59096938700003 ], [ -15.10139389099993, 16.592356695000092 ], [ -15.097752207999974, 16.594957898000132 ], [ -15.095671245999938, 16.596345206000137 ], [ -15.093185651999875, 16.597848123000063 ], [ -15.091220298999929, 16.599408844000152 ], [ -15.089486163999936, 16.600796151999987 ], [ -15.08775202899983, 16.602819310000086 ], [ -15.086769352999966, 16.604206618000092 ], [ -15.085150826999893, 16.606692211000166 ], [ -15.084283758999902, 16.608599760000118 ], [ -15.083936931999915, 16.610680722000041 ], [ -15.083647909999968, 16.613397533000182 ], [ -15.084110345999875, 16.615420691000054 ], [ -15.084514976999969, 16.616634585000156 ], [ -15.086827156999959, 16.620738705000065 ], [ -15.089197141999932, 16.624149170000067 ], [ -15.089837632999888, 16.624989815000106 ], [ -15.091046885999958, 16.626576959000147 ], [ -15.093994914999882, 16.62912035700009 ], [ -15.096191485999896, 16.630507665000152 ], [ -15.098272447999875, 16.631085710000093 ], [ -15.100758041999939, 16.631374733000087 ], [ -15.104515333999927, 16.631316928000047 ], [ -15.106769709999924, 16.631316928000047 ], [ -15.109428716999957, 16.63160595100004 ], [ -15.111220655999887, 16.631952778000084 ], [ -15.115151361999949, 16.632935454000176 ], [ -15.116538669999898, 16.633513499000117 ], [ -15.117868173999966, 16.634843003000185 ], [ -15.119313285999965, 16.636808356000188 ], [ -15.120353766999926, 16.639062731000081 ], [ -15.121047420999901, 16.641317107000134 ], [ -15.121220834999974, 16.643513678000033 ], [ -15.121047420999901, 16.645305617000076 ], [ -15.120758398999897, 16.647906820000117 ], [ -15.120353766999926, 16.649814368000023 ], [ -15.119197676999931, 16.65264678900013 ], [ -15.11815719599997, 16.654612142000133 ], [ -15.116365256999927, 16.657733585000017 ], [ -15.114746730999968, 16.65981454700011 ], [ -15.103969279999944, 16.672131633000106 ], [ -15.100989259999949, 16.675537370000086 ], [ -15.100006582999981, 16.67652004700011 ], [ -15.099023906999946, 16.677444919000095 ], [ -15.097810011999968, 16.678138573000126 ], [ -15.09694294499991, 16.678369791000023 ], [ -15.095440027999928, 16.67865881299997 ], [ -15.093705892999935, 16.67865881299997 ], [ -15.091278103999969, 16.678369791000023 ], [ -15.085613262999971, 16.677502723000089 ], [ -15.083069864999914, 16.676866874000154 ], [ -15.081220120999831, 16.676057611000033 ], [ -15.079601594999929, 16.675132739000105 ], [ -15.077520632999892, 16.673745431000043 ], [ -15.07590210699982, 16.672473732000071 ], [ -15.072202618999881, 16.667907177000188 ], [ -15.07098872399996, 16.665768410000055 ], [ -15.069485806999978, 16.662473554000087 ], [ -15.067751671999929, 16.657849194000107 ], [ -15.066884604999871, 16.65495896900012 ], [ -15.06636436399998, 16.65258898400009 ], [ -15.066190950999953, 16.6502768040001 ], [ -15.065323882999962, 16.647270970000079 ], [ -15.064630228999931, 16.645016595000129 ], [ -15.063185116999932, 16.642820024 ], [ -15.060526109999898, 16.639987603000066 ], [ -15.058618560999832, 16.637906641000029 ], [ -15.05700003499993, 16.636114702000157 ], [ -15.056248576999849, 16.634553980000192 ], [ -15.055439313999955, 16.632877650000012 ], [ -15.054167614999869, 16.630392056000062 ], [ -15.053127133999965, 16.628715726000109 ], [ -15.052664697999944, 16.628426703000059 ], [ -15.05202884799985, 16.628195485000106 ], [ -15.051335193999932, 16.628311094000026 ], [ -15.050814953999861, 16.628831334999973 ], [ -15.050352517999954, 16.629871816 ], [ -15.049716667999917, 16.631143515000133 ], [ -15.049138622999976, 16.631894973000158 ], [ -15.048444968999945, 16.632646432000058 ], [ -15.047751314999971, 16.633108868000136 ], [ -15.046884247999969, 16.63345569500018 ], [ -15.045670352999878, 16.63345569500018 ], [ -15.044572067999979, 16.633224477000056 ], [ -15.044051826999919, 16.632877650000012 ], [ -15.043531586999961, 16.632530823000025 ], [ -15.042028669999922, 16.631663755000034 ], [ -15.039889902999903, 16.631027906000099 ], [ -15.038444790999961, 16.630970101 ], [ -15.035959197999944, 16.631027906000099 ], [ -15.033415799999887, 16.631374733000087 ], [ -15.030120942999929, 16.632126191000111 ], [ -15.027577544999929, 16.633224477000056 ], [ -15.025207560999945, 16.634380567000107 ], [ -15.022895380999955, 16.635710070000073 ], [ -15.020814418999976, 16.636577138000064 ], [ -15.019484914999907, 16.637039574000141 ], [ -15.016941516999964, 16.637733228000116 ], [ -15.014802750999934, 16.638253468000187 ], [ -15.012663983999914, 16.638773709000191 ], [ -15.010351803999981, 16.639409558000125 ], [ -15.008386450999922, 16.640103212000099 ], [ -15.006825729999946, 16.640854671000056 ], [ -15.004629158999819, 16.642588806000106 ], [ -15.00249039199997, 16.644843181000169 ], [ -15.000293820999957, 16.647791211000026 ], [ -14.999484557999949, 16.650045586000147 ], [ -14.998906512999895, 16.65258898400009 ], [ -14.998501881999971, 16.655305796000164 ], [ -14.997345791999976, 16.664149884000039 ], [ -14.997287986999936, 16.666693281999983 ], [ -14.997461400999953, 16.668543026000123 ], [ -14.9977504229999, 16.670739597000022 ], [ -14.998039445999837, 16.674612498000101 ], [ -14.998212858999977, 16.677733941000042 ], [ -14.997981640999853, 16.67964149 ], [ -14.997692618999906, 16.680739775 ], [ -14.996305310999958, 16.684150241000111 ], [ -14.995496047999893, 16.685306331000049 ], [ -14.994686784999885, 16.686346812000068 ], [ -14.992663626999843, 16.688774601000148 ], [ -14.991102905999924, 16.690393127000107 ], [ -14.989021943999887, 16.691780435000112 ], [ -14.985438064999926, 16.692705307000097 ], [ -14.983125884999936, 16.692531893000137 ], [ -14.981565162999914, 16.69218506600015 ], [ -14.979426396999884, 16.691491412000119 ], [ -14.977461043999881, 16.690739954000094 ], [ -14.974744231999978, 16.689410450000082 ], [ -14.971275961999822, 16.687676315000033 ], [ -14.962085046999903, 16.682589519000146 ], [ -14.958443362999958, 16.681260016000181 ], [ -14.954339243999925, 16.679525881000131 ], [ -14.953067544999953, 16.678716618000067 ], [ -14.951911454999959, 16.677444919000095 ], [ -14.950928777999934, 16.675768588000039 ], [ -14.950292928999886, 16.674265671000114 ], [ -14.949599274999969, 16.672069101000091 ], [ -14.949541469999872, 16.670277161000172 ], [ -14.950408537999863, 16.665826215000095 ], [ -14.950928777999934, 16.665421583000011 ], [ -14.951738040999885, 16.663745253000059 ], [ -14.953240957999981, 16.657906998000101 ], [ -14.954223634999948, 16.653802879000068 ], [ -14.954165829999965, 16.652126548000183 ], [ -14.953761198999871, 16.650103391000016 ], [ -14.952836326999943, 16.647444384000039 ], [ -14.95271473299988, 16.647174176000021 ], [ -14.952697197999953, 16.647135210000044 ], [ -14.952316085999939, 16.646288294000101 ], [ -14.948963424999931, 16.640854671000056 ], [ -14.945437350999953, 16.635536657000046 ], [ -14.943761019999897, 16.63403374000012 ], [ -14.942604929999959, 16.633224477000056 ], [ -14.941044208999813, 16.632415214000105 ], [ -14.93925226999994, 16.63172156000013 ], [ -14.937633743999982, 16.631374733000087 ], [ -14.936073021999903, 16.631548146000171 ], [ -14.934223277999877, 16.631894973000158 ], [ -14.932431338999947, 16.632415214000105 ], [ -14.930755007999892, 16.633513499000117 ], [ -14.928616241999919, 16.635132025000132 ], [ -14.920639220999931, 16.642704415000139 ], [ -14.919078498999909, 16.644322941000098 ], [ -14.918558258999951, 16.645305617000076 ], [ -14.91769119099996, 16.646866339000042 ], [ -14.916361687999938, 16.648542669000051 ], [ -14.915610228999924, 16.649062910000168 ], [ -14.914107311999942, 16.649525346000075 ], [ -14.91300902699993, 16.649467540999979 ], [ -14.912199763999922, 16.649178519000088 ], [ -14.911506109999891, 16.648773887000175 ], [ -14.91075465099982, 16.647964624000053 ], [ -14.910234410999919, 16.647097557 ], [ -14.910176605999936, 16.645999271000107 ], [ -14.910639041999843, 16.644091722999974 ], [ -14.911043673999927, 16.642473197000186 ], [ -14.911332695999931, 16.64021882100019 ], [ -14.911217086999955, 16.638311273000113 ], [ -14.910118801999943, 16.63605689700006 ], [ -14.907864425999946, 16.633860326000161 ], [ -14.905378832999929, 16.632299605000071 ], [ -14.900523254999882, 16.630160838000108 ], [ -14.898615705999873, 16.630334252000068 ], [ -14.896303525999883, 16.631548146000171 ], [ -14.894627195999931, 16.632704236000052 ], [ -14.893355496999959, 16.634322762000068 ], [ -14.892257210999844, 16.636288115000013 ], [ -14.891332338999973, 16.63848468600014 ], [ -14.890176248999978, 16.641432716000168 ], [ -14.889077963999966, 16.645363422000173 ], [ -14.888731136999922, 16.646750730000178 ], [ -14.888615527999889, 16.648427060000131 ], [ -14.888384309999935, 16.650219000000106 ], [ -14.888037482999948, 16.652299962000143 ], [ -14.887690655999904, 16.653860683000062 ], [ -14.88722821999994, 16.655421405000027 ], [ -14.88670797899988, 16.657039931000043 ], [ -14.885609693999982, 16.658369434000178 ], [ -14.884280189999913, 16.659294306000106 ], [ -14.882719468999937, 16.660219178000091 ], [ -14.881274355999892, 16.660681614000168 ], [ -14.878730957999949, 16.660912832000122 ], [ -14.876823409999929, 16.660566005000078 ], [ -14.875436101999924, 16.659987960000137 ], [ -14.873933184999828, 16.658774066000035 ], [ -14.87237246299992, 16.65738675800003 ], [ -14.871216372999925, 16.655941645000098 ], [ -14.867516884999873, 16.650623631000087 ], [ -14.864106419999871, 16.644958790000089 ], [ -14.863701787999958, 16.643976114000111 ], [ -14.86352837499993, 16.642993437000086 ], [ -14.863297156999977, 16.641317107000134 ], [ -14.862892524999893, 16.639814190000038 ], [ -14.862025457999835, 16.637559813999985 ], [ -14.861736434999898, 16.637212987000169 ], [ -14.860580344999903, 16.636808356000188 ], [ -14.859193036999955, 16.636577138000064 ], [ -14.856823052999971, 16.636577138000064 ], [ -14.853875022999944, 16.637444205000122 ], [ -14.850637970999969, 16.638600295 ], [ -14.848614813999916, 16.639178340000171 ], [ -14.842082905999916, 16.640276626000059 ], [ -14.840522183999951, 16.640392235000149 ], [ -14.839019266999912, 16.640450039000143 ], [ -14.837805372999924, 16.64021882100019 ], [ -14.836013432999891, 16.639409558000125 ], [ -14.834857342999896, 16.638600295 ], [ -14.834163688999979, 16.637848837000035 ], [ -14.830579809999904, 16.63518983 ], [ -14.829539328999886, 16.634843003000185 ], [ -14.82780519399995, 16.634843003000185 ], [ -14.826302276999854, 16.635363243000086 ], [ -14.825435209999966, 16.635999093000123 ], [ -14.824047901999904, 16.637848837000035 ], [ -14.823412051999981, 16.639062731000081 ], [ -14.823007420999886, 16.639987603000066 ], [ -14.822660593999899, 16.641317107000134 ], [ -14.82271839799995, 16.643051242000126 ], [ -14.82306522499988, 16.644265136000058 ], [ -14.823123029999977, 16.64559464000007 ], [ -14.823007420999886, 16.647039752000126 ], [ -14.822024743999975, 16.649236323000025 ], [ -14.821099871999877, 16.650854849000041 ], [ -14.820117195999956, 16.651953135000156 ], [ -14.818556473999934, 16.653051420000168 ], [ -14.817515992999915, 16.653629465000108 ], [ -14.816244293999944, 16.654091901000186 ], [ -14.814394549999861, 16.654265315000146 ], [ -14.812602610999932, 16.654149706000055 ], [ -14.811446520999937, 16.653687269999978 ], [ -14.810174821999965, 16.652704593000124 ], [ -14.808151663999979, 16.650739240000121 ], [ -14.797689049999974, 16.637386401000128 ], [ -14.794741019999947, 16.633340086000089 ], [ -14.793122493999817, 16.63160595100004 ], [ -14.791677381999875, 16.630565470000022 ], [ -14.790232268999944, 16.629756207000128 ], [ -14.789191787999926, 16.629409380000141 ], [ -14.788382524999918, 16.629351575000044 ], [ -14.78763106699995, 16.629524989000174 ], [ -14.786590585999818, 16.630334252000068 ], [ -14.785492299999873, 16.631548146000171 ], [ -14.784625232999929, 16.632877650000012 ], [ -14.783700360999944, 16.634669589000055 ], [ -14.783353533999957, 16.635941288000026 ], [ -14.782602074999943, 16.63750201 ], [ -14.780867939999894, 16.641028084000084 ], [ -14.779076000999964, 16.644496354000182 ], [ -14.77849795599991, 16.64559464000007 ], [ -14.776648211999884, 16.648542669000051 ], [ -14.773411159999853, 16.652242157000046 ], [ -14.77109897999992, 16.654496533000099 ], [ -14.768902408999907, 16.655883841000104 ], [ -14.767630709999935, 16.656288472000085 ], [ -14.76606998799997, 16.656346277000182 ], [ -14.764740484999891, 16.655883841000104 ], [ -14.762486108999894, 16.655016773000114 ], [ -14.760694169999965, 16.653802879000068 ], [ -14.757341508999957, 16.651375089999988 ], [ -14.755549568999982, 16.649987782000153 ], [ -14.754046651999886, 16.648427060000131 ], [ -14.753121779999958, 16.646924143000035 ], [ -14.75231251699995, 16.645305617000076 ], [ -14.751850080999873, 16.643802700000151 ], [ -14.751618862999919, 16.642010761000108 ], [ -14.751387644999966, 16.639814190000038 ], [ -14.751445449999949, 16.638195664000023 ], [ -14.751618862999919, 16.636634942000057 ], [ -14.751850080999873, 16.635825679000163 ], [ -14.752659343999937, 16.633802522000167 ], [ -14.753237388999821, 16.632357409000065 ], [ -14.753237388999821, 16.630796688000146 ], [ -14.752890561999891, 16.628889139000137 ], [ -14.751965689999849, 16.627559636 ], [ -14.750289359999954, 16.625825501000122 ], [ -14.747803765999947, 16.624149170000067 ], [ -14.740346985999963, 16.620102855000027 ], [ -14.739075286999821, 16.619524810000087 ], [ -14.736936520999961, 16.6191779830001 ], [ -14.73572262599987, 16.6191779830001 ], [ -14.734913362999976, 16.619467006000093 ], [ -14.734277513999928, 16.620160660000124 ], [ -14.734104099999968, 16.620507487000111 ], [ -14.734104099999968, 16.621374554 ], [ -14.734104099999968, 16.622877471000095 ], [ -14.734624340999972, 16.623513321000132 ], [ -14.73572262599987, 16.62466941100007 ], [ -14.737109933999932, 16.625883305000116 ], [ -14.737861392999832, 16.626634764000073 ], [ -14.738670655999897, 16.627501831000131 ], [ -14.738786264999874, 16.62929377100005 ], [ -14.73855504699992, 16.631201319000127 ], [ -14.73797700199998, 16.631952778000084 ], [ -14.736994324999955, 16.632588627000189 ], [ -14.736358475999907, 16.632935454000176 ], [ -14.735028971999952, 16.633108868000136 ], [ -14.73369946899993, 16.632704236000052 ], [ -14.732832400999939, 16.632299605000071 ], [ -14.731676310999944, 16.632241799999974 ], [ -14.730635829999926, 16.632241799999974 ], [ -14.729364130999954, 16.632299605000071 ], [ -14.728670476999923, 16.632762041000149 ], [ -14.727919018999899, 16.633513499000117 ], [ -14.727629995999962, 16.634149348999983 ], [ -14.727572191999911, 16.63617250600015 ], [ -14.727976822999892, 16.639698581000118 ], [ -14.728323649999822, 16.641317107000134 ], [ -14.728728281999906, 16.642820024 ], [ -14.728901694999934, 16.643976114000111 ], [ -14.728728281999906, 16.645190007999986 ], [ -14.72843925899997, 16.645999271000107 ], [ -14.727861213999915, 16.646577316000048 ], [ -14.726936341999874, 16.647155360999989 ], [ -14.726242687999957, 16.647270970000079 ], [ -14.724855379999894, 16.647213166000085 ], [ -14.724103921999927, 16.646577316000048 ], [ -14.722890026999949, 16.645132204000049 ], [ -14.72173393699984, 16.643513678000033 ], [ -14.719652974999974, 16.641259302000037 ], [ -14.71734079499987, 16.639871993999975 ], [ -14.715259832999834, 16.639293949000034 ], [ -14.712311803999967, 16.639178340000171 ], [ -14.709537187999899, 16.639293949000034 ], [ -14.707860856999957, 16.639582972000085 ], [ -14.703352105999841, 16.641201498000044 ], [ -14.702022602999875, 16.641721738000115 ], [ -14.701155534999884, 16.642241979000062 ], [ -14.698727745999918, 16.64322465500004 ], [ -14.697224828999936, 16.643802700000151 ], [ -14.692600468999842, 16.645363422000173 ], [ -14.686473191999937, 16.646808534000172 ], [ -14.683409553999923, 16.646924143000035 ], [ -14.681675418999873, 16.646924143000035 ], [ -14.679941283999938, 16.646924143000035 ], [ -14.677860321999958, 16.646750730000178 ], [ -14.675837163999972, 16.646635121000145 ], [ -14.673293765999972, 16.646692925000082 ], [ -14.670808172999898, 16.646750730000178 ], [ -14.666588443999899, 16.647039752000126 ], [ -14.664623090999953, 16.647213166000085 ], [ -14.662599933999957, 16.647502188000033 ], [ -14.6600565359999, 16.64802242900015 ], [ -14.658322400999964, 16.648427060000131 ], [ -14.656877287999862, 16.648831692000044 ], [ -14.655547784999897, 16.649409736999985 ], [ -14.653871453999955, 16.649929977000056 ], [ -14.652541950999876, 16.6502768040001 ], [ -14.65103903399995, 16.650623631000087 ], [ -14.649825138999972, 16.650681436000184 ], [ -14.648437830999967, 16.650681436000184 ], [ -14.646645891999924, 16.650623631000087 ], [ -14.645027365999965, 16.650219000000106 ], [ -14.643293230999973, 16.649409736999985 ], [ -14.641790313999877, 16.648195842 ], [ -14.640634223999882, 16.647155360999989 ], [ -14.639767156999937, 16.645883662000017 ], [ -14.639478133999887, 16.644843181000169 ], [ -14.639246915999934, 16.643571482000027 ], [ -14.63918911199994, 16.639004927000087 ], [ -14.639304720999917, 16.637270792000095 ], [ -14.640287396999952, 16.635305439000092 ], [ -14.641905922999968, 16.63374471700007 ], [ -14.645200779999982, 16.633397890000083 ], [ -14.647801981999919, 16.633224477000056 ], [ -14.649709529999939, 16.633108868000136 ], [ -14.650460988999839, 16.632935454000176 ], [ -14.651559273999851, 16.632126191000111 ], [ -14.651732687999981, 16.630681079000112 ], [ -14.651617078999948, 16.629524989000174 ], [ -14.651154642999927, 16.628311094000026 ], [ -14.649940747999949, 16.626519155000153 ], [ -14.648264417999883, 16.624727215000064 ], [ -14.642310554999938, 16.619524810000087 ], [ -14.640865441999949, 16.618368720000035 ], [ -14.639788096999951, 16.617740269000137 ], [ -14.639478133999887, 16.617559457000084 ], [ -14.638611066999943, 16.617617262000181 ], [ -14.637686194999958, 16.617848480000134 ], [ -14.635836450999932, 16.618946765000146 ], [ -14.635027187999867, 16.61975602800004 ], [ -14.634217924999973, 16.620680900000025 ], [ -14.633235247999835, 16.62235723100008 ], [ -14.632483789999924, 16.623802343000079 ], [ -14.632136962999823, 16.625074042000051 ], [ -14.631790135999893, 16.625825501000122 ], [ -14.631212090999952, 16.62686598199997 ], [ -14.630113804999951, 16.627964266999982 ], [ -14.628264060999925, 16.628889139000137 ], [ -14.626876752999976, 16.629178162000187 ], [ -14.623235069999907, 16.629582793000168 ], [ -14.618032664999873, 16.629582793000168 ], [ -14.615720484999883, 16.629524989000174 ], [ -14.614101958999981, 16.629235966000181 ], [ -14.612020996999945, 16.628426703000059 ], [ -14.610518079999963, 16.627444027000138 ], [ -14.608726139999931, 16.625825501000122 ], [ -14.607570049999936, 16.624033561000033 ], [ -14.606992004999881, 16.622819667000158 ], [ -14.606818591999911, 16.621605772000123 ], [ -14.606413959999941, 16.619929442000171 ], [ -14.60572030599991, 16.618888961000152 ], [ -14.605084456999975, 16.617964089 ], [ -14.603697148999913, 16.617675066000174 ], [ -14.602136426999948, 16.618021893 ], [ -14.601211554999963, 16.618484329000069 ], [ -14.600402291999899, 16.619351397000059 ], [ -14.599419615999921, 16.620565291000105 ], [ -14.598032307999915, 16.62235723100008 ], [ -14.596991826999954, 16.623282103 ], [ -14.595951345999936, 16.624033561000033 ], [ -14.594448428999954, 16.62438038800002 ], [ -14.592425270999968, 16.623686734000046 ], [ -14.591442594999933, 16.622935276000192 ], [ -14.590286504999938, 16.621894795000173 ], [ -14.588610173999939, 16.620854314000155 ], [ -14.586355798999932, 16.620391878000078 ], [ -14.584506054999849, 16.620449682000071 ], [ -14.582771919999971, 16.620912118000149 ], [ -14.581500220999942, 16.621547968000186 ], [ -14.579708280999967, 16.622530644000108 ], [ -14.578667799999948, 16.623166494000145 ], [ -14.576529033999918, 16.623860148000176 ], [ -14.573870026999828, 16.62455380199998 ], [ -14.572078086999966, 16.62466941100007 ], [ -14.570459560999893, 16.62455380199998 ], [ -14.568841034999934, 16.624322584000026 ], [ -14.567395922999822, 16.623744539000086 ], [ -14.565257155999973, 16.62206820800003 ], [ -14.563927652999894, 16.620912118000149 ], [ -14.563060584999846, 16.619871637000131 ], [ -14.561210840999934, 16.618484329000069 ], [ -14.559650119999901, 16.617386044000057 ], [ -14.557800375999932, 16.617270435000023 ], [ -14.556008435999956, 16.618195307000121 ], [ -14.555314781999869, 16.618888961000152 ], [ -14.554678932999934, 16.61975602800004 ], [ -14.554043082999897, 16.620969923000018 ], [ -14.553407233999963, 16.622241622 ], [ -14.553060406999919, 16.623224298000139 ], [ -14.552540165999972, 16.624900629000024 ], [ -14.550921639999899, 16.630507665000152 ], [ -14.550517008999975, 16.632935454000176 ], [ -14.550748226999929, 16.634553980000192 ], [ -14.550690421999946, 16.636692747000097 ], [ -14.550170181999817, 16.639871993999975 ], [ -14.549245309999947, 16.642010761000108 ], [ -14.548147024999935, 16.643513678000033 ], [ -14.547511174999897, 16.643976114000111 ], [ -14.546759716999873, 16.644149526999968 ], [ -14.545372408999924, 16.644438550000189 ], [ -14.543985100999919, 16.644322941000098 ], [ -14.542886814999974, 16.643744896000157 ], [ -14.541846333999956, 16.643051242000126 ], [ -14.540516830999934, 16.642010761000108 ], [ -14.53514101199994, 16.636288115000013 ], [ -14.533753703999878, 16.634727394000151 ], [ -14.533117854999944, 16.63374471700007 ], [ -14.531152501999941, 16.631490342000177 ], [ -14.529707388999952, 16.629987425000081 ], [ -14.528031058999886, 16.628946944000063 ], [ -14.525487660999943, 16.627790854000125 ], [ -14.523406698999963, 16.627270613000178 ], [ -14.520054037999955, 16.626461350000113 ], [ -14.514389196999957, 16.624785020000104 ], [ -14.512828474999935, 16.624149170000067 ], [ -14.511267753999959, 16.623224298000139 ], [ -14.50953361899991, 16.622010404000036 ], [ -14.507683874999884, 16.619813833000137 ], [ -14.506007543999942, 16.617732871000044 ], [ -14.503464145999885, 16.615767518000098 ], [ -14.500516116999961, 16.61455362300012 ], [ -14.498550763999958, 16.614206796000076 ], [ -14.495891756999981, 16.614380210000036 ], [ -14.491787636999845, 16.615305082000191 ], [ -14.489648870999872, 16.616056539999988 ], [ -14.48797253999993, 16.616923607999979 ], [ -14.486180600999887, 16.618426525000075 ], [ -14.484793292999939, 16.619871637000131 ], [ -14.48334817999995, 16.621663577000049 ], [ -14.482307698999932, 16.623108689000048 ], [ -14.47860821099988, 16.62623013200016 ], [ -14.47571798599995, 16.627097200000094 ], [ -14.474215068999911, 16.627155004000088 ], [ -14.472307520999834, 16.62698159100006 ], [ -14.469128272999967, 16.626519155000153 ], [ -14.460977838999952, 16.624900629000024 ], [ -14.458261026999878, 16.624322584000026 ], [ -14.456411282999966, 16.623860148000176 ], [ -14.452769599999897, 16.623628930000052 ], [ -14.450226201999953, 16.623686734000046 ], [ -14.4482030449999, 16.624264779000157 ], [ -14.446815736999952, 16.624958433000188 ], [ -14.444676969999932, 16.62686598199997 ], [ -14.443752097999948, 16.627964266999982 ], [ -14.442827225999906, 16.629582793000168 ], [ -14.442191376999972, 16.630912297 ], [ -14.441555526999935, 16.632588627000189 ], [ -14.441093090999971, 16.634207153000148 ], [ -14.439647978999915, 16.637386401000128 ], [ -14.438780910999981, 16.639062731000081 ], [ -14.438434083999937, 16.639582972000085 ], [ -14.437393602999919, 16.641143693000174 ], [ -14.435254836999889, 16.642993437000086 ], [ -14.43363631099993, 16.644149526999968 ], [ -14.430457062999949, 16.646230489000061 ], [ -14.424040763999926, 16.651143872000034 ], [ -14.423347109999895, 16.652010939000093 ], [ -14.421959801999947, 16.65276239800005 ], [ -14.420803711999952, 16.652935811000077 ], [ -14.419821034999927, 16.652993616000174 ], [ -14.418202508999912, 16.652820202000044 ], [ -14.417404110999939, 16.652478032000147 ], [ -14.416988614999866, 16.652299962000143 ], [ -14.415890328999922, 16.651721917000032 ], [ -14.414907652999887, 16.651028263000171 ], [ -14.414040584999839, 16.650103391000016 ], [ -14.413462539999955, 16.648947301000135 ], [ -14.413289126999928, 16.647733406000157 ], [ -14.413404735999961, 16.644727572000136 ], [ -14.412942299999827, 16.642415392000146 ], [ -14.412190840999926, 16.639698581000118 ], [ -14.410919141999955, 16.636808356000188 ], [ -14.409358420999922, 16.63518983 ], [ -14.407335262999879, 16.633975935000024 ], [ -14.404849669999919, 16.633282281 ], [ -14.402306271999976, 16.633166672000129 ], [ -14.399705068999936, 16.633340086000089 ], [ -14.397335084999952, 16.63374471700007 ], [ -14.396294603999934, 16.634091544000114 ], [ -14.395947776999947, 16.634611785000061 ], [ -14.394560468999885, 16.635652266000079 ], [ -14.392999746999919, 16.63634592000011 ], [ -14.390803175999963, 16.636981769000045 ], [ -14.38895343199988, 16.637444205000122 ], [ -14.386178815999813, 16.637791032000109 ], [ -14.384271267999964, 16.637906641000029 ], [ -14.381785673999957, 16.637848837000035 ], [ -14.379993734999914, 16.637559813999985 ], [ -14.37889544899997, 16.637328596000032 ], [ -14.377797163999958, 16.637039574000141 ], [ -14.375253765999958, 16.635999093000123 ], [ -14.373519630999965, 16.635132025000132 ], [ -14.371265254999969, 16.634438371000101 ], [ -14.369877946999964, 16.634207153000148 ], [ -14.366756503999966, 16.634264958000074 ], [ -14.364848955999946, 16.634553980000192 ], [ -14.362189948999969, 16.635594461000039 ], [ -14.360976053999877, 16.63617250600015 ], [ -14.359762159999889, 16.637039574000141 ], [ -14.357912415999976, 16.637906641000029 ], [ -14.356814129999975, 16.638369077000107 ], [ -14.355079994999926, 16.639062731000081 ], [ -14.351842942999951, 16.640103212000099 ], [ -14.350051003999909, 16.640565648 ], [ -14.343165104999969, 16.64220285500005 ], [ -14.341784960999973, 16.642531001000179 ], [ -14.340917892999926, 16.642704415000139 ], [ -14.336004510999885, 16.642646610000043 ], [ -14.334732811999913, 16.642184174000022 ], [ -14.333345503999965, 16.641663934000121 ], [ -14.331726977999892, 16.640681257000097 ], [ -14.330108451999934, 16.639236145000041 ], [ -14.328489925999861, 16.637559813999985 ], [ -14.327160421999963, 16.633629108000036 ], [ -14.326755790999982, 16.632241799999974 ], [ -14.326466767999875, 16.630623274000186 ], [ -14.326408963999882, 16.628079876000072 ], [ -14.326408963999882, 16.625767696000082 ], [ -14.326466767999875, 16.623513321000132 ], [ -14.326755790999982, 16.621316750000062 ], [ -14.327102617999913, 16.617906284000128 ], [ -14.327218226999889, 16.61374436 ], [ -14.32727603099994, 16.610738525999977 ], [ -14.326871399999959, 16.607790497000053 ], [ -14.326697985999829, 16.604437836000045 ], [ -14.326755790999982, 16.602356874000179 ], [ -14.326929203999953, 16.601374197000155 ], [ -14.3274494449999, 16.599524453000015 ], [ -14.327969684999971, 16.598079341000187 ], [ -14.329703819999907, 16.594264244000101 ], [ -14.330628691999891, 16.591720846000158 ], [ -14.333692330999895, 16.580217750000145 ], [ -14.334096961999876, 16.576980698 ], [ -14.334039157999882, 16.575130955000191 ], [ -14.333750134999946, 16.572818774999973 ], [ -14.333287698999982, 16.571084640000151 ], [ -14.332305022999947, 16.569234896000012 ], [ -14.331322345999979, 16.568252219000158 ], [ -14.329241383999943, 16.566633693000028 ], [ -14.32762285799987, 16.565766626000141 ], [ -14.326177745999928, 16.565593212000181 ], [ -14.323981174999915, 16.565593212000181 ], [ -14.32242045299995, 16.566055648000031 ], [ -14.320686317999957, 16.566575889000035 ], [ -14.320166077999943, 16.566980520000186 ], [ -14.319992663999869, 16.56750076100019 ], [ -14.319472423999969, 16.568425633000118 ], [ -14.318952182999851, 16.569119287000149 ], [ -14.318258528999934, 16.569928550000043 ], [ -14.316235371999937, 16.570795617000101 ], [ -14.314559040999882, 16.571084640000151 ], [ -14.312362469999869, 16.571258053000179 ], [ -14.309934680999959, 16.571315858000105 ], [ -14.30848956899996, 16.571315858000105 ], [ -14.306639824999934, 16.571026835000055 ], [ -14.305079102999969, 16.571026835000055 ], [ -14.303171554999949, 16.571026835000055 ], [ -14.30184205099988, 16.571200249000185 ], [ -14.299818893999941, 16.571547076 ], [ -14.298200367999925, 16.572067316000073 ], [ -14.29681305999992, 16.573107797000091 ], [ -14.295830382999952, 16.574263887000029 ], [ -14.294963315999894, 16.575882412999988 ], [ -14.29450087999993, 16.576865089000137 ], [ -14.293865029999893, 16.578194592999978 ], [ -14.293460398999969, 16.578888247000179 ], [ -14.291263827999956, 16.582067494000057 ], [ -14.289934323999887, 16.583917238000026 ], [ -14.28744873099987, 16.585420155000122 ], [ -14.285772399999814, 16.58634502700005 ], [ -14.284269482999889, 16.586807463000127 ], [ -14.282939979999924, 16.586807463000127 ], [ -14.282246325999893, 16.586807463000127 ], [ -14.279356100999962, 16.585535764000156 ], [ -14.277217333999943, 16.584553088 ], [ -14.274095890999945, 16.582298712000011 ], [ -14.268373245999953, 16.57726972100005 ], [ -14.267621786999939, 16.576518262000093 ], [ -14.266812523999931, 16.575362173000144 ], [ -14.266639110999961, 16.57443730100016 ], [ -14.266523501999927, 16.573281211000051 ], [ -14.266928132999908, 16.572009512000079 ], [ -14.268431049999833, 16.569870745000173 ], [ -14.270222989999866, 16.567616370000053 ], [ -14.271494688999837, 16.565882235000174 ], [ -14.273575650999874, 16.561835920000135 ], [ -14.275020762999816, 16.557384973000012 ], [ -14.27548319899995, 16.554841575000069 ], [ -14.27548319899995, 16.552355982000051 ], [ -14.274962958999936, 16.549696975000018 ], [ -14.273922477999974, 16.546402118000174 ], [ -14.272246146999919, 16.543049457000166 ], [ -14.270222989999866, 16.540101428000014 ], [ -14.268662267999957, 16.537789248000024 ], [ -14.266639110999961, 16.53461 ], [ -14.265483020999966, 16.532702452000137 ], [ -14.263170840999976, 16.528193701000021 ], [ -14.262014750999981, 16.525765912000168 ], [ -14.260685246999856, 16.522586664000187 ], [ -14.260396224999909, 16.521488379000175 ], [ -14.258488675999899, 16.517788891000123 ], [ -14.256870149999941, 16.514840861000096 ], [ -14.256407713999977, 16.514378425000018 ], [ -14.255887473999962, 16.513973794000037 ], [ -14.254962601999921, 16.513915989000168 ], [ -14.254326751999884, 16.514262816000155 ], [ -14.253748706999943, 16.514667448000068 ], [ -14.253633097999966, 16.515418906000093 ], [ -14.253806511999926, 16.516459387000111 ], [ -14.254326751999884, 16.516979628000058 ], [ -14.255078210999898, 16.517962304000037 ], [ -14.256349909999869, 16.519927656999982 ], [ -14.257101367999951, 16.521488379000175 ], [ -14.257621608999955, 16.522586664000187 ], [ -14.257910630999959, 16.523395927000081 ], [ -14.258488675999899, 16.525072258000137 ], [ -14.258662089999973, 16.525997130000121 ], [ -14.258662089999973, 16.528424918999974 ], [ -14.258488675999899, 16.529349791000129 ], [ -14.257274781999911, 16.534031955000103 ], [ -14.256581127999937, 16.536055112999975 ], [ -14.255425037999828, 16.538425097000129 ], [ -14.25403772999988, 16.540737277000176 ], [ -14.252419203999978, 16.542644826000128 ], [ -14.249239956999929, 16.545419442000025 ], [ -14.24762143099997, 16.546286509000083 ], [ -14.245135836999907, 16.546980163000114 ], [ -14.24230341699996, 16.547269186000165 ], [ -14.239239777999956, 16.547384795000028 ], [ -14.233285914999897, 16.546806750000087 ], [ -14.222765495999852, 16.545246028000065 ], [ -14.220568924999895, 16.544610179000131 ], [ -14.218892593999954, 16.543800916000066 ], [ -14.214904083999897, 16.540910691000136 ], [ -14.213516775999949, 16.539754601000027 ], [ -14.211320204999936, 16.537789248000024 ], [ -14.209643873999937, 16.536286331000099 ], [ -14.208314370999915, 16.535303654000074 ], [ -14.207100475999937, 16.53461 ], [ -14.205481949999921, 16.533742932999985 ], [ -14.204094641999916, 16.533107083000118 ], [ -14.202938551999978, 16.532702452000137 ], [ -14.20189807099996, 16.532702452000137 ], [ -14.200915394999925, 16.532586843000104 ], [ -14.199874913999906, 16.532124407000026 ], [ -14.199123454999892, 16.531083926000179 ], [ -14.198661018999928, 16.52975442200011 ], [ -14.198545409999952, 16.528482723000138 ], [ -14.199239063999869, 16.527789069000107 ], [ -14.20033734999987, 16.526632979000055 ], [ -14.201782461999926, 16.524841040000183 ], [ -14.203111965999938, 16.522528860000023 ], [ -14.204036837999922, 16.520101071000113 ], [ -14.204094641999916, 16.517962304000037 ], [ -14.203632205999952, 16.515534515000127 ], [ -14.202765138999951, 16.51345355300009 ], [ -14.201724657999932, 16.511835027000075 ], [ -14.199528086999976, 16.509407238000051 ], [ -14.197678342999893, 16.508135539000079 ], [ -14.196637861999932, 16.507846517000132 ], [ -14.195019335999973, 16.507441885000048 ], [ -14.191608869999982, 16.506343600000037 ], [ -14.189412298999855, 16.505476532000046 ], [ -14.188024990999907, 16.504725074000078 ], [ -14.186406464999948, 16.50368459300006 ], [ -14.184672329999955, 16.502528503000121 ], [ -14.182938194999906, 16.501314608000143 ], [ -14.181261864999954, 16.500216323000132 ], [ -14.178834075999816, 16.498886819000063 ], [ -14.176926526999978, 16.498077556000169 ], [ -14.175292946999832, 16.497561688000133 ], [ -14.175292641999874, 16.497561592000125 ], [ -14.174729955999965, 16.497383901999967 ], [ -14.172302166999884, 16.496574639000073 ], [ -14.170741445999909, 16.495996594000133 ], [ -14.16686854399984, 16.493915632000096 ], [ -14.165423431999898, 16.492643933000124 ], [ -14.164036123999949, 16.491314430000159 ], [ -14.1623019889999, 16.488828836000039 ], [ -14.161030289999928, 16.486285438000095 ], [ -14.159874199999933, 16.483857649000186 ], [ -14.159296154999879, 16.48235473200009 ], [ -14.158255673999975, 16.479926943 ], [ -14.156694951999953, 16.477556959000026 ], [ -14.15507642599988, 16.475533802000086 ], [ -14.153631313999881, 16.473799667000037 ], [ -14.151376938999874, 16.472470162999969 ], [ -14.149584998999956, 16.471834314000034 ], [ -14.148255495999877, 16.471603096000081 ], [ -14.147157209999875, 16.471603096000081 ], [ -14.145538683999973, 16.471718705000171 ], [ -14.144093571999974, 16.472181141000078 ], [ -14.142417240999976, 16.473568449000084 ], [ -14.140625301999876, 16.475418193 ], [ -14.139873842999975, 16.476747696000132 ], [ -14.138775557999963, 16.478019395000103 ], [ -14.137503858999878, 16.478539635000175 ], [ -14.136347768999883, 16.478770853000128 ], [ -14.135365091999859, 16.478655244000038 ], [ -14.133919979999916, 16.478424026000141 ], [ -14.133226325999885, 16.477961590000064 ], [ -14.132417062999934, 16.477152327000169 ], [ -14.131954626999914, 16.476111847000027 ], [ -14.131781212999954, 16.474840148000055 ], [ -14.13207023599989, 16.474377711999978 ], [ -14.132590475999962, 16.473741862000111 ], [ -14.133573152999929, 16.473221622000096 ], [ -14.134729242999981, 16.472296750000112 ], [ -14.137503858999878, 16.469522134000044 ], [ -14.139237993999927, 16.466863127000067 ], [ -14.140162865999969, 16.465360210000142 ], [ -14.140567496999893, 16.463741684000126 ], [ -14.140740910999853, 16.462065353000071 ], [ -14.140278474999946, 16.458597083000029 ], [ -14.139642624999908, 16.456805144000157 ], [ -14.138833361999957, 16.455186617999971 ], [ -14.138370925999936, 16.45460857300003 ], [ -14.137099226999965, 16.453914919 ], [ -14.134902655999952, 16.453452483000149 ], [ -14.133226325999885, 16.453163460000098 ], [ -14.131781212999954, 16.452990047000071 ], [ -14.130393904999949, 16.452874437999981 ], [ -14.129237814999954, 16.452643220000027 ], [ -14.127272461999951, 16.452180784000177 ], [ -14.120971771999905, 16.449463972000103 ], [ -14.118948613999919, 16.448481296000125 ], [ -14.11773471999993, 16.44767203300006 ], [ -14.115711561999944, 16.446284725 ], [ -14.114035231999935, 16.44507083000002 ], [ -14.112647923999873, 16.443856936000145 ], [ -14.111434028999895, 16.442585237000173 ], [ -14.11045135299986, 16.441313538000031 ], [ -14.109179653999888, 16.439637207000146 ], [ -14.10837039099988, 16.437845268000103 ], [ -14.107965758999967, 16.436400155000172 ], [ -14.107850149999933, 16.433856757000058 ], [ -14.107676736999963, 16.431949209000152 ], [ -14.106983082999932, 16.430157269 ], [ -14.10571138399996, 16.427960698000106 ], [ -14.104324075999955, 16.426342172000091 ], [ -14.102474331999929, 16.424839255 ], [ -14.099584106999885, 16.423567556000023 ], [ -14.097271926999895, 16.422700488999965 ], [ -14.094844137999928, 16.421949030000064 ], [ -14.092705370999965, 16.421255376000033 ], [ -14.090624408999929, 16.420503918000065 ], [ -14.086693702999924, 16.418538565000063 ], [ -14.083572259999869, 16.416457603000026 ], [ -14.081549102999873, 16.415012490000095 ], [ -14.070913074999964, 16.406688642000063 ], [ -14.069641375999879, 16.405185725000138 ], [ -14.068254067999931, 16.403278177000061 ], [ -14.065884082999958, 16.399405275000049 ], [ -14.064092143999858, 16.395879201000128 ], [ -14.062415812999973, 16.393798239000091 ], [ -14.059699001999888, 16.391486059000101 ], [ -14.05559488199998, 16.387786571000049 ], [ -14.047733470999901, 16.379925159000095 ], [ -14.040103276999901, 16.371832529000017 ], [ -14.038542554999935, 16.369578154000124 ], [ -14.036866224999926, 16.36691914700009 ], [ -14.035478916999978, 16.364317944000106 ], [ -14.03461184899993, 16.362641614000154 ], [ -14.033686976999888, 16.359462366000173 ], [ -14.032819909999887, 16.356340923000062 ], [ -14.032184059999963, 16.353739721000125 ], [ -14.031432601999938, 16.351774368000179 ], [ -14.03039212099992, 16.350213646000157 ], [ -14.028773594999961, 16.348999752000111 ], [ -14.027501895999876, 16.348595120000027 ], [ -14.026288000999898, 16.348595120000027 ], [ -14.023686798999961, 16.349115361000145 ], [ -14.021085595999978, 16.349635601000045 ], [ -14.018542197999921, 16.349924624000039 ], [ -14.012935161999962, 16.350329255000077 ], [ -14.009945038999945, 16.350094427000158 ], [ -14.004735331999939, 16.349170124000182 ], [ -13.996080496999866, 16.347153462999984 ], [ -13.994315918999973, 16.34614513300005 ], [ -13.994109543999969, 16.34601737700018 ], [ -13.992551340999967, 16.345052775000113 ], [ -13.991374955999902, 16.343960417000119 ], [ -13.98717357899983, 16.340767371000084 ], [ -13.982384009999919, 16.338162518000104 ], [ -13.9799472119999, 16.337070160000167 ], [ -13.97818263399995, 16.336397940000154 ], [ -13.977006248999942, 16.336229885000023 ], [ -13.974989587999971, 16.336313913000026 ], [ -13.973645147999946, 16.336145858000066 ], [ -13.9720486249999, 16.33538961 ], [ -13.97028404699995, 16.334297252000056 ], [ -13.968099330999905, 16.332616701000177 ], [ -13.966502807999973, 16.331272261000152 ], [ -13.965074339999887, 16.329255600000181 ], [ -13.963897954999936, 16.327070885000126 ], [ -13.961965321999969, 16.323457701000166 ], [ -13.957091724999941, 16.316063279000105 ], [ -13.956839641999977, 16.313374398000121 ], [ -13.956671586999903, 16.311021627000059 ], [ -13.956755614999963, 16.310013297000125 ], [ -13.957175752999888, 16.309173022000152 ], [ -13.95843616499991, 16.307576499000106 ], [ -13.961041018999879, 16.306064003000188 ], [ -13.962049348999926, 16.305895948000057 ], [ -13.964234064999914, 16.306148031000021 ], [ -13.967427110999893, 16.307828581000024 ], [ -13.96843544099994, 16.308668856000168 ], [ -13.969695853999951, 16.309425104000013 ], [ -13.971712514999979, 16.310013297000125 ], [ -13.97372917499996, 16.310433434000174 ], [ -13.976165972999979, 16.310433434000174 ], [ -13.978686798999888, 16.310349407000047 ], [ -13.980199294999977, 16.310181352000086 ], [ -13.98717357899983, 16.308500801000037 ], [ -13.988602046999972, 16.307912609000027 ], [ -13.989442322999935, 16.307072333000121 ], [ -13.990198569999905, 16.305055673000084 ], [ -13.990450652999982, 16.30413137000005 ], [ -13.990450652999982, 16.302954984999985 ], [ -13.990114542999891, 16.301694572000088 ], [ -13.989358294999931, 16.29976193900012 ], [ -13.988938156999893, 16.298921663000044 ], [ -13.988770101999933, 16.296400838000125 ], [ -13.988602046999972, 16.292283489000056 ], [ -13.988349964999884, 16.285645313999964 ], [ -13.988349964999884, 16.283712681000054 ], [ -13.988433991999841, 16.281107828000074 ], [ -13.988602046999972, 16.279931442000077 ], [ -13.988602046999972, 16.277914782000039 ], [ -13.987845799999945, 16.276906451000173 ], [ -13.986753441999952, 16.275898121000068 ], [ -13.98532497399998, 16.275309928000127 ], [ -13.983896505999951, 16.275309928000127 ], [ -13.983056230999864, 16.275309928000127 ], [ -13.981459707999932, 16.275982149000072 ], [ -13.979022908999923, 16.276570341000081 ], [ -13.969695853999951, 16.277410617000157 ], [ -13.968183357999919, 16.277410617000157 ], [ -13.963225733999877, 16.276822424000045 ], [ -13.961461155999928, 16.276486314000124 ], [ -13.959948660999828, 16.276066176000029 ], [ -13.958016027999975, 16.275225901 ], [ -13.955747284999916, 16.274133543000062 ], [ -13.953898678999906, 16.273209240000028 ], [ -13.952554238999937, 16.272368965000055 ], [ -13.951629935999961, 16.271192580000161 ], [ -13.951293825999926, 16.270268277000184 ], [ -13.951377852999883, 16.268839809000099 ], [ -13.952050072999896, 16.267159258000049 ], [ -13.953226458999893, 16.265898846000027 ], [ -13.955495201999952, 16.264218294999978 ], [ -13.957259779999902, 16.263209965000044 ], [ -13.957970747999866, 16.262684467000099 ], [ -13.959192412999869, 16.261781497000186 ], [ -13.961209073999839, 16.259932891000176 ], [ -13.962889623999956, 16.258252341 ], [ -13.965578504999883, 16.255143322000094 ], [ -13.967595165999853, 16.252202359000023 ], [ -13.969023633999825, 16.24951347800004 ], [ -13.969437611999979, 16.24854752900012 ], [ -13.96943770199988, 16.248547319000124 ], [ -13.970031963999929, 16.247160707000148 ], [ -13.97028404699995, 16.245480156999974 ], [ -13.970452101999967, 16.243379468000171 ], [ -13.97028404699995, 16.239766285000087 ], [ -13.97020001899989, 16.235312826000097 ], [ -13.970368073999964, 16.234052413000029 ], [ -13.970536128999981, 16.23312811 ], [ -13.971292376999941, 16.230523257000016 ], [ -13.972636816999909, 16.226573963000135 ], [ -13.973309037999911, 16.22539757800007 ], [ -13.973561119999829, 16.22438924800008 ], [ -13.973561119999829, 16.223717027000191 ], [ -13.972720844999913, 16.223128835000182 ], [ -13.971460431999901, 16.222960780000051 ], [ -13.969443770999931, 16.223296890000142 ], [ -13.967091000999972, 16.223969110000155 ], [ -13.962721568999939, 16.225901743000122 ], [ -13.96028477099992, 16.227246183000148 ], [ -13.957595889999936, 16.228758679000066 ], [ -13.95599936699989, 16.230019092000134 ], [ -13.954654926999979, 16.231111450000128 ], [ -13.953394513999854, 16.231783670000141 ], [ -13.951041742999962, 16.232623945000114 ], [ -13.943563292999897, 16.235144770999966 ], [ -13.942218852999929, 16.235564909000118 ], [ -13.941294549999952, 16.235732964000078 ], [ -13.938437613999895, 16.234724633000042 ], [ -13.938269558999934, 16.23422046800016 ], [ -13.937513310999975, 16.23312811 ], [ -13.935748732999912, 16.231027422000125 ], [ -13.934572347999904, 16.230019092000134 ], [ -13.93263971499988, 16.229262844000118 ], [ -13.930454998999949, 16.228506596000045 ], [ -13.928018200999929, 16.228254514000184 ], [ -13.926673759999915, 16.228506596000045 ], [ -13.925917512999945, 16.229178817 ], [ -13.924489044999973, 16.230019092000134 ], [ -13.923312658999976, 16.230439229000183 ], [ -13.92196821899995, 16.230859367000164 ], [ -13.920707805999939, 16.230691311999976 ], [ -13.919699475999892, 16.230187147000095 ], [ -13.918775172999972, 16.229514927000082 ], [ -13.918607117999954, 16.227918404000093 ], [ -13.918859200999918, 16.223885082000152 ], [ -13.919279337999967, 16.220187871 ], [ -13.91843906299988, 16.213969834000068 ], [ -13.91751475999996, 16.208424018000017 ], [ -13.915582126999936, 16.20287820100009 ], [ -13.913901575999887, 16.199937237000142 ], [ -13.910708529999908, 16.19682821900011 ], [ -13.907767566999951, 16.195231696000064 ], [ -13.905582850999849, 16.194391421000091 ], [ -13.903482162999921, 16.193803227999979 ], [ -13.900709254999924, 16.193467118000058 ], [ -13.898356483999919, 16.193383090000054 ], [ -13.895499547999975, 16.193551145000185 ], [ -13.892894694999939, 16.194643503000179 ], [ -13.890373868999973, 16.196240026 ], [ -13.888189152999871, 16.198340714000096 ], [ -13.885164162999956, 16.199265017000073 ], [ -13.883735694999928, 16.199517100000094 ], [ -13.881382923999922, 16.199096962000112 ], [ -13.878778070999942, 16.198088632 ], [ -13.876929464999932, 16.19674419100005 ], [ -13.869703097999945, 16.189937962000101 ], [ -13.868694766999852, 16.188089356000091 ], [ -13.867854491999935, 16.185652558000072 ], [ -13.867518381999957, 16.182627567 ], [ -13.867770464999921, 16.180526879000126 ], [ -13.868946849999929, 16.178006053000047 ], [ -13.870207262999941, 16.176409530000058 ], [ -13.872476005999886, 16.174224814000127 ], [ -13.874156556999935, 16.17262829100008 ], [ -13.875837106999882, 16.17069565800017 ], [ -13.876845436999929, 16.168678998000075 ], [ -13.877517657999931, 16.166494282000144 ], [ -13.87793779499998, 16.163385263000066 ], [ -13.878021822999926, 16.161956795000151 ], [ -13.87810584999994, 16.15918388700004 ], [ -13.877517657999931, 16.155906814000048 ], [ -13.876929464999932, 16.153385988000025 ], [ -13.876005161999956, 16.151201272000094 ], [ -13.874324611999896, 16.149352667000187 ], [ -13.871383647999949, 16.146999896000125 ], [ -13.869955179999863, 16.144815180000023 ], [ -13.86819060199997, 16.141538107000031 ], [ -13.867266298999937, 16.138597143000027 ], [ -13.866930188999959, 16.136580483000159 ], [ -13.866426023999963, 16.134395767000058 ], [ -13.865585748999933, 16.131706886000075 ], [ -13.864493390999939, 16.129942308000068 ], [ -13.862560757999915, 16.129690225000104 ], [ -13.860628124999948, 16.129522170000143 ], [ -13.858107298999926, 16.128849950000131 ], [ -13.856174665999902, 16.128177730000118 ], [ -13.855166335999968, 16.127505510000049 ], [ -13.854326059999892, 16.125824959 ], [ -13.853653839999936, 16.123640244000171 ], [ -13.853485784999975, 16.120951363000188 ], [ -13.85289759199992, 16.117758317000153 ], [ -13.852225371999964, 16.115573601000051 ], [ -13.850124036999944, 16.109754518000045 ], [ -13.850040656999965, 16.109523619000015 ], [ -13.848780243999954, 16.107927096000026 ], [ -13.847855940999921, 16.107338903000084 ], [ -13.84676358299987, 16.106918766000092 ], [ -13.845587197999976, 16.107002793 ], [ -13.844578866999939, 16.107422931000144 ], [ -13.843402481999874, 16.108515289000081 ], [ -13.841133738999929, 16.110868059999973 ], [ -13.836008059999926, 16.117590262000022 ], [ -13.833655288999864, 16.121203445000106 ], [ -13.832058765999932, 16.123136078000016 ], [ -13.830378214999939, 16.125068711000154 ], [ -13.827857389999849, 16.127925647000097 ], [ -13.826428921999934, 16.129522170000143 ], [ -13.820378939999955, 16.133219382000163 ], [ -13.812312296999892, 16.137756868000054 ], [ -13.810379663999868, 16.138681171000087 ], [ -13.807018562999929, 16.139689501000191 ], [ -13.801724828999966, 16.141874217000122 ], [ -13.799540112999978, 16.143386712000108 ], [ -13.797691507999957, 16.144479070000102 ], [ -13.796851231999881, 16.144647125000063 ], [ -13.794750543999896, 16.144983235000154 ], [ -13.79222971799993, 16.145235318000118 ], [ -13.789708892999897, 16.145235318000118 ], [ -13.787104038999871, 16.144815180000023 ], [ -13.780886001999818, 16.144226987000081 ], [ -13.776600598999892, 16.143890877 ], [ -13.774079772999926, 16.14380685000009 ], [ -13.771054781999965, 16.143890877 ], [ -13.767609652999909, 16.144479070000102 ], [ -13.764752716999965, 16.144983235000154 ], [ -13.761979808999968, 16.146075593000091 ], [ -13.758282597999937, 16.147840171000098 ], [ -13.749459707999904, 16.152545713000052 ], [ -13.745510413999909, 16.154898483000011 ], [ -13.74382986299986, 16.156074869 ], [ -13.741477092999958, 16.158595694000155 ], [ -13.737359743999889, 16.162544988000036 ], [ -13.734922944999823, 16.164393594000046 ], [ -13.734502807999945, 16.165738034000128 ], [ -13.733494477999955, 16.169771355000137 ], [ -13.732486146999975, 16.171115796000095 ], [ -13.728291479999939, 16.174973391000151 ], [ -13.723075063999886, 16.179770631000054 ], [ -13.720218127999942, 16.182123402000116 ], [ -13.717361191999885, 16.182963677000089 ], [ -13.715344531999847, 16.182963677000089 ], [ -13.712067457999922, 16.182459512000037 ], [ -13.708118164999917, 16.181703264000191 ], [ -13.705849420999982, 16.180947016000118 ], [ -13.70274040299995, 16.177922025000044 ], [ -13.701311934999978, 16.173720649000074 ], [ -13.701311934999978, 16.170275521000121 ], [ -13.701900127999977, 16.165822062000132 ], [ -13.702824429999964, 16.163553318000027 ], [ -13.704504980999957, 16.159519997000132 ], [ -13.705765393999968, 16.157755419000182 ], [ -13.707109833999823, 16.156158896000136 ], [ -13.710975099999871, 16.153049878000104 ], [ -13.716857026999946, 16.148260309000023 ], [ -13.718453549999936, 16.146075593000091 ], [ -13.718613917999903, 16.145674674000077 ], [ -13.718614134999939, 16.145674131000135 ], [ -13.719125770999881, 16.144395043000145 ], [ -13.718957714999931, 16.142210327000043 ], [ -13.717650682999874, 16.137738901000091 ], [ -13.717361191999885, 16.13674853800012 ], [ -13.7152605039999, 16.131370776000153 ], [ -13.711899402999961, 16.125488849000078 ], [ -13.709042466999961, 16.121035390000145 ], [ -13.706101503999946, 16.117086096000037 ], [ -13.703244567999946, 16.114061106 ], [ -13.701311934999978, 16.112296527000126 ], [ -13.696858475999932, 16.108515289000081 ], [ -13.687363365999886, 16.100280591000171 ], [ -13.684338374999982, 16.097255600000096 ], [ -13.681565465999938, 16.096331297000063 ], [ -13.67862450299998, 16.096331297000063 ], [ -13.676523814999882, 16.097087545000136 ], [ -13.67509534699991, 16.097759765000148 ], [ -13.672826603999965, 16.099776426000119 ], [ -13.668205089999958, 16.104734050000161 ], [ -13.666524538999965, 16.106750711000132 ], [ -13.665768290999949, 16.107675014000108 ], [ -13.662911354999892, 16.109607647000075 ], [ -13.66165094299987, 16.110111812000127 ], [ -13.660474556999873, 16.110447922000048 ], [ -13.653668327999924, 16.111120142000061 ], [ -13.651987776999874, 16.111120142000061 ], [ -13.649046813999917, 16.110700004000137 ], [ -13.643753078999964, 16.109607647000075 ], [ -13.636778794999941, 16.10817917900016 ], [ -13.634426023999879, 16.10817917900016 ], [ -13.6312329779999, 16.10893542600013 ], [ -13.623502445999975, 16.1122125 ], [ -13.621233701999927, 16.113472913000123 ], [ -13.619217041999946, 16.114649298000018 ], [ -13.617704545999857, 16.115657629000054 ], [ -13.614511499999878, 16.117422207000061 ], [ -13.609974013999874, 16.119774977000191 ], [ -13.599722655999926, 16.124396491000141 ], [ -13.596361554999874, 16.125824959 ], [ -13.594008783999982, 16.126665234000029 ], [ -13.58783776599995, 16.129588348000084 ], [ -13.586026168999979, 16.13044647300012 ], [ -13.58375742599992, 16.131790914000078 ], [ -13.581656737999936, 16.132883271000139 ], [ -13.577371333999906, 16.133723547000045 ], [ -13.573169956999834, 16.13489993200011 ], [ -13.567792195999857, 16.136412428000028 ], [ -13.564851231999967, 16.136496455000156 ], [ -13.561490130999971, 16.136496455000156 ], [ -13.558129029999861, 16.136328400000025 ], [ -13.555356121999921, 16.135992290000104 ], [ -13.548045726999931, 16.134311739000054 ], [ -13.543256157999906, 16.132967298999972 ], [ -13.538550616999885, 16.131790914000078 ], [ -13.535021459999825, 16.131202721000022 ], [ -13.52645065299987, 16.129522170000143 ], [ -13.523761771999887, 16.128429813000082 ], [ -13.520484697999905, 16.128933978000134 ], [ -13.514350688999968, 16.130278417999989 ], [ -13.511241669999947, 16.131874941000035 ], [ -13.506200018999948, 16.135236042000031 ], [ -13.50141044999998, 16.138681171000087 ], [ -13.497209073999898, 16.14137005200007 ], [ -13.495528522999962, 16.142294354000171 ], [ -13.492503531999944, 16.144395043000145 ], [ -13.491831311999931, 16.144983235000154 ], [ -13.491747283999814, 16.145739483 ], [ -13.491999366999892, 16.146411703000012 ], [ -13.491999366999892, 16.147083923000025 ], [ -13.491663256999971, 16.14817628100019 ], [ -13.491159091999975, 16.148848501000032 ], [ -13.486705632999929, 16.148764474000075 ], [ -13.485613274999878, 16.148596419000114 ], [ -13.484268834999909, 16.147840171000098 ], [ -13.481916063999961, 16.146495731000073 ], [ -13.479983430999823, 16.145151290000115 ], [ -13.478975099999957, 16.144142960000181 ], [ -13.477126494999936, 16.14128602400001 ], [ -13.474857751999934, 16.137588813000093 ], [ -13.474437613999953, 16.136412428000028 ], [ -13.474101503999975, 16.134311739000054 ], [ -13.474185530999875, 16.132883271000139 ], [ -13.474689696999974, 16.131454803000054 ], [ -13.476034136999886, 16.129438143000186 ], [ -13.477462604999971, 16.128177730000118 ], [ -13.479227182999978, 16.126917317000164 ], [ -13.481075788999874, 16.12607704200019 ], [ -13.482000090999975, 16.126329124000108 ], [ -13.486453549999965, 16.125740932000099 ], [ -13.490907008999898, 16.125152738999986 ], [ -13.494016027999862, 16.124312464000013 ], [ -13.498217403999945, 16.122379831000103 ], [ -13.502586834999875, 16.119943032000151 ], [ -13.504519467999899, 16.118430537000165 ], [ -13.507628486999863, 16.115741656000182 ], [ -13.51031736799996, 16.112548610000147 ], [ -13.511913890999949, 16.109187509000094 ], [ -13.513426385999878, 16.10431391200018 ], [ -13.513510413999882, 16.101120866000144 ], [ -13.511913890999949, 16.096079214999975 ], [ -13.509056954999835, 16.091877839000176 ], [ -13.507376403999956, 16.089609095000071 ], [ -13.504267385999924, 16.08658410400011 ], [ -13.5023347529999, 16.084903554000164 ], [ -13.501242394999849, 16.084315361000108 ], [ -13.499897953999891, 16.083727169000099 ], [ -13.489562568999872, 16.08221467300018 ], [ -13.487461880999888, 16.083054948000154 ], [ -13.48611743999993, 16.083811196000056 ], [ -13.484184806999906, 16.086416048999979 ], [ -13.483092448999912, 16.088096600000029 ], [ -13.48166398099994, 16.090869508000139 ], [ -13.48065565099995, 16.093558389000123 ], [ -13.479647320999902, 16.096079214999975 ], [ -13.477966769999853, 16.099104206000106 ], [ -13.476286219999963, 16.101625032000129 ], [ -13.47452164099991, 16.103557665000039 ], [ -13.473009145999981, 16.104986133000125 ], [ -13.470404292999945, 16.106834738000032 ], [ -13.468723741999895, 16.107843069000069 ], [ -13.46633935899996, 16.108592446000159 ], [ -13.465782778999937, 16.10876737100017 ], [ -13.46200153999996, 16.109775702000036 ], [ -13.46015293399995, 16.109859729000107 ], [ -13.458388355999944, 16.109439592000115 ], [ -13.456959887999972, 16.108515289000081 ], [ -13.454859199999817, 16.107002793 ], [ -13.453934897999886, 16.105826408000098 ], [ -13.453598786999976, 16.103053499999987 ], [ -13.45225434699995, 16.096499353000127 ], [ -13.448641162999934, 16.08927298500015 ], [ -13.447380749999923, 16.087844517000065 ], [ -13.445532144999902, 16.086416048999979 ], [ -13.435364813999968, 16.080870233000155 ], [ -13.426457895999931, 16.077088994000178 ], [ -13.421290154999895, 16.075198436999983 ], [ -13.416122510999969, 16.07330775500003 ], [ -13.411374913999907, 16.071543229999975 ], [ -13.406627399999934, 16.069778599000074 ], [ -13.396964234999871, 16.065745278000065 ], [ -13.393351050999968, 16.064232782000147 ], [ -13.391166334999923, 16.063308480000046 ], [ -13.389065646999939, 16.063140425000086 ], [ -13.387805233999927, 16.063476535000177 ], [ -13.385788573999946, 16.063224452000043 ], [ -13.376377490999971, 16.058686966000096 ], [ -13.373772636999888, 16.05364531400005 ], [ -13.372764306999954, 16.050368241000058 ], [ -13.372764306999954, 16.049359910000021 ], [ -13.373016389999918, 16.046166864000156 ], [ -13.374612912999964, 16.040789103000122 ], [ -13.375621242999898, 16.035999534000041 ], [ -13.376713600999949, 16.027764836000074 ], [ -13.377133738999817, 16.024403735000078 ], [ -13.376797627999963, 16.022471102000111 ], [ -13.375453187999938, 16.019782221000128 ], [ -13.374696939999978, 16.016757230000053 ], [ -13.374192774999926, 16.014404459000161 ], [ -13.373688609999874, 16.011799606000011 ], [ -13.373352499999953, 16.010707248000074 ], [ -13.37242819699992, 16.009026698000071 ], [ -13.369487233999962, 16.00516143100009 ], [ -13.367806682999912, 16.003144771000052 ], [ -13.366294187999927, 16.002304496000079 ], [ -13.364949746999969, 16.001296165000042 ], [ -13.363605306999943, 15.999783670000056 ], [ -13.362260865999872, 15.997178815999973 ], [ -13.361840728999937, 15.995246183000063 ], [ -13.361420590999899, 15.993145495000135 ], [ -13.362008783999897, 15.992221192000159 ], [ -13.362596975999963, 15.989028146000066 ], [ -13.363689333999957, 15.979112898000039 ], [ -13.363521278999883, 15.975163605000034 ], [ -13.363353223999923, 15.972978889000103 ], [ -13.36276503199997, 15.969953897999972 ], [ -13.362092810999911, 15.968441402000053 ], [ -13.359656012999835, 15.963651833000029 ], [ -13.354950471999871, 15.954660888000092 ], [ -13.351169232999894, 15.949535209000146 ], [ -13.347976186999972, 15.945585915000038 ], [ -13.347780758999932, 15.945363343999986 ], [ -13.344951195999954, 15.942140787000085 ], [ -13.343102589999944, 15.940208154000118 ], [ -13.337640800999964, 15.935922750000145 ], [ -13.334699837999949, 15.934074144000135 ], [ -13.331422763999967, 15.932225539 ], [ -13.327977635999957, 15.930713043000083 ], [ -13.325792919999913, 15.929872768000109 ], [ -13.323860286999889, 15.93020887800003 ], [ -13.321927653999921, 15.930881098000043 ], [ -13.317306139999914, 15.930376933 ], [ -13.315961698999956, 15.929536658000188 ], [ -13.313188790999959, 15.92642763900011 ], [ -13.312180460999912, 15.924915144000067 ], [ -13.311340184999949, 15.922478346000105 ], [ -13.3109200479999, 15.920629740000095 ], [ -13.31075199299994, 15.918360997000036 ], [ -13.311592267999913, 15.91659641900003 ], [ -13.313020735999885, 15.914075593000177 ], [ -13.313945038999975, 15.913067263000073 ], [ -13.318986689999974, 15.909370051000053 ], [ -13.321759598999961, 15.907353391000186 ], [ -13.323944313999903, 15.905420758000048 ], [ -13.325372781999874, 15.902227712000183 ], [ -13.326465139999925, 15.8996228580001 ], [ -13.326885277999963, 15.896261757000104 ], [ -13.326381112999911, 15.893740932000185 ], [ -13.324532506999901, 15.889791638000077 ], [ -13.322767928999838, 15.887522895000018 ], [ -13.319490854999856, 15.885170124000126 ], [ -13.315961698999956, 15.882901381000067 ], [ -13.307642973999918, 15.878111812000043 ], [ -13.303945762999888, 15.87533890300017 ], [ -13.301256881999905, 15.873238215000072 ], [ -13.300332578999928, 15.871893775000046 ], [ -13.29898813899996, 15.869456976000151 ], [ -13.297979808999912, 15.866600041000083 ], [ -13.2973075889999, 15.863406995000048 ], [ -13.296887450999975, 15.859961866 ], [ -13.296887450999975, 15.857693123000161 ], [ -13.296887450999975, 15.854332022000165 ], [ -13.297895780999909, 15.848702177000177 ], [ -13.299324248999881, 15.841979975000129 ], [ -13.29915619399992, 15.837442489000068 ], [ -13.298315918999947, 15.832736947000114 ], [ -13.297223560999953, 15.82710710300006 ], [ -13.295711065999967, 15.823577947000103 ], [ -13.293526349999865, 15.819124488000114 ], [ -13.290333303999887, 15.813998809000111 ], [ -13.288568725999937, 15.811730066000052 ], [ -13.28663609299997, 15.809797433000142 ], [ -13.285123596999881, 15.808284937000053 ], [ -13.28033402799997, 15.804167589000087 ], [ -13.273107660999926, 15.798621772000104 ], [ -13.271427109999934, 15.797361359000035 ], [ -13.269746559999874, 15.796184974000141 ], [ -13.267981981999981, 15.795092616000147 ], [ -13.26688962399993, 15.79408428500011 ], [ -13.265881293999939, 15.792571790000125 ], [ -13.26504101799992, 15.790891239000075 ], [ -13.264368797999907, 15.788958606000108 ], [ -13.264284770999893, 15.787362083000119 ], [ -13.264536852999981, 15.785513477999984 ], [ -13.265545183999905, 15.784085010000126 ], [ -13.266721568999969, 15.783412790000114 ], [ -13.268402118999859, 15.78248848700008 ], [ -13.26966253199987, 15.782404459000077 ], [ -13.271259054999973, 15.78248848700008 ], [ -13.273443770999904, 15.783160707000093 ], [ -13.275376403999928, 15.784169037000026 ], [ -13.27747709199997, 15.785765560000073 ], [ -13.27949375299994, 15.786605836000149 ], [ -13.280922220999969, 15.78694194600007 ], [ -13.283022908999953, 15.786773891000109 ], [ -13.285291651999955, 15.786353753000185 ], [ -13.287224284999979, 15.785429450000152 ], [ -13.288232615999902, 15.784085010000126 ], [ -13.288820807999969, 15.783076679000089 ], [ -13.289409000999967, 15.776522532 ], [ -13.289493028999914, 15.773917679000078 ], [ -13.28915691799989, 15.771060743000135 ], [ -13.287980532999939, 15.768287835000024 ], [ -13.286552064999967, 15.765178816000059 ], [ -13.285291651999955, 15.763162156000021 ], [ -13.283443046999935, 15.761145495000051 ], [ -13.281426385999964, 15.75896077900012 ], [ -13.277981256999908, 15.755683706000127 ], [ -13.269746559999874, 15.748541366000154 ], [ -13.260419503999913, 15.741146944000093 ], [ -13.256890347999956, 15.738878201000091 ], [ -13.25252091699997, 15.735769182000126 ], [ -13.244286218999946, 15.729467118000059 ], [ -13.240841090999936, 15.726610182000115 ], [ -13.238068181999836, 15.724173383 ], [ -13.23546332899997, 15.721736585000031 ], [ -13.232858475999876, 15.719047704000047 ], [ -13.228236961999869, 15.714762301000121 ], [ -13.224455722999835, 15.711317172000065 ], [ -13.223389468999869, 15.710339773000101 ], [ -13.221430731999931, 15.708544264000125 ], [ -13.219750181999871, 15.706863713000075 ], [ -13.218993933999911, 15.705855383000142 ], [ -13.217649493999943, 15.704174832000092 ], [ -13.216052970999954, 15.702746364 ], [ -13.214204364999944, 15.701485951000109 ], [ -13.212103676999845, 15.700393594000047 ], [ -13.210591180999927, 15.699385263000011 ], [ -13.209246740999959, 15.698376933000077 ], [ -13.208490492999942, 15.697704713000064 ], [ -13.207650217999969, 15.69644430000011 ], [ -13.206893969999896, 15.694931804000021 ], [ -13.206893969999896, 15.693167226000071 ], [ -13.207230079999931, 15.691654731000085 ], [ -13.208070355999894, 15.689554043000157 ], [ -13.211599511999964, 15.683251978000158 ], [ -13.215380749999895, 15.677201996000178 ], [ -13.217397410999979, 15.675017281000123 ], [ -13.218741850999947, 15.673924923000186 ], [ -13.220002263999959, 15.673168675000113 ], [ -13.22126267699997, 15.6724964550001 ], [ -13.228489043999957, 15.671320069000103 ], [ -13.230673759999945, 15.671320069000103 ], [ -13.232438337999952, 15.671656180000127 ], [ -13.234202915999958, 15.672076317000176 ], [ -13.236975824999945, 15.673336730000074 ], [ -13.23832026499997, 15.674429088000068 ], [ -13.240589007999972, 15.676025611000114 ], [ -13.242437613999982, 15.676865886000087 ], [ -13.24462232999997, 15.677201996000178 ], [ -13.246134824999956, 15.676865886000087 ], [ -13.247563292999871, 15.675773528000093 ], [ -13.249243842999931, 15.674429088000068 ], [ -13.250756338999906, 15.672076317000176 ], [ -13.251176476999944, 15.669639519000157 ], [ -13.251092448999941, 15.667118693000134 ], [ -13.25067231099996, 15.661488849000079 ], [ -13.250000090999947, 15.656195115000116 ], [ -13.249411898999881, 15.653002069000081 ], [ -13.247899402999963, 15.649472913000125 ], [ -13.245294549999926, 15.645775701000105 ], [ -13.243109833999881, 15.643338903000085 ], [ -13.241345255999818, 15.641406270000118 ], [ -13.239412622999964, 15.638969472000156 ], [ -13.23731193499998, 15.636028508000152 ], [ -13.236219576999929, 15.634011848000114 ], [ -13.23395083399987, 15.629558389000124 ], [ -13.232858475999876, 15.627121591000105 ], [ -13.231766117999939, 15.623928545000069 ], [ -13.230169594999893, 15.618550783000103 ], [ -13.22932931999992, 15.616450095000175 ], [ -13.226724465999951, 15.614517462000038 ], [ -13.224119612999914, 15.613761214000021 ], [ -13.220002263999959, 15.612836910999988 ], [ -13.217061300999944, 15.612668856000028 ], [ -13.214456447999908, 15.612668856000028 ], [ -13.211683538999978, 15.614349407000077 ], [ -13.209330767999916, 15.616366067000172 ], [ -13.207230079999931, 15.618970921000027 ], [ -13.205801611999959, 15.620819526000105 ], [ -13.204037033999953, 15.622332022000023 ], [ -13.20075996099996, 15.624600765000082 ], [ -13.199079409999911, 15.625441040000055 ], [ -13.196642611999835, 15.626365343000089 ], [ -13.19361762099993, 15.626953536000144 ], [ -13.191264849999925, 15.627205618000062 ], [ -13.188668064999945, 15.627373153000121 ], [ -13.188659996999888, 15.627373673000022 ], [ -13.188651315999948, 15.62737327800005 ], [ -13.186811390999878, 15.627289646000065 ], [ -13.183786399999974, 15.62670145300018 ], [ -13.180845436999903, 15.625945205000107 ], [ -13.177484335999964, 15.624432710000121 ], [ -13.17311490499992, 15.622079939000059 ], [ -13.170089913999959, 15.620315361000053 ], [ -13.162947573999872, 15.616113985000084 ], [ -13.156820239999945, 15.612490292000189 ], [ -13.155133013999887, 15.611492471000133 ], [ -13.146478178999928, 15.60695498400014 ], [ -13.13723515099997, 15.602753608000171 ], [ -13.125303241999916, 15.598636259000102 ], [ -13.119841452999935, 15.596787654000025 ], [ -13.114463690999969, 15.595023076000189 ], [ -13.111690782999915, 15.594014745000152 ], [ -13.108161626999959, 15.592082112000014 ], [ -13.104212332999964, 15.589477259000091 ], [ -13.103288029999931, 15.588721011000018 ], [ -13.097406102999912, 15.586284213 ], [ -13.092700561999948, 15.584519635000049 ], [ -13.08984362599989, 15.583847415000037 ], [ -13.087995020999813, 15.583259222000095 ], [ -13.087238772999967, 15.582418947000122 ], [ -13.086314469999934, 15.581158534000053 ], [ -13.08623044199993, 15.579898121000099 ], [ -13.086482524999894, 15.57838562500018 ], [ -13.087154744999907, 15.577041185000155 ], [ -13.088499185999979, 15.575360634000106 ], [ -13.090515845999846, 15.574604387000136 ], [ -13.092616533999944, 15.574604387000136 ], [ -13.093876946999956, 15.573596056000099 ], [ -13.093540836999921, 15.571915506000153 ], [ -13.092868616999908, 15.570487038000067 ], [ -13.090935983999941, 15.567714130000184 ], [ -13.088751267999953, 15.566033579000134 ], [ -13.087490854999942, 15.564605111000049 ], [ -13.086818634999929, 15.563260671000023 ], [ -13.085810304999882, 15.560403735000079 ], [ -13.084717946999831, 15.557042634000027 ], [ -13.084717946999831, 15.555698193000126 ], [ -13.085054056999923, 15.550068349000071 ], [ -13.085390166999957, 15.546455165000054 ], [ -13.085810304999882, 15.545362808000164 ], [ -13.087322799999981, 15.543094064000059 ], [ -13.088499185999979, 15.541497541000183 ], [ -13.091356121999979, 15.538136440000187 ], [ -13.094801249999932, 15.533262843999978 ], [ -13.096985965999977, 15.529733688000022 ], [ -13.098498460999963, 15.526120504 ], [ -13.09967484699996, 15.52301148600003 ], [ -13.101187341999946, 15.516877476000161 ], [ -13.102699837999978, 15.508558751000123 ], [ -13.10311997499997, 15.504777512000146 ], [ -13.102783864999878, 15.502508769000087 ], [ -13.101859561999959, 15.499399751000112 ], [ -13.099926928999935, 15.497215035000181 ], [ -13.096313745999964, 15.495618512000135 ], [ -13.091608203999897, 15.494526153999971 ], [ -13.085726276999935, 15.493433796000033 ], [ -13.084090164999907, 15.492987584000048 ], [ -13.083877671999915, 15.492929631000152 ], [ -13.076231166999889, 15.48982061300012 ], [ -13.073794368999927, 15.488392145000034 ], [ -13.068584661999978, 15.485283126000127 ], [ -13.06463536799987, 15.482930355000065 ], [ -13.060433991999957, 15.481417860000022 ], [ -13.055980532999911, 15.479821337000033 ], [ -13.052535403999968, 15.479233144000091 ], [ -13.048250000999928, 15.47914911700019 ], [ -13.04329237699983, 15.479317172000151 ], [ -13.032872962999875, 15.480661612000176 ], [ -13.025142430999892, 15.482342163000055 ], [ -13.01640356799993, 15.485031044000038 ], [ -13.015311209999936, 15.486039373999972 ], [ -13.013378576999912, 15.488056035000113 ], [ -13.01178205399998, 15.489652558000159 ], [ -13.007916787999932, 15.493181714000116 ], [ -13.006152209999925, 15.494021989000089 ], [ -12.997329319999835, 15.49696295200016 ], [ -12.99413627399997, 15.497635173000106 ], [ -12.991951557999926, 15.497887255000023 ], [ -12.989934896999955, 15.497803228000066 ], [ -12.986237685999924, 15.497551145000102 ], [ -12.98245644699989, 15.497551145000102 ], [ -12.979011318999937, 15.497971283000027 ], [ -12.976070354999877, 15.498475448000079 ], [ -12.973297446999879, 15.499651832999973 ], [ -12.970776620999914, 15.501332384000023 ], [ -12.969264125999928, 15.502172659 ], [ -12.967331492999904, 15.502340714000127 ], [ -12.965482886999894, 15.502172659 ], [ -12.964138446999925, 15.501920576000032 ], [ -12.962794005999967, 15.501500438999983 ], [ -12.960441235999838, 15.500828219000141 ], [ -12.958508601999881, 15.500492108000117 ], [ -12.956828051999935, 15.50141641100015 ], [ -12.955315555999903, 15.497803228000066 ], [ -12.958256519999907, 15.496878925000033 ], [ -12.96094540099989, 15.49620670500002 ], [ -12.961533592999956, 15.495366429000171 ], [ -12.962205813999901, 15.49259352100006 ], [ -12.962541923999936, 15.48998866800008 ], [ -12.96186970399998, 15.486963677000176 ], [ -12.959769014999893, 15.48175397000017 ], [ -12.958508601999881, 15.476208153000016 ], [ -12.958424574999867, 15.473855383000057 ], [ -12.958928739999919, 15.469149841000103 ], [ -12.959684987999879, 15.46385610700014 ], [ -12.960609290999969, 15.459738758000071 ], [ -12.961365537999939, 15.453856831000053 ], [ -12.961449565999942, 15.45057975800006 ], [ -12.960105124999927, 15.446882547000143 ], [ -12.95817249199996, 15.444865886000173 ], [ -12.955903748999901, 15.443521446000091 ], [ -12.954223198999955, 15.442765198000075 ], [ -12.952458620999892, 15.442597143000114 ], [ -12.949601684999948, 15.442849224999975 ], [ -12.945148225999958, 15.443689501000051 ], [ -12.942711427999939, 15.444193666000103 ], [ -12.940946848999886, 15.444613803000152 ], [ -12.94027462899993, 15.444949914000176 ], [ -12.939182270999879, 15.445622134000189 ], [ -12.935989224999958, 15.446630464000123 ], [ -12.931619793999971, 15.447890877000077 ], [ -12.926746197999876, 15.445538106000186 ], [ -12.92506564699994, 15.444613803000152 ], [ -12.924057316999892, 15.443269363000127 ], [ -12.923721206999971, 15.44158881300018 ], [ -12.923637178999968, 15.439572152000039 ], [ -12.923973288999946, 15.438143684000124 ], [ -12.924645508999959, 15.435958968000023 ], [ -12.930023270999982, 15.428312463000168 ], [ -12.932039931999952, 15.428396491 ], [ -12.939854491999938, 15.423859004 ], [ -12.942795454999896, 15.421170124000128 ], [ -12.944223922999868, 15.419657628000039 ], [ -12.945652390999953, 15.416968747000055 ], [ -12.94674474899989, 15.412431261000108 ], [ -12.947080858999982, 15.410750710000059 ], [ -12.946324610999966, 15.405709059000117 ], [ -12.945232252999972, 15.401843793000012 ], [ -12.94489614299988, 15.397894499000131 ], [ -12.944812115999866, 15.393861178000066 ], [ -12.944980170999827, 15.390163966000046 ], [ -12.945063837999896, 15.389132073000042 ], [ -12.945736417999967, 15.380836911000074 ], [ -12.945988500999931, 15.378820250000103 ], [ -12.946828775999904, 15.375291094000147 ], [ -12.947500996999963, 15.371845966000024 ], [ -12.947585023999977, 15.367560562 ], [ -12.947248913999942, 15.365207791000103 ], [ -12.946072528999878, 15.362350855000159 ], [ -12.942963509999856, 15.357813369000098 ], [ -12.941198931999963, 15.355796708000128 ], [ -12.938678105999941, 15.353275882000048 ], [ -12.93481283999995, 15.350082836000013 ], [ -12.932123958999966, 15.347982148000142 ], [ -12.928846885999974, 15.346469653000099 ], [ -12.922292738999886, 15.343696744000113 ], [ -12.916494838999881, 15.341091891000133 ], [ -12.913553875999924, 15.339579396000147 ], [ -12.91069693999998, 15.338318983000022 ], [ -12.907587921999948, 15.337730790000137 ], [ -12.904815012999904, 15.337394680000045 ], [ -12.901705994999816, 15.337394680000045 ], [ -12.899689333999845, 15.337562735000176 ], [ -12.898344893999877, 15.338234955000189 ], [ -12.89204282899982, 15.338655093000114 ], [ -12.889690057999928, 15.338318983000022 ], [ -12.886328956999932, 15.337562735000176 ], [ -12.883387993999918, 15.336470377000012 ], [ -12.881035222999969, 15.335293992000118 ], [ -12.876833846999887, 15.332941221000056 ], [ -12.873052607999909, 15.330252340000072 ], [ -12.869859561999874, 15.327899569000181 ], [ -12.863977634999912, 15.324454441000057 ], [ -12.857927653999923, 15.320925285000101 ], [ -12.855910992999952, 15.320000982000067 ], [ -12.85355822199989, 15.318572513999982 ], [ -12.850533230999872, 15.316723907999972 ], [ -12.848852680999926, 15.315211412999986 ], [ -12.847340184999837, 15.313782945000128 ], [ -12.845702044999939, 15.311995882000133 ], [ -12.84549157999993, 15.311766284000157 ], [ -12.844735331999971, 15.310589899000036 ], [ -12.843642973999977, 15.308237127999973 ], [ -12.841878395999913, 15.304203807000135 ], [ -12.838601321999931, 15.295296888999985 ], [ -12.834820083999887, 15.288994825000088 ], [ -12.833643697999889, 15.286558027000126 ], [ -12.833467562999886, 15.285985588000074 ], [ -12.832971477999877, 15.284373311000024 ], [ -12.832467312999825, 15.282440678000057 ], [ -12.832299257999864, 15.280676100000051 ], [ -12.832803422999916, 15.278239301000156 ], [ -12.833391615999915, 15.276138613000057 ], [ -12.834652028999926, 15.272945567000022 ], [ -12.837677019999944, 15.267735861000062 ], [ -12.839861734999943, 15.264038649000042 ], [ -12.841122147999954, 15.262358099000096 ], [ -12.842886725999961, 15.260677548000046 ], [ -12.845995744999982, 15.258492833000048 ], [ -12.847340184999837, 15.257064365000133 ], [ -12.847928377999835, 15.255551869000044 ], [ -12.84893670799994, 15.253619236000134 ], [ -12.850365175999912, 15.2526949330001 ], [ -12.851793643999883, 15.252358823000179 ], [ -12.85355822199989, 15.25252687800014 ], [ -12.864145689999873, 15.254711594000071 ], [ -12.86700262599993, 15.256476172000077 ], [ -12.868935258999954, 15.257904640000106 ], [ -12.871204002999832, 15.259669218000113 ], [ -12.872128304999933, 15.260929631000067 ], [ -12.87313663599997, 15.262358099000096 ], [ -12.874481075999881, 15.264122677000103 ], [ -12.876161626999931, 15.265635172000088 ], [ -12.878682451999964, 15.266895585000043 ], [ -12.881623415999968, 15.26781988800019 ], [ -12.883976186999917, 15.268155998000111 ], [ -12.886749094999971, 15.268071970999983 ], [ -12.890110195999966, 15.267651833000059 ], [ -12.89204282899982, 15.267231695000135 ], [ -12.894227544999922, 15.265803228000152 ], [ -12.896244204999903, 15.264122677000103 ], [ -12.897504617999914, 15.261937961000172 ], [ -12.898092810999913, 15.259165053000061 ], [ -12.897672672999875, 15.25437548400015 ], [ -12.896664342999941, 15.251266465000072 ], [ -12.895151847999955, 15.248745640000095 ], [ -12.892883103999964, 15.24630884100003 ], [ -12.89036227899993, 15.243619961000093 ], [ -12.889185892999933, 15.242443575000095 ], [ -12.887841452999908, 15.241519272000119 ], [ -12.885824791999937, 15.240594970000188 ], [ -12.883472020999875, 15.239838722000172 ], [ -12.881035222999969, 15.239082474000099 ], [ -12.879354672999909, 15.238326226000083 ], [ -12.875825516999953, 15.23664567600008 ], [ -12.873640800999908, 15.235301235000179 ], [ -12.871708167999884, 15.234040823000157 ], [ -12.868935258999954, 15.232108189000087 ], [ -12.862885277999965, 15.227066538000145 ], [ -12.861204726999915, 15.225301960000138 ], [ -12.859524176999969, 15.223285299000167 ], [ -12.855995019999966, 15.217151290000061 ], [ -12.854566551999937, 15.214294354000117 ], [ -12.853978359999928, 15.212193666000019 ], [ -12.853810304999968, 15.210092978000148 ], [ -12.853054056999895, 15.205723546000058 ], [ -12.851289478999945, 15.202362445000063 ], [ -12.849188790999847, 15.201102032000165 ], [ -12.846836019999955, 15.200345785000025 ], [ -12.84465130399991, 15.200093702 ], [ -12.842970753999964, 15.200177729000131 ], [ -12.840029789999903, 15.201522170000089 ], [ -12.838433266999971, 15.202782583000044 ], [ -12.834988138999961, 15.205723546000058 ], [ -12.833643697999889, 15.207320069000104 ], [ -12.832131202999904, 15.208664510000062 ], [ -12.829442321999977, 15.211017280000021 ], [ -12.82683746899994, 15.212865886000031 ], [ -12.825324972999965, 15.213790189000065 ], [ -12.824316642999918, 15.214210326000114 ], [ -12.822384009999951, 15.21496657400013 ], [ -12.820451376999927, 15.215638794000142 ], [ -12.818350688999942, 15.216058932000124 ], [ -12.816754165999896, 15.216311015000088 ], [ -12.814569449999965, 15.216563097000176 ], [ -12.809863907999954, 15.216899207000097 ], [ -12.807091, 15.217067262000057 ], [ -12.805494476999968, 15.216563097000176 ], [ -12.803645871999947, 15.215722821999975 ], [ -12.801797265999937, 15.214798519000169 ], [ -12.796335476999957, 15.211605473000134 ], [ -12.794234788999972, 15.210008950000088 ], [ -12.792806320999887, 15.208496455000102 ], [ -12.790789659999916, 15.205639519000158 ], [ -12.788184806999936, 15.19984161900004 ], [ -12.786672310999961, 15.196060381000166 ], [ -12.784907732999955, 15.189170124000043 ], [ -12.785159815999975, 15.187825683000085 ], [ -12.785748007999871, 15.185472912000023 ], [ -12.787512585999934, 15.181439591000128 ], [ -12.789781329999812, 15.176061829000162 ], [ -12.791629934999889, 15.17118823300018 ], [ -12.792974375999961, 15.166482691 ], [ -12.792806320999887, 15.160768820000044 ], [ -12.791377852999915, 15.155138975000057 ], [ -12.788604943999928, 15.1516098190001 ], [ -12.785495925999953, 15.149173021000081 ], [ -12.782723016999967, 15.147828581000056 ], [ -12.779445943999974, 15.146904278000022 ], [ -12.776420952999956, 15.146316085000137 ], [ -12.770202915999903, 15.14446748000006 ], [ -12.761043915999892, 15.140854296000043 ], [ -12.756926566999937, 15.139173745000164 ], [ -12.75487226499996, 15.138048770000069 ], [ -12.754625061999946, 15.137913397000148 ], [ -12.75339741099998, 15.137241112000027 ], [ -12.746087015999933, 15.132367516000045 ], [ -12.744910630999868, 15.131359185000179 ], [ -12.74247383199986, 15.128502250000167 ], [ -12.739616895999973, 15.124805038000147 ], [ -12.736928015999922, 15.121023800000103 ], [ -12.733987051999918, 15.117326589000129 ], [ -12.731298170999935, 15.114553680000142 ], [ -12.72734887799993, 15.111360634000107 ], [ -12.724996106999981, 15.1095960560001 ], [ -12.722391253999888, 15.107747451000023 ], [ -12.719450289999941, 15.106066900000144 ], [ -12.717517656999973, 15.105310652000071 ], [ -12.714240583999981, 15.104302322000137 ], [ -12.712223922999954, 15.103966212000046 ], [ -12.708610738999937, 15.102957882000112 ], [ -12.704577417999928, 15.101025248000042 ], [ -12.702056591999963, 15.099344698000095 ], [ -12.6997038209999, 15.097580120000146 ], [ -12.698023270999954, 15.09615165200006 ], [ -12.696762857999943, 15.094555129000014 ], [ -12.696258692999947, 15.09354679900008 ], [ -12.695754527999895, 15.092034303 ], [ -12.695166334999897, 15.090101670000081 ], [ -12.694914251999933, 15.088000982000153 ], [ -12.694326059999923, 15.086404459000107 ], [ -12.693065646999912, 15.08531210100017 ], [ -12.691721205999954, 15.085060017999979 ], [ -12.690796903999967, 15.085396129000173 ], [ -12.689452462999895, 15.086572514000068 ], [ -12.688485541999853, 15.087942318999978 ], [ -12.688444132999962, 15.088000982000153 ], [ -12.68793996799991, 15.089429450000011 ], [ -12.687603857999932, 15.090605835000133 ], [ -12.687855939999963, 15.09169819300007 ], [ -12.687855939999963, 15.093630826000037 ], [ -12.687603857999932, 15.0959835970001 ], [ -12.68718371999995, 15.097916230000067 ], [ -12.686007334999886, 15.101277331000063 ], [ -12.684746921999874, 15.103546074000121 ], [ -12.681217765999975, 15.106318983000108 ], [ -12.677772636999975, 15.108335642999975 ], [ -12.674495563999869, 15.109512028999973 ], [ -12.67172265499994, 15.110100221000152 ], [ -12.668865718999825, 15.110184248999985 ], [ -12.667353223999896, 15.110184248999985 ], [ -12.664076149999914, 15.110016194000025 ], [ -12.661555324999881, 15.109175918000176 ], [ -12.659538663999911, 15.108419671000036 ], [ -12.652144241999963, 15.105226625000171 ], [ -12.648278974999926, 15.103546074000121 ], [ -12.644245653999974, 15.101193303 ], [ -12.640800525999907, 15.099008588000174 ], [ -12.636851231999913, 15.097075955000037 ], [ -12.634246377999943, 15.0959835970001 ], [ -12.631473469999946, 15.094807211000102 ], [ -12.628616533999889, 15.093462771000077 ], [ -12.624751267999841, 15.091446110000106 ], [ -12.619793643999969, 15.089429450000011 ], [ -12.615928377999978, 15.088000982000153 ], [ -12.611727000999906, 15.086656541000025 ], [ -12.609038120999912, 15.085648211000091 ], [ -12.607105486999899, 15.084639881000157 ], [ -12.603805004999913, 15.082337218000134 ], [ -12.603492303999815, 15.082119055000135 ], [ -12.600635367999928, 15.079598229000055 ], [ -12.60061856699997, 15.079568827000116 ], [ -12.599627037999937, 15.077833651000105 ], [ -12.59769440499997, 15.075060743000165 ], [ -12.596536184999877, 15.07349714500009 ], [ -12.589291651999815, 15.063717027000052 ], [ -12.583157641999946, 15.056826770000043 ], [ -12.578284045999965, 15.053465669000047 ], [ -12.576519467999958, 15.052373311000053 ], [ -12.572990311999888, 15.050524705000043 ], [ -12.572318091999875, 15.050608733000104 ], [ -12.563243118999878, 15.042962228000079 ], [ -12.561142430999894, 15.040861540000151 ], [ -12.558537576999925, 15.038004604000037 ], [ -12.557193136999956, 15.036324053000158 ], [ -12.554924393999954, 15.034643503000041 ], [ -12.552655649999963, 15.033299062000083 ], [ -12.54937857699997, 15.031786567000097 ], [ -12.540639713999894, 15.029265741000017 ], [ -12.533245291999947, 15.027249080000047 ], [ -12.521145327999875, 15.023972007000111 ], [ -12.518960611999944, 15.023383814000169 ], [ -12.515767565999965, 15.022375484000065 ], [ -12.512994657999968, 15.021283126000071 ], [ -12.510137721999911, 15.019770631000085 ], [ -12.505264125999929, 15.017753970000115 ], [ -12.502071079999951, 15.017585915000154 ], [ -12.501482886999952, 15.018174108000096 ], [ -12.499466225999981, 15.018174108000096 ], [ -12.496357207999949, 15.01733383200019 ], [ -12.494508601999939, 15.016661612000178 ], [ -12.492828051999822, 15.015989392000165 ], [ -12.491315555999904, 15.015065089000132 ], [ -12.489298895999923, 15.013552594000146 ], [ -12.486946124999974, 15.011703988000136 ], [ -12.485433628999942, 15.010443575000011 ], [ -12.484257243999878, 15.009435245000077 ], [ -12.482072527999946, 15.007418584000106 ], [ -12.471989224999902, 14.997503336000023 ], [ -12.470308674999956, 14.995570703000112 ], [ -12.463334389999943, 14.987420033000035 ], [ -12.461821894999957, 14.984647125000095 ], [ -12.460729536999963, 14.98153810600013 ], [ -12.45972120599987, 14.977840895000043 ], [ -12.459007680999889, 14.974567021000041 ], [ -12.456572118999816, 14.960380943000132 ], [ -12.456273014999908, 14.958329944000127 ], [ -12.454606577999982, 14.94670761500015 ], [ -12.453922911999882, 14.941622846000143 ], [ -12.453751994999891, 14.940212783999982 ], [ -12.453666536999833, 14.935982598000123 ], [ -12.453367432999869, 14.931538767000063 ], [ -12.453196515999934, 14.929615955000145 ], [ -12.452042828999936, 14.922266541000056 ], [ -12.451786453999887, 14.920642833000045 ], [ -12.45088914199988, 14.919446417000131 ], [ -12.449991829999874, 14.918164543000159 ], [ -12.449137246999953, 14.916626293000036 ], [ -12.448667225999884, 14.91483166900008 ], [ -12.448496309999882, 14.913122503000068 ], [ -12.448496309999882, 14.911926086999983 ], [ -12.449009059999923, 14.908892317000152 ], [ -12.449393621999945, 14.907653172000039 ], [ -12.450290933999952, 14.904918506000058 ], [ -12.451743724999972, 14.901329257000043 ], [ -12.452470120999976, 14.899662821000163 ], [ -12.453111057999877, 14.89821002900004 ], [ -12.453495619999899, 14.897483634000082 ], [ -12.453495619999899, 14.896415405000027 ], [ -12.453324703999954, 14.89577446800007 ], [ -12.452128287999926, 14.893338906000167 ], [ -12.451401891999865, 14.892356135999989 ], [ -12.450461850999886, 14.891373365000163 ], [ -12.449649996999938, 14.890817886000093 ], [ -12.448624496999912, 14.890347866000127 ], [ -12.447940830999926, 14.890305137000041 ], [ -12.447000789999947, 14.889835116000143 ], [ -12.441702374999977, 14.886886805000188 ], [ -12.440249583999844, 14.885861305000049 ], [ -12.43648941899994, 14.88295572300018 ], [ -12.435079356999893, 14.881716577000134 ], [ -12.43396839899998, 14.880691078000098 ], [ -12.432173773999978, 14.878511891000187 ], [ -12.431319190999886, 14.877443662000189 ], [ -12.430720982999958, 14.876717267 ], [ -12.427388109999981, 14.873256206000121 ], [ -12.424738901999888, 14.870692457000132 ], [ -12.423115193999934, 14.869154207000065 ], [ -12.421277840999949, 14.867402311999967 ], [ -12.417645862999905, 14.86347123000013 ], [ -12.41734675899994, 14.862702105000039 ], [ -12.415381217999936, 14.86069383500012 ], [ -12.413330218999874, 14.858728294000116 ], [ -12.410937386999876, 14.856805483000073 ], [ -12.399443244999929, 14.847960549000106 ], [ -12.397563162999973, 14.846678674000032 ], [ -12.39444393499997, 14.844755862000056 ], [ -12.393546621999974, 14.844499487000121 ], [ -12.392606580999939, 14.844670404000112 ], [ -12.391709268999932, 14.845140425000181 ], [ -12.390598310999962, 14.845225883000182 ], [ -12.389530081999851, 14.845012237000049 ], [ -12.38615447899997, 14.843901278999965 ], [ -12.382437042999982, 14.841807551000102 ], [ -12.379488731999913, 14.839628364000191 ], [ -12.377181357999973, 14.837791011000149 ], [ -12.375942211999927, 14.836680053000066 ], [ -12.368122777999872, 14.833859929000141 ], [ -12.35513311599982, 14.829757930000085 ], [ -12.353808511999887, 14.829587014000026 ], [ -12.34927922199995, 14.829757930000085 ], [ -12.346202723999966, 14.830142493000039 ], [ -12.343468057999928, 14.830527055000061 ], [ -12.335819539999818, 14.830911617000083 ], [ -12.334708581999905, 14.830612513 ], [ -12.333298519999971, 14.830227950999983 ], [ -12.33167481199996, 14.829715201000056 ], [ -12.328085563999934, 14.827963306000129 ], [ -12.326077293999958, 14.826724161000186 ], [ -12.324368127999833, 14.825527745000159 ], [ -12.319411545999969, 14.82159666300015 ], [ -12.317317817999935, 14.819673851 ], [ -12.316634151999949, 14.818520164000063 ], [ -12.315010443999881, 14.815999144000159 ], [ -12.314241318999848, 14.814888186000076 ], [ -12.313130360999935, 14.813307207000094 ], [ -12.311335736999865, 14.810914374999982 ], [ -12.308088320999957, 14.806983292999973 ], [ -12.300824365999858, 14.79912113000006 ], [ -12.298602449999976, 14.796899214000064 ], [ -12.296038700999929, 14.794335465000131 ], [ -12.292791285999897, 14.790788945000145 ], [ -12.289458411999931, 14.787071509000043 ], [ -12.288774744999955, 14.784336843000119 ], [ -12.287834703999977, 14.782755865000013 ], [ -12.279534679999927, 14.778261929000166 ], [ -12.272366751999982, 14.774380951000069 ], [ -12.26779473299996, 14.772885431000134 ], [ -12.258095214999912, 14.770321681999974 ], [ -12.255146903999957, 14.769595287000016 ], [ -12.248609343999931, 14.768099766000034 ], [ -12.245062823999945, 14.767416100000105 ], [ -12.242328158999896, 14.766604246000099 ], [ -12.239764409999964, 14.765792392000037 ], [ -12.22907999999984, 14.760720000000106 ], [ -12.22366, 14.76015 ], [ -12.21538, 14.760630000000106 ], [ -12.20795, 14.761100000000113 ], [ -12.203190014999961, 14.761770049000063 ], [ -12.19843, 14.76244000000014 ], [ -12.19377, 14.76253000000014 ], [ -12.189389999999889, 14.761860000000127 ], [ -12.18616, 14.761390000000119 ], [ -12.172359999999856, 14.7612 ], [ -12.16722, 14.762240000000133 ], [ -12.16407, 14.763960000000168 ], [ -12.16131, 14.76605 ], [ -12.15836, 14.7691 ], [ -12.15579, 14.77224 ], [ -12.155269, 14.77309 ], [ -12.15502999999984, 14.77348 ], [ -12.149699999999882, 14.77547 ], [ -12.14647, 14.776240000000143 ], [ -12.133709999999894, 14.77652 ], [ -12.129909999999825, 14.776240000000143 ], [ -12.127719999999897, 14.774900000000116 ], [ -12.126715883999964, 14.773856421000175 ], [ -12.12543, 14.772520000000156 ], [ -12.12315, 14.7691 ], [ -12.121745, 14.765849000000117 ], [ -12.121339999999861, 14.76491 ], [ -12.121205, 14.764373 ], [ -12.1201, 14.75996 ], [ -12.11915, 14.755870000000129 ], [ -12.11744, 14.75339 ], [ -12.11258, 14.75044 ], [ -12.10792, 14.74711 ], [ -12.1023, 14.74273 ], [ -12.100679999999898, 14.74222 ], [ -12.09716, 14.74112 ], [ -12.09383, 14.7394 ], [ -12.088689999999872, 14.73664 ], [ -12.08679, 14.7354 ], [ -12.08441, 14.73331 ], [ -12.079269999999838, 14.7296 ], [ -12.070699999999874, 14.72589 ], [ -12.060899999999833, 14.722460000000126 ], [ -12.055316, 14.720661000000121 ], [ -12.055290999999897, 14.720689000000107 ], [ -12.04772, 14.72928 ], [ -12.04443, 14.733090000000175 ], [ -12.04426, 14.73329 ], [ -12.04376, 14.734000000000151 ], [ -12.04343, 14.734640000000184 ], [ -12.043409999999881, 14.73495 ], [ -12.04343, 14.73524 ], [ -12.04348, 14.73576 ], [ -12.04367, 14.73624 ], [ -12.04472, 14.74021 ], [ -12.04652, 14.74883 ], [ -12.04655, 14.749640000000113 ], [ -12.046379999999886, 14.752290000000187 ], [ -12.045949999999834, 14.7551 ], [ -12.0476, 14.762120000000152 ], [ -12.04767, 14.762500000000159 ], [ -12.04767, 14.76269 ], [ -12.04745, 14.76324 ], [ -12.044669999999883, 14.76629 ], [ -12.04367, 14.76719 ], [ -12.043289999999899, 14.767530000000136 ], [ -12.042239999999822, 14.76843 ], [ -12.041949999999872, 14.76865 ], [ -12.04124, 14.76886 ], [ -12.04088, 14.76891 ], [ -12.040409999999838, 14.768960000000106 ], [ -12.03988, 14.76898 ], [ -12.03912, 14.768840000000125 ], [ -12.031089999999892, 14.76693 ], [ -12.030169999999885, 14.76655 ], [ -12.029669999999896, 14.76629 ], [ -12.02933, 14.76593 ], [ -12.02915999999982, 14.76569000000012 ], [ -12.028499999999838, 14.765190000000132 ], [ -12.025379999999871, 14.76369 ], [ -12.02433, 14.763290000000154 ], [ -12.02395, 14.76331 ], [ -12.01831, 14.76412 ], [ -12.0134, 14.76343 ], [ -12.00778, 14.762960000000191 ], [ -12.00769, 14.76336 ], [ -12.005469999999889, 14.766190000000108 ], [ -12.004139999999893, 14.767790000000161 ], [ -12.00366, 14.768030000000124 ], [ -12.00345, 14.7681 ], [ -12.002969999999891, 14.768170000000111 ], [ -12.00242, 14.768170000000111 ], [ -12.00221, 14.768150000000105 ], [ -12.00146999999987, 14.768030000000124 ], [ -12.000589999999818, 14.767880000000105 ], [ -11.99891, 14.76734 ], [ -11.99803, 14.766910000000166 ], [ -11.99788999999987, 14.76667 ], [ -11.99779999999987, 14.766480000000115 ], [ -11.99775, 14.766100000000108 ], [ -11.9977, 14.76584 ], [ -11.99749, 14.76538 ], [ -11.99699, 14.764310000000137 ], [ -11.99665, 14.763960000000168 ], [ -11.99646, 14.76381 ], [ -11.996269999999868, 14.763670000000104 ], [ -11.995839999999816, 14.76336 ], [ -11.99456, 14.7626 ], [ -11.99384, 14.76231 ], [ -11.992889999999875, 14.76217 ], [ -11.99263, 14.76217 ], [ -11.99241, 14.762380000000178 ], [ -11.99206, 14.762670000000185 ], [ -11.99182, 14.76284 ], [ -11.991149999999891, 14.76322 ], [ -11.98999, 14.76379 ], [ -11.989439999999888, 14.764 ], [ -11.988979999999856, 14.76417 ], [ -11.98832, 14.76441 ], [ -11.987889999999879, 14.76448 ], [ -11.986621364999905, 14.764214191000121 ], [ -11.98579, 14.76404 ], [ -11.985099999999875, 14.76365 ], [ -11.979529999999897, 14.76455 ], [ -11.97779, 14.76529 ], [ -11.9772, 14.765480000000139 ], [ -11.976939999999843, 14.765530000000183 ], [ -11.97625, 14.76555 ], [ -11.97458, 14.76541 ], [ -11.97313, 14.765220000000113 ], [ -11.97279, 14.76508 ], [ -11.97124, 14.765240000000176 ], [ -11.97081999999989, 14.76534 ], [ -11.97058, 14.76541 ], [ -11.97046, 14.765480000000139 ], [ -11.970029999999895, 14.765740000000164 ], [ -11.966409999999883, 14.76827 ], [ -11.96534, 14.76912 ], [ -11.964739999999892, 14.76972000000012 ], [ -11.96455, 14.76996 ], [ -11.957909999999856, 14.77255 ], [ -11.94962, 14.77572 ], [ -11.948909999999842, 14.775980000000118 ], [ -11.94843, 14.7761 ], [ -11.946119999999894, 14.77663 ], [ -11.944789999999898, 14.77689 ], [ -11.94419, 14.77698 ], [ -11.943739999999821, 14.77701 ], [ -11.94312, 14.777030000000138 ], [ -11.94265, 14.777080000000183 ], [ -11.94138, 14.77736 ], [ -11.94069, 14.777550000000133 ], [ -11.940499999999872, 14.777670000000114 ], [ -11.94012, 14.77801 ], [ -11.93648, 14.783430000000124 ], [ -11.934329999999875, 14.79067 ], [ -11.934259999999881, 14.790940000000148 ], [ -11.934259999999881, 14.791440000000136 ], [ -11.93472, 14.793010000000152 ], [ -11.93622, 14.80484 ], [ -11.93665, 14.80918000000014 ], [ -11.9366, 14.8096 ], [ -11.93615, 14.811600000000169 ], [ -11.93587, 14.812840000000108 ], [ -11.9341, 14.81589 ], [ -11.93253, 14.817650000000185 ], [ -11.93245, 14.81767 ], [ -11.93224, 14.81772 ], [ -11.93198, 14.81772 ], [ -11.927999999999884, 14.8193 ], [ -11.92425999999989, 14.82165 ], [ -11.91848, 14.824990000000128 ], [ -11.918259999999862, 14.825110000000109 ], [ -11.91712, 14.82553 ], [ -11.91228, 14.82577 ], [ -11.910639999999887, 14.8253 ], [ -11.90895, 14.82442 ], [ -11.90507, 14.82361 ], [ -11.89764, 14.82211 ], [ -11.89709, 14.822180000000174 ], [ -11.89654, 14.82232 ], [ -11.89625999999987, 14.82249 ], [ -11.896, 14.822680000000162 ], [ -11.893519999999853, 14.82506 ], [ -11.891189999999881, 14.82737 ], [ -11.890689999999893, 14.82775 ], [ -11.889449999999897, 14.82813 ], [ -11.88866, 14.82811 ], [ -11.888279999999895, 14.82801 ], [ -11.88795, 14.82799 ], [ -11.8874, 14.828320000000133 ], [ -11.88712, 14.82849 ], [ -11.884229999999889, 14.831250000000125 ], [ -11.88042, 14.835250000000144 ], [ -11.87776, 14.838320000000124 ], [ -11.87535, 14.84237 ], [ -11.875039999999899, 14.843700000000126 ], [ -11.8749, 14.84397 ], [ -11.87304, 14.84549 ], [ -11.86666, 14.84968 ], [ -11.86397, 14.85075 ], [ -11.86089, 14.85336 ], [ -11.85947, 14.854920000000163 ], [ -11.8589, 14.85506 ], [ -11.85744, 14.8554 ], [ -11.85725, 14.855390000000114 ], [ -11.84813, 14.854480000000137 ], [ -11.84706, 14.854190000000131 ], [ -11.845869999999877, 14.854 ], [ -11.84468, 14.854 ], [ -11.84383, 14.854 ], [ -11.84297, 14.854190000000131 ], [ -11.83838, 14.855410000000177 ], [ -11.838749999999891, 14.85659 ], [ -11.83928, 14.857820000000117 ], [ -11.83942, 14.85797 ], [ -11.8403, 14.85973 ], [ -11.84018, 14.86347 ], [ -11.84011, 14.8638 ], [ -11.83999, 14.86416000000014 ], [ -11.83956, 14.86525 ], [ -11.83547, 14.87061000000017 ], [ -11.83416, 14.873710000000187 ], [ -11.8327, 14.87649000000016 ], [ -11.83256, 14.87668 ], [ -11.8297, 14.87821 ], [ -11.82711, 14.87864 ], [ -11.82681, 14.87835 ], [ -11.82636, 14.87834 ], [ -11.825249999999869, 14.879270000000133 ], [ -11.824929999999881, 14.879730000000166 ], [ -11.8246, 14.88055 ], [ -11.82382, 14.88285 ], [ -11.82224, 14.88811 ], [ -11.82228, 14.88864 ], [ -11.82255, 14.88904 ], [ -11.8229, 14.88937 ], [ -11.82336, 14.88975 ], [ -11.82385, 14.890140000000144 ], [ -11.82481, 14.890990000000102 ], [ -11.82526, 14.89149 ], [ -11.82545, 14.89261 ], [ -11.82524, 14.89311 ], [ -11.824879999999894, 14.89375 ], [ -11.82449999999983, 14.89428 ], [ -11.824139999999886, 14.894580000000133 ], [ -11.823639999999898, 14.89428 ], [ -11.823259999999891, 14.893940000000157 ], [ -11.822969999999884, 14.893510000000106 ], [ -11.82262, 14.892970000000162 ], [ -11.822019999999895, 14.89235 ], [ -11.819169999999872, 14.889940000000138 ], [ -11.81833, 14.890140000000144 ], [ -11.817999999999813, 14.89071 ], [ -11.81783, 14.8913 ], [ -11.81774, 14.8919 ], [ -11.81769, 14.8924 ], [ -11.81741, 14.893010000000118 ], [ -11.81691, 14.89337 ], [ -11.812889999999868, 14.893440000000169 ], [ -11.810219999999845, 14.893320000000188 ], [ -11.80927, 14.89261 ], [ -11.808059999999898, 14.892060000000185 ], [ -11.8067, 14.89173 ], [ -11.80537, 14.892180000000167 ], [ -11.80013, 14.89442 ], [ -11.79965, 14.89475 ], [ -11.79937, 14.895200000000102 ], [ -11.79925, 14.89599 ], [ -11.79899, 14.89830000000012 ], [ -11.79916, 14.89951 ], [ -11.799279999999897, 14.90065 ], [ -11.7993, 14.901340000000118 ], [ -11.79863, 14.903700000000129 ], [ -11.798299999999813, 14.90427 ], [ -11.79778, 14.90451 ], [ -11.79704, 14.904900000000168 ], [ -11.79679, 14.905430000000138 ], [ -11.79682, 14.90574 ], [ -11.79691, 14.90655 ], [ -11.797029999999893, 14.90681 ], [ -11.797149999999874, 14.907 ], [ -11.80029, 14.910690000000102 ], [ -11.80259999999987, 14.91631 ], [ -11.80306, 14.916880000000162 ], [ -11.80684, 14.920860000000118 ], [ -11.80861, 14.922640000000172 ], [ -11.81182, 14.92576 ], [ -11.814889999999878, 14.92895 ], [ -11.815646136999931, 14.935806070000069 ], [ -11.81608, 14.939740000000143 ], [ -11.81615, 14.940500000000156 ], [ -11.81599, 14.94143 ], [ -11.813719999999876, 14.94805 ], [ -11.812769999999887, 14.95048 ], [ -11.80887, 14.95991000000015 ], [ -11.80837, 14.96086 ], [ -11.808149999999898, 14.96124 ], [ -11.80803, 14.961430000000121 ], [ -11.80787, 14.96162 ], [ -11.80296, 14.96474 ], [ -11.79899, 14.96708 ], [ -11.795979999999872, 14.9691 ], [ -11.79458, 14.97074 ], [ -11.794439999999895, 14.971050000000105 ], [ -11.79446, 14.97436 ], [ -11.79448, 14.97453 ], [ -11.79468, 14.97522 ], [ -11.7962, 14.981240000000184 ], [ -11.79763, 14.98722 ], [ -11.79775, 14.98775 ], [ -11.79777, 14.98801 ], [ -11.79737, 14.99015 ], [ -11.79732, 14.990390000000161 ], [ -11.7961, 14.992320000000177 ], [ -11.79682, 14.99927 ], [ -11.7931, 15.010440000000187 ], [ -11.79139, 15.015240000000119 ], [ -11.79133, 15.015350000000183 ], [ -11.79116, 15.015620000000126 ], [ -11.79099, 15.015820000000133 ], [ -11.79065, 15.016090000000133 ], [ -11.78871, 15.02032 ], [ -11.78687, 15.02642 ], [ -11.78683, 15.026610000000119 ], [ -11.78685, 15.02674 ], [ -11.787399999999877, 15.0303 ], [ -11.78743, 15.03045 ], [ -11.78751, 15.0306 ], [ -11.78762, 15.03077 ], [ -11.79137, 15.0359 ], [ -11.79711, 15.041570000000149 ], [ -11.80091, 15.045050000000174 ], [ -11.80108, 15.045050000000174 ], [ -11.803769999999872, 15.04509 ], [ -11.80396, 15.04513 ], [ -11.804389999999898, 15.04539 ], [ -11.80454, 15.0455 ], [ -11.80467, 15.04565 ], [ -11.80477, 15.04586 ], [ -11.80486, 15.04609 ], [ -11.80526, 15.04725 ], [ -11.80573, 15.048680000000104 ], [ -11.80586, 15.04893 ], [ -11.80599, 15.0491 ], [ -11.806559999999877, 15.049490000000162 ], [ -11.80671, 15.04956 ], [ -11.80677, 15.049580000000162 ], [ -11.807099999999878, 15.049550000000181 ], [ -11.807349999999872, 15.04951 ], [ -11.810559999999896, 15.04887 ], [ -11.811, 15.048740000000123 ], [ -11.81702, 15.046540000000164 ], [ -11.81802, 15.04614 ], [ -11.81850999999989, 15.04592 ], [ -11.823469999999872, 15.042300000000182 ], [ -11.82374, 15.042100000000119 ], [ -11.823889999999892, 15.04198 ], [ -11.82444, 15.04153 ], [ -11.824549999999874, 15.04132 ], [ -11.82466, 15.04106 ], [ -11.82479, 15.040700000000129 ], [ -11.82481, 15.0405 ], [ -11.82479, 15.040350000000103 ], [ -11.82472, 15.040290000000141 ], [ -11.82449, 15.04016 ], [ -11.82420999999988, 15.04008000000016 ], [ -11.823959999999829, 15.04001 ], [ -11.823639999999898, 15.039990000000159 ], [ -11.82336, 15.039910000000134 ], [ -11.82315, 15.03978 ], [ -11.823099999999897, 15.03961 ], [ -11.82315, 15.03942 ], [ -11.823289999999815, 15.039180000000101 ], [ -11.823419999999885, 15.03899 ], [ -11.82504, 15.03715 ], [ -11.82571, 15.036580000000129 ], [ -11.82587999999987, 15.03645 ], [ -11.826049999999896, 15.036340000000166 ], [ -11.82629999999989, 15.0363 ], [ -11.82906, 15.036130000000185 ], [ -11.82974, 15.036170000000141 ], [ -11.82999, 15.03619 ], [ -11.83031, 15.036220000000185 ], [ -11.83057, 15.03626 ], [ -11.83087, 15.036340000000166 ], [ -11.83723, 15.03831 ], [ -11.837699999999813, 15.038480000000106 ], [ -11.83806, 15.03863 ], [ -11.84081, 15.041020000000117 ], [ -11.840999999999894, 15.04119 ], [ -11.84118, 15.04138 ], [ -11.84133, 15.041660000000149 ], [ -11.84142, 15.041870000000131 ], [ -11.841539999999895, 15.042420000000163 ], [ -11.84158, 15.04262000000017 ], [ -11.8416, 15.04279 ], [ -11.84177, 15.046420000000182 ], [ -11.841749999999877, 15.04667 ], [ -11.84165, 15.04708 ], [ -11.83989, 15.051980000000128 ], [ -11.83981, 15.05218 ], [ -11.83949, 15.05269 ], [ -11.836369999999874, 15.056570000000136 ], [ -11.836119999999823, 15.05687 ], [ -11.835709999999892, 15.05734 ], [ -11.83548, 15.057530000000156 ], [ -11.83527, 15.05764 ], [ -11.835009999999897, 15.05764 ], [ -11.83469, 15.057620000000156 ], [ -11.83428, 15.05755 ], [ -11.834049999999877, 15.05764 ], [ -11.83112999999986, 15.06009 ], [ -11.830759999999884, 15.06041 ], [ -11.82739, 15.064250000000186 ], [ -11.827219999999897, 15.06445 ], [ -11.82708, 15.06467 ], [ -11.826999999999828, 15.064840000000117 ], [ -11.826709999999878, 15.071420000000103 ], [ -11.826749999999834, 15.071610000000192 ], [ -11.82682, 15.07179 ], [ -11.827049999999872, 15.0723 ], [ -11.830759999999884, 15.08004000000011 ], [ -11.836049999999886, 15.081940000000145 ], [ -11.836419999999862, 15.08192 ], [ -11.8368, 15.08196 ], [ -11.83744, 15.08205 ], [ -11.83759, 15.082090000000107 ], [ -11.84077, 15.083220000000154 ], [ -11.8413, 15.083520000000135 ], [ -11.843049999999891, 15.08459 ], [ -11.84327, 15.08476 ], [ -11.84331, 15.08484 ], [ -11.84395, 15.08636 ], [ -11.84406, 15.086640000000159 ], [ -11.84442, 15.08815 ], [ -11.84455, 15.08871 ], [ -11.844699999999875, 15.089390000000151 ], [ -11.844759999999894, 15.092100000000187 ], [ -11.844759999999894, 15.092380000000105 ], [ -11.84459, 15.09391 ], [ -11.84455, 15.094060000000184 ], [ -11.8444, 15.094150000000184 ], [ -11.844209999999862, 15.09419 ], [ -11.84390999999988, 15.09417 ], [ -11.843815139999947, 15.09417 ], [ -11.843539999999848, 15.09417 ], [ -11.84327, 15.09417 ], [ -11.842919999999879, 15.09419 ], [ -11.84273, 15.09428 ], [ -11.84252, 15.094470000000172 ], [ -11.84235, 15.09466 ], [ -11.84222, 15.094830000000115 ], [ -11.84203, 15.095240000000103 ], [ -11.84199, 15.09545 ], [ -11.84194, 15.09615 ], [ -11.84107, 15.100440000000162 ], [ -11.83797, 15.10403 ], [ -11.835629999999867, 15.10296000000011 ], [ -11.83569, 15.102750000000128 ], [ -11.83569, 15.10253 ], [ -11.83565, 15.10234000000014 ], [ -11.83561, 15.102170000000115 ], [ -11.83548, 15.102 ], [ -11.83535, 15.10183 ], [ -11.83467, 15.10113 ], [ -11.83443, 15.101020000000176 ], [ -11.83417999999989, 15.101000000000113 ], [ -11.833839999999896, 15.101020000000176 ], [ -11.8336, 15.1011 ], [ -11.83334, 15.10127 ], [ -11.832919999999888, 15.101760000000127 ], [ -11.832789999999875, 15.10198 ], [ -11.83274, 15.10211 ], [ -11.83266, 15.10232 ], [ -11.83256, 15.102660000000128 ], [ -11.83243, 15.10315 ], [ -11.83236, 15.10349 ], [ -11.83236, 15.103660000000104 ], [ -11.832379999999887, 15.10401000000013 ], [ -11.83245, 15.10477 ], [ -11.83251, 15.105180000000132 ], [ -11.83253, 15.105520000000183 ], [ -11.83253, 15.1058 ], [ -11.832379999999887, 15.10648 ], [ -11.8323, 15.106760000000122 ], [ -11.83215, 15.10708000000011 ], [ -11.82786, 15.115340000000174 ], [ -11.82771, 15.11549 ], [ -11.82524, 15.117070000000126 ], [ -11.823379999999872, 15.11822 ], [ -11.82026, 15.12048 ], [ -11.81566, 15.123910000000137 ], [ -11.81094, 15.12848 ], [ -11.811259999999891, 15.129700000000128 ], [ -11.81179, 15.13093 ], [ -11.810469999999896, 15.135540000000162 ], [ -11.8104, 15.13561 ], [ -11.810339999999826, 15.13567 ], [ -11.80861, 15.135990000000106 ], [ -11.80712, 15.13623 ], [ -11.80857, 15.140810000000101 ], [ -11.81429, 15.14958 ], [ -11.81446, 15.149750000000154 ], [ -11.816299999999842, 15.15029 ], [ -11.81706, 15.15046 ], [ -11.817339999999888, 15.15046 ], [ -11.81783, 15.150330000000167 ], [ -11.81819, 15.150240000000167 ], [ -11.81850999999989, 15.1502 ], [ -11.8189, 15.150220000000104 ], [ -11.82566, 15.15193 ], [ -11.827669999999841, 15.15338 ], [ -11.82812, 15.15383 ], [ -11.82841999999988, 15.154340000000104 ], [ -11.828669999999875, 15.15485 ], [ -11.828799999999887, 15.15513 ], [ -11.828799999999887, 15.155300000000125 ], [ -11.82878, 15.15554 ], [ -11.828709999999887, 15.15579 ], [ -11.82863, 15.15605 ], [ -11.82857, 15.156240000000139 ], [ -11.82854, 15.15652 ], [ -11.82857, 15.157520000000147 ], [ -11.82865, 15.15771 ], [ -11.831619999999816, 15.16443 ], [ -11.8339, 15.17013 ], [ -11.83322, 15.174270000000149 ], [ -11.83341, 15.177980000000161 ], [ -11.83416, 15.18197 ], [ -11.83389, 15.1846 ], [ -11.825959999999839, 15.192920000000129 ], [ -11.824727689999918, 15.193973459000176 ], [ -11.823509019999904, 15.195015256000147 ], [ -11.81969, 15.19828 ], [ -11.81807, 15.19913 ], [ -11.816419999999823, 15.199790000000121 ], [ -11.81608, 15.199810000000184 ], [ -11.81591, 15.19977 ], [ -11.815629999999828, 15.199730000000159 ], [ -11.81536, 15.199730000000159 ], [ -11.815139999999872, 15.199730000000159 ], [ -11.814839999999833, 15.19983 ], [ -11.814719999999852, 15.199880000000121 ], [ -11.81115, 15.20363 ], [ -11.811669999999822, 15.205980000000181 ], [ -11.811919999999816, 15.20602 ], [ -11.81209, 15.20609 ], [ -11.81216, 15.2061700000001 ], [ -11.81216, 15.206340000000125 ], [ -11.81216, 15.206510000000151 ], [ -11.81213, 15.206680000000176 ], [ -11.812049999999886, 15.2069 ], [ -11.81169, 15.20764 ], [ -11.81145, 15.20811 ], [ -11.81132, 15.208330000000103 ], [ -11.81083, 15.20901 ], [ -11.809639999999888, 15.210630000000151 ], [ -11.809509999999875, 15.21076 ], [ -11.80913, 15.21091 ], [ -11.80832, 15.21116000000012 ], [ -11.808, 15.211180000000184 ], [ -11.80704, 15.211250000000121 ], [ -11.8055, 15.211970000000179 ], [ -11.80533, 15.212120000000141 ], [ -11.804729999999893, 15.21293 ], [ -11.80462, 15.21351 ], [ -11.8045, 15.21424 ], [ -11.80445, 15.214600000000189 ], [ -11.80443, 15.214920000000177 ], [ -11.80386, 15.21778 ], [ -11.80151, 15.22623 ], [ -11.79914, 15.23201 ], [ -11.79763, 15.23502 ], [ -11.79718, 15.23549 ], [ -11.79641, 15.23634 ], [ -11.79634, 15.23649 ], [ -11.79632, 15.236700000000155 ], [ -11.79628, 15.24639 ], [ -11.79639, 15.248780000000124 ], [ -11.79641, 15.249120000000175 ], [ -11.79645, 15.24976 ], [ -11.7965, 15.24992 ], [ -11.79867, 15.25339 ], [ -11.80117, 15.25574 ], [ -11.80134, 15.255820000000142 ], [ -11.80157, 15.255910000000142 ], [ -11.80179, 15.25593 ], [ -11.80196, 15.255870000000186 ], [ -11.80279, 15.255290000000173 ], [ -11.803429999999878, 15.25478 ], [ -11.80366, 15.254710000000102 ], [ -11.80386, 15.25474000000014 ], [ -11.80392, 15.254820000000166 ], [ -11.804009999999835, 15.254990000000191 ], [ -11.80537, 15.257920000000183 ], [ -11.80697, 15.264210000000105 ], [ -11.807099999999878, 15.26521 ], [ -11.80712, 15.26611000000014 ], [ -11.80712, 15.26639 ], [ -11.807099999999878, 15.26705 ], [ -11.80674, 15.274110000000178 ], [ -11.8062, 15.2775 ], [ -11.8061, 15.27787 ], [ -11.805969999999888, 15.278100000000109 ], [ -11.80586, 15.278270000000134 ], [ -11.80554, 15.278760000000148 ], [ -11.80524, 15.27919 ], [ -11.803679999999872, 15.28117 ], [ -11.80351, 15.2813 ], [ -11.80328, 15.28147 ], [ -11.801809999999875, 15.282350000000179 ], [ -11.79993, 15.28367 ], [ -11.79707, 15.28708 ], [ -11.78896, 15.297500000000127 ], [ -11.78796, 15.299670000000106 ], [ -11.78766, 15.30053 ], [ -11.78758, 15.30078 ], [ -11.78751, 15.30108 ], [ -11.78713, 15.305880000000172 ], [ -11.787109999999871, 15.30614 ], [ -11.78708, 15.306590000000142 ], [ -11.78854, 15.31297 ], [ -11.79043, 15.31839 ], [ -11.7822, 15.325410000000147 ], [ -11.78205, 15.325530000000128 ], [ -11.77984, 15.32726 ], [ -11.77919, 15.32768 ], [ -11.77663, 15.32923 ], [ -11.77627, 15.32943 ], [ -11.77543, 15.32969 ], [ -11.77494, 15.32982 ], [ -11.77397, 15.33017000000018 ], [ -11.77313, 15.330560000000105 ], [ -11.77277, 15.33079000000015 ], [ -11.76694, 15.335650000000101 ], [ -11.76681, 15.3358 ], [ -11.76665, 15.33601 ], [ -11.76645, 15.336430000000121 ], [ -11.766319999999837, 15.33679 ], [ -11.766189999999824, 15.33727 ], [ -11.76597, 15.33844 ], [ -11.76593, 15.33873 ], [ -11.765899999999874, 15.339150000000132 ], [ -11.765899999999874, 15.33957 ], [ -11.765899999999874, 15.33983 ], [ -11.765869999999893, 15.34009 ], [ -11.765579999999886, 15.340870000000166 ], [ -11.76421, 15.34411 ], [ -11.76402, 15.3444 ], [ -11.76388, 15.34454 ], [ -11.76278, 15.34542 ], [ -11.76189, 15.345610000000136 ], [ -11.76003, 15.351950000000159 ], [ -11.75913, 15.35601 ], [ -11.75942, 15.36184 ], [ -11.75942, 15.3622 ], [ -11.75942, 15.3624200000001 ], [ -11.75919, 15.3643 ], [ -11.758959999999888, 15.3655 ], [ -11.758869999999888, 15.365830000000187 ], [ -11.758709999999894, 15.36605 ], [ -11.75789, 15.367060000000151 ], [ -11.75764, 15.367320000000177 ], [ -11.756529999999827, 15.368320000000153 ], [ -11.754949999999837, 15.3714 ], [ -11.754459999999881, 15.37824 ], [ -11.75332, 15.38391 ], [ -11.75206, 15.39127 ], [ -11.75206, 15.392020000000173 ], [ -11.75206, 15.392760000000123 ], [ -11.75182999999987, 15.39548 ], [ -11.75115, 15.401030000000105 ], [ -11.7506, 15.40394 ], [ -11.750409999999874, 15.404920000000118 ], [ -11.75024999999988, 15.40547000000015 ], [ -11.75015, 15.405790000000138 ], [ -11.74973, 15.40657 ], [ -11.74911, 15.40744 ], [ -11.748629999999878, 15.408090000000186 ], [ -11.74846, 15.40832 ], [ -11.74752, 15.40949 ], [ -11.74726, 15.40975 ], [ -11.746869999999888, 15.409970000000158 ], [ -11.746289999999874, 15.410140000000183 ], [ -11.74597, 15.410230000000183 ], [ -11.74561, 15.41039 ], [ -11.74519, 15.410590000000127 ], [ -11.74438, 15.411110000000122 ], [ -11.74405, 15.41133 ], [ -11.743699999999819, 15.41159 ], [ -11.743499999999869, 15.41185 ], [ -11.742429999999899, 15.42002 ], [ -11.74302, 15.42728000000011 ], [ -11.74315, 15.427800000000161 ], [ -11.74428, 15.43234 ], [ -11.74428, 15.432530000000156 ], [ -11.744249999999852, 15.439340000000186 ], [ -11.74422, 15.4396 ], [ -11.74393, 15.442030000000159 ], [ -11.74389, 15.44222 ], [ -11.743669999999895, 15.44284 ], [ -11.74357, 15.44307 ], [ -11.74337, 15.443290000000161 ], [ -11.74318, 15.443490000000168 ], [ -11.74289, 15.44368 ], [ -11.74214, 15.44456 ], [ -11.74164, 15.446030000000178 ], [ -11.73919, 15.45613 ], [ -11.73916, 15.45652 ], [ -11.73916, 15.45687 ], [ -11.73919, 15.45716 ], [ -11.739289999999869, 15.457490000000178 ], [ -11.73936, 15.457780000000184 ], [ -11.73945, 15.45833 ], [ -11.739419999999882, 15.45924 ], [ -11.73922, 15.46099 ], [ -11.73915, 15.46116 ], [ -11.73903, 15.461440000000152 ], [ -11.73504, 15.4683500000001 ], [ -11.73132, 15.472760000000108 ], [ -11.73099, 15.472760000000108 ], [ -11.73067, 15.472850000000108 ], [ -11.73025, 15.472980000000177 ], [ -11.729889999999898, 15.47311 ], [ -11.72889, 15.473600000000147 ], [ -11.72853, 15.47379 ], [ -11.72402, 15.476550000000145 ], [ -11.71404, 15.481640000000141 ], [ -11.708795711999926, 15.485365542000181 ], [ -11.70779, 15.486080000000129 ], [ -11.707429999999874, 15.4865 ], [ -11.70717, 15.48685 ], [ -11.70671, 15.4877 ], [ -11.706259999999872, 15.48864 ], [ -11.706069999999897, 15.489060000000165 ], [ -11.70503, 15.49194 ], [ -11.70487, 15.492460000000108 ], [ -11.70474, 15.492980000000159 ], [ -11.70467, 15.49353 ], [ -11.70467, 15.493890000000135 ], [ -11.70467, 15.49408 ], [ -11.70467, 15.495670000000132 ], [ -11.70467, 15.49606 ], [ -11.70467, 15.49645 ], [ -11.704769999999883, 15.496930000000134 ], [ -11.70503, 15.49791 ], [ -11.705389999999852, 15.4992 ], [ -11.70561, 15.499500000000126 ], [ -11.70584, 15.49969 ], [ -11.70592, 15.499790000000132 ], [ -11.70597, 15.499880000000132 ], [ -11.70616, 15.500230000000101 ], [ -11.7064, 15.50068 ], [ -11.706549999999822, 15.50118 ], [ -11.70713, 15.504810000000191 ], [ -11.707089999999823, 15.50694 ], [ -11.706969999999842, 15.50811 ], [ -11.706929999999886, 15.510550000000137 ], [ -11.70695, 15.51105 ], [ -11.70699, 15.51144 ], [ -11.70711, 15.512010000000146 ], [ -11.70827, 15.516080000000102 ], [ -11.708509999999876, 15.516890000000103 ], [ -11.708669999999813, 15.517150000000129 ], [ -11.709019999999896, 15.51801 ], [ -11.70975, 15.52024 ], [ -11.709969999999885, 15.5224 ], [ -11.710009999999841, 15.531790000000171 ], [ -11.70999, 15.53211 ], [ -11.709929999999872, 15.532700000000148 ], [ -11.70985, 15.533370000000161 ], [ -11.709769999999878, 15.53377 ], [ -11.70969, 15.5341 ], [ -11.709589999999821, 15.53446 ], [ -11.70946, 15.534870000000126 ], [ -11.7079, 15.538990000000126 ], [ -11.70762, 15.5395 ], [ -11.70739, 15.53976 ], [ -11.703824, 15.543258 ], [ -11.701838, 15.543174 ], [ -11.698034, 15.541756000000191 ], [ -11.697626, 15.541604 ], [ -11.694593, 15.540747000000181 ], [ -11.687444, 15.540109000000143 ], [ -11.679959, 15.538784000000135 ], [ -11.677246, 15.539212000000191 ], [ -11.67493, 15.539647000000116 ], [ -11.672503, 15.540127 ], [ -11.671714, 15.540283000000159 ], [ -11.668608999999833, 15.540497 ], [ -11.664039999999886, 15.539248000000157 ], [ -11.66172, 15.537642000000119 ], [ -11.661595, 15.537106 ], [ -11.661471, 15.536571000000151 ], [ -11.661372, 15.535172 ], [ -11.661327999999855, 15.534537 ], [ -11.662184, 15.532788000000153 ], [ -11.661946999999884, 15.532304 ], [ -11.661149, 15.530682000000127 ], [ -11.660283822999872, 15.531067973 ], [ -11.660283526999933, 15.531068105000031 ], [ -11.658828999999855, 15.531717000000185 ], [ -11.656509, 15.534215 ], [ -11.656059, 15.534863 ], [ -11.654653, 15.536892 ], [ -11.652154999999823, 15.537678 ], [ -11.650049, 15.535179 ], [ -11.644374, 15.529111 ], [ -11.642768, 15.527434 ], [ -11.631417999999883, 15.528041000000144 ], [ -11.628896, 15.528907 ], [ -11.6256, 15.530039 ], [ -11.617925999999841, 15.532716 ], [ -11.614356, 15.535115000000133 ], [ -11.613465, 15.535714 ], [ -11.613111, 15.535997 ], [ -11.610966, 15.537713000000167 ], [ -11.608789, 15.539105 ], [ -11.605149, 15.540747000000181 ], [ -11.604594, 15.540949000000182 ], [ -11.602401, 15.541748 ], [ -11.60133, 15.542139 ], [ -11.598688, 15.543281 ], [ -11.596430999999825, 15.544594000000131 ], [ -11.595176, 15.545325 ], [ -11.59390599999989, 15.546065 ], [ -11.589444, 15.547707000000173 ], [ -11.589306, 15.547727 ], [ -11.587999, 15.547914 ], [ -11.583698, 15.548528 ], [ -11.581537, 15.549592000000132 ], [ -11.581306, 15.549706000000185 ], [ -11.580113999999867, 15.551154 ], [ -11.574412999999879, 15.55808 ], [ -11.572698999999886, 15.560729 ], [ -11.566423, 15.575600000000179 ], [ -11.56559, 15.578128000000106 ], [ -11.564757, 15.5814 ], [ -11.563568, 15.584047000000112 ], [ -11.561486, 15.585862000000191 ], [ -11.559106, 15.586605000000191 ], [ -11.557095, 15.586582 ], [ -11.556488999999829, 15.586575 ], [ -11.553543999999874, 15.586665 ], [ -11.551016, 15.588776 ], [ -11.550771, 15.589272 ], [ -11.550511, 15.589799000000141 ], [ -11.550451, 15.589922 ], [ -11.549886, 15.591067 ], [ -11.548577, 15.593238 ], [ -11.54703, 15.595766 ], [ -11.544888999999898, 15.597164 ], [ -11.542063, 15.597759 ], [ -11.537572, 15.600198 ], [ -11.535282, 15.601566000000105 ], [ -11.532664, 15.601179 ], [ -11.524455, 15.599484000000189 ], [ -11.523675999999853, 15.599185 ], [ -11.521749, 15.598443 ], [ -11.5217, 15.598407 ], [ -11.521133, 15.597989 ], [ -11.518923, 15.596361 ], [ -11.516068, 15.59850200000011 ], [ -11.512201, 15.60225 ], [ -11.511703, 15.60271100000017 ], [ -11.510357999999883, 15.603954 ], [ -11.508275, 15.60587900000013 ], [ -11.506397999999876, 15.607114 ], [ -11.50601399999988, 15.607366 ], [ -11.503129, 15.608110000000124 ], [ -11.499767999999847, 15.608675000000176 ], [ -11.495762, 15.610511 ], [ -11.495485, 15.610638 ], [ -11.493849, 15.612214 ], [ -11.492688999999871, 15.617836000000182 ], [ -11.495858999999882, 15.622433 ], [ -11.499947, 15.630239 ], [ -11.501791, 15.632588 ], [ -11.505747, 15.634403000000134 ], [ -11.508809999999869, 15.635682 ], [ -11.510085, 15.636008 ], [ -11.510329, 15.63607 ], [ -11.511846999999875, 15.636649000000148 ], [ -11.516689, 15.638748 ], [ -11.516689, 15.639676000000122 ], [ -11.51625799999988, 15.640372000000184 ], [ -11.515285, 15.640753 ], [ -11.512119, 15.640849 ], [ -11.510343, 15.640903 ], [ -11.509218, 15.640952 ], [ -11.502177, 15.641260000000102 ], [ -11.493399999999895, 15.641645 ], [ -11.492272999999898, 15.641694000000143 ], [ -11.489395999999886, 15.641375 ], [ -11.486283999999898, 15.641029000000174 ], [ -11.479755, 15.639909 ], [ -11.479711, 15.639893 ], [ -11.478199, 15.639356000000134 ], [ -11.475318999999843, 15.638507 ], [ -11.467408, 15.63815 ], [ -11.465355, 15.63815 ], [ -11.46478999999988, 15.639150000000143 ], [ -11.463809, 15.640887000000134 ], [ -11.461399, 15.639965 ], [ -11.460619999999892, 15.639481 ], [ -11.458812, 15.638358000000153 ], [ -11.456164999999885, 15.639756 ], [ -11.455891, 15.639979 ], [ -11.454231, 15.641333 ], [ -11.451822, 15.643474 ], [ -11.449234, 15.643801 ], [ -11.446439, 15.643980000000113 ], [ -11.441917999999873, 15.64282 ], [ -11.441824, 15.642791000000159 ], [ -11.439241, 15.641987 ], [ -11.435968999999886, 15.640857000000153 ], [ -11.433233, 15.640351 ], [ -11.432676999999899, 15.641616 ], [ -11.431924, 15.643326000000172 ], [ -11.429515, 15.642285000000186 ], [ -11.427521999999897, 15.640589 ], [ -11.425473999999895, 15.639149 ], [ -11.424815, 15.638686000000121 ], [ -11.422680999999898, 15.638152000000161 ], [ -11.42196, 15.637972 ], [ -11.416279, 15.637645000000134 ], [ -11.413751, 15.637615000000153 ], [ -11.410866, 15.637228000000107 ], [ -11.409081, 15.635711000000185 ], [ -11.408218, 15.632416 ], [ -11.406724999999881, 15.626711000000171 ], [ -11.405257, 15.621103000000119 ], [ -11.403219, 15.61430200000018 ], [ -11.401888999999869, 15.611973 ], [ -11.399892, 15.609977 ], [ -11.394901999999888, 15.60543 ], [ -11.393109999999865, 15.604235000000131 ], [ -11.391907999999887, 15.603434000000163 ], [ -11.3898, 15.601437 ], [ -11.388913, 15.599954000000139 ], [ -11.387462, 15.597527 ], [ -11.383034999999893, 15.590125000000114 ], [ -11.380040999999892, 15.585246 ], [ -11.376879, 15.582282 ], [ -11.372943, 15.578592000000128 ], [ -11.371461999999894, 15.577006 ], [ -11.370976002999896, 15.576484997000136 ], [ -11.369838, 15.575265000000172 ], [ -11.367509, 15.572049 ], [ -11.364848, 15.56594900000016 ], [ -11.363383, 15.563833 ], [ -11.362851, 15.563066000000163 ], [ -11.361183, 15.560948 ], [ -11.359968, 15.559406 ], [ -11.358457999999871, 15.5571 ], [ -11.358071, 15.55472 ], [ -11.357832999999857, 15.55162700000011 ], [ -11.357655, 15.548861 ], [ -11.357951999999841, 15.546452 ], [ -11.358457999999871, 15.543805 ], [ -11.358793999999875, 15.542087 ], [ -11.358797, 15.542074000000184 ], [ -11.358992999999884, 15.541068000000109 ], [ -11.359469, 15.538481000000104 ], [ -11.359253, 15.533615000000168 ], [ -11.357054, 15.532595000000185 ], [ -11.354163, 15.531254 ], [ -11.349897958999918, 15.529275541000061 ], [ -11.345633, 15.527297 ], [ -11.345059, 15.527027 ], [ -11.341748999999879, 15.52547 ], [ -11.338094999999896, 15.519245000000126 ], [ -11.3297, 15.507024 ], [ -11.328564, 15.506889 ], [ -11.326331, 15.506624000000159 ], [ -11.325919, 15.506561 ], [ -11.323361, 15.506168000000116 ], [ -11.321534, 15.504683000000171 ], [ -11.317960926999945, 15.500425030000088 ], [ -11.312494, 15.49391 ], [ -11.310512, 15.491548000000137 ], [ -11.307085, 15.48726500000015 ], [ -11.30677999999989, 15.48584 ], [ -11.306399999999883, 15.484067 ], [ -11.305885999999816, 15.481669 ], [ -11.297776999999883, 15.470133 ], [ -11.295893, 15.467734 ], [ -11.290353, 15.462538 ], [ -11.278531999999871, 15.451288 ], [ -11.276762, 15.449517 ], [ -11.273690999999815, 15.445961000000182 ], [ -11.27243, 15.44447300000013 ], [ -11.270426, 15.442904000000169 ], [ -11.267012, 15.441645000000108 ], [ -11.266367999999886, 15.441408 ], [ -11.265647, 15.440798 ], [ -11.264926, 15.440188 ], [ -11.260823, 15.43542 ], [ -11.258036999999888, 15.431938 ], [ -11.256387, 15.429875 ], [ -11.255067, 15.426950000000147 ], [ -11.253835999999865, 15.424219000000164 ], [ -11.253524, 15.423166 ], [ -11.253264, 15.422287000000154 ], [ -11.252949, 15.421224000000109 ], [ -11.251729, 15.41933900000015 ], [ -11.250381999999888, 15.418248000000119 ], [ -11.250347, 15.41822 ], [ -11.245180999999889, 15.415367000000117 ], [ -11.227021, 15.408058 ], [ -11.221596, 15.405888 ], [ -11.211545, 15.401947000000121 ], [ -11.205206, 15.39954900000015 ], [ -11.203722, 15.398692 ], [ -11.201095, 15.397036 ], [ -11.195827999999892, 15.391787 ], [ -11.191672, 15.387442 ], [ -11.190489, 15.385232 ], [ -11.18951, 15.383403 ], [ -11.188598, 15.381699 ], [ -11.187939, 15.380468 ], [ -11.181894, 15.377313000000129 ], [ -11.175638902999935, 15.374048588 ], [ -11.169384, 15.370784 ], [ -11.166427, 15.368759 ], [ -11.165951999999891, 15.368224 ], [ -11.163828, 15.365829 ], [ -11.161123, 15.36277900000016 ], [ -11.159126999999899, 15.361116 ], [ -11.156687, 15.359563000000151 ], [ -11.154468999999892, 15.358343000000104 ], [ -11.146594999999877, 15.35457300000013 ], [ -11.141493, 15.351689 ], [ -11.139441, 15.34991500000018 ], [ -11.126132340999902, 15.33896019000008 ], [ -11.11155, 15.327069000000108 ], [ -11.106357393999929, 15.32279356100014 ], [ -11.07322, 15.295509 ], [ -11.072624, 15.295018000000141 ], [ -11.072059, 15.293699 ], [ -11.071626, 15.292689000000166 ], [ -11.070879210999976, 15.291860667000094 ], [ -11.070005, 15.290891 ], [ -11.065122, 15.287861000000191 ], [ -11.060576, 15.285840000000121 ], [ -11.059229, 15.285167 ], [ -11.058554999999899, 15.283146000000158 ], [ -11.058221, 15.282728000000191 ], [ -11.057207999999889, 15.281462 ], [ -11.054851, 15.279442 ], [ -11.052998999999886, 15.278179 ], [ -11.051147, 15.276916 ], [ -11.047779, 15.271696 ], [ -11.046181, 15.268791 ], [ -11.036834999999826, 15.257216 ], [ -11.033803999999861, 15.255196000000183 ], [ -11.026430999999889, 15.2509 ], [ -11.023533, 15.248292 ], [ -11.019661, 15.246777000000122 ], [ -11.017612, 15.246404000000155 ], [ -11.016172, 15.246142000000134 ], [ -11.014103999999861, 15.245766000000117 ], [ -11.01039999999989, 15.24408300000016 ], [ -11.008211, 15.242231 ], [ -11.00577399999986, 15.239794000000188 ], [ -10.998152999999888, 15.233797000000152 ], [ -10.995596, 15.232127000000162 ], [ -10.994411999999897, 15.231495000000109 ], [ -10.993810999999823, 15.231175 ], [ -10.991939999999829, 15.22991 ], [ -10.99078999999989, 15.22824 ], [ -10.990715892999958, 15.227937871 ], [ -10.9904, 15.22665000000012 ], [ -10.9904, 15.22581 ], [ -10.990359999999839, 15.224630000000161 ], [ -10.99033, 15.224490000000117 ], [ -10.98973999999987, 15.222290000000157 ], [ -10.989019999999812, 15.22033000000016 ], [ -10.98802, 15.218610000000126 ], [ -10.98698, 15.21719 ], [ -10.98631, 15.21653 ], [ -10.985159999999894, 15.21561 ], [ -10.984039999999879, 15.215130000000158 ], [ -10.981359999999825, 15.206710000000157 ], [ -10.981239999999843, 15.204310000000191 ], [ -10.981109999999831, 15.200690000000179 ], [ -10.97811, 15.19887 ], [ -10.974609999999814, 15.19563 ], [ -10.97403, 15.1945300000001 ], [ -10.971949999999879, 15.18948 ], [ -10.97193, 15.189390000000117 ], [ -10.96984, 15.187020000000132 ], [ -10.96965, 15.187020000000132 ], [ -10.96956, 15.187020000000132 ], [ -10.96946, 15.187020000000132 ], [ -10.96935, 15.187 ], [ -10.96919999999983, 15.18691 ], [ -10.96849, 15.18607 ], [ -10.96831, 15.18585000000013 ], [ -10.96781, 15.18516 ], [ -10.967579999999884, 15.184800000000109 ], [ -10.9673, 15.184320000000184 ], [ -10.966829999999845, 15.183390000000145 ], [ -10.96662, 15.1828 ], [ -10.96648, 15.182400000000143 ], [ -10.96638, 15.18211 ], [ -10.96629, 15.18182 ], [ -10.966249999999889, 15.18156 ], [ -10.9662, 15.18116 ], [ -10.96619, 15.18087 ], [ -10.966241, 15.180716 ], [ -10.96627, 15.18063 ], [ -10.96645, 15.180380000000127 ], [ -10.96674, 15.18022 ], [ -10.966819999999814, 15.180180000000121 ], [ -10.967079999999896, 15.18007 ], [ -10.9673, 15.17995 ], [ -10.96732999999989, 15.179800000000114 ], [ -10.96736, 15.179390000000126 ], [ -10.96731, 15.17861 ], [ -10.96701, 15.17715 ], [ -10.966949999999827, 15.17695 ], [ -10.96685, 15.1768 ], [ -10.96677, 15.17668 ], [ -10.96347, 15.1728 ], [ -10.96332, 15.17271 ], [ -10.96241, 15.172480000000178 ], [ -10.96169, 15.172640000000115 ], [ -10.96157, 15.17267 ], [ -10.96147, 15.172610000000134 ], [ -10.954249999999888, 15.16234 ], [ -10.953749999999843, 15.15874 ], [ -10.95369, 15.15856 ], [ -10.95347, 15.15822 ], [ -10.95255, 15.15742 ], [ -10.95246, 15.157370000000185 ], [ -10.95228, 15.15733 ], [ -10.94972, 15.156850000000134 ], [ -10.94816, 15.15702 ], [ -10.94371, 15.155510000000106 ], [ -10.943469999999877, 15.155030000000181 ], [ -10.94285, 15.15417 ], [ -10.94185, 15.153030000000115 ], [ -10.94150999999988, 15.152650000000108 ], [ -10.94115, 15.15233 ], [ -10.94075, 15.152030000000138 ], [ -10.940249999999821, 15.15171 ], [ -10.93603, 15.149690000000135 ], [ -10.934729999999888, 15.149230000000102 ], [ -10.93373, 15.14899000000014 ], [ -10.93323, 15.148870000000159 ], [ -10.93263, 15.148750000000177 ], [ -10.93165, 15.148410000000126 ], [ -10.93061, 15.147850000000119 ], [ -10.93009, 15.147490000000175 ], [ -10.92171, 15.14055 ], [ -10.92145, 15.14027 ], [ -10.92119, 15.139950000000169 ], [ -10.92101, 15.13955 ], [ -10.92087, 15.138990000000149 ], [ -10.92083, 15.138530000000117 ], [ -10.92087, 15.13809 ], [ -10.92107, 15.137590000000159 ], [ -10.92133, 15.13701 ], [ -10.92161, 15.136510000000101 ], [ -10.921969999999874, 15.13603 ], [ -10.921969999999874, 15.13577 ], [ -10.921969999999874, 15.13565 ], [ -10.92175, 15.13523 ], [ -10.91919, 15.13071 ], [ -10.91797, 15.12877 ], [ -10.91759, 15.128210000000138 ], [ -10.91733, 15.12801 ], [ -10.91712, 15.12794 ], [ -10.917029999999897, 15.127910000000156 ], [ -10.914229999999861, 15.12717 ], [ -10.91238, 15.12672 ], [ -10.911429999999825, 15.1251 ], [ -10.909689999999898, 15.12099000000012 ], [ -10.90966, 15.120810000000176 ], [ -10.90959, 15.11969 ], [ -10.90958, 15.11951 ], [ -10.90962, 15.119170000000167 ], [ -10.909689999999898, 15.118710000000135 ], [ -10.909729999999854, 15.118450000000109 ], [ -10.909739999999886, 15.118415 ], [ -10.909809999999879, 15.118180000000166 ], [ -10.90996, 15.11794 ], [ -10.91045, 15.11732 ], [ -10.910599999999874, 15.1172 ], [ -10.910819999999887, 15.11702 ], [ -10.91095, 15.1168100000001 ], [ -10.91101, 15.116550000000132 ], [ -10.910939999999869, 15.116400000000112 ], [ -10.91072, 15.116100000000188 ], [ -10.91046, 15.11577 ], [ -10.90796, 15.11348 ], [ -10.907689999999889, 15.113270000000171 ], [ -10.90343, 15.110320000000115 ], [ -10.90251, 15.109940000000108 ], [ -10.90229, 15.109880000000146 ], [ -10.901649999999847, 15.109760000000165 ], [ -10.90068, 15.10969 ], [ -10.90026, 15.109670000000165 ], [ -10.89383, 15.112660000000119 ], [ -10.89146, 15.11456 ], [ -10.891409999999894, 15.1147 ], [ -10.891, 15.115880000000118 ], [ -10.89102, 15.115960000000143 ], [ -10.89121, 15.116550000000132 ], [ -10.89143, 15.118040000000121 ], [ -10.891609999999844, 15.12019 ], [ -10.891619999999875, 15.120310000000188 ], [ -10.891619999999875, 15.120430000000169 ], [ -10.89155, 15.12059 ], [ -10.89148, 15.12064 ], [ -10.89139, 15.120700000000113 ], [ -10.89125, 15.12068 ], [ -10.88731, 15.11911 ], [ -10.88719, 15.118830000000116 ], [ -10.88709, 15.118670000000179 ], [ -10.88663, 15.118330000000128 ], [ -10.886209999999892, 15.11831 ], [ -10.88605, 15.118330000000128 ], [ -10.88449, 15.118830000000116 ], [ -10.882569999999873, 15.119640000000174 ], [ -10.88064, 15.122450000000129 ], [ -10.87892, 15.12816 ], [ -10.87904, 15.13553 ], [ -10.879354, 15.136767 ], [ -10.879689999999812, 15.13809 ], [ -10.88005, 15.13988 ], [ -10.88011, 15.141070000000127 ], [ -10.87993, 15.14261 ], [ -10.87922, 15.1435 ], [ -10.87724, 15.14947 ], [ -10.87724, 15.15015 ], [ -10.876579999999876, 15.15836 ], [ -10.87616, 15.161680000000104 ], [ -10.87576, 15.16475 ], [ -10.875413, 15.166014 ], [ -10.87526, 15.16657 ], [ -10.8743, 15.16846 ], [ -10.87366, 15.169600000000116 ], [ -10.8733, 15.17057 ], [ -10.87273, 15.17414 ], [ -10.87201, 15.18078 ], [ -10.872159999999838, 15.18195 ], [ -10.87248, 15.18249 ], [ -10.872518, 15.182554 ], [ -10.8728, 15.18303 ], [ -10.87287, 15.183630000000107 ], [ -10.87269, 15.18445 ], [ -10.871619999999893, 15.18899 ], [ -10.867909999999881, 15.19766 ], [ -10.8653, 15.200550000000135 ], [ -10.86409, 15.20169 ], [ -10.85428, 15.20845 ], [ -10.85339, 15.20881 ], [ -10.85203, 15.208590000000129 ], [ -10.85035, 15.20827 ], [ -10.846499999999821, 15.208410000000129 ], [ -10.83857, 15.2112 ], [ -10.83761, 15.21156000000019 ], [ -10.835, 15.21295 ], [ -10.834219999999846, 15.213520000000187 ], [ -10.83302, 15.214460000000145 ], [ -10.83293, 15.21472000000017 ], [ -10.8328, 15.21529 ], [ -10.83282, 15.21593 ], [ -10.83303, 15.218580000000145 ], [ -10.83308, 15.221790000000169 ], [ -10.83295, 15.222410000000139 ], [ -10.832719999999881, 15.22327 ], [ -10.82911, 15.23327 ], [ -10.82791, 15.236150000000123 ], [ -10.82603, 15.239590000000192 ], [ -10.82395, 15.242530000000102 ], [ -10.82355, 15.242870000000153 ], [ -10.82337, 15.243070000000159 ], [ -10.82295, 15.24371 ], [ -10.82269, 15.24413 ], [ -10.82229, 15.24487 ], [ -10.82213, 15.24519 ], [ -10.821809999999857, 15.245910000000151 ], [ -10.821689999999876, 15.24627 ], [ -10.821509999999819, 15.247110000000134 ], [ -10.82145, 15.24747 ], [ -10.82143, 15.24783 ], [ -10.821809999999857, 15.25191 ], [ -10.82187, 15.252370000000155 ], [ -10.82204999999982, 15.25305 ], [ -10.82245, 15.254330000000152 ], [ -10.82259, 15.254770000000121 ], [ -10.82267, 15.254990000000191 ], [ -10.8227, 15.255060000000128 ], [ -10.82333, 15.25639 ], [ -10.82353, 15.25671 ], [ -10.82391, 15.257050000000106 ], [ -10.82438999999988, 15.25759 ], [ -10.82529, 15.25949 ], [ -10.82549, 15.25993 ], [ -10.825689999999895, 15.26039 ], [ -10.82917, 15.26971 ], [ -10.82915, 15.27001 ], [ -10.82907, 15.270290000000102 ], [ -10.82875, 15.27097 ], [ -10.82729, 15.27343 ], [ -10.82709, 15.273710000000108 ], [ -10.82627, 15.274690000000192 ], [ -10.82571, 15.27513 ], [ -10.82505, 15.275690000000168 ], [ -10.82471, 15.27601 ], [ -10.82429, 15.276430000000119 ], [ -10.824009999999873, 15.276810000000125 ], [ -10.82355, 15.27751000000012 ], [ -10.82321, 15.278090000000134 ], [ -10.823189999999897, 15.27837 ], [ -10.82343, 15.27945 ], [ -10.82359, 15.28015 ], [ -10.823689999999885, 15.28051 ], [ -10.823729999999898, 15.280750000000126 ], [ -10.82371, 15.28117 ], [ -10.82359, 15.28159 ], [ -10.82343, 15.282010000000128 ], [ -10.82325, 15.282390000000134 ], [ -10.822429999999883, 15.284080000000131 ], [ -10.82184, 15.284970000000101 ], [ -10.82091, 15.28572000000014 ], [ -10.81976, 15.28608 ], [ -10.81762, 15.286630000000116 ], [ -10.81503, 15.287330000000111 ], [ -10.809649999999863, 15.28933 ], [ -10.80891, 15.28985 ], [ -10.80668999999989, 15.291590000000156 ], [ -10.803649999999891, 15.293990000000122 ], [ -10.803449999999884, 15.294190000000185 ], [ -10.803269999999827, 15.29441 ], [ -10.80293, 15.29509 ], [ -10.80277, 15.29549 ], [ -10.80245, 15.297350000000165 ], [ -10.802409999999895, 15.297590000000127 ], [ -10.80249, 15.29801 ], [ -10.80259, 15.298170000000141 ], [ -10.80261, 15.298410000000104 ], [ -10.80249, 15.299870000000112 ], [ -10.80229, 15.30031 ], [ -10.80207, 15.30079 ], [ -10.80191, 15.30111 ], [ -10.800989999999899, 15.30295 ], [ -10.80015, 15.30461 ], [ -10.800029999999879, 15.30479 ], [ -10.79971, 15.30511 ], [ -10.79575, 15.30866 ], [ -10.79409, 15.309070000000133 ], [ -10.79097, 15.308170000000132 ], [ -10.79039, 15.30797 ], [ -10.78915, 15.30745 ], [ -10.78639, 15.30619 ], [ -10.784489999999892, 15.30511 ], [ -10.78415, 15.30497 ], [ -10.780369999999891, 15.30415 ], [ -10.78011, 15.30427 ], [ -10.77989, 15.304390000000183 ], [ -10.77827, 15.30549 ], [ -10.778029999999831, 15.30569 ], [ -10.77731, 15.30632 ], [ -10.7771, 15.306560000000161 ], [ -10.777079999999899, 15.30661 ], [ -10.776949999999886, 15.30701 ], [ -10.776949999999886, 15.307550000000163 ], [ -10.77689, 15.30945 ], [ -10.77639, 15.31247 ], [ -10.77629, 15.31289 ], [ -10.77439, 15.32039 ], [ -10.77427, 15.32077 ], [ -10.77373, 15.32201 ], [ -10.77345, 15.32249000000013 ], [ -10.772989999999822, 15.32283 ], [ -10.77261, 15.32307 ], [ -10.76847, 15.32519 ], [ -10.76815, 15.325290000000166 ], [ -10.76740999999987, 15.32549 ], [ -10.767129999999895, 15.32549 ], [ -10.76683, 15.32543 ], [ -10.766549999999881, 15.325350000000185 ], [ -10.76611, 15.32531 ], [ -10.765629999999874, 15.32531 ], [ -10.76536, 15.32532 ], [ -10.76389, 15.32618 ], [ -10.76258, 15.3272300000001 ], [ -10.75844, 15.33168 ], [ -10.7577, 15.332630000000165 ], [ -10.756509999999878, 15.33446 ], [ -10.75558999999987, 15.335910000000126 ], [ -10.75537, 15.33609 ], [ -10.755049999999869, 15.336170000000152 ], [ -10.74949, 15.33743 ], [ -10.74837, 15.33759 ], [ -10.74804, 15.337620000000186 ], [ -10.74787, 15.33753 ], [ -10.74770999999987, 15.33721 ], [ -10.747629999999845, 15.336830000000191 ], [ -10.74747, 15.336430000000121 ], [ -10.74727, 15.336050000000171 ], [ -10.74661, 15.33481 ], [ -10.746349999999893, 15.334450000000118 ], [ -10.746289999999817, 15.334380000000181 ], [ -10.745969999999886, 15.334030000000155 ], [ -10.74569, 15.33375 ], [ -10.74533, 15.333510000000103 ], [ -10.74497, 15.33329 ], [ -10.743339999999876, 15.33239 ], [ -10.74228, 15.332020000000114 ], [ -10.73984, 15.33255 ], [ -10.73877, 15.33327 ], [ -10.736509999999839, 15.33511 ], [ -10.73342, 15.3391 ], [ -10.72742, 15.347480000000132 ], [ -10.726469999999836, 15.34885 ], [ -10.722219999999822, 15.356110000000115 ], [ -10.72163, 15.35716 ], [ -10.72103, 15.359990000000153 ], [ -10.72091, 15.36155 ], [ -10.72049, 15.36418 ], [ -10.72009, 15.365110000000129 ], [ -10.71863, 15.36658 ], [ -10.717755, 15.367032000000165 ], [ -10.71794199999988, 15.366935000000126 ], [ -10.716229999999882, 15.367820000000165 ], [ -10.714989999999887, 15.36865 ], [ -10.714489999999898, 15.36909 ], [ -10.71381, 15.36983 ], [ -10.71359, 15.37017 ], [ -10.71343, 15.37047 ], [ -10.71343, 15.37067 ], [ -10.71379, 15.37243 ], [ -10.71385, 15.37267 ], [ -10.71409, 15.373310000000174 ], [ -10.71425, 15.373730000000137 ], [ -10.71457, 15.37447 ], [ -10.715649999999869, 15.376850000000161 ], [ -10.71679, 15.379170000000101 ], [ -10.71729, 15.37991 ], [ -10.71751, 15.380150000000185 ], [ -10.71779, 15.380390000000148 ], [ -10.71809, 15.380650000000173 ], [ -10.71837, 15.381010000000117 ], [ -10.71921, 15.38227 ], [ -10.71939, 15.382590000000107 ], [ -10.72009, 15.38435 ], [ -10.72059, 15.38569 ], [ -10.720689999999877, 15.38607 ], [ -10.72311, 15.39871 ], [ -10.72325, 15.407170000000121 ], [ -10.725509999999872, 15.41855 ], [ -10.72703, 15.426130000000171 ], [ -10.72709, 15.426310000000115 ], [ -10.72797, 15.4289500000001 ], [ -10.72795, 15.42925 ], [ -10.72749, 15.431010000000185 ], [ -10.72633, 15.43543000000011 ], [ -10.72621, 15.43571 ], [ -10.726049999999816, 15.43605 ], [ -10.72583, 15.43645000000015 ], [ -10.724269999999876, 15.43819 ], [ -10.72171, 15.440310000000125 ], [ -10.72145, 15.440490000000125 ], [ -10.72113, 15.44065 ], [ -10.72009, 15.44085 ], [ -10.719429999999875, 15.440950000000157 ], [ -10.71901, 15.441010000000119 ], [ -10.71847, 15.44103 ], [ -10.71793, 15.44103 ], [ -10.717559999999878, 15.44102 ], [ -10.71737, 15.441010000000119 ], [ -10.71692999999982, 15.44097 ], [ -10.71671, 15.440950000000157 ], [ -10.70509, 15.43921 ], [ -10.70039, 15.43803000000014 ], [ -10.69411, 15.43723 ], [ -10.69363, 15.437470000000189 ], [ -10.69309, 15.437590000000171 ], [ -10.69281, 15.437650000000133 ], [ -10.692369999999869, 15.43773 ], [ -10.69159, 15.43775 ], [ -10.69129, 15.43775 ], [ -10.69077, 15.43763 ], [ -10.68929, 15.43705 ], [ -10.68893, 15.436890000000119 ], [ -10.68821, 15.436390000000131 ], [ -10.68785, 15.43603 ], [ -10.686869999999885, 15.43539 ], [ -10.68657, 15.43521 ], [ -10.68607, 15.435020000000122 ], [ -10.686, 15.435 ], [ -10.68151, 15.434050000000184 ], [ -10.67947, 15.43373 ], [ -10.677161999999896, 15.434370000000172 ], [ -10.669881, 15.433871000000124 ], [ -10.667489999999816, 15.432336 ], [ -10.664456, 15.42998 ], [ -10.663284, 15.428995 ], [ -10.661993, 15.427910000000168 ], [ -10.659494999999822, 15.426232 ], [ -10.656833999999833, 15.425017 ], [ -10.656210999999871, 15.424733 ], [ -10.64404, 15.421236 ], [ -10.642366, 15.42095600000016 ], [ -10.639679999999885, 15.420508 ], [ -10.637509, 15.420146000000102 ], [ -10.637063999999896, 15.420146000000102 ], [ -10.635789, 15.4206420000001 ], [ -10.634513, 15.421138 ], [ -10.621755, 15.424823 ], [ -10.620365, 15.424879 ], [ -10.618212, 15.424965 ], [ -10.616022999999871, 15.424735 ], [ -10.612022999999851, 15.424314 ], [ -10.60588, 15.424398 ], [ -10.604517999999814, 15.424771 ], [ -10.597659, 15.426649000000111 ], [ -10.593973, 15.427658000000122 ], [ -10.585634459999937, 15.429047269000023 ], [ -10.585634352999932, 15.42904728700006 ], [ -10.585414, 15.429084000000159 ], [ -10.580829999999878, 15.429490000000158 ], [ -10.56983, 15.437390000000107 ], [ -10.56935, 15.437710000000152 ], [ -10.56889, 15.437970000000121 ], [ -10.568782, 15.438028000000145 ], [ -10.56774, 15.43813 ], [ -10.5641, 15.43752 ], [ -10.561999999999841, 15.437160000000119 ], [ -10.561918999999875, 15.437132 ], [ -10.56177, 15.43708 ], [ -10.56159, 15.436920000000157 ], [ -10.56143, 15.436710000000176 ], [ -10.56123, 15.43647 ], [ -10.56107, 15.43638 ], [ -10.55757, 15.435220000000186 ], [ -10.55744, 15.435220000000186 ], [ -10.55699, 15.435450000000174 ], [ -10.55306, 15.437480000000107 ], [ -10.55162, 15.438610000000153 ], [ -10.5517, 15.43909 ], [ -10.551759999999888, 15.439530000000104 ], [ -10.5517, 15.439730000000111 ], [ -10.551599999999894, 15.439870000000155 ], [ -10.55092999999988, 15.44067 ], [ -10.55057, 15.440830000000176 ], [ -10.55029, 15.44085 ], [ -10.55003, 15.440810000000113 ], [ -10.543019999999899, 15.439200000000142 ], [ -10.54279, 15.43912 ], [ -10.54261, 15.43901 ], [ -10.5424, 15.43886 ], [ -10.542009999999891, 15.438460000000191 ], [ -10.54132, 15.437910000000159 ], [ -10.539759999999887, 15.43694 ], [ -10.53949, 15.43681 ], [ -10.538899999999899, 15.436690000000112 ], [ -10.5384, 15.436660000000131 ], [ -10.53819, 15.43675 ], [ -10.538009999999872, 15.43684 ], [ -10.532559999999876, 15.439730000000111 ], [ -10.52428, 15.44459 ], [ -10.52412, 15.444690000000151 ], [ -10.52159042999989, 15.44684057500001 ], [ -10.52125, 15.44713 ], [ -10.51571, 15.4485 ], [ -10.51571, 15.448370000000182 ], [ -10.51571, 15.44824 ], [ -10.5157, 15.44722 ], [ -10.515689999999893, 15.4471 ], [ -10.51557, 15.44697 ], [ -10.51489, 15.446510000000103 ], [ -10.510869999999898, 15.44508 ], [ -10.510649999999885, 15.445070000000158 ], [ -10.51028, 15.44517 ], [ -10.50938, 15.445540000000165 ], [ -10.509109999999851, 15.44571000000019 ], [ -10.509029999999882, 15.44579 ], [ -10.50719, 15.44637 ], [ -10.50379, 15.44743 ], [ -10.501329999999882, 15.447090000000117 ], [ -10.498869999999897, 15.446650000000147 ], [ -10.496649999999875, 15.44623 ], [ -10.493899999999826, 15.445070000000158 ], [ -10.486699999999871, 15.442270000000121 ], [ -10.47727, 15.4391 ], [ -10.477129999999875, 15.43897 ], [ -10.47707, 15.43878 ], [ -10.47706, 15.43869 ], [ -10.47705, 15.438550000000191 ], [ -10.47707, 15.43843 ], [ -10.47707, 15.438200000000165 ], [ -10.476999999999862, 15.43801 ], [ -10.47674, 15.437650000000133 ], [ -10.47662, 15.437530000000152 ], [ -10.47643, 15.43742 ], [ -10.47619, 15.437330000000145 ], [ -10.474079999999844, 15.436710000000176 ], [ -10.47363, 15.43664 ], [ -10.46987, 15.43618 ], [ -10.469699999999818, 15.436160000000143 ], [ -10.4694, 15.43623 ], [ -10.469249999999874, 15.436280000000124 ], [ -10.46741, 15.43711 ], [ -10.46701, 15.43734 ], [ -10.46685, 15.43746 ], [ -10.46664, 15.437620000000152 ], [ -10.466179999999895, 15.43804 ], [ -10.465959999999882, 15.438260000000184 ], [ -10.46379, 15.43899000000016 ], [ -10.45461, 15.43961000000013 ], [ -10.454269999999894, 15.439550000000111 ], [ -10.454009999999869, 15.439530000000104 ], [ -10.45373, 15.439530000000104 ], [ -10.447589999999877, 15.44225 ], [ -10.44345, 15.444250000000181 ], [ -10.44308999999987, 15.44451 ], [ -10.442519999999888, 15.44492 ], [ -10.44215, 15.44503 ], [ -10.44177, 15.445070000000158 ], [ -10.440769999999873, 15.445130000000177 ], [ -10.440309999999897, 15.445130000000177 ], [ -10.439729999999884, 15.44509 ], [ -10.43925, 15.44505 ], [ -10.43655, 15.444570000000169 ], [ -10.43629, 15.44451 ], [ -10.43605, 15.444450000000188 ], [ -10.43573, 15.44431 ], [ -10.43551, 15.44417 ], [ -10.43501, 15.44371 ], [ -10.43168999999989, 15.439730000000111 ], [ -10.43123, 15.438790000000154 ], [ -10.43057, 15.437570000000107 ], [ -10.42925, 15.435700000000111 ], [ -10.428609999999878, 15.43488 ], [ -10.428489999999897, 15.43476 ], [ -10.42695, 15.4341 ], [ -10.42671, 15.43400000000014 ], [ -10.426559999999881, 15.433970000000102 ], [ -10.426469999999824, 15.434030000000121 ], [ -10.42357, 15.43469 ], [ -10.42333, 15.434700000000134 ], [ -10.423189999999863, 15.434700000000134 ], [ -10.423, 15.434700000000134 ], [ -10.42211, 15.43469 ], [ -10.421969999999817, 15.43465 ], [ -10.42022, 15.4341 ], [ -10.41865, 15.433180000000107 ], [ -10.41081, 15.43544 ], [ -10.407149999999888, 15.43742 ], [ -10.40202, 15.43814 ], [ -10.39364, 15.439490000000148 ], [ -10.39331, 15.439550000000111 ], [ -10.39269, 15.439870000000155 ], [ -10.39233, 15.440070000000162 ], [ -10.385449999999878, 15.44307 ], [ -10.370124600999929, 15.448803126000143 ], [ -10.362811600999976, 15.451659326000026 ], [ -10.326259850999975, 15.465934223000147 ], [ -10.319249, 15.468672 ], [ -10.293293595999955, 15.47808500900004 ], [ -10.284604, 15.481236 ], [ -10.277818682999964, 15.481486541000152 ], [ -10.271033349999925, 15.481736875000081 ], [ -10.250677349999933, 15.482487875 ], [ -10.233016999999847, 15.483139000000165 ], [ -10.221720363999964, 15.481649834000052 ], [ -10.218619, 15.481241000000182 ], [ -10.186889328999882, 15.477058205 ], [ -10.178724619999969, 15.475981855000157 ], [ -10.170559995999895, 15.474905205000027 ], [ -10.162395455999899, 15.473828253000136 ], [ -10.154231, 15.472751 ], [ -10.134003, 15.470084 ], [ -10.121849, 15.468482000000165 ], [ -10.107109, 15.467118 ], [ -10.088916999999867, 15.465436 ], [ -10.048700616999895, 15.463433612000074 ], [ -9.998299984999903, 15.460924146000082 ], [ -9.984377999999879, 15.460231000000135 ], [ -9.968997913999829, 15.4594682500001 ], [ -9.959978866999904, 15.45902213300019 ], [ -9.950959858999909, 15.458575649000011 ], [ -9.941940888999966, 15.458128798000075 ], [ -9.932921957999952, 15.457681580000042 ], [ -9.923903064999877, 15.457233995000024 ], [ -9.914884211999833, 15.456786043000079 ], [ -9.905865396999957, 15.456337724000036 ], [ -9.896846620999895, 15.455889039000112 ], [ -9.887827882999943, 15.455439986000044 ], [ -9.878809184999966, 15.454990566000163 ], [ -9.869790524999928, 15.454540779000126 ], [ -9.860771904999979, 15.454090626000095 ], [ -9.848395419999974, 15.453472407000049 ], [ -9.84839532899997, 15.453472402000102 ], [ -9.771591999999885, 15.449636000000112 ], [ -9.767536, 15.448555 ], [ -9.765544, 15.448024000000146 ], [ -9.747306761999937, 15.443162421000181 ], [ -9.740479320999896, 15.441342316000089 ], [ -9.727150224999832, 15.437788857000157 ], [ -9.720648558999926, 15.436055524000039 ], [ -9.714147, 15.434322000000122 ], [ -9.705851, 15.43211 ], [ -9.696696, 15.429669 ], [ -9.687949, 15.427337 ], [ -9.686361, 15.426914000000181 ], [ -9.683998, 15.427132 ], [ -9.67489050699993, 15.427433835000102 ], [ -9.665782987999819, 15.427735297000027 ], [ -9.65667544299987, 15.428036384000166 ], [ -9.647567871999911, 15.428337099000089 ], [ -9.638460273999897, 15.428637439000056 ], [ -9.637698924999938, 15.428662514999985 ], [ -9.62935264999993, 15.428937407000035 ], [ -9.620244999999898, 15.429237 ], [ -9.610311, 15.429566 ], [ -9.606185, 15.429739000000154 ], [ -9.596125999999856, 15.430171 ], [ -9.58803, 15.430519 ], [ -9.584564, 15.430668000000139 ], [ -9.581097999999884, 15.430817 ], [ -9.556396041999903, 15.431879457999969 ], [ -9.498116085999982, 15.434386226000072 ], [ -9.480933470999901, 15.435152187000142 ], [ -9.472091907999925, 15.435560021000128 ], [ -9.463250309999978, 15.435967504000189 ], [ -9.454408677999936, 15.436374634000117 ], [ -9.44556701099998, 15.436781412000016 ], [ -9.436725309999872, 15.437187837000181 ], [ -9.427883573999907, 15.437593910000089 ], [ -9.41904180399996, 15.437999631000025 ], [ -9.410160999999846, 15.438407 ], [ -9.401019, 15.438838 ], [ -9.402986435999878, 15.445574511000075 ], [ -9.404954, 15.452311000000122 ], [ -9.40847, 15.464352 ], [ -9.410557922999885, 15.472057013000097 ], [ -9.412646, 15.479762000000164 ], [ -9.413338999999894, 15.482317 ], [ -9.415572093999913, 15.490542401000141 ], [ -9.417805363999946, 15.498767773 ], [ -9.420038810999927, 15.506993117000093 ], [ -9.422272434999968, 15.51521843200004 ], [ -9.4245062359999, 15.52344371900017 ], [ -9.426740213999892, 15.531668976000105 ], [ -9.428974368999945, 15.539894205000053 ], [ -9.431208700999889, 15.548119405000079 ], [ -9.43344321099994, 15.556344577000118 ], [ -9.435677897999938, 15.564569719000133 ], [ -9.437912762999929, 15.57279483300016 ], [ -9.440147804999924, 15.581019918000095 ], [ -9.44238302499997, 15.58924497400011 ], [ -9.444618423999884, 15.597470002000136 ], [ -9.446854, 15.605695 ], [ -9.44030842799998, 15.611228145000098 ], [ -9.43376250599988, 15.616761092000047 ], [ -9.427216231999864, 15.62229384200009 ], [ -9.420669605999876, 15.627826393000191 ], [ -9.414122629999895, 15.633358747000159 ], [ -9.407575300999952, 15.638890902000014 ], [ -9.401027620999969, 15.644422859000088 ], [ -9.3944795889999, 15.649954617000162 ], [ -9.387931204999973, 15.655486178 ], [ -9.381382468999902, 15.66101753900017 ], [ -9.374833379999927, 15.666548703000046 ], [ -9.368283939999969, 15.672079667000105 ], [ -9.36173414599989, 15.677610433000098 ], [ -9.355183999999895, 15.683141 ], [ -9.349144683999896, 15.688052254000127 ], [ -9.343105077999951, 15.692963338000084 ], [ -9.337065183999925, 15.697874254000169 ], [ -9.333737037999981, 15.700580079000133 ], [ -9.33102499999984, 15.702785 ], [ -9.32387478499993, 15.699699235000082 ], [ -9.316724784999963, 15.696613234999973 ], [ -9.309574999999882, 15.693527000000188 ], [ -9.310591024999951, 15.688560003000134 ], [ -9.311607, 15.683593000000144 ], [ -9.31319, 15.675114 ], [ -9.31476979699994, 15.66665068500015 ], [ -9.316349462999881, 15.658187351000095 ], [ -9.317929, 15.649724 ], [ -9.319306805999872, 15.641302168000038 ], [ -9.320684499999913, 15.632880321000187 ], [ -9.322062080999956, 15.624458458000106 ], [ -9.323439548999886, 15.61603658100006 ], [ -9.324816904999977, 15.607614688000183 ], [ -9.326194148999889, 15.599192781000113 ], [ -9.327571279999972, 15.590770858000099 ], [ -9.328948298999876, 15.582348921 ], [ -9.330325204999951, 15.573926968000137 ], [ -9.331701999999893, 15.565505 ], [ -9.331251, 15.501607 ], [ -9.330096, 15.501583000000153 ], [ -9.320187, 15.501381000000151 ], [ -9.311084709999932, 15.501395860000116 ], [ -9.301982418999899, 15.501410345000181 ], [ -9.292880126999933, 15.501424456 ], [ -9.283777833999977, 15.50143819200008 ], [ -9.274675538999873, 15.501451553000038 ], [ -9.265573242999892, 15.50146453900004 ], [ -9.256470946999968, 15.501477151000188 ], [ -9.247368648999839, 15.501489388000039 ], [ -9.238266349999947, 15.50150125000016 ], [ -9.229164048999905, 15.501512737000098 ], [ -9.220061747999978, 15.501523850000069 ], [ -9.210959445999947, 15.501534588000084 ], [ -9.201857143999973, 15.501544951000142 ], [ -9.192754839999964, 15.501554939000073 ], [ -9.183652534999965, 15.501564553000151 ], [ -9.174550229999966, 15.501573792000102 ], [ -9.165447922999817, 15.501582656000153 ], [ -9.156345615999953, 15.50159114500002 ], [ -9.147243307999929, 15.501599260000091 ], [ -9.138141, 15.501607 ], [ -9.128867329999935, 15.501573389000157 ], [ -9.119593663999922, 15.501539389000186 ], [ -9.11032, 15.501505000000122 ], [ -9.101152536999905, 15.501455105000161 ], [ -9.091985078999812, 15.501404830000183 ], [ -9.082817625999951, 15.501354175000131 ], [ -9.073650176999877, 15.501303140000118 ], [ -9.064482731999931, 15.501251725000031 ], [ -9.055315291999932, 15.501199930000098 ], [ -9.046147855999834, 15.501147754000044 ], [ -9.036980424999911, 15.501095199000019 ], [ -9.027812998999877, 15.501042263000102 ], [ -9.018645577999962, 15.50098894700011 ], [ -9.009478160999947, 15.500935251000101 ], [ -9.000310748999937, 15.500881175000075 ], [ -8.996475072999942, 15.500858390000076 ], [ -8.996474741999975, 15.500858388000097 ], [ -8.99114334099994, 15.500826719000031 ], [ -8.981975938999938, 15.500771883000084 ], [ -8.972808540999836, 15.500716667000177 ], [ -8.963641148999898, 15.500661070000092 ], [ -8.954473760999974, 15.500605093000161 ], [ -8.945306377999884, 15.500548737000145 ], [ -8.926898417999951, 15.500500578000128 ], [ -8.917657834999943, 15.500508770000124 ], [ -8.908417251999879, 15.500516576000052 ], [ -8.899176667999882, 15.500523995000037 ], [ -8.889936082999952, 15.500531029000058 ], [ -8.880695497999909, 15.500537676000022 ], [ -8.871454911999876, 15.500543937000089 ], [ -8.862214324999968, 15.500549812000145 ], [ -8.852973737999946, 15.50055530000003 ], [ -8.843733150999981, 15.500560403 ], [ -8.834492562999969, 15.500565119000044 ], [ -8.825251974999958, 15.500569449000068 ], [ -8.8160113859999, 15.500573392000092 ], [ -8.806770796999956, 15.500576950000038 ], [ -8.797530207999955, 15.500580121000041 ], [ -8.788289617999908, 15.50058290700008 ], [ -8.779049027999974, 15.500585306000062 ], [ -8.76980843799987, 15.500587318000044 ], [ -8.760567847999937, 15.500588945000061 ], [ -8.75132725799989, 15.500590185000021 ], [ -8.742086667999956, 15.500591040000131 ], [ -8.732846076999863, 15.500591508000184 ], [ -8.726971181999943, 15.5005915590001 ], [ -8.723605486999929, 15.500591589000123 ], [ -8.714364895999893, 15.500591285000098 ], [ -8.705124305999959, 15.50059059400013 ], [ -8.695883715999912, 15.500589518000027 ], [ -8.686643124999819, 15.50058805499998 ], [ -8.677402534999885, 15.500586205000047 ], [ -8.668161944999952, 15.500583970000093 ], [ -8.658921355999894, 15.500581348000082 ], [ -8.64968076599996, 15.500578341000107 ], [ -8.640440176999959, 15.500574947000132 ], [ -8.603710133999869, 15.500587261000135 ], [ -8.594585699999868, 15.500596826000105 ], [ -8.585461264999878, 15.500606015000074 ], [ -8.576336829999946, 15.500614827999982 ], [ -8.567212392999863, 15.50062326300008 ], [ -8.558087955999952, 15.50063132300005 ], [ -8.548963517999937, 15.500639006000029 ], [ -8.539839078999933, 15.500646312000129 ], [ -8.530714639999928, 15.500653241000066 ], [ -8.521590199999821, 15.500659795000047 ], [ -8.512465759999884, 15.500665971000046 ], [ -8.503341318999958, 15.500671770999986 ], [ -8.494216877999975, 15.500677195000094 ], [ -8.485092435999945, 15.500682241000163 ], [ -8.475967993999973, 15.500686912000106 ], [ -8.466843550999954, 15.500691206000113 ], [ -8.457719107999935, 15.500695123000128 ], [ -8.448594664999916, 15.500698664000026 ], [ -8.439470220999908, 15.500701828000103 ], [ -8.356815173999905, 15.500730181000051 ], [ -8.356815142999892, 15.500730181000051 ], [ -8.347498375999976, 15.500733376000028 ], [ -8.338228449999974, 15.500736485 ], [ -8.328958523999859, 15.500739206000162 ], [ -8.319688596999981, 15.50074153800017 ], [ -8.310418670999923, 15.500743481000086 ], [ -8.301148743999931, 15.500745036000126 ], [ -8.291878816999883, 15.500746202000016 ], [ -8.282608889999949, 15.500746978999985 ], [ -8.273338962999958, 15.500747368000134 ], [ -8.264069036999899, 15.500747368000134 ], [ -8.254799109999965, 15.500746978999985 ], [ -8.245529182999974, 15.500746202000016 ], [ -8.236259255999926, 15.500745036000126 ], [ -8.226989328999935, 15.500743481000086 ], [ -8.217719402999819, 15.50074153800017 ], [ -8.208449475999942, 15.500739206000162 ], [ -8.199179549999883, 15.500736485 ], [ -8.189909623999938, 15.500733376000028 ], [ -8.180639698999926, 15.500729878000072 ], [ -8.171369772999981, 15.500725992000127 ], [ -8.162099848999844, 15.500721716000157 ], [ -8.152829923999946, 15.500717053000187 ], [ -8.14356, 15.500712 ], [ -8.101268422999908, 15.500652572000092 ], [ -8.092204135999907, 15.500639801000034 ], [ -8.083139849999839, 15.500626658000101 ], [ -8.074075565999919, 15.500613144000056 ], [ -8.06501128199983, 15.500599258000136 ], [ -8.05594699999989, 15.500585 ], [ -8.047928785999943, 15.500492982000026 ], [ -8.039910578999979, 15.500400672000012 ], [ -8.031892378999942, 15.500308072 ], [ -8.023874185999887, 15.500215182000147 ], [ -8.006693198999926, 15.500119946000098 ], [ -7.99753039899997, 15.500117512000031 ], [ -7.988367598999957, 15.500114698000175 ], [ -7.979204798999888, 15.500111505000177 ], [ -7.970041998999932, 15.500107931000059 ], [ -7.960879199999852, 15.500103979000073 ], [ -7.951716400999942, 15.500099646000024 ], [ -7.942553602999965, 15.500094934000117 ], [ -7.933390804999874, 15.500089842000079 ], [ -7.924228006999897, 15.500084369999968 ], [ -7.915065209999909, 15.500078519000112 ], [ -7.905902413999968, 15.500072287000137 ], [ -7.89673961799997, 15.500065677000123 ], [ -7.887576821999971, 15.500058686000159 ], [ -7.878414027999895, 15.500051316000111 ], [ -7.869251232999943, 15.500043566000159 ], [ -7.860088439999913, 15.500035436000189 ], [ -7.85092564699994, 15.500026927000135 ], [ -7.841762855999946, 15.500018038000178 ], [ -7.832600063999962, 15.500008769000033 ], [ -7.8234372739999, 15.499999120000041 ], [ -7.814274484999942, 15.499989092000078 ], [ -7.805111695999926, 15.499978684000098 ], [ -7.795948908999947, 15.499967896000101 ], [ -7.786786121999967, 15.499956729000189 ], [ -7.777623336999909, 15.499945182000033 ], [ -7.768460551999908, 15.499933254999974 ], [ -7.759297768999943, 15.499920949000057 ], [ -7.750134985999978, 15.499908263000066 ], [ -7.740972204999878, 15.499895197000058 ], [ -7.731809424999881, 15.499881750999975 ], [ -7.72264664599993, 15.499867926000036 ], [ -7.713483867999855, 15.499853720999965 ], [ -7.704321091999873, 15.499839136000105 ], [ -7.69515831699988, 15.499824172000103 ], [ -7.685995542999819, 15.499808826999981 ], [ -7.676832770999908, 15.499793104000048 ], [ -7.660786896999923, 15.499785192000104 ], [ -7.659661506999896, 15.499784637000118 ], [ -7.658485897999981, 15.499784057000113 ], [ -7.649301795999975, 15.499790733000111 ], [ -7.640117693999855, 15.499797027000113 ], [ -7.63093358999987, 15.499802940000166 ], [ -7.621749486999931, 15.499808472000041 ], [ -7.612565381999957, 15.499813622000147 ], [ -7.603381277999972, 15.499818389999973 ], [ -7.594197172999884, 15.499822777000077 ], [ -7.58501306699992, 15.499826782000184 ], [ -7.575828961999946, 15.499830406000115 ], [ -7.566644854999822, 15.499833649000095 ], [ -7.557460748999915, 15.49983651000008 ], [ -7.548276642999951, 15.499838990000114 ], [ -7.539092535999885, 15.499841088000096 ], [ -7.529908428999931, 15.499842804000082 ], [ -7.520724321999978, 15.499844140000164 ], [ -7.511540214999968, 15.499845092999976 ], [ -7.502356106999912, 15.499845665 ], [ -7.493172, 15.49984585600015 ], [ -7.483987892999892, 15.499845665 ], [ -7.474803784999949, 15.499845092999976 ], [ -7.465619677999939, 15.499844140000164 ], [ -7.456435570999815, 15.499842804000082 ], [ -7.447251463999919, 15.499841088000096 ], [ -7.438067356999966, 15.499838990000114 ], [ -7.428883250999888, 15.49983651000008 ], [ -7.419699144999925, 15.499833649000095 ], [ -7.410515037999971, 15.499830406000115 ], [ -7.401330932999883, 15.499826782000184 ], [ -7.39214682699992, 15.499822777000077 ], [ -7.382962721999945, 15.499818389999973 ], [ -7.378061286999866, 15.499815845000057 ], [ -7.37377861799996, 15.499813622000147 ], [ -7.364594512999929, 15.499808472000041 ], [ -7.355410409999934, 15.499802940000166 ], [ -7.346226305999892, 15.499797027000113 ], [ -7.337042203999943, 15.499790733000111 ], [ -7.327858101999936, 15.499784057000113 ], [ -7.310096505999923, 15.499828749000073 ], [ -7.301519007999957, 15.499880165000036 ], [ -7.29294150599992, 15.499931248999985 ], [ -7.284363999999869, 15.499982 ], [ -7.275317848999919, 15.500004813000032 ], [ -7.266271694999944, 15.500027255000134 ], [ -7.257225539999979, 15.500049327 ], [ -7.248179382999979, 15.500071030000129 ], [ -7.239133223999886, 15.500092362000089 ], [ -7.230087062999871, 15.50011332400004 ], [ -7.221040899999934, 15.500133915999982 ], [ -7.211994735999951, 15.500154138000084 ], [ -7.20294856899983, 15.500173989000189 ], [ -7.193902400999889, 15.500193471000046 ], [ -7.184856231999959, 15.500212583 ], [ -7.175810059999947, 15.500231324000083 ], [ -7.166763887999934, 15.500249695000093 ], [ -7.15771771299984, 15.500267696000037 ], [ -7.14891352099994, 15.500284855000132 ], [ -7.148671536999927, 15.500285326999972 ], [ -7.139625359999968, 15.500302588000068 ], [ -7.13057917999987, 15.500319479000154 ], [ -7.121533, 15.500336 ], [ -7.069275865999828, 15.500298604000136 ], [ -7.059996439999964, 15.500294757000063 ], [ -7.050717014999918, 15.500290519999965 ], [ -7.041437589999873, 15.500285893000068 ], [ -7.032158164999942, 15.500280876999966 ], [ -7.022878740999886, 15.500275472000169 ], [ -7.013599316999944, 15.500269677000119 ], [ -7.004319893999877, 15.500263493000148 ], [ -6.995040470999925, 15.500256920000027 ], [ -6.985761048999962, 15.500249957000108 ], [ -6.976481626999941, 15.500242604000107 ], [ -6.9672022069999, 15.500234862000184 ], [ -6.957922786999973, 15.500226731000112 ], [ -6.948643366999931, 15.500218210000014 ], [ -6.939363948999869, 15.5002093 ], [ -6.93008453099992, 15.50020000000012 ], [ -6.920805113999961, 15.500190311000154 ], [ -6.911525697999934, 15.500180232000105 ], [ -6.902246282999954, 15.500169764000134 ], [ -6.892966868999906, 15.500158907000184 ], [ -6.883687455999961, 15.500147660000039 ], [ -6.874408043999949, 15.500136023000096 ], [ -6.865128632999813, 15.500123998000049 ], [ -6.85584922299995, 15.500111582000102 ], [ -6.849466392999943, 15.500102775000187 ], [ -6.846569813999906, 15.500098778000108 ], [ -6.837290405999966, 15.50008558400009 ], [ -6.814980232999972, 15.500073697000062 ], [ -6.805776465999884, 15.500079010000093 ], [ -6.796572697999977, 15.500083940000138 ], [ -6.787368928999911, 15.500088488000131 ], [ -6.77816516099989, 15.500092652000149 ], [ -6.768961391999824, 15.500096433000181 ], [ -6.759757621999825, 15.500099831000114 ], [ -6.750553852999928, 15.500102846000061 ], [ -6.741350082999929, 15.500105477000034 ], [ -6.73214631299993, 15.500107726000124 ], [ -6.722942541999828, 15.500109591000012 ], [ -6.713738771999829, 15.500111073000141 ], [ -6.704535000999897, 15.500112173000048 ], [ -6.695331230999898, 15.500112889000093 ], [ -6.686127459999909, 15.500113222000039 ], [ -6.676923688999921, 15.500113172000056 ], [ -6.667719918999921, 15.500112738000041 ], [ -6.658516147999933, 15.500111922000144 ], [ -6.649312377999934, 15.500110722000045 ], [ -6.640108606999831, 15.500109140000063 ], [ -6.630904836999832, 15.500107174000107 ], [ -6.621701066999833, 15.500104825000165 ], [ -6.612497296999834, 15.500102093000123 ], [ -6.603293527999938, 15.500098978000096 ], [ -6.594089757999939, 15.500095480000027 ], [ -6.584885988999929, 15.500091599000143 ], [ -6.575682220999909, 15.500087334000057 ], [ -6.566478452999945, 15.500082687000088 ], [ -6.557274684999925, 15.500077656000144 ], [ -6.548070916999905, 15.500072242000044 ], [ -6.53886715099992, 15.500066445000186 ], [ -6.529663383999946, 15.500060265 ], [ -6.520459618999951, 15.500053702000116 ], [ -6.511255853999955, 15.500046756000074 ], [ -6.502052088999847, 15.500039427000104 ], [ -6.492848324999954, 15.500031714000045 ], [ -6.483644561999938, 15.500023619 ], [ -6.474440799999854, 15.50001514000013 ], [ -6.465237037999941, 15.500006278000114 ], [ -6.45603327699996, 15.499997033000113 ], [ -6.446829516999856, 15.499987405000013 ], [ -6.437625757999967, 15.499977393999984 ], [ -6.428422538999882, 15.499974700000166 ], [ -6.419200155999874, 15.499972 ], [ -6.409978310999975, 15.499976615000037 ], [ -6.400756465999905, 15.499980846000142 ], [ -6.391534619999902, 15.499984692000055 ], [ -6.382312773999956, 15.499988154 ], [ -6.373090927999954, 15.499991231000024 ], [ -6.363869081999951, 15.499993923000034 ], [ -6.354647234999959, 15.499996231000068 ], [ -6.26211893999988, 15.500015845000064 ], [ -6.257677770999976, 15.500016610000046 ], [ -6.257652396999902, 15.50001661400006 ], [ -6.252835126999912, 15.50001744400015 ], [ -6.243551314999877, 15.50001865400003 ], [ -6.234267501999909, 15.500019474000112 ], [ -6.224983688999941, 15.500019904000169 ], [ -6.215699875999917, 15.500019944000144 ], [ -6.206416062999949, 15.500019595000026 ], [ -6.197132249999981, 15.500018855000178 ], [ -6.187848436999957, 15.500017726000124 ], [ -6.178564624999979, 15.500016207000101 ], [ -6.169280811999954, 15.500014299000156 ], [ -6.150699169999939, 15.500027311000167 ], [ -6.113507835999883, 15.500084644000026 ], [ -6.095554755999899, 15.500113197000132 ], [ -6.086899510999899, 15.500128055000118 ], [ -6.07824426499991, 15.500142574000165 ], [ -6.069589017999931, 15.500156754000102 ], [ -6.060933769999906, 15.500170596000032 ], [ -6.052278519999902, 15.500184099000137 ], [ -6.043623268999909, 15.500197263000189 ], [ -6.034968016999926, 15.500210088000074 ], [ -6.026312764999886, 15.50022257400002 ], [ -6.017657510999925, 15.500234721000083 ], [ -6.009002255999974, 15.500246530000084 ], [ -6.000347, 15.500258000000144 ], [ -5.991388582999946, 15.500260799000102 ], [ -5.982430165999915, 15.500263235000148 ], [ -5.973471748999884, 15.500265308000053 ], [ -5.96451333199991, 15.500267019000091 ], [ -5.95555491499988, 15.500268366000114 ], [ -5.946596496999859, 15.50026935 ], [ -5.937638078999896, 15.500269971000137 ], [ -5.928679661999979, 15.500270230000069 ], [ -5.919721243999902, 15.500270125000156 ], [ -5.910762825999882, 15.500269658000036 ], [ -5.901804408999851, 15.50026882700007 ], [ -5.892845990999888, 15.500267634000068 ], [ -5.883887573999971, 15.500266077 ], [ -5.874929156999826, 15.500264158000107 ], [ -5.865970739999966, 15.500261875000035 ], [ -5.857012322999935, 15.50025923000004 ], [ -5.848053906999951, 15.500256221000086 ], [ -5.83909548999992, 15.500252850000038 ], [ -5.830137073999879, 15.500249116000134 ], [ -5.821178658999941, 15.500245019000033 ], [ -5.812220242999899, 15.500240558000087 ], [ -5.803261827999961, 15.50023573500016 ], [ -5.766737887999966, 15.500228375000063 ], [ -5.757434331999889, 15.500229474999969 ], [ -5.748130775999925, 15.500230183000042 ], [ -5.738827219999905, 15.50023050100009 ], [ -5.729523662999895, 15.500230425999973 ], [ -5.720220106999932, 15.500229961000059 ], [ -5.710916550999912, 15.500229103000152 ], [ -5.701612994999948, 15.500227855000048 ], [ -5.692309438999928, 15.500226214000179 ], [ -5.683005882999851, 15.500224183000114 ], [ -5.673702326999944, 15.500221760000159 ], [ -5.66439877199997, 15.500218945000029 ], [ -5.655095216999939, 15.500215739000112 ], [ -5.645791661999965, 15.500212141000134 ], [ -5.63648810799998, 15.500208152000084 ], [ -5.594646, 15.500195657000063 ], [ -5.57141433299995, 15.500191605000055 ], [ -5.563670999999829, 15.50019 ], [ -5.554575135999869, 15.500163979999968 ], [ -5.545479273999945, 15.500137585 ], [ -5.536383413999886, 15.50011081700012 ], [ -5.527287556999909, 15.500083674000109 ], [ -5.518191701999967, 15.500056157000017 ], [ -5.509095849999937, 15.500028265000026 ], [ -5.499999999999886, 15.500000000000114 ], [ -5.498861, 15.505695 ], [ -5.4971071249999, 15.514500652000152 ], [ -5.495353100999978, 15.523306282000078 ], [ -5.493598927999869, 15.53211189200016 ], [ -5.491844605999972, 15.540917481000179 ], [ -5.490090134999832, 15.549723049000079 ], [ -5.48833551599995, 15.558528595000155 ], [ -5.486580745999959, 15.567334121000101 ], [ -5.484825827999884, 15.576139626000099 ], [ -5.483070759999976, 15.584945110000149 ], [ -5.48131554299988, 15.593750572999966 ], [ -5.479560174999961, 15.602556014000129 ], [ -5.477804658999844, 15.611361435000163 ], [ -5.47604899199996, 15.620166834000145 ], [ -5.4742931749999, 15.628972213000111 ], [ -5.472537208999938, 15.637777570000083 ], [ -5.470781091999925, 15.646582907000095 ], [ -5.469024824999906, 15.655388222000056 ], [ -5.467268406999892, 15.664193516000125 ], [ -5.465511839999976, 15.672998788000029 ], [ -5.463755120999906, 15.681804040000088 ], [ -5.461998251999944, 15.690609271000085 ], [ -5.460241231999873, 15.69941448000003 ], [ -5.458484061999968, 15.708219668000083 ], [ -5.456726739999965, 15.717024835000075 ], [ -5.454969267999957, 15.725829980000015 ], [ -5.453211643999907, 15.734635105 ], [ -5.451453868999977, 15.743440208000152 ], [ -5.449695941999892, 15.752245290000189 ], [ -5.447937863999925, 15.761050350000062 ], [ -5.446179634999908, 15.769855390000146 ], [ -5.444421253999906, 15.778660407000075 ], [ -5.442662720999977, 15.787465404000045 ], [ -5.440904035999949, 15.796270379000191 ], [ -5.439145198999938, 15.805075333000048 ], [ -5.437386209999943, 15.813880266000183 ], [ -5.435627068999963, 15.822685177000096 ], [ -5.433867775999886, 15.831490067000118 ], [ -5.433317948999957, 15.834241589000101 ], [ -5.432108329999892, 15.840294934999974 ], [ -5.43034873199997, 15.84909978200011 ], [ -5.428588980999905, 15.857904608000126 ], [ -5.426829077999969, 15.866709411999977 ], [ -5.425069020999899, 15.875514194 ], [ -5.423308811999959, 15.884318956000072 ], [ -5.421548449999932, 15.893123695000156 ], [ -5.419787934999931, 15.90192841400011 ], [ -5.41802726599991, 15.910733110000137 ], [ -5.416266444999962, 15.919537785000045 ], [ -5.414505468999948, 15.928342439000062 ], [ -5.412744340999893, 15.937147071000084 ], [ -5.410983057999886, 15.945951681999986 ], [ -5.409221621999905, 15.954756271000122 ], [ -5.407460032999893, 15.963560838000035 ], [ -5.405698288999872, 15.972365384000057 ], [ -5.403936390999945, 15.981169908000027 ], [ -5.402174338999828, 15.989974410000059 ], [ -5.400412132999861, 15.998778891000143 ], [ -5.398649772999875, 16.007583351000108 ], [ -5.396887257999879, 16.016387788000031 ], [ -5.395124587999874, 16.025192204000064 ], [ -5.393361763999962, 16.033996598000044 ], [ -5.391598784999928, 16.042800971000133 ], [ -5.389835651999874, 16.051605321000125 ], [ -5.388072362999822, 16.0604096510001 ], [ -5.386308919999919, 16.069213957999978 ], [ -5.384545320999848, 16.078018243000088 ], [ -5.382781566999938, 16.086822507000079 ], [ -5.381017656999916, 16.095626749000019 ], [ -5.379253591999884, 16.104430969000191 ], [ -5.3774893719999, 16.113235168000074 ], [ -5.375724995999974, 16.122039344000086 ], [ -5.373960463999879, 16.13084349900015 ], [ -5.372195775999955, 16.139647632 ], [ -5.370430932999966, 16.148451743000066 ], [ -5.368665932999932, 16.157255832000146 ], [ -5.366900776999898, 16.166059899000174 ], [ -5.365135463999877, 16.174863944000037 ], [ -5.363369995999903, 16.183667968 ], [ -5.361604370999942, 16.192471969000053 ], [ -5.359838588999935, 16.201275949000035 ], [ -5.358072649999826, 16.210079907000022 ], [ -5.35630655499989, 16.218883842000025 ], [ -5.354540302999965, 16.227687756000023 ], [ -5.352773893999881, 16.236491647000037 ], [ -5.351007326999934, 16.245295517000159 ], [ -5.349240603999931, 16.254099365000116 ], [ -5.34747372299995, 16.262903190000145 ], [ -5.345706684999925, 16.271706994000112 ], [ -5.343939488999979, 16.280510775000153 ], [ -5.342172134999942, 16.289314535000074 ], [ -5.340404623999973, 16.298118272000124 ], [ -5.338636954999913, 16.306921987000123 ], [ -5.336869127999933, 16.315725680000185 ], [ -5.335101142999861, 16.324529351000024 ], [ -5.333333, 16.333333 ], [ -5.341134246999957, 16.337966418000065 ], [ -5.348935861999962, 16.342599545000155 ], [ -5.356737843999952, 16.34723238100014 ], [ -5.364540193999915, 16.351864927000122 ], [ -5.372342912999898, 16.356497182000112 ], [ -5.380145998999978, 16.361129146000053 ], [ -5.387949452999976, 16.365760819 ], [ -5.395753274999947, 16.370392201000072 ], [ -5.403557465999938, 16.375023291000105 ], [ -5.411362024999903, 16.379654089999974 ], [ -5.419166952999888, 16.384284598000136 ], [ -5.426972248999903, 16.388914814000088 ], [ -5.434777913999881, 16.393544738000173 ], [ -5.442583947999935, 16.398174371000152 ], [ -5.450390350999896, 16.40280371200015 ], [ -5.458197122999934, 16.407432761000052 ], [ -5.466004263999935, 16.412061518000144 ], [ -5.473811773999955, 16.41668998200015 ], [ -5.481619653999928, 16.421318155000165 ], [ -5.489427902999921, 16.425946035000095 ], [ -5.497236520999934, 16.430573622000111 ], [ -5.505045509999832, 16.435200917000088 ], [ -5.51285486799992, 16.439827919000095 ], [ -5.520664595999961, 16.44445462900012 ], [ -5.528474693999897, 16.449081046 ], [ -5.559705403999885, 16.467594385000154 ], [ -5.567510662999894, 16.472224638 ], [ -5.575316290999979, 16.476854598000102 ], [ -5.583122290999938, 16.48148426500012 ], [ -5.590928661999953, 16.486113639000166 ], [ -5.598735402999921, 16.490742719000025 ], [ -5.603168008999944, 16.493370783000046 ], [ -5.603168621999828, 16.493371146000129 ], [ -5.606542515999934, 16.495371506000083 ], [ -5.61435, 16.5 ], [ -5.615356302999885, 16.508811845000082 ], [ -5.616362696999943, 16.517623679000167 ], [ -5.61736918299988, 16.526435499000058 ], [ -5.618375759999878, 16.53524730800001 ], [ -5.619382427999938, 16.544059104000098 ], [ -5.620389187999933, 16.552870888000029 ], [ -5.621396038999933, 16.561682660000088 ], [ -5.622402981999926, 16.570494419000056 ], [ -5.623410015999923, 16.579306167000141 ], [ -5.62441714199997, 16.588117901000032 ], [ -5.625424358999965, 16.596929623999984 ], [ -5.626431668999942, 16.605741334000072 ], [ -5.62743906999998, 16.614553032000117 ], [ -5.628446562999954, 16.623364717000129 ], [ -5.629454147999979, 16.632176390000097 ], [ -5.630461824999884, 16.640988051000079 ], [ -5.631469594999942, 16.649799699000141 ], [ -5.632477455999947, 16.658611334999989 ], [ -5.633485408999945, 16.667422959000078 ], [ -5.634493454999927, 16.67623457000002 ], [ -5.635501592999958, 16.685046169000032 ], [ -5.636509823999972, 16.69385775600017 ], [ -5.637518146999923, 16.702669330000049 ], [ -5.638526561999981, 16.711480891000178 ], [ -5.639535069999909, 16.720292440000151 ], [ -5.640543669999943, 16.729103977000079 ], [ -5.641552363999949, 16.737915502000078 ], [ -5.642561149999892, 16.746727014000101 ], [ -5.646593455999948, 16.781973300000175 ], [ -5.652639054999952, 16.834842900000183 ], [ -5.656667572999936, 16.870089685000153 ], [ -5.657673998999883, 16.878901509000059 ], [ -5.658680518999972, 16.887713320000046 ], [ -5.659687131999931, 16.896525119000046 ], [ -5.660693838999975, 16.905336905000127 ], [ -5.661700638999889, 16.914148679000164 ], [ -5.662707532999889, 16.922960440000168 ], [ -5.663714520999974, 16.931772188000025 ], [ -5.664721601999929, 16.940583924000123 ], [ -5.66572877699997, 16.949395648000177 ], [ -5.666736045999869, 16.958207358999971 ], [ -5.667743407999922, 16.967019057000073 ], [ -5.668750864999879, 16.975830743000131 ], [ -5.669758415999922, 16.984642416000099 ], [ -5.670766060999824, 16.993454077000081 ], [ -5.67177379899988, 17.002265725000143 ], [ -5.672781632999886, 17.011077360000115 ], [ -5.673789559999875, 17.019888983000101 ], [ -5.674797581999883, 17.02870059300011 ], [ -5.675805697999976, 17.037512191000189 ], [ -5.676813907999929, 17.046323776000179 ], [ -5.677822212999956, 17.055135348000022 ], [ -5.678830612999889, 17.063946908000105 ], [ -5.679839106999907, 17.072758455000042 ], [ -5.680847695999887, 17.081569989000116 ], [ -5.681856379999942, 17.090381510999975 ], [ -5.682865157999913, 17.099193020000143 ], [ -5.686897439999939, 17.134439502000191 ], [ -5.692943038999942, 17.18730970200005 ], [ -5.697003569999936, 17.22282999100014 ], [ -5.698026002999882, 17.231778466000037 ], [ -5.699048533999928, 17.240726929000175 ], [ -5.700071162999905, 17.249675378000063 ], [ -5.701093890999971, 17.258623815000192 ], [ -5.702116717999957, 17.267572238000071 ], [ -5.703139642999929, 17.276520648000087 ], [ -5.704162667999924, 17.285469044000138 ], [ -5.705185790999963, 17.294417428000145 ], [ -5.706209012999977, 17.303365798000129 ], [ -5.707232333999912, 17.312314156000127 ], [ -5.708255752999946, 17.321262500000159 ], [ -5.709279272999879, 17.330210830000112 ], [ -5.710302890999969, 17.339159148000135 ], [ -5.711326607999922, 17.348107452000136 ], [ -5.712350424999897, 17.357055743000046 ], [ -5.713374340999962, 17.366004021000037 ], [ -5.721560489999888, 17.437591116000021 ], [ -5.722583111999938, 17.446539611000105 ], [ -5.723605833999841, 17.455488094000032 ], [ -5.72462865499989, 17.464436563000163 ], [ -5.725651575999905, 17.473385018999977 ], [ -5.726674596999885, 17.482333461000167 ], [ -5.727697718999934, 17.491281890000096 ], [ -5.728720939999846, 17.500230306000105 ], [ -5.729744260999951, 17.509178709000025 ], [ -5.730767682999897, 17.51812709800015 ], [ -5.731791204999865, 17.527075474000128 ], [ -5.732814827999903, 17.536023837000073 ], [ -5.733838550999963, 17.544972186000166 ], [ -5.734862373999931, 17.553920522000169 ], [ -5.735886297999855, 17.56286884400015 ], [ -5.736910321999915, 17.57181715300004 ], [ -5.73793444699993, 17.580765449000069 ], [ -5.742004345999874, 17.616562086999977 ], [ -5.743015168999932, 17.625512110000045 ], [ -5.74402609099991, 17.634462120000023 ], [ -5.74503711299991, 17.643412117000082 ], [ -5.746048234999819, 17.652362101 ], [ -5.747059456999978, 17.661312071000168 ], [ -5.748070777999828, 17.670262028000025 ], [ -5.749082199999918, 17.679211972000189 ], [ -5.750093721999974, 17.688161902000104 ], [ -5.751105343999825, 17.697111819000156 ], [ -5.752117066999972, 17.706061723000118 ], [ -5.753128888999925, 17.715011613000058 ], [ -5.754140811999889, 17.723961490000136 ], [ -5.755152835999979, 17.732911354000066 ], [ -5.756164959999921, 17.741861204000031 ], [ -5.757177183999943, 17.750811041000077 ], [ -5.758189508999862, 17.7597608640001 ], [ -5.759201934999965, 17.768710674000033 ], [ -5.760214461999965, 17.777660471000104 ], [ -5.761227088999931, 17.786610254000095 ], [ -5.762239816999966, 17.795560024000054 ], [ -5.763252645999899, 17.804509781000093 ], [ -5.76426557699989, 17.813459524000109 ], [ -5.76527860799996, 17.82240925300016 ], [ -5.766291739999929, 17.831358969000064 ], [ -5.767304973999899, 17.840308672000106 ], [ -5.768318308999937, 17.849258361000125 ], [ -5.769331744999931, 17.858208037000054 ], [ -5.770345281999937, 17.867157700000121 ], [ -5.771358920999887, 17.876107348000062 ], [ -5.772372661999896, 17.88505698400013 ], [ -5.773386503999973, 17.894006606000062 ], [ -5.774400447999938, 17.902956214000028 ], [ -5.775414492999971, 17.911905809000018 ], [ -5.776428639999949, 17.920855390000042 ], [ -5.777442889999918, 17.929804958000148 ], [ -5.778457240999956, 17.938754513000163 ], [ -5.779471693999938, 17.947704053999985 ], [ -5.780486248999864, 17.956653581000182 ], [ -5.781500905999962, 17.96560309500012 ], [ -5.782515664999892, 17.974552595000034 ], [ -5.783530525999936, 17.98350208200003 ], [ -5.784545489999971, 17.992451555000059 ], [ -5.78556055599995, 18.001401014000066 ], [ -5.786575724999921, 18.010350460000154 ], [ -5.787590995999892, 18.019299893000152 ], [ -5.788606368999979, 18.028249311000081 ], [ -5.789621845999818, 18.037198716999967 ], [ -5.790637424999829, 18.046148108000182 ], [ -5.791653105999842, 18.055097486000079 ], [ -5.792668890999948, 18.064046851000057 ], [ -5.793684777999886, 18.072996200999967 ], [ -5.794700767999927, 18.08194553900006 ], [ -5.795716861999892, 18.090894862000084 ], [ -5.796733057999973, 18.099844172000132 ], [ -5.79774935699993, 18.108793468000044 ], [ -5.798765759999924, 18.117742751000037 ], [ -5.799782265999909, 18.126692020000064 ], [ -5.800798874999941, 18.135641275000012 ], [ -5.801815587999954, 18.144590516000051 ], [ -5.802832403999957, 18.153539744000113 ], [ -5.803849323999884, 18.162488957999983 ], [ -5.804866346999916, 18.171438159000161 ], [ -5.805883473999813, 18.180387345000042 ], [ -5.806900703999929, 18.189336518000061 ], [ -5.807918038999844, 18.198285678000104 ], [ -5.808935476999977, 18.207234823000078 ], [ -5.809953018999977, 18.21618395500019 ], [ -5.8109706649999, 18.225133073000052 ], [ -5.811988415999906, 18.234082178000051 ], [ -5.813006269999846, 18.243031268000095 ], [ -5.814024227999937, 18.25198034500005 ], [ -5.815042290999884, 18.260929408000038 ], [ -5.816060457999868, 18.269878458000107 ], [ -5.817078728999832, 18.278827493000108 ], [ -5.818097104999879, 18.287776515000132 ], [ -5.819115585999953, 18.296725523000191 ], [ -5.82013416999996, 18.305674517000057 ], [ -5.821152859999927, 18.314623497000127 ], [ -5.822171653999931, 18.323572464000108 ], [ -5.823190552999961, 18.332521417000066 ], [ -5.824209556999904, 18.341470355000126 ], [ -5.82522866599993, 18.350419280000096 ], [ -5.826247879999869, 18.359368192000147 ], [ -5.827267197999959, 18.368317089000072 ], [ -5.828286621999894, 18.377265972000032 ], [ -5.829306150999969, 18.386214842000129 ], [ -5.830325784999957, 18.395163698000147 ], [ -5.831345524999961, 18.404112540000028 ], [ -5.832365369999877, 18.413061368000058 ], [ -5.833385319999877, 18.422010182000122 ], [ -5.834405375999836, 18.430958982000163 ], [ -5.835425536999935, 18.439907768000182 ], [ -5.836445803999879, 18.448856541000112 ], [ -5.837466175999964, 18.457805298999972 ], [ -5.83848665499994, 18.466754043000037 ], [ -5.839507238999886, 18.475702774000183 ], [ -5.840527928999961, 18.484651491000079 ], [ -5.841548724999882, 18.493600193000134 ], [ -5.842569626999875, 18.502548882000099 ], [ -5.843590634999885, 18.511497557000041 ], [ -5.84461174899991, 18.520446218000131 ], [ -5.84563296999994, 18.529394865000086 ], [ -5.846654296999816, 18.538343498000188 ], [ -5.847675729999935, 18.547292116000051 ], [ -5.848697268999899, 18.556240721000165 ], [ -5.849718914999869, 18.565189312000086 ], [ -5.850740667999958, 18.574137889000042 ], [ -5.851762526999948, 18.583086452000146 ], [ -5.852784491999955, 18.592035001000056 ], [ -5.853806564999957, 18.600983535000069 ], [ -5.854828743999974, 18.609932056000048 ], [ -5.855851030999929, 18.618880563000118 ], [ -5.856873423999957, 18.627829056000053 ], [ -5.857895923999934, 18.636777534000089 ], [ -5.858918530999972, 18.645725998999978 ], [ -5.859941244999959, 18.654674449000026 ], [ -5.860964066999941, 18.663622886000098 ], [ -5.861986995999928, 18.672571308000101 ], [ -5.863010031999863, 18.681519716000139 ], [ -5.864033175999964, 18.690468110000154 ], [ -5.865056426999899, 18.699416490000146 ], [ -5.86607978499984, 18.708364856000173 ], [ -5.867103250999946, 18.717313208000178 ], [ -5.868126824999933, 18.72626154600016 ], [ -5.869150506999972, 18.735209869000073 ], [ -5.870174295999959, 18.744158179000067 ], [ -5.87119819399993, 18.753106474000163 ], [ -5.87222219899985, 18.762054755000065 ], [ -5.873246311999935, 18.771003022000173 ], [ -5.874270532999958, 18.779951275000087 ], [ -5.875294862999965, 18.788899513000047 ], [ -5.876319299999977, 18.797847737000041 ], [ -5.877343845999974, 18.806795948000115 ], [ -5.878368499999908, 18.815744144000121 ], [ -5.879393262999884, 18.824692325 ], [ -5.880418133999967, 18.833640493000189 ], [ -5.881443113999921, 18.842588646000081 ], [ -5.882468201999927, 18.851536786000054 ], [ -5.883493398999917, 18.860484911000128 ], [ -5.884518704999948, 18.869433021000134 ], [ -5.885544118999974, 18.87838111800005 ], [ -5.886569641999927, 18.887329200000181 ], [ -5.887595274999967, 18.896277268000176 ], [ -5.888621015999888, 18.905225321000046 ], [ -5.889646865999964, 18.914173361000053 ], [ -5.890672825999957, 18.923121386000105 ], [ -5.891698894999934, 18.932069397000191 ], [ -5.892725071999905, 18.941017393000152 ], [ -5.893751359999953, 18.949965376000023 ], [ -5.894777756999929, 18.95891334300012 ], [ -5.895804262999889, 18.96786129700007 ], [ -5.896830877999832, 18.976809236000122 ], [ -5.897857603999967, 18.985757160999981 ], [ -5.898884438999914, 18.994705072000045 ], [ -5.899911383999893, 19.00365296800004 ], [ -5.900938437999969, 19.012600850000183 ], [ -5.901965602999951, 19.021548718000133 ], [ -5.902992876999861, 19.030496571000185 ], [ -5.90402026199996, 19.039444410000044 ], [ -5.905047755999874, 19.048392234 ], [ -5.906075360999978, 19.057340044000171 ], [ -5.907103075999942, 19.066287840000143 ], [ -5.908130900999879, 19.075235621000161 ], [ -5.909158835999961, 19.084183388000042 ], [ -5.910186881999948, 19.093131141000072 ], [ -5.911215038999899, 19.102078879000032 ], [ -5.91224330599988, 19.111026602999971 ], [ -5.913271682999891, 19.119974312000011 ], [ -5.914300170999979, 19.128922007000085 ], [ -5.915328770999906, 19.137869687000034 ], [ -5.916357479999874, 19.146817353000131 ], [ -5.917386300999908, 19.155765004000159 ], [ -5.918415232999962, 19.164712641000051 ], [ -5.919444275999922, 19.173660264000034 ], [ -5.920473429999902, 19.182607872000176 ], [ -5.921502694999958, 19.191555465000022 ], [ -5.922532070999978, 19.200503044000072 ], [ -5.92356155799996, 19.2094506090001 ], [ -5.924591156999895, 19.218398159 ], [ -5.925620867999896, 19.227345694000064 ], [ -5.926650688999928, 19.236293215000103 ], [ -5.927680622999901, 19.245240722000119 ], [ -5.928710667999951, 19.25418821400001 ], [ -5.929740824999897, 19.263135691000059 ], [ -5.930771092999976, 19.272083154000086 ], [ -5.931801473999883, 19.281030601999987 ], [ -5.932831965999981, 19.289978036000093 ], [ -5.933862569999974, 19.298925455000131 ], [ -5.934893286999909, 19.307872860000145 ], [ -5.935924114999921, 19.316820250000092 ], [ -5.936955055999874, 19.325767625000083 ], [ -5.937986108999951, 19.334714986000108 ], [ -5.93901727399998, 19.343662332000179 ], [ -5.940048550999961, 19.35260966300001 ], [ -5.941079940999941, 19.361556980000046 ], [ -5.94211144399992, 19.370504283000059 ], [ -5.943143058999851, 19.379451570000015 ], [ -5.944174786999952, 19.388398843000061 ], [ -5.94520662799988, 19.397346102000029 ], [ -5.946238580999932, 19.406293346000155 ], [ -5.947270646999925, 19.415240575000155 ], [ -5.948302825999974, 19.42418778900003 ], [ -5.949335117999965, 19.433134989000109 ], [ -5.950367523999944, 19.44208217400012 ], [ -5.951400041999932, 19.451029344000062 ], [ -5.952432673999908, 19.459976500000096 ], [ -5.95346541899994, 19.468923641000117 ], [ -5.954498276999971, 19.477870767000184 ], [ -5.955531247999886, 19.486817879000114 ], [ -5.95656433399995, 19.495764976000089 ], [ -5.957597531999966, 19.504712058000166 ], [ -5.958630844999959, 19.513659125000174 ], [ -5.959664270999895, 19.52260617800016 ], [ -5.960697809999886, 19.53155321600002 ], [ -5.961731463999968, 19.540500239000039 ], [ -5.962765230999878, 19.549447247000103 ], [ -5.96379911299988, 19.558394241000144 ], [ -5.964833107999937, 19.56734121900007 ], [ -5.965867217999971, 19.576288183000088 ], [ -5.966901441999823, 19.585235133000026 ], [ -5.967935779999948, 19.594182067000077 ], [ -5.968970231999947, 19.603128987000105 ], [ -5.97000479899998, 19.612075892000121 ], [ -5.971039479999888, 19.621022782000182 ], [ -5.972074275999887, 19.629969657000117 ], [ -5.973109185999817, 19.638916517000041 ], [ -5.974144210999839, 19.64786336200018 ], [ -5.975179349999962, 19.656810193000126 ], [ -5.976214604999882, 19.665757009000174 ], [ -5.97724997399996, 19.674703810000153 ], [ -5.978285457999903, 19.683650596 ], [ -5.979321057999869, 19.692597367000189 ], [ -5.98035677199988, 19.701544123000019 ], [ -5.981392600999868, 19.710490865000111 ], [ -5.98242854599988, 19.719437591000144 ], [ -5.98346460599987, 19.728384302999984 ], [ -5.984500780999895, 19.737330999000051 ], [ -5.985537071999943, 19.746277681000095 ], [ -5.986573477999968, 19.75522434800007 ], [ -5.988609619999977, 19.773143613000059 ], [ -5.989609350999899, 19.78211621100013 ], [ -5.990609194999934, 19.791088794000075 ], [ -5.991609150999977, 19.800061363000054 ], [ -5.99260921799987, 19.809033917000079 ], [ -5.993609397999933, 19.818006456000035 ], [ -5.994609690999937, 19.826978981000025 ], [ -5.995610094999904, 19.835951492000163 ], [ -5.996610611999927, 19.844923988 ], [ -5.997611240999959, 19.853896469000176 ], [ -5.998611982999876, 19.862868935000051 ], [ -5.999612836999916, 19.871841387000075 ], [ -6.000613803999954, 19.880813824000029 ], [ -6.001614882999831, 19.889786247000188 ], [ -6.002616075999981, 19.898758655000051 ], [ -6.00361738099997, 19.90773104800013 ], [ -6.004618798999957, 19.916703426000026 ], [ -6.005620329999942, 19.925675790000071 ], [ -6.00662197399987, 19.934648138999989 ], [ -6.007623731999956, 19.943620474000113 ], [ -6.008625601999938, 19.952592793000065 ], [ -6.009054965999894, 19.956437553000058 ], [ -6.009054981999896, 19.956437696000137 ], [ -6.009627585999965, 19.961565098 ], [ -6.010629682999934, 19.970537389000128 ], [ -6.011631892999958, 19.979509664000091 ], [ -6.01263421699997, 19.988481925000031 ], [ -6.013636653999924, 19.997454171000015 ], [ -6.014639204999924, 20.006426403000091 ], [ -6.015641869999911, 20.015398619000109 ], [ -6.016644647999954, 20.024370821000105 ], [ -6.017647539999871, 20.033343008000031 ], [ -6.018650545999833, 20.04231518000006 ], [ -6.019653665999954, 20.051287338000066 ], [ -6.020656899999835, 20.060259481 ], [ -6.021660247999876, 20.069231609000042 ], [ -6.022663709999961, 20.078203722000126 ], [ -6.023667285999977, 20.08717581999997 ], [ -6.024670976999971, 20.09614790400019 ], [ -6.025674780999964, 20.105119972000182 ], [ -6.02667870099998, 20.114092026000037 ], [ -6.027682733999939, 20.123064065000108 ], [ -6.028686882999978, 20.132036090000042 ], [ -6.029691144999845, 20.141008099000146 ], [ -6.030695522999963, 20.149980093000124 ], [ -6.031700014999956, 20.158952073000137 ], [ -6.032704621999869, 20.167924038000081 ], [ -6.033709343999931, 20.176895988000069 ], [ -6.03471418099997, 20.18586792300016 ], [ -6.035719132999873, 20.194839843000182 ], [ -6.036724199999981, 20.203811748000078 ], [ -6.037729382999942, 20.212783639000179 ], [ -6.038734679999891, 20.221755514000051 ], [ -6.039740092999978, 20.230727375000129 ], [ -6.040745620999928, 20.239699220000034 ], [ -6.041751263999913, 20.248671051000144 ], [ -6.042757022999979, 20.257642867000129 ], [ -6.043762897999898, 20.266614667000113 ], [ -6.044768887999908, 20.27558645300013 ], [ -6.045774993999942, 20.284558224000023 ], [ -6.046781215999886, 20.293529980000187 ], [ -6.047787552999921, 20.302501721000056 ], [ -6.048794006999969, 20.311473447000026 ], [ -6.049800575999882, 20.320445158000098 ], [ -6.050807261999864, 20.329416854000101 ], [ -6.051814063999927, 20.338388534999979 ], [ -6.052820980999854, 20.347360201000129 ], [ -6.053828015999954, 20.356331852000039 ], [ -6.054835165999975, 20.365303488 ], [ -6.055842432999896, 20.374275109000109 ], [ -6.056849815999954, 20.383246715000041 ], [ -6.057857315999911, 20.392218306000132 ], [ -6.058864931999892, 20.401189882000097 ], [ -6.059872665999933, 20.410161443000163 ], [ -6.060880514999951, 20.419132988000058 ], [ -6.061888481999858, 20.428104519000101 ], [ -6.062896565999949, 20.437076035000075 ], [ -6.063904765999951, 20.446047535000048 ], [ -6.064913083999897, 20.455019021000169 ], [ -6.065921517999868, 20.463990491000118 ], [ -6.066930069999898, 20.472961946000169 ], [ -6.067938738999885, 20.481933387000026 ], [ -6.068947524999942, 20.49090481200011 ], [ -6.069956428999944, 20.499876222000069 ], [ -6.070965449999846, 20.508847616000025 ], [ -6.071974588999922, 20.51781899600013 ], [ -6.072983844999953, 20.526790361 ], [ -6.073993218999874, 20.535761710000031 ], [ -6.075002710999911, 20.544733044 ], [ -6.076012319999961, 20.553704363000065 ], [ -6.077022046999957, 20.562675667000178 ], [ -6.078031892999945, 20.571646956000052 ], [ -6.07904185599989, 20.58061822999997 ], [ -6.080051936999894, 20.589589488000115 ], [ -6.0810621359999, 20.598560731000134 ], [ -6.082072453999956, 20.607531959000084 ], [ -6.083082889999957, 20.616503172000137 ], [ -6.084093443999905, 20.625474370000063 ], [ -6.085104116999958, 20.634445552000159 ], [ -6.0861149079999, 20.643416719000186 ], [ -6.087125816999901, 20.652387871000144 ], [ -6.088136845999884, 20.661359008000147 ], [ -6.08914799299987, 20.670330128999979 ], [ -6.090159257999971, 20.679301235000139 ], [ -6.091170642999884, 20.688272326000117 ], [ -6.092182146999903, 20.697243402000083 ], [ -6.093193768999981, 20.706214462000162 ], [ -6.094205510999927, 20.715185507 ], [ -6.095217370999876, 20.724156537000113 ], [ -6.096229350999863, 20.733127552000155 ], [ -6.097241449999956, 20.74209855100014 ], [ -6.098253668999916, 20.751069535000056 ], [ -6.099266005999937, 20.760040502999971 ], [ -6.100278463999871, 20.76901145700009 ], [ -6.101291040999968, 20.777982394999981 ], [ -6.102303736999943, 20.786953317000098 ], [ -6.103316552999956, 20.795924224000089 ], [ -6.104329488999952, 20.804895116000012 ], [ -6.105342544999928, 20.813865993000036 ], [ -6.106355719999897, 20.822836854 ], [ -6.107369015999893, 20.831807700000127 ], [ -6.108382431999928, 20.840778530000023 ], [ -6.109395966999898, 20.849749345000191 ], [ -6.110409622999953, 20.85872014500012 ], [ -6.111423398999875, 20.867690929 ], [ -6.112437295999939, 20.876661698000191 ], [ -6.113451312999928, 20.885632452000095 ], [ -6.114465449999955, 20.894603190000169 ], [ -6.115479707999953, 20.90357391200007 ], [ -6.116494085999875, 20.912544619000073 ], [ -6.117508584999882, 20.921515311000121 ], [ -6.118523204999974, 20.9304859880001 ], [ -6.119537945999923, 20.939456648000032 ], [ -6.120552806999967, 20.948427294000112 ], [ -6.121567789999915, 20.95739792400019 ], [ -6.122582892999958, 20.96636853800004 ], [ -6.123598117999961, 20.975339137000049 ], [ -6.124613463999935, 20.984309721000102 ], [ -6.125628930999937, 20.993280288999983 ], [ -6.126644518999967, 21.002250841000034 ], [ -6.127660228999957, 21.011221378000016 ], [ -6.128676059999975, 21.0201919000001 ], [ -6.129692012999953, 21.029162406000182 ], [ -6.130708086999903, 21.038132896000036 ], [ -6.131724282999869, 21.047103371 ], [ -6.132740600999966, 21.056073830000173 ], [ -6.133757039999921, 21.065044274000059 ], [ -6.134773601999939, 21.074014702000113 ], [ -6.135790284999928, 21.082985115000042 ], [ -6.13680709099998, 21.091955512000027 ], [ -6.13782401799989, 21.100925894000056 ], [ -6.138841067999863, 21.109896260000141 ], [ -6.13985823999991, 21.118866610000168 ], [ -6.140875533999974, 21.127836945000126 ], [ -6.141892949999942, 21.136807264000083 ], [ -6.14291048899986, 21.145777568000142 ], [ -6.143928150999955, 21.154747855999972 ], [ -6.144945934999953, 21.163718128000028 ], [ -6.145963841999958, 21.172688385000185 ], [ -6.146981870999923, 21.181658626000115 ], [ -6.148000023999884, 21.190628852000145 ], [ -6.14901829899992, 21.199599062000175 ], [ -6.150036696999905, 21.208569256000033 ], [ -6.151055217999897, 21.217539434000059 ], [ -6.152073862999885, 21.226509597000188 ], [ -6.15309262999989, 21.235479744000145 ], [ -6.154111520999891, 21.244449875999976 ], [ -6.155130534999955, 21.253419991000101 ], [ -6.15614967199997, 21.262390092000032 ], [ -6.157168932999923, 21.271360176000087 ], [ -6.158188317999873, 21.280330245000187 ], [ -6.159207825999943, 21.289300298000114 ], [ -6.160227457999952, 21.298270335000041 ], [ -6.161247212999967, 21.307240355999966 ], [ -6.162267091999865, 21.316210362 ], [ -6.163287094999873, 21.325180352000018 ], [ -6.16430722299998, 21.334150326000042 ], [ -6.165327473999866, 21.343120285000168 ], [ -6.166347848999976, 21.352090228000066 ], [ -6.167368347999968, 21.361060155000189 ], [ -6.168388971999946, 21.370030066000083 ], [ -6.169409719999919, 21.378999961000034 ], [ -6.170430592999935, 21.387969841000029 ], [ -6.171451588999957, 21.396939705000023 ], [ -6.172472710999955, 21.405909553000072 ], [ -6.173493956999835, 21.414879385000063 ], [ -6.17451532799987, 21.423849201000053 ], [ -6.175536822999845, 21.432819002000144 ], [ -6.176558442999976, 21.441788787000064 ], [ -6.177580188999968, 21.450758556000153 ], [ -6.178602058999957, 21.45972830900007 ], [ -6.179624053999873, 21.468698046000156 ], [ -6.180646174999822, 21.477667767000071 ], [ -6.181668419999937, 21.48663747300003 ], [ -6.18269079099997, 21.495607162000113 ], [ -6.183713286999932, 21.504576836000126 ], [ -6.184735908999812, 21.513546494000138 ], [ -6.185758655999962, 21.522516136000093 ], [ -6.186781528999973, 21.531485762000102 ], [ -6.187804526999969, 21.540455372000054 ], [ -6.18882765099994, 21.549424966000061 ], [ -6.189850900999886, 21.558394545000112 ], [ -6.190874275999931, 21.567364107000117 ], [ -6.191897777999884, 21.57633365300012 ], [ -6.192921404999936, 21.585303184000168 ], [ -6.193945158999895, 21.594272698000168 ], [ -6.194969038999886, 21.603242197000043 ], [ -6.195993044999966, 21.612211680000087 ], [ -6.197017176999964, 21.621181146000083 ], [ -6.19804143499988, 21.630150597000124 ], [ -6.19906581999993, 21.639120032000051 ], [ -6.200090331999945, 21.648089449999986 ], [ -6.201114969999935, 21.65705885300008 ], [ -6.202139734999889, 21.666028240000117 ], [ -6.203164626999978, 21.674997610000105 ], [ -6.204189644999929, 21.683966965000138 ], [ -6.205214789999957, 21.692936304 ], [ -6.206240061999949, 21.701905626000155 ], [ -6.207265460999963, 21.710874933000014 ], [ -6.208290987999931, 21.719844224000099 ], [ -6.209316640999873, 21.728813498000022 ], [ -6.21034242199994, 21.737782756000172 ], [ -6.211368329999971, 21.746751999000026 ], [ -6.212394364999966, 21.755721225000173 ], [ -6.213420527999972, 21.764690435000148 ], [ -6.214446818999875, 21.773659629000065 ], [ -6.215473236999969, 21.782628807000037 ], [ -6.216499781999914, 21.791597969000179 ], [ -6.217526455999973, 21.800567115000092 ], [ -6.21855325699994, 21.809536245000061 ], [ -6.219580185999973, 21.818505358999971 ], [ -6.220607242999961, 21.827474456 ], [ -6.221634428999948, 21.836443537000036 ], [ -6.222661741999957, 21.84541260300017 ], [ -6.223689183999966, 21.854381652000029 ], [ -6.224716752999882, 21.863350685000057 ], [ -6.225744451999958, 21.872319700999981 ], [ -6.226772277999885, 21.881288702 ], [ -6.227800232999925, 21.890257686000155 ], [ -6.228828316999909, 21.899226654000074 ], [ -6.229856528999903, 21.908195606 ], [ -6.230884869999898, 21.917164542000137 ], [ -6.231913339999835, 21.926133462000053 ], [ -6.232941938999943, 21.935102365000034 ], [ -6.23397066699988, 21.944071252000072 ], [ -6.234999522999942, 21.953040123000108 ], [ -6.23602850899988, 21.962008978000085 ], [ -6.237057623999931, 21.970977817000119 ], [ -6.238086867999925, 21.979946639000048 ], [ -6.239116241999909, 21.988915445000146 ], [ -6.24014574499995, 21.997884235000072 ], [ -6.241175376999934, 22.006853008000064 ], [ -6.242205138999964, 22.015821765000055 ], [ -6.243235029999937, 22.024790506000045 ], [ -6.244265050999957, 22.03375923100009 ], [ -6.245295201999852, 22.042727938999974 ], [ -6.246325482999907, 22.051696631000084 ], [ -6.247355893999895, 22.060665306999965 ], [ -6.248386434999929, 22.069633967000073 ], [ -6.249417104999907, 22.078602610000075 ], [ -6.250447905999863, 22.087571237000077 ], [ -6.251478836999979, 22.096539847000145 ], [ -6.252509898999961, 22.10550844100004 ], [ -6.253541089999885, 22.114477019000105 ], [ -6.254572412999948, 22.123445580000123 ], [ -6.255603864999955, 22.132414126000185 ], [ -6.256635448999873, 22.141382654000097 ], [ -6.257667162999951, 22.150351167000053 ], [ -6.258699006999905, 22.159319663000133 ], [ -6.25973098299994, 22.168288142000108 ], [ -6.260763088999965, 22.177256605000082 ], [ -6.261795325999856, 22.186225052000111 ], [ -6.262827694999942, 22.19519348200015 ], [ -6.263860193999903, 22.204161896000016 ], [ -6.26489282499989, 22.213130294000109 ], [ -6.265925586999913, 22.222098675000098 ], [ -6.266958479999914, 22.231067040000028 ], [ -6.267991504999941, 22.240035388000138 ], [ -6.269024660999889, 22.249003720000189 ], [ -6.270057948999977, 22.257972035000137 ], [ -6.271091367999929, 22.266940334000083 ], [ -6.272124918999907, 22.275908616000152 ], [ -6.27315860199991, 22.284876882000049 ], [ -6.274192416999938, 22.293845131000182 ], [ -6.275226362999945, 22.302813364000144 ], [ -6.276260441999966, 22.311781581000105 ], [ -6.277294652999899, 22.320749781000131 ], [ -6.278328995999971, 22.32971796400011 ], [ -6.279363470999954, 22.338686131000088 ], [ -6.280398077999905, 22.347654281000132 ], [ -6.281432817999928, 22.356622415000174 ], [ -6.282467689999919, 22.365590532999988 ], [ -6.283502694999925, 22.374558633000049 ], [ -6.284537832999888, 22.383526717999985 ], [ -6.285573102999933, 22.39249478500011 ], [ -6.28660850599988, 22.401462836000064 ], [ -6.287644041999954, 22.410430871000187 ], [ -6.288679710999929, 22.419398889000036 ], [ -6.28971551199993, 22.428366890000177 ], [ -6.290751446999934, 22.43733487500009 ], [ -6.291787514999953, 22.446302843000126 ], [ -6.292823715999873, 22.455270794000057 ], [ -6.293860050999911, 22.464238729000044 ], [ -6.294896518999963, 22.473206648000144 ], [ -6.295933119999916, 22.482174549000092 ], [ -6.296969854999929, 22.491142433999983 ], [ -6.29800672399989, 22.500110303000099 ], [ -6.299043725999979, 22.509078154000065 ], [ -6.300080861999902, 22.518045989000143 ], [ -6.301118131999942, 22.527013808000049 ], [ -6.302155534999883, 22.535981610000078 ], [ -6.303193072999932, 22.544949395 ], [ -6.304230744999927, 22.553917163000051 ], [ -6.305268550999813, 22.562884915000041 ], [ -6.306306490999873, 22.571852650000153 ], [ -6.30734456499988, 22.580820368000161 ], [ -6.308382773999824, 22.589788070000168 ], [ -6.309421116999943, 22.598755753999967 ], [ -6.310459594999884, 22.607723423000095 ], [ -6.311498206999943, 22.616691074000187 ], [ -6.312536953999881, 22.625658709000049 ], [ -6.31357583599987, 22.634626327000092 ], [ -6.314614852999966, 22.643593927999973 ], [ -6.315654003999953, 22.652561512000148 ], [ -6.316693290999979, 22.66152908000015 ], [ -6.317732711999838, 22.670496631000049 ], [ -6.318772268999965, 22.67946416500007 ], [ -6.319811960999914, 22.688431682000157 ], [ -6.32085178799997, 22.69739918200014 ], [ -6.321891750999953, 22.706366666000122 ], [ -6.322931848999872, 22.715334133 ], [ -6.323972082999944, 22.72430158300017 ], [ -6.325012451999896, 22.733269016000065 ], [ -6.326052956999831, 22.74223643300013 ], [ -6.327093596999873, 22.751203832000044 ], [ -6.328134373999831, 22.760171215000128 ], [ -6.329175285999895, 22.769138581000107 ], [ -6.330216333999942, 22.778105930000152 ], [ -6.331257518999962, 22.787073262000149 ], [ -6.332298838999975, 22.796040578000088 ], [ -6.33334029599996, 22.805007876000047 ], [ -6.334381888999928, 22.813975158000062 ], [ -6.335423618999869, 22.82294242200004 ], [ -6.336465484999906, 22.831909670000186 ], [ -6.337507486999812, 22.840876901000058 ], [ -6.338549625999974, 22.849844115 ], [ -6.339591901999881, 22.858811312000057 ], [ -6.340634313999885, 22.867778492000014 ], [ -6.341676863999908, 22.876745655000093 ], [ -6.342719549999913, 22.885712801000011 ], [ -6.34376237299989, 22.894679930999985 ], [ -6.344805333999943, 22.903647043000149 ], [ -6.345848430999979, 22.912614137999981 ], [ -6.346891665999976, 22.921581217000039 ], [ -6.347935037999889, 22.93054827800006 ], [ -6.348978546999888, 22.939515322000034 ], [ -6.350022193999905, 22.948482350000177 ], [ -6.351065977999951, 22.957449360000112 ], [ -6.352109899999903, 22.966416354000046 ], [ -6.353153959999872, 22.97538333 ], [ -6.354198157999861, 22.984350290000123 ], [ -6.355242492999935, 22.993317232000095 ], [ -6.356286965999914, 23.002284157000133 ], [ -6.357331576999968, 23.011251066000113 ], [ -6.358376326999974, 23.02021795700017 ], [ -6.359421213999894, 23.029184831000123 ], [ -6.36046623999988, 23.038151688000141 ], [ -6.361511403999941, 23.047118529000159 ], [ -6.362556706999897, 23.056085352000025 ], [ -6.363602147999927, 23.065052158000128 ], [ -6.364647726999976, 23.074018947000127 ], [ -6.36569344499992, 23.082985718000145 ], [ -6.366739301999928, 23.091952473000163 ], [ -6.367785297999887, 23.100919211000075 ], [ -6.368831431999922, 23.109885931 ], [ -6.369337043999963, 23.114219092000155 ], [ -6.369877705999897, 23.118852634 ], [ -6.370924117999891, 23.127819321000061 ], [ -6.371970669999882, 23.136785990000078 ], [ -6.373017360999881, 23.145752642000161 ], [ -6.374064190999832, 23.15471927699997 ], [ -6.374813470999925, 23.161136383000155 ], [ -6.37511115999996, 23.163685893999968 ], [ -6.376158268999973, 23.172652494999966 ], [ -6.377205516999936, 23.181619077999983 ], [ -6.37825290499984, 23.190585644000066 ], [ -6.37930043199998, 23.199552193000102 ], [ -6.380348099999935, 23.208518724999976 ], [ -6.381395906999899, 23.217485239000098 ], [ -6.38244385399986, 23.226451737000161 ], [ -6.383491940999875, 23.235418217000074 ], [ -6.384540167999944, 23.244384680000053 ], [ -6.385588534999897, 23.253351126000155 ], [ -6.386637041999961, 23.262317554000049 ], [ -6.387685689999955, 23.271283965 ], [ -6.388734477999947, 23.280250359000092 ], [ -6.389783405999879, 23.289216736000071 ], [ -6.390832474999911, 23.298183096000173 ], [ -6.39188168499993, 23.307149438000067 ], [ -6.39293103499989, 23.316115763000028 ], [ -6.39398052599995, 23.325082071000111 ], [ -6.39503015799994, 23.334048360999986 ], [ -6.396079930999861, 23.343014634000156 ], [ -6.397129843999949, 23.35198089000005 ], [ -6.398179898999956, 23.360947128000134 ], [ -6.399230094999893, 23.369913350000161 ], [ -6.400280432999864, 23.378879553000161 ], [ -6.401330910999832, 23.387845740000103 ], [ -6.402381530999889, 23.396811909000064 ], [ -6.40343229299998, 23.405778061000149 ], [ -6.404483195999944, 23.414744195000026 ], [ -6.405534239999895, 23.423710313000072 ], [ -6.406585426999925, 23.432676412000035 ], [ -6.407636754999942, 23.441642495000167 ], [ -6.408688224999821, 23.450608560000148 ], [ -6.409739836999961, 23.459574608000025 ], [ -6.410791590999963, 23.468540638000036 ], [ -6.411843486999942, 23.477506651000169 ], [ -6.412895524999954, 23.486472646000152 ], [ -6.413947705999874, 23.495438623999974 ], [ -6.415000028999884, 23.504404585000145 ], [ -6.416052493999928, 23.513370528000053 ], [ -6.41710510199988, 23.52233645400014 ], [ -6.418157852999968, 23.531302362000133 ], [ -6.419210745999862, 23.540268253000079 ], [ -6.42026378199995, 23.549234126000044 ], [ -6.421316960999945, 23.558199982000076 ], [ -6.422370281999974, 23.567165821 ], [ -6.423423746999902, 23.576131642000121 ], [ -6.424477354999965, 23.585097445000088 ], [ -6.425531105999937, 23.594063231000121 ], [ -6.42655876699996, 23.602974006000125 ], [ -6.427598017999969, 23.611985282000148 ], [ -6.428611172999979, 23.620941547000029 ], [ -6.42962446699994, 23.629897795000147 ], [ -6.430637897999873, 23.638854026 ], [ -6.431651466999881, 23.647810240000126 ], [ -6.432665173999908, 23.656766437000158 ], [ -6.433679018999953, 23.665722617000085 ], [ -6.43469300199996, 23.674678780000136 ], [ -6.435707122999929, 23.683634926000082 ], [ -6.436721382999906, 23.692591056000026 ], [ -6.437735780999901, 23.701547168000104 ], [ -6.438750317999904, 23.710503263000135 ], [ -6.439764992999926, 23.719459341000061 ], [ -6.440779805999966, 23.72841540200011 ], [ -6.441794757999901, 23.737371446 ], [ -6.44280984999989, 23.746327473000065 ], [ -6.443825078999964, 23.755283483000142 ], [ -6.444840447999923, 23.764239476000171 ], [ -6.445855955999946, 23.773195452000095 ], [ -6.446871602999977, 23.782151411000086 ], [ -6.447887388999902, 23.791107353000029 ], [ -6.448903313999949, 23.800063277000106 ], [ -6.44991937899988, 23.809019185000011 ], [ -6.450935582999932, 23.817975076000039 ], [ -6.451951925999936, 23.82693094900003 ], [ -6.452968408999936, 23.835886805000143 ], [ -6.453985030999945, 23.844842645000028 ], [ -6.455001793999941, 23.853798467000161 ], [ -6.456018695999887, 23.862754272000132 ], [ -6.457035737999945, 23.871710060000055 ], [ -6.458052918999897, 23.880665830000112 ], [ -6.459070240999949, 23.889621584000054 ], [ -6.460087702999942, 23.898577320000129 ], [ -6.461105304999933, 23.907533040000033 ], [ -6.462123046999864, 23.916488742000126 ], [ -6.463140929999952, 23.925444427000116 ], [ -6.464158952999981, 23.934400094000068 ], [ -6.46517711599995, 23.943355745000076 ], [ -6.466195419999906, 23.952311378000047 ], [ -6.467213864999906, 23.961266995000017 ], [ -6.468232449999959, 23.970222594 ], [ -6.469251175999887, 23.979178175000186 ], [ -6.470270042999971, 23.988133739999967 ], [ -6.471289050999928, 23.997089287000165 ], [ -6.472308199999873, 24.006044818000134 ], [ -6.473327489999917, 24.015000330000191 ], [ -6.474346920999892, 24.023955826000076 ], [ -6.475366493999957, 24.032911304000152 ], [ -6.476386207999951, 24.041866766 ], [ -6.477406062999876, 24.050822210000092 ], [ -6.47842605999989, 24.059777636000149 ], [ -6.479446197999948, 24.068733045000101 ], [ -6.480466477999869, 24.077688438000052 ], [ -6.481486899999936, 24.086643812000091 ], [ -6.482507462999934, 24.095599170000185 ], [ -6.483528168999896, 24.104554510000014 ], [ -6.484549015999903, 24.113509832999966 ], [ -6.485570005999932, 24.122465138000109 ], [ -6.486591136999948, 24.13142042700008 ], [ -6.487612410999873, 24.140375698000014 ], [ -6.488633826999944, 24.149330950999968 ], [ -6.489655385999981, 24.158286187000044 ], [ -6.490677086999881, 24.167241406000187 ], [ -6.49169892999987, 24.176196608 ], [ -6.492720915999939, 24.185151792000056 ], [ -6.493743044999974, 24.19410695900018 ], [ -6.494765315999928, 24.203062108000154 ], [ -6.495787729999961, 24.212017239999966 ], [ -6.496810287999836, 24.220972355000129 ], [ -6.497832987999971, 24.229927452000027 ], [ -6.498855830999958, 24.238882532000048 ], [ -6.499878817999956, 24.247837594000089 ], [ -6.500901946999875, 24.256792639000025 ], [ -6.501925220999908, 24.265747667000085 ], [ -6.502948636999974, 24.274702677000107 ], [ -6.503972196999825, 24.283657670000025 ], [ -6.504995899999869, 24.292612645000133 ], [ -6.506019747999972, 24.301567603000137 ], [ -6.507043737999936, 24.310522543000161 ], [ -6.508067872999959, 24.31947746600008 ], [ -6.50825608599996, 24.321122949000085 ], [ -6.508256093999876, 24.321123019000083 ], [ -6.50909215199988, 24.328432372000123 ], [ -6.510116573999881, 24.337387260000128 ], [ -6.511141140999939, 24.346342130000096 ], [ -6.512165850999907, 24.355296983000017 ], [ -6.513190705999875, 24.36425181900006 ], [ -6.51421570499997, 24.373206637000067 ], [ -6.515240848999952, 24.382161437000036 ], [ -6.516266136999889, 24.391116220000129 ], [ -6.517291568999894, 24.400070986000173 ], [ -6.518317145999958, 24.409025734000181 ], [ -6.519342867999967, 24.417980464000152 ], [ -6.520368733999874, 24.426935177000075 ], [ -6.521394745999942, 24.435889872000132 ], [ -6.522420901999851, 24.444844550000141 ], [ -6.523447202999932, 24.453799210000113 ], [ -6.524473649999948, 24.462753853000038 ], [ -6.525500240999975, 24.471708478000096 ], [ -6.526526977999936, 24.480663085 ], [ -6.527553859999898, 24.489617675000034 ], [ -6.528580887999965, 24.49857224699997 ], [ -6.529608059999873, 24.507526802000086 ], [ -6.530635378999875, 24.516481339000165 ], [ -6.531662842999879, 24.525435858000037 ], [ -6.53269045299993, 24.534390360000032 ], [ -6.533718208999971, 24.54334484400016 ], [ -6.534746110999947, 24.55229931100007 ], [ -6.535774157999981, 24.561253760000113 ], [ -6.536802351999881, 24.570208191000177 ], [ -6.537830691999886, 24.579162604000089 ], [ -6.538859177999882, 24.588117 ], [ -6.539887809999925, 24.59707137800018 ], [ -6.540916587999959, 24.606025739000074 ], [ -6.541945513999906, 24.614980082000102 ], [ -6.542974584999968, 24.623934406999979 ], [ -6.544003803999942, 24.632888715000149 ], [ -6.545033168999851, 24.641843004 ], [ -6.54606267999992, 24.650797276000162 ], [ -6.54709233899996, 24.65975153100004 ], [ -6.548122144999979, 24.668705767000176 ], [ -6.549152096999933, 24.677659986000037 ], [ -6.550182196999913, 24.686614187000089 ], [ -6.551212443999873, 24.695568371000036 ], [ -6.55224283799987, 24.70452253600007 ], [ -6.553273378999961, 24.713476684 ], [ -6.554304067999965, 24.722430815000052 ], [ -6.555334904999938, 24.731384927000192 ], [ -6.556365888999949, 24.740339021000125 ], [ -6.557397020999929, 24.74929309800018 ], [ -6.558428299999889, 24.758247157000028 ], [ -6.559459727999979, 24.767201198000066 ], [ -6.560491302999878, 24.77615522200017 ], [ -6.561523025999975, 24.785109227000191 ], [ -6.562554896999927, 24.794063215000165 ], [ -6.563586916999952, 24.803017185000101 ], [ -6.56461908499989, 24.811971137 ], [ -6.565651400999968, 24.820925071000147 ], [ -6.566683864999959, 24.829878988000132 ], [ -6.567716477999966, 24.838832886000091 ], [ -6.568749239999875, 24.847786767000116 ], [ -6.56978214999998, 24.856740630000104 ], [ -6.570815208999932, 24.865694475000112 ], [ -6.571848416999956, 24.874648302000139 ], [ -6.572881773999939, 24.88360211100013 ], [ -6.573915279999937, 24.892555903000073 ], [ -6.574948934999895, 24.901509676000103 ], [ -6.575982738999926, 24.910463431000096 ], [ -6.577016691999916, 24.919417168999985 ], [ -6.578050793999978, 24.928370889000121 ], [ -6.579085045999932, 24.937324590000117 ], [ -6.580119447999891, 24.946278274000178 ], [ -6.58115399899998, 24.95523194000009 ], [ -6.582188698999971, 24.964185588000191 ], [ -6.583223549999957, 24.973139218000085 ], [ -6.584258549999959, 24.98209283000017 ], [ -6.584701228999904, 24.985921811000026 ], [ -6.585293699999909, 24.991046424000103 ], [ -6.586316894999925, 24.999895315000117 ], [ -6.586328999999864, 25.000000000000171 ], [ -6.576425338999968, 25.000058025999977 ], [ -6.56652166899994, 25.000115392000112 ], [ -6.55661798999995, 25.00017209900011 ], [ -6.546714300999952, 25.00022814600004 ], [ -6.536810603999925, 25.000283534000175 ], [ -6.526906897999936, 25.000338263000174 ], [ -6.517003182999929, 25.000392333000036 ], [ -6.507099459999949, 25.000445743 ], [ -6.497195727999951, 25.000498494 ], [ -6.487291987999924, 25.000550586000088 ], [ -6.477388238999936, 25.000602018000052 ], [ -6.467484481999975, 25.000652791000107 ], [ -6.457580717999974, 25.000702905000139 ], [ -6.447676944999898, 25.00075235900016 ], [ -6.437773163999964, 25.000801154000044 ], [ -6.427869374999943, 25.00084928900003 ], [ -6.41796557899994, 25.000896766000096 ], [ -6.408061775999954, 25.00094358299998 ], [ -6.39815796399995, 25.000989739999966 ], [ -6.388254145999895, 25.001035238000043 ], [ -6.378350319999981, 25.001080077000097 ], [ -6.368446486999972, 25.001124257000185 ], [ -6.358542646999979, 25.001167777000092 ], [ -6.348638799999947, 25.001210638000146 ], [ -6.338734946999921, 25.001252839000188 ], [ -6.328831085999923, 25.001294381000037 ], [ -6.318927218999818, 25.001335264000147 ], [ -6.30902334599989, 25.001375487000189 ], [ -6.299119465999979, 25.001415051000095 ], [ -6.289215579999961, 25.001453956000034 ], [ -6.279311686999904, 25.001492201000076 ], [ -6.269407788999899, 25.001529786999981 ], [ -6.259503883999969, 25.001566713000045 ], [ -6.249599973999977, 25.001602980000087 ], [ -6.239696057999936, 25.001638588000048 ], [ -6.229792135999901, 25.001673536000055 ], [ -6.219888208999976, 25.001707825000153 ], [ -6.209984275999943, 25.001741455000115 ], [ -6.20008033799985, 25.001774425000178 ], [ -6.19017639499998, 25.001806736000106 ], [ -6.180272446999879, 25.001838387000134 ], [ -6.170368492999955, 25.001869379000027 ], [ -6.160464534999846, 25.001899712000125 ], [ -6.150560571999904, 25.001929385000039 ], [ -6.140656603999957, 25.001958399000102 ], [ -6.13075263099995, 25.001986754000086 ], [ -6.120848653999929, 25.002014449000114 ], [ -6.110944672999892, 25.002041485000063 ], [ -6.101040686999966, 25.002067861000114 ], [ -6.091136697999957, 25.002093578000029 ], [ -6.081232703999888, 25.002118635000045 ], [ -6.071328705999974, 25.002143034000028 ], [ -6.061424703999933, 25.00216677200001 ], [ -6.05152069899998, 25.002189852000186 ], [ -6.041616689999955, 25.002212272000065 ], [ -6.031712676999859, 25.002234032000104 ], [ -6.021808660999909, 25.002255133000176 ], [ -6.011904641999877, 25.002275575000056 ], [ -6.002000618999944, 25.002295357000094 ], [ -5.992096592999928, 25.002314480000166 ], [ -5.982192563999888, 25.002332944000102 ], [ -5.972288532999926, 25.002350747999969 ], [ -5.962384497999835, 25.002367893000041 ], [ -5.95248046099988, 25.002384378000102 ], [ -5.942576420999956, 25.002400203999969 ], [ -5.932672378999939, 25.002415370000165 ], [ -5.922768333999954, 25.002429878000157 ], [ -5.912864287999923, 25.002443725000148 ], [ -5.902960238999981, 25.002456914000049 ], [ -5.893056186999956, 25.002469442 ], [ -5.883152133999943, 25.0024813120001 ], [ -5.873248078999893, 25.002492522000182 ], [ -5.863344022999968, 25.002503072000138 ], [ -5.853439963999847, 25.002512964000061 ], [ -5.843535904999897, 25.002522196000143 ], [ -5.833631842999978, 25.002530768000156 ], [ -5.823727780999945, 25.002538680999976 ], [ -5.813823716999877, 25.002545934000125 ], [ -5.803919651999934, 25.00255252900007 ], [ -5.79401558599983, 25.002558463000014 ], [ -5.784111518999964, 25.002563739000095 ], [ -5.774207451999928, 25.002568355000108 ], [ -5.764303382999969, 25.002572311000108 ], [ -5.754399313999954, 25.002575608000086 ], [ -5.744495244999939, 25.002578246000155 ], [ -5.734591174999878, 25.002580224000155 ], [ -5.72468710499993, 25.002581543000133 ], [ -5.714783034999925, 25.002582202000099 ], [ -5.704878964999978, 25.002582202000099 ], [ -5.694974894999916, 25.002581543000133 ], [ -5.685070824999912, 25.002580224000155 ], [ -5.675166754999964, 25.002578246000155 ], [ -5.665262685999949, 25.002575608000086 ], [ -5.655358616999877, 25.002572311000108 ], [ -5.645454547999975, 25.002568355000108 ], [ -5.635550480999939, 25.002563739000095 ], [ -5.625646413999959, 25.002558463000014 ], [ -5.615742347999856, 25.00255252900007 ], [ -5.605838282999912, 25.002545934000125 ], [ -5.595934218999957, 25.002538680999976 ], [ -5.586030156999925, 25.002530768000156 ], [ -5.576126094999893, 25.002522196000143 ], [ -5.566222035999942, 25.002512964000061 ], [ -5.556317976999935, 25.002503072000138 ], [ -5.546413920999896, 25.002492522000182 ], [ -5.53650986599996, 25.0024813120001 ], [ -5.526605812999833, 25.002469442 ], [ -5.516701760999979, 25.002456914000049 ], [ -5.506797711999923, 25.002443725000148 ], [ -5.496893665999892, 25.002429878000157 ], [ -5.486989620999964, 25.002415370000165 ], [ -5.477085578999947, 25.002400203999969 ], [ -5.46718153899991, 25.002384378000102 ], [ -5.457277501999954, 25.002367893000041 ], [ -5.44737346699992, 25.002350747999969 ], [ -5.437469435999901, 25.002332944000102 ], [ -5.427565406999975, 25.002314480000166 ], [ -5.417661380999959, 25.002295357000094 ], [ -5.407757357999913, 25.002275575000056 ], [ -5.39785333899988, 25.002255133000176 ], [ -5.38794932299993, 25.002234032000104 ], [ -5.378045309999891, 25.002212272000065 ], [ -5.36814130099998, 25.002189852000186 ], [ -5.35823729599997, 25.00216677200001 ], [ -5.348333293999929, 25.002143034000028 ], [ -5.338429295999958, 25.002118635000045 ], [ -5.328525301999946, 25.002093578000029 ], [ -5.318621312999937, 25.002067861000114 ], [ -5.308717326999897, 25.002041485000063 ], [ -5.298813345999974, 25.002014449000114 ], [ -5.288909368999953, 25.001986754000086 ], [ -5.279005395999832, 25.001958399000102 ], [ -5.269101427999885, 25.001929385000039 ], [ -5.259197464999943, 25.001899712000125 ], [ -5.249293506999948, 25.001869379000027 ], [ -5.23938955299991, 25.001838387000134 ], [ -5.229485604999979, 25.001806736000106 ], [ -5.219581661999939, 25.001774425000178 ], [ -5.209677723999846, 25.001741455000115 ], [ -5.199773790999927, 25.001707825000153 ], [ -5.189869863999888, 25.001673536000055 ], [ -5.179965941999967, 25.001638588000048 ], [ -5.170062025999925, 25.001602980000087 ], [ -5.160158115999934, 25.001566713000045 ], [ -5.15025421099989, 25.001529786999981 ], [ -5.140350312999942, 25.001492201000076 ], [ -5.130446419999942, 25.001453956000034 ], [ -5.120542533999924, 25.001415051000095 ], [ -5.110638653999899, 25.001375487000189 ], [ -5.100734780999971, 25.001335264000147 ], [ -5.09083091399998, 25.001294381000037 ], [ -5.080927052999868, 25.001252839000188 ], [ -5.071023199999956, 25.001210638000146 ], [ -5.061119352999924, 25.001167777000092 ], [ -5.051215512999931, 25.001124257000185 ], [ -5.041311679999978, 25.001080077000097 ], [ -5.031407853999951, 25.001035238000043 ], [ -5.021504035999953, 25.000989739999966 ], [ -5.011600223999949, 25.00094358299998 ], [ -5.001696420999849, 25.000896766000096 ], [ -4.991792624999903, 25.00084928900003 ], [ -4.981888835999939, 25.000801154000044 ], [ -4.971985054999891, 25.00075235900016 ], [ -4.962081281999815, 25.000702905000139 ], [ -4.952177517999871, 25.000652791000107 ], [ -4.942273760999967, 25.000602018000052 ], [ -4.932370011999978, 25.000550586000088 ], [ -4.922466271999951, 25.000498494 ], [ -4.912562539999954, 25.000445743 ], [ -4.902658816999974, 25.000392333000036 ], [ -4.892755101999967, 25.000338263000174 ], [ -4.882851395999921, 25.000283534000175 ], [ -4.872947698999951, 25.00022814600004 ], [ -4.863044009999953, 25.00017209900011 ], [ -4.853140330999963, 25.000115392000112 ], [ -4.843236660999935, 25.000058025999977 ], [ -4.833333, 25.000000000000171 ], [ -4.841469558999904, 25.005115437000029 ], [ -4.849606790999871, 25.010230425000088 ], [ -4.857744697999976, 25.015344965000168 ], [ -4.865883278999945, 25.020459056000107 ], [ -4.874022534999881, 25.025572697000143 ], [ -4.882162463999975, 25.030685890000029 ], [ -4.890303068999913, 25.035798633000184 ], [ -4.898444347999941, 25.040910926000151 ], [ -4.906586302999926, 25.04602277000015 ], [ -4.914728931999946, 25.051134165000178 ], [ -4.922872236999979, 25.056245109000145 ], [ -4.931016217999968, 25.061355603000038 ], [ -4.939160873999981, 25.06646564700003 ], [ -4.947306204999961, 25.071575241000062 ], [ -4.955452212999944, 25.076684384000089 ], [ -4.963598896999883, 25.0817930770001 ], [ -4.97174625599996, 25.086901319000162 ], [ -4.979894292999916, 25.092009110000106 ], [ -4.988043005999941, 25.097116450000101 ], [ -4.99619239499998, 25.102223339000147 ], [ -5.004342460999851, 25.107329776000142 ], [ -5.012493204999942, 25.112435762000189 ], [ -5.020644624999818, 25.117541297000116 ], [ -5.028796722999914, 25.12264638 ], [ -5.036949497999899, 25.127751010000111 ], [ -5.045102950999876, 25.132855189000111 ], [ -5.053257081999902, 25.137958916000059 ], [ -5.061411889999874, 25.143062191000183 ], [ -5.069567376999942, 25.148165013000153 ], [ -5.077723541999944, 25.153267381999967 ], [ -5.085880384999882, 25.158369299000128 ], [ -5.094037906999915, 25.163470763000191 ], [ -5.102196106999941, 25.168571773000167 ], [ -5.110354985999891, 25.173672331000148 ], [ -5.118514544999925, 25.178772436000145 ], [ -5.126674781999895, 25.183872087000111 ], [ -5.13483569899995, 25.188971284000047 ], [ -5.14299729499993, 25.194070028000056 ], [ -5.151159570999937, 25.199168317999977 ], [ -5.159322525999869, 25.204266154000095 ], [ -5.167486161999875, 25.209363536000126 ], [ -5.17565047699992, 25.21446046300008 ], [ -5.183815472999868, 25.219556936000117 ], [ -5.191981148999957, 25.224652955000124 ], [ -5.200147505999837, 25.229748519000054 ], [ -5.208314542999915, 25.234843628000192 ], [ -5.21648226099984, 25.239938282000026 ], [ -5.224650659999952, 25.245032481000067 ], [ -5.232819739999968, 25.250126224999974 ], [ -5.240989501999934, 25.255219513000043 ], [ -5.249159944999974, 25.260312345999978 ], [ -5.257331069999964, 25.265404723000074 ], [ -5.265502875999971, 25.270496644000104 ], [ -5.273675363999871, 25.275588110000058 ], [ -5.281848533999948, 25.280679119000183 ], [ -5.290022386999908, 25.285769672000129 ], [ -5.298196921999931, 25.290859769 ], [ -5.306372138999905, 25.295949409000116 ], [ -5.314548038999874, 25.301038592000111 ], [ -5.322724621999953, 25.306127319000097 ], [ -5.330901887999971, 25.311215588000039 ], [ -5.339079836999872, 25.316303401000084 ], [ -5.347258468999883, 25.321390756000085 ], [ -5.355437784999936, 25.326477653999973 ], [ -5.363617783999871, 25.33156409500009 ], [ -5.371798466999962, 25.336650077000115 ], [ -5.379979833999926, 25.341735601999972 ], [ -5.388161884999931, 25.346820670000056 ], [ -5.396344619999923, 25.351905278000118 ], [ -5.404528039999946, 25.356989429000066 ], [ -5.412712143999954, 25.36207312200014 ], [ -5.420896931999948, 25.367156355000191 ], [ -5.429082405999964, 25.372239131000072 ], [ -5.437268563999964, 25.377321447000156 ], [ -5.445455407999873, 25.382403304999968 ], [ -5.45364293699987, 25.387484703000155 ], [ -5.461831150999956, 25.392565641999965 ], [ -5.470020050999949, 25.397646122000026 ], [ -5.478209635999974, 25.402726142000063 ], [ -5.486399907999953, 25.407805703000179 ], [ -5.494590864999964, 25.412884804000043 ], [ -5.502782508999928, 25.417963445000055 ], [ -5.510974838999971, 25.423041626000042 ], [ -5.519167854999921, 25.428119346000074 ], [ -5.527361558999928, 25.433196607000127 ], [ -5.5355559489999, 25.438273407000054 ], [ -5.543751024999835, 25.443349746000081 ], [ -5.551946788999942, 25.448425624000151 ], [ -5.560143240999878, 25.453501042000141 ], [ -5.568340378999892, 25.458575998000128 ], [ -5.576538204999963, 25.463650493000159 ], [ -5.58473671899992, 25.468724527 ], [ -5.592935920999935, 25.473798100000181 ], [ -5.601135810999949, 25.478871209999966 ], [ -5.609336388999964, 25.483943859000192 ], [ -5.617537654999978, 25.489016046000017 ], [ -5.625739609999869, 25.494087771000181 ], [ -5.633942252999816, 25.499159034000115 ], [ -5.64214558499998, 25.504229834000114 ], [ -5.650349605999963, 25.509300172000053 ], [ -5.657534432999967, 25.513739839000152 ], [ -5.658554315999879, 25.51437004800016 ], [ -5.666759715999888, 25.519439460000171 ], [ -5.674965803999953, 25.52450841000018 ], [ -5.683172582999873, 25.529576896000151 ], [ -5.691380049999964, 25.534644920000119 ], [ -5.699588207999909, 25.539712480000162 ], [ -5.707797055999833, 25.544779576 ], [ -5.716006593999907, 25.549846209000123 ], [ -5.72421682199996, 25.554912378000154 ], [ -5.732427740999924, 25.559978083000146 ], [ -5.740639349999924, 25.565043325000033 ], [ -5.748851649999949, 25.57010810200012 ], [ -5.757064640999943, 25.575172414000122 ], [ -5.765278322999905, 25.580236262000085 ], [ -5.773492695999948, 25.585299646000124 ], [ -5.78170776099995, 25.590362564000031 ], [ -5.789923516999977, 25.595425018000185 ], [ -5.798139964999905, 25.600487007000083 ], [ -5.806357103999915, 25.605548530000078 ], [ -5.814574935999872, 25.610609589000092 ], [ -5.822793458999968, 25.615670181000098 ], [ -5.831012674999954, 25.620730308000191 ], [ -5.839232583999888, 25.625789970000142 ], [ -5.847453184999836, 25.630849165000143 ], [ -5.855674477999969, 25.63590789400007 ], [ -5.863896464999925, 25.640966157000037 ], [ -5.872119143999953, 25.6460239540001 ], [ -5.880342516999974, 25.651081283999986 ], [ -5.888566582999943, 25.656138148000082 ], [ -5.896791342999848, 25.661194545000058 ], [ -5.905016795999813, 25.666250475000027 ], [ -5.913242942999943, 25.671305938000103 ], [ -5.921469783999896, 25.676360933000069 ], [ -5.929697318999956, 25.681415462000075 ], [ -5.937925547999896, 25.686469522999971 ], [ -5.946154471999876, 25.691523116000042 ], [ -5.954384089999905, 25.696576241000116 ], [ -5.962614402999918, 25.701628899000184 ], [ -5.970845409999981, 25.706681088000153 ], [ -5.97907711299996, 25.711732809000068 ], [ -5.987309510999978, 25.716784062000102 ], [ -5.995542603999922, 25.721834847000139 ], [ -6.003776392999953, 25.726885162000087 ], [ -6.012010876999966, 25.73193500900004 ], [ -6.020246056999952, 25.736984387 ], [ -6.028481932999966, 25.742033296000045 ], [ -6.036718504999953, 25.747081736000155 ], [ -6.044955772999856, 25.752129706 ], [ -6.053193736999958, 25.757177207000097 ], [ -6.061432398999955, 25.762224237999988 ], [ -6.069671755999934, 25.767270800000119 ], [ -6.077911810999922, 25.772316891000116 ], [ -6.086152561999938, 25.777362513000128 ], [ -6.094394010999963, 25.782407664 ], [ -6.102636156999893, 25.787452345000077 ], [ -6.110879, 25.792496555000184 ], [ -6.119122540999911, 25.797540295000033 ], [ -6.127366778999942, 25.802583564000145 ], [ -6.135611715999914, 25.807626362000121 ], [ -6.143857349999962, 25.812668689000134 ], [ -6.15210368299995, 25.817710544000136 ], [ -6.160350713999946, 25.822751928000173 ], [ -6.168598442999951, 25.827792841000075 ], [ -6.176846871999942, 25.832833282000138 ], [ -6.185095997999952, 25.837873251000133 ], [ -6.193345823999948, 25.84291274900005 ], [ -6.201596348999942, 25.847951774000137 ], [ -6.209847572999934, 25.852990327000043 ], [ -6.218099496999969, 25.858028408000052 ], [ -6.226352119999945, 25.863066016000118 ], [ -6.234605441999975, 25.868103151000071 ], [ -6.242859464999924, 25.873139814000183 ], [ -6.251114186999928, 25.878176003000078 ], [ -6.259369609999965, 25.883211720000077 ], [ -6.267625732999875, 25.888246963000029 ], [ -6.275882555999885, 25.893281733000038 ], [ -6.284140079999929, 25.89831603000016 ], [ -6.292398304999949, 25.903349852000076 ], [ -6.300657229999899, 25.908383201000049 ], [ -6.308916856999872, 25.913416076000033 ], [ -6.317177184999878, 25.91844847700014 ], [ -6.32543821399986, 25.923480403000099 ], [ -6.333699944999978, 25.928511855000181 ], [ -6.341962376999902, 25.933542833000104 ], [ -6.350225510999962, 25.938573336 ], [ -6.358489346999932, 25.943603364000182 ], [ -6.36675388499998, 25.948632917000054 ], [ -6.375019124999881, 25.953661995000118 ], [ -6.383285067999907, 25.958690598000089 ], [ -6.391551712999899, 25.963718724999978 ], [ -6.39981906099996, 25.96874637600007 ], [ -6.408087111999976, 25.973773552000182 ], [ -6.41635586599989, 25.978800253000145 ], [ -6.424625322999873, 25.98382647700015 ], [ -6.432895482999868, 25.98885222500013 ], [ -6.441166346999978, 25.993877495999982 ], [ -6.44943791399993, 25.998902292000082 ], [ -6.457710184999939, 26.003926610000121 ] ] ], [ [ [ -16.431721284999981, 19.548958254000013 ], [ -16.42997725299989, 19.552792979000174 ], [ -16.429288245999885, 19.55600974500004 ], [ -16.432034316999932, 19.556140727000013 ], [ -16.433419344999947, 19.553681903000154 ], [ -16.434793368999919, 19.550287148000052 ], [ -16.435294368999905, 19.546473426000148 ], [ -16.431721284999981, 19.548958254000013 ] ] ], [ [ [ -16.426786206999907, 19.563532200999987 ], [ -16.426039192999951, 19.565069091000169 ], [ -16.426366207999877, 19.567061943000056 ], [ -16.428109254999981, 19.567854880000027 ], [ -16.430197300999964, 19.565498047000119 ], [ -16.430923196999913, 19.563617687000146 ], [ -16.430921313999931, 19.563588184000139 ], [ -16.428889258999959, 19.562950237000166 ], [ -16.426786206999907, 19.563532200999987 ] ] ], [ [ [ -16.490138010999885, 19.613768329000095 ], [ -16.491299038999955, 19.613238363999983 ], [ -16.494069106999916, 19.612199432000011 ], [ -16.496642172999941, 19.611966441 ], [ -16.501320295999903, 19.612741370000094 ], [ -16.501865296999881, 19.608830655000077 ], [ -16.500914255999874, 19.60411400300012 ], [ -16.497149149999927, 19.60127922200013 ], [ -16.493410049999909, 19.60040629700012 ], [ -16.490624975999879, 19.599669360000121 ], [ -16.487921891999974, 19.595561669000176 ], [ -16.484885815999917, 19.596333622000031 ], [ -16.484945831999937, 19.600351327000169 ], [ -16.486091871999975, 19.603468095000096 ], [ -16.487841927999909, 19.606692854000016 ], [ -16.489621985999918, 19.61038357800004 ], [ -16.490138010999885, 19.613768329000095 ] ] ], [ [ [ -16.480162827999948, 19.635862742000029 ], [ -16.479099809999923, 19.638679539000123 ], [ -16.476014740999915, 19.641792321000082 ], [ -16.476161762999936, 19.647160927000016 ], [ -16.478249821999952, 19.648683810000023 ], [ -16.482189936999873, 19.652677506000032 ], [ -16.483963994999954, 19.656275237000102 ], [ -16.484043014999941, 19.661366864000115 ], [ -16.487253098999929, 19.661753826000165 ], [ -16.489745157999891, 19.660262928000066 ], [ -16.490779175999933, 19.65777510700002 ], [ -16.489845139999943, 19.654085379000094 ], [ -16.490037130999895, 19.650101670000083 ], [ -16.490391129999978, 19.647089889000029 ], [ -16.491257134999955, 19.641993260000106 ], [ -16.493176164999909, 19.636232674999974 ], [ -16.493614159999936, 19.631440025000131 ], [ -16.489761038999973, 19.62491651400012 ], [ -16.486030939999978, 19.624183579000146 ], [ -16.486720967999872, 19.627185357000144 ], [ -16.487488998999936, 19.630603105000148 ], [ -16.484916941999927, 19.633173924000118 ], [ -16.483782902999963, 19.630243142000097 ], [ -16.481503843999974, 19.630413137000062 ], [ -16.481018839999876, 19.632917954999982 ], [ -16.480162827999948, 19.635862742000029 ] ] ], [ [ [ -16.539519492999943, 19.675048694999987 ], [ -16.541517560999978, 19.679802341000027 ], [ -16.543942643999912, 19.685794896000175 ], [ -16.545884714999943, 19.692001436000169 ], [ -16.546368741999913, 19.69641711200012 ], [ -16.546956777999981, 19.702462668000123 ], [ -16.546942797999975, 19.708448231000034 ], [ -16.548291851999977, 19.713938826000174 ], [ -16.550084924999908, 19.721696254000051 ], [ -16.550837943999966, 19.721795244000077 ], [ -16.552406983999902, 19.721430266000084 ], [ -16.553572993999921, 19.715568690000055 ], [ -16.552880957999946, 19.71023008300017 ], [ -16.553323949999935, 19.70473548300015 ], [ -16.553161926999962, 19.699133893000123 ], [ -16.552853902999971, 19.694335244000172 ], [ -16.552852888999951, 19.690454528000032 ], [ -16.553765895999902, 19.685308900999985 ], [ -16.550548797999909, 19.68094823000007 ], [ -16.547546713999964, 19.679147371 ], [ -16.546833681999942, 19.675025674000153 ], [ -16.544860623999909, 19.67298183000014 ], [ -16.542219547999878, 19.670600012000079 ], [ -16.539519492999943, 19.675048694999987 ] ] ], [ [ [ -16.474628873999904, 19.691425696000124 ], [ -16.472641843999895, 19.697658246000117 ], [ -16.472011851999923, 19.704892720000089 ], [ -16.471636861999968, 19.710663299000146 ], [ -16.471424876999947, 19.716659862000085 ], [ -16.468240815999934, 19.722863417999974 ], [ -16.462680685999942, 19.726952137000183 ], [ -16.464086732999931, 19.730241892000151 ], [ -16.467966843999818, 19.733304657000133 ], [ -16.474140013999886, 19.736429410000142 ], [ -16.477168096999947, 19.737854297000183 ], [ -16.484066281999958, 19.739865129000123 ], [ -16.490100432999895, 19.738509209000028 ], [ -16.492628484999898, 19.7344914950001 ], [ -16.49528853399994, 19.728642913999977 ], [ -16.497104570999966, 19.725926107000191 ], [ -16.498475599999892, 19.724028240999985 ], [ -16.505294741999876, 19.713980954000135 ], [ -16.50754478499988, 19.709510274000024 ], [ -16.508812802999898, 19.705233582000062 ], [ -16.509438804999945, 19.701038887000152 ], [ -16.509284784999977, 19.696325232000163 ], [ -16.509590774999879, 19.691025618000083 ], [ -16.512270845999922, 19.691674563 ], [ -16.51280388299989, 19.698425068000176 ], [ -16.51193487799992, 19.703474701000061 ], [ -16.511727879999967, 19.705683541000042 ], [ -16.516591993999896, 19.702380766999966 ], [ -16.517840018999948, 19.700114929000108 ], [ -16.519133041999908, 19.697006151999972 ], [ -16.519076031999816, 19.694578330000013 ], [ -16.517964996999979, 19.692768465000086 ], [ -16.518497991999936, 19.687128876000031 ], [ -16.518233965999968, 19.681486289000077 ], [ -16.516896917999816, 19.677724568000144 ], [ -16.513068811999972, 19.675454746000128 ], [ -16.50861268999995, 19.673498902000119 ], [ -16.50204351799988, 19.67273297800017 ], [ -16.497825409999962, 19.672914978000108 ], [ -16.490970230999949, 19.672352040000078 ], [ -16.484162057999981, 19.6732829930001 ], [ -16.478572920999909, 19.675362858000142 ], [ -16.476448882999875, 19.680246507 ], [ -16.476446903999886, 19.686418056000036 ], [ -16.474628873999904, 19.691425696000124 ] ] ], [ [ [ -16.535345656999937, 19.754848878000075 ], [ -16.532507591999945, 19.757153719000087 ], [ -16.529617529999939, 19.760957450000092 ], [ -16.528746521999949, 19.765212142000053 ], [ -16.530506568999954, 19.765491117000181 ], [ -16.534080654999968, 19.763801229000137 ], [ -16.536355707999917, 19.762041350000118 ], [ -16.539556777999906, 19.758407606000162 ], [ -16.540113787999928, 19.75702170500017 ], [ -16.540793798999971, 19.755207835000192 ], [ -16.542923842999926, 19.752019062000045 ], [ -16.542599830999904, 19.750862147000134 ], [ -16.541763809999907, 19.750948143000187 ], [ -16.540000762999966, 19.750622173000011 ], [ -16.535345656999937, 19.754848878000075 ] ] ], [ [ [ -16.52481232599996, 19.737327189999974 ], [ -16.521729253999979, 19.739692026000114 ], [ -16.518274168999881, 19.740907948000142 ], [ -16.513273051999931, 19.744404708000104 ], [ -16.510453987999881, 19.746989528000086 ], [ -16.507353917999978, 19.749869327000056 ], [ -16.50288081799988, 19.754599996000081 ], [ -16.500578770999937, 19.758277734999979 ], [ -16.500202778999892, 19.763254373 ], [ -16.4991817639999, 19.766723123000133 ], [ -16.496945721999964, 19.771425787000055 ], [ -16.496459717999926, 19.773930605000146 ], [ -16.498007766999933, 19.776324426000087 ], [ -16.500304828999901, 19.777228353000169 ], [ -16.502158871999939, 19.775865447 ], [ -16.506729965999966, 19.768790949000163 ], [ -16.509787019999976, 19.761378480000133 ], [ -16.512013065999952, 19.758078714000135 ], [ -16.515831150999929, 19.753991001000031 ], [ -16.51940523199994, 19.750758226000187 ], [ -16.52336631999998, 19.746569519000104 ], [ -16.523778320999952, 19.74369472800015 ], [ -16.527257393999946, 19.738971062000132 ], [ -16.527756396999962, 19.735905284000125 ], [ -16.52481232599996, 19.737327189999974 ] ] ], [ [ [ -16.336205805999896, 19.841253189000156 ], [ -16.333421744999953, 19.844395969000118 ], [ -16.332850736999944, 19.846343828999977 ], [ -16.337090859999932, 19.8503685230001 ], [ -16.34614712299998, 19.858853878000104 ], [ -16.354811378999955, 19.868202171000064 ], [ -16.359526518999871, 19.873416778000148 ], [ -16.365042676999963, 19.877932432000023 ], [ -16.368370767999977, 19.879388316000018 ], [ -16.374322909999876, 19.875979546000053 ], [ -16.375803934999965, 19.871925836000059 ], [ -16.377228948999971, 19.865443304000166 ], [ -16.37980399199995, 19.858290816000022 ], [ -16.381208009999966, 19.853024195000103 ], [ -16.384889086999976, 19.847588580000036 ], [ -16.385903092999968, 19.841689006000081 ], [ -16.383826020999948, 19.836472392000076 ], [ -16.381501940999954, 19.830519833000096 ], [ -16.381361918999914, 19.825244217000034 ], [ -16.385759009999958, 19.818553691000147 ], [ -16.390217107999945, 19.813590039000132 ], [ -16.392785175999961, 19.814058997000018 ], [ -16.39384521799991, 19.818161695000015 ], [ -16.394427257999951, 19.825658147000183 ], [ -16.399430396999946, 19.828378934000114 ], [ -16.4051805389999, 19.826477055000055 ], [ -16.412011705999873, 19.823582245000182 ], [ -16.418451857999912, 19.819258540000078 ], [ -16.42265394899988, 19.814167898000051 ], [ -16.423981966999975, 19.809280250000143 ], [ -16.425000964999981, 19.80113684000014 ], [ -16.423282897999968, 19.794544326000164 ], [ -16.421713842999964, 19.790281642000082 ], [ -16.420415785999978, 19.783245159000103 ], [ -16.420363767999902, 19.778572499000177 ], [ -16.422106791999965, 19.772399944000085 ], [ -16.423839807999855, 19.763750570000127 ], [ -16.425935835999894, 19.756109121000179 ], [ -16.425807814999871, 19.751020492 ], [ -16.424673770999846, 19.746546822000084 ], [ -16.431670934999943, 19.741585163000138 ], [ -16.4330409559999, 19.737349468000048 ], [ -16.435636006999857, 19.732813791000012 ], [ -16.441404139999975, 19.728106117000095 ], [ -16.446777275999921, 19.727300160000084 ], [ -16.444693238999889, 19.73204182 ], [ -16.448881336999932, 19.729057025000088 ], [ -16.451519393999888, 19.725968243000125 ], [ -16.453745445999971, 19.724210364000044 ], [ -16.45614949599991, 19.720573623000178 ], [ -16.459338561999914, 19.716005946000166 ], [ -16.461721615999977, 19.713586116000101 ], [ -16.460951583999872, 19.710121371000071 ], [ -16.462169600999857, 19.705847680000034 ], [ -16.464689646999886, 19.700147089000097 ], [ -16.464525617999925, 19.69295561500013 ], [ -16.464877618999935, 19.69069277900013 ], [ -16.465226609999945, 19.685297172 ], [ -16.464969578999956, 19.67820469100019 ], [ -16.463960536999878, 19.673350049000135 ], [ -16.460973443999933, 19.668696399000055 ], [ -16.459733398999902, 19.664882681000165 ], [ -16.457159314999899, 19.65969306900007 ], [ -16.456094262999954, 19.652410604000181 ], [ -16.454295189999982, 19.644560184000056 ], [ -16.452155126999912, 19.64224436000012 ], [ -16.449968054999886, 19.637641703000043 ], [ -16.448848013999964, 19.634148962000154 ], [ -16.447911974999954, 19.629664293000076 ], [ -16.44787196399983, 19.626721509000163 ], [ -16.448823977999893, 19.623723725000104 ], [ -16.449034978999975, 19.622356825000168 ], [ -16.45163604399994, 19.621794858000101 ], [ -16.449856988999954, 19.618899076000105 ], [ -16.445542877999856, 19.619133071000022 ], [ -16.441137759999947, 19.617969170000094 ], [ -16.438777687999902, 19.614544428000045 ], [ -16.436762626999894, 19.611848631000043 ], [ -16.43665361099994, 19.607833926000126 ], [ -16.436529597999879, 19.605129124000143 ], [ -16.434340522999946, 19.59973052600003 ], [ -16.431479445999912, 19.598576619000028 ], [ -16.43005842599996, 19.603563258000065 ], [ -16.427809385999922, 19.608827880000149 ], [ -16.423134280999932, 19.613522550000084 ], [ -16.419595212999923, 19.620401057000151 ], [ -16.418803212999933, 19.626661600999967 ], [ -16.413882104999914, 19.632165214000167 ], [ -16.408739001999891, 19.641187569000181 ], [ -16.403131886999859, 19.64995394500005 ], [ -16.398029769999937, 19.654204649 ], [ -16.392033647999938, 19.663880960000142 ], [ -16.38939159499995, 19.668465633000096 ], [ -16.385861526999975, 19.675483130000146 ], [ -16.38134743199987, 19.681899675000182 ], [ -16.376574332999894, 19.688937175000035 ], [ -16.371111217999953, 19.696854612999971 ], [ -16.368589166999925, 19.700965321000126 ], [ -16.365349114999901, 19.7101646590001 ], [ -16.363102079999976, 19.717019165000067 ], [ -16.361117049999962, 19.72329871300002 ], [ -16.359803029999966, 19.727624401000185 ], [ -16.357496000999902, 19.736632750000069 ], [ -16.35666099599996, 19.741446401000019 ], [ -16.355991003999918, 19.748822865000022 ], [ -16.354118963999952, 19.751449679000075 ], [ -16.351077905999944, 19.757552243000191 ], [ -16.348168847999943, 19.762618883000187 ], [ -16.348786870999902, 19.764502743000094 ], [ -16.351649945999839, 19.764907705000041 ], [ -16.35401101899987, 19.768333448000078 ], [ -16.353304009999931, 19.771270236000021 ], [ -16.353879036999956, 19.774792977000118 ], [ -16.351799001999893, 19.780375577000143 ], [ -16.352000012999952, 19.781954461000055 ], [ -16.354465069999947, 19.780043593000016 ], [ -16.354493079999884, 19.782800392000127 ], [ -16.352739044999964, 19.785701185999983 ], [ -16.352780063999887, 19.790981801000044 ], [ -16.352267062999829, 19.794609538000088 ], [ -16.351363056999901, 19.799895155000172 ], [ -16.349322019999931, 19.804540823000139 ], [ -16.34532892999988, 19.808217567000042 ], [ -16.340793816999962, 19.809679475000053 ], [ -16.334713664999981, 19.811084391000122 ], [ -16.332505614999889, 19.813121249000062 ], [ -16.328516515999979, 19.814553157000034 ], [ -16.32618946499997, 19.81706398100016 ], [ -16.322232378999956, 19.822093627000129 ], [ -16.322365397999931, 19.826481307000051 ], [ -16.322414419999916, 19.832650858000079 ], [ -16.323483466999903, 19.83843643300014 ], [ -16.326719563999973, 19.842328140000177 ], [ -16.33102067699997, 19.842656103000081 ], [ -16.33322472899988, 19.841321193000113 ], [ -16.33688881799992, 19.839486316000091 ], [ -16.336205805999896, 19.841253189000156 ] ] ], [ [ [ -16.528992995999943, 19.901345226000103 ], [ -16.526206929999887, 19.902899122000065 ], [ -16.52230684899996, 19.908814704000122 ], [ -16.519796793999944, 19.911568511000155 ], [ -16.520123819999981, 19.916801130000124 ], [ -16.521172862999947, 19.921358795000174 ], [ -16.522790914999973, 19.924163586000191 ], [ -16.523688941999922, 19.925399494000089 ], [ -16.528603047999979, 19.919272924000154 ], [ -16.528488035999885, 19.916708111000162 ], [ -16.529623053999956, 19.913467343000036 ], [ -16.532203104999951, 19.908698681000033 ], [ -16.533406124999942, 19.905733893000047 ], [ -16.532669090999889, 19.901239222000186 ], [ -16.528992995999943, 19.901345226000103 ] ] ], [ [ [ -16.555053745999885, 19.923495535000029 ], [ -16.550724636999973, 19.92429149100019 ], [ -16.544247474999906, 19.925717407000036 ], [ -16.539607364999938, 19.928634209000165 ], [ -16.534372239999925, 19.931583011000043 ], [ -16.529263118999893, 19.934945783000103 ], [ -16.525500027999954, 19.936786661000042 ], [ -16.522945971999889, 19.939637461000189 ], [ -16.521224933999974, 19.941507330999968 ], [ -16.515767801999914, 19.944094160000077 ], [ -16.50751760299994, 19.948141891000034 ], [ -16.502777495999965, 19.952606582000044 ], [ -16.502890506999904, 19.955125399 ], [ -16.507197614999939, 19.954003467000064 ], [ -16.511539716999948, 19.951102664000132 ], [ -16.516894851999893, 19.950017726000056 ], [ -16.520232932999875, 19.948526824000169 ], [ -16.525436057999968, 19.945860002000131 ], [ -16.529603159999965, 19.944091117000085 ], [ -16.532843235999906, 19.941858270000182 ], [ -16.535520295999902, 19.939375442000085 ], [ -16.538229356999977, 19.93661063400009 ], [ -16.541531434999968, 19.934560773000044 ], [ -16.546150542999897, 19.93131799400004 ], [ -16.551227663999953, 19.928238202000159 ], [ -16.556597788999909, 19.92429947200003 ], [ -16.556791790999966, 19.923447533000171 ], [ -16.555053745999885, 19.923495535000029 ] ] ], [ [ [ -16.453461545999915, 20.614158090000046 ], [ -16.456120617999943, 20.61481903400005 ], [ -16.458944686999928, 20.61360511200013 ], [ -16.461546755999905, 20.613892083000167 ], [ -16.463335799999982, 20.613443109000116 ], [ -16.466277875999936, 20.613163119999967 ], [ -16.467979920999937, 20.613418096000089 ], [ -16.4720310269999, 20.613729061000186 ], [ -16.475215107999929, 20.613071097999978 ], [ -16.476125123999907, 20.610998242999983 ], [ -16.476176115999976, 20.608377430000132 ], [ -16.476594120999891, 20.60673354700009 ], [ -16.477399132999892, 20.604381712000134 ], [ -16.478512154999976, 20.60249284300005 ], [ -16.478380145999949, 20.600810964000061 ], [ -16.47848213899988, 20.598282144000109 ], [ -16.480495184999825, 20.59642627 ], [ -16.48141020199995, 20.59463439600006 ], [ -16.48049216499993, 20.590999658000101 ], [ -16.480553158999896, 20.588892809000129 ], [ -16.480762156999958, 20.586737962000086 ], [ -16.481145153999933, 20.583223212000064 ], [ -16.481095152999899, 20.583223212000064 ], [ -16.481094152999901, 20.583177215000035 ], [ -16.480482134999875, 20.582484267000098 ], [ -16.481340152999906, 20.581505334000042 ], [ -16.481508154999972, 20.580876379000131 ], [ -16.481508151999947, 20.579933446000155 ], [ -16.480837130999873, 20.578833527000029 ], [ -16.479578094999965, 20.577968593000037 ], [ -16.478150053999855, 20.577025664000075 ], [ -16.475976993999893, 20.57578876000008 ], [ -16.473766931999933, 20.574692845000072 ], [ -16.471446864999962, 20.572667997000053 ], [ -16.468135774999951, 20.571492092000028 ], [ -16.464269666999883, 20.569411253000055 ], [ -16.460455560999947, 20.567373411 ], [ -16.458118493999962, 20.565864526000155 ], [ -16.454423394999935, 20.564895606999983 ], [ -16.451753323999981, 20.564386652000053 ], [ -16.449375262999979, 20.564561647000062 ], [ -16.448275238999884, 20.566024546000051 ], [ -16.447611231999929, 20.568865345000177 ], [ -16.447385235999946, 20.571542154000042 ], [ -16.448120265999933, 20.574447944000156 ], [ -16.448546283999917, 20.576435801000059 ], [ -16.448645291999867, 20.577972690000138 ], [ -16.44839229299987, 20.580230530000051 ], [ -16.448347299999966, 20.582527366000022 ], [ -16.449541344999943, 20.586382087 ], [ -16.45116240099992, 20.590239806000113 ], [ -16.451227414999892, 20.59370055800008 ], [ -16.452030445999981, 20.596542353000132 ], [ -16.453380490999962, 20.599281153000049 ], [ -16.45261148599991, 20.60355085000009 ], [ -16.452501499999983, 20.608278513000016 ], [ -16.453461545999915, 20.614158090000046 ] ] ], [ [ [ -16.487241341999948, 20.591362611000022 ], [ -16.486939342999904, 20.59389343100014 ], [ -16.486629342999947, 20.595957284000121 ], [ -16.485728327999936, 20.598497106000139 ], [ -16.485676335999869, 20.601070922000076 ], [ -16.485318334999931, 20.603228769 ], [ -16.484184316999972, 20.606662527000083 ], [ -16.483697316999894, 20.609991290999972 ], [ -16.483310318999941, 20.613319054999977 ], [ -16.483312328999943, 20.616079858000091 ], [ -16.484048354999913, 20.617986719000044 ], [ -16.48532639299998, 20.619557603000146 ], [ -16.486837425999909, 20.617615737000051 ], [ -16.488550460999932, 20.615157907000082 ], [ -16.489595479999878, 20.612894065000035 ], [ -16.490436490999912, 20.609839281 ], [ -16.490795492999951, 20.607682434000026 ], [ -16.491739506999977, 20.604766639000047 ], [ -16.491688495999938, 20.602053833000127 ], [ -16.491193473999942, 20.599629007999965 ], [ -16.490899448999926, 20.594627366000054 ], [ -16.491105445999949, 20.592331529000035 ], [ -16.490631428999961, 20.59102862400016 ], [ -16.487951352999971, 20.58929275700018 ], [ -16.487241341999948, 20.591362611000022 ] ] ], [ [ [ -16.496029635999946, 20.609799265999982 ], [ -16.494969615999935, 20.611874120999971 ], [ -16.493756591999897, 20.61376499000005 ], [ -16.493060582999874, 20.616535794000129 ], [ -16.492945596999959, 20.621029473000078 ], [ -16.493301616999929, 20.624018259000081 ], [ -16.493677640999863, 20.628082967000125 ], [ -16.495333694999943, 20.631144744000096 ], [ -16.496698742999968, 20.634679487000085 ], [ -16.498199791999923, 20.637509280000188 ], [ -16.501450877999957, 20.637740253 ], [ -16.503630930999975, 20.636817312000119 ], [ -16.506035984999926, 20.634580464000123 ], [ -16.505156946999932, 20.630336770000042 ], [ -16.504994930999942, 20.627064004000147 ], [ -16.504340903999889, 20.624127216000147 ], [ -16.504315888999884, 20.620197497000163 ], [ -16.504647884999827, 20.616589753000085 ], [ -16.503886852999926, 20.613325989000032 ], [ -16.502974816999938, 20.609972231000029 ], [ -16.501123758999938, 20.607147439000073 ], [ -16.49836668599994, 20.606628485000101 ], [ -16.496029635999946, 20.609799265999982 ] ] ] ] } }
]
}
