{
"type": "FeatureCollection",
"name": "mrt_admin2",
"crs": { "type": "name", "properties": { "name": "urn:ogc:def:crs:OGC:1.3:CRS84" } },
"features": [
{ "type": "Feature", "properties": { "adm2_name": "Ouadane", "adm2_name1": null, "adm2_name2": null, "adm2_name3": null, "adm2_pcode": "MR074", "adm1_name": "Adrar", "adm1_name1": null, "adm1_name2": null, "adm1_name3": null, "adm1_pcode": "MR07", "adm0_name": "Mauritanie", "adm0_name1": null, "adm0_name2": null, "adm0_name3": null, "adm0_pcode": "MR", "valid_on": "2024-03-27", "valid_to": null, "area_sqkm": 118032.62767836, "version": "v03", "lang": "fr", "lang1": null, "lang2": null, "lang3": null, "adm2_ref": "None", "center_lat": 22.35999638, "center_lon": -8.12984823 }, "geometry": { "type": "Polygon", "coordinates": [ [ [ -6.358324104999895, 23.138838302000067 ], [ -6.363921043999824, 23.186417966000022 ], [ -6.399233, 23.483019000000183 ], [ -6.47548830799991, 24.169587684000135 ], [ -6.492609636999816, 24.331201031000091 ], [ -6.493345818999956, 24.330726850000076 ], [ -10.762150796999947, 21.581154453000181 ], [ -11.621136219999869, 21.514529545000187 ], [ -12.382855701999972, 21.353659875000176 ], [ -12.3890608399999, 21.344560491000095 ], [ -12.396211011999981, 21.338182916000108 ], [ -12.402721156999974, 21.328631562000112 ], [ -12.403945145999899, 21.314039574000162 ], [ -12.405274149999912, 21.303777284000148 ], [ -12.407925181999872, 21.290974169000151 ], [ -12.41887844799993, 21.281999764000034 ], [ -12.427487649999875, 21.272733387000073 ], [ -12.439404943999932, 21.264599922000116 ], [ -12.444878053999901, 21.252684738000141 ], [ -12.449595133999935, 21.237357793 ], [ -12.454275226999926, 21.226943507000044 ], [ -12.455578244999913, 21.221242900999982 ], [ -12.45648423199998, 21.20874877000017 ], [ -12.458773264999934, 21.199446413999965 ], [ -12.458421207999947, 21.183762509000189 ], [ -12.458805182999924, 21.17207432400005 ], [ -12.459720164999965, 21.157831317000102 ], [ -12.462106117999951, 21.120683907000171 ], [ -11.790919575999965, 20.906084674000169 ], [ -11.986068289999878, 20.731457485000078 ], [ -11.753163418999975, 20.495115800000178 ], [ -7.466007471999887, 20.692114011000115 ], [ -7.449811563999901, 20.698839382000131 ], [ -6.358324104999895, 23.138838302000067 ] ] ] } },
{ "type": "Feature", "properties": { "adm2_name": "Atar", "adm2_name1": null, "adm2_name2": null, "adm2_name3": null, "adm2_pcode": "MR072", "adm1_name": "Adrar", "adm1_name1": null, "adm1_name2": null, "adm1_name3": null, "adm1_pcode": "MR07", "adm0_name": "Mauritanie", "adm0_name1": null, "adm0_name2": null, "adm0_name3": null, "adm0_pcode": "MR", "valid_on": "2024-03-27", "valid_to": null, "area_sqkm": 21678.628010380002, "version": "v03", "lang": "fr", "lang1": null, "lang2": null, "lang3": null, "adm2_ref": "None", "center_lat": 20.62472106, "center_lon": -13.43269619 }, "geometry": { "type": "Polygon", "coordinates": [ [ [ -12.470722491999823, 20.83219114000002 ], [ -12.462106117999951, 21.120683907000171 ], [ -12.459720164999965, 21.157831317000102 ], [ -12.458805182999924, 21.17207432400005 ], [ -12.458421207999947, 21.183762509000189 ], [ -12.458773264999934, 21.199446413999965 ], [ -12.45648423199998, 21.20874877000017 ], [ -12.455578244999913, 21.221242900999982 ], [ -12.454275226999926, 21.226943507000044 ], [ -12.449595133999935, 21.237357793 ], [ -12.444878053999901, 21.252684738000141 ], [ -12.439404943999932, 21.264599922000116 ], [ -12.427487649999875, 21.272733387000073 ], [ -12.41887844799993, 21.281999764000034 ], [ -12.407925181999872, 21.290974169000151 ], [ -12.405274149999912, 21.303777284000148 ], [ -12.403945145999899, 21.314039574000162 ], [ -12.402721156999974, 21.328631562000112 ], [ -12.396211011999981, 21.338182916000108 ], [ -12.3890608399999, 21.344560491000095 ], [ -12.382855701999972, 21.353659875000176 ], [ -13.016461295999818, 21.573100947000171 ], [ -13.028850081999906, 21.578795941000067 ], [ -13.000461129999962, 21.338117291000117 ], [ -13.342668037999942, 21.337748266 ], [ -13.522075861999951, 21.337570221000135 ], [ -13.667561525999872, 21.337425843000062 ], [ -13.667680060999942, 21.333357984000031 ], [ -13.67570001699994, 21.1999 ], [ -13.752506812999968, 21.152249770000083 ], [ -14.115555735999976, 20.927017555000134 ], [ -14.113975650999976, 20.711849179000183 ], [ -14.02213844399995, 19.785929066 ], [ -13.981014708999965, 19.670621338000046 ], [ -13.974693776999914, 19.673968129000116 ], [ -13.815659832999927, 19.749881036999966 ], [ -13.800921458999937, 19.754418747000102 ], [ -13.783890013999951, 19.755018748999987 ], [ -13.779778931999942, 19.76360513700007 ], [ -13.766068592999943, 19.770579667 ], [ -13.669684170999915, 19.80749924600002 ], [ -13.65641983199987, 19.810730047000106 ], [ -13.64375750399995, 19.812433957000053 ], [ -13.626160055999947, 19.817130663000171 ], [ -13.615226770999925, 19.817991630000051 ], [ -13.605767520999905, 19.817546687000117 ], [ -13.592058154999904, 19.815528869000161 ], [ -13.579658836999897, 19.81827970300003 ], [ -13.568156547999877, 19.823003391000043 ], [ -13.547095011999943, 19.829035010000041 ], [ -13.532392646999938, 19.836258525000062 ], [ -13.523688444999948, 19.845495879 ], [ -13.515524239999877, 19.848769664000088 ], [ -13.50480998099988, 19.85651813100003 ], [ -13.494860745999915, 19.865657496000097 ], [ -13.482666450999943, 19.874361898000188 ], [ -13.471421170999974, 19.879665544000034 ], [ -13.458510862999958, 19.890599787000156 ], [ -13.450657679999892, 19.898423242000092 ], [ -13.450609720999921, 19.913023187000078 ], [ -13.438908437999942, 19.921370615000114 ], [ -13.42759716799992, 19.930996949000075 ], [ -13.41504586699989, 19.940875269000117 ], [ -13.394712371999958, 19.954604331000041 ], [ -13.388539218999824, 19.957965105000142 ], [ -13.383855077999954, 19.951960550000081 ], [ -13.375446866999937, 19.955588311000099 ], [ -13.358049465999954, 19.974880964000079 ], [ -13.386873405999836, 20.036124472000154 ], [ -13.311998673999881, 20.117810791000124 ], [ -13.302838467999948, 20.130091933000017 ], [ -13.294719300999873, 20.145744830000126 ], [ -13.279958946999955, 20.157757006000111 ], [ -13.267441652999878, 20.170087154000157 ], [ -13.263140577999877, 20.182997238000041 ], [ -13.246476164999876, 20.192235619000144 ], [ -13.236008910999885, 20.199863100000016 ], [ -13.219820532999904, 20.216568944000073 ], [ -13.206950234999965, 20.230422985000189 ], [ -13.195366978999971, 20.247410798000033 ], [ -13.184289737999961, 20.264975570000104 ], [ -13.170994443999973, 20.284091236000108 ], [ -13.161794227999849, 20.293452591000062 ], [ -13.146500851999861, 20.302903955000147 ], [ -13.132741524999972, 20.315369099000122 ], [ -13.123930323999957, 20.32589237000019 ], [ -13.111725023999838, 20.333779839000044 ], [ -13.105317867999929, 20.338195540000129 ], [ -13.104277857999875, 20.343934133000175 ], [ -13.099836774999858, 20.355678305000083 ], [ -13.094011651999892, 20.366275564000148 ], [ -13.083005374999971, 20.370875264000063 ], [ -13.074015155999973, 20.377430820000143 ], [ -13.072131129999946, 20.385166273000095 ], [ -13.073621194999873, 20.394020637000096 ], [ -13.070117124999854, 20.401547109000091 ], [ -13.06179790799996, 20.402603056000146 ], [ -13.057091787999923, 20.404073963000087 ], [ -13.053622725999958, 20.414335240000071 ], [ -13.047801599999957, 20.423676590000071 ], [ -13.043028467999932, 20.421565753000152 ], [ -13.038824334999958, 20.414269284000113 ], [ -13.02844504799998, 20.410216600000183 ], [ -13.025275977999968, 20.41493527199998 ], [ -13.030266139999924, 20.42513953100007 ], [ -13.029879153999957, 20.433203958000036 ], [ -13.019103878999886, 20.436515750000126 ], [ -13.007979598999952, 20.441584418000161 ], [ -12.997782329999836, 20.441734434000125 ], [ -12.986792055999899, 20.447501052000121 ], [ -12.980269897999904, 20.452618705000134 ], [ -12.964634464999961, 20.446191204000115 ], [ -12.955788226999971, 20.445036309000045 ], [ -12.960677391999923, 20.456877453000118 ], [ -12.958529354999939, 20.463565982000091 ], [ -12.949181102999944, 20.462068113000043 ], [ -12.944386960999964, 20.457116479000149 ], [ -12.938301801999955, 20.457789447000039 ], [ -12.940042874999961, 20.46687379500014 ], [ -12.934136731999956, 20.471515480000051 ], [ -12.922673423999981, 20.47004861500011 ], [ -12.911694125999873, 20.467523823000079 ], [ -12.909119038999961, 20.46113728500012 ], [ -12.905071916999873, 20.456291641000121 ], [ -12.898739751999869, 20.457085601000074 ], [ -12.896356710999953, 20.464712064000082 ], [ -12.890528587999938, 20.475075341000149 ], [ -12.884612415999982, 20.46990572500016 ], [ -12.875904184999968, 20.469799755000111 ], [ -12.86659796899994, 20.480448021000086 ], [ -12.863344878999953, 20.479094126000064 ], [ -12.860123822999981, 20.489069425000025 ], [ -12.853131658999928, 20.496178937000138 ], [ -12.849479578999933, 20.501955536000139 ], [ -12.851999652999893, 20.504371357000082 ], [ -12.862470935999966, 20.50608620800017 ], [ -12.871931187999962, 20.506648143 ], [ -12.872300223999957, 20.515402520000066 ], [ -12.86853014199994, 20.521648085000152 ], [ -12.863276022999969, 20.528499612000132 ], [ -12.857394885999895, 20.535009165000076 ], [ -12.851631724999891, 20.531940398000074 ], [ -12.848452624999936, 20.526847768000039 ], [ -12.846661566999899, 20.523254028000053 ], [ -12.843079450999824, 20.515948557 ], [ -12.8376383129999, 20.518247408000093 ], [ -12.831785156999956, 20.517748459000074 ], [ -12.825572992999923, 20.51819044400014 ], [ -12.81958685799998, 20.526102897000158 ], [ -12.824146995999911, 20.532109458000036 ], [ -12.82275998199998, 20.53983891200005 ], [ -12.82779012799989, 20.543852614000173 ], [ -12.82679912899988, 20.553210951999972 ], [ -12.820442984999943, 20.561362389000067 ], [ -12.815312868999854, 20.568211916000052 ], [ -12.807343681999953, 20.576621340000031 ], [ -12.795033382999975, 20.58591171300003 ], [ -12.785758174999899, 20.598894816000154 ], [ -12.777928995999957, 20.608470157000056 ], [ -12.769975812999974, 20.618047499000056 ], [ -12.762210621999884, 20.623183155000106 ], [ -12.757037495999953, 20.62687990600017 ], [ -12.751556348999941, 20.626258965000034 ], [ -12.746531203999837, 20.622595237000155 ], [ -12.740951032999874, 20.614735808999967 ], [ -12.740928000999929, 20.6039905720001 ], [ -12.74403605699996, 20.595085194999967 ], [ -12.738660924999863, 20.59877694700009 ], [ -12.729237675999912, 20.598898963000067 ], [ -12.711335193999957, 20.596827157000064 ], [ -12.707471071999976, 20.589948655000057 ], [ -12.700363853999875, 20.579949383000155 ], [ -12.691574607999826, 20.575875695000093 ], [ -12.678458246999924, 20.571463043 ], [ -12.66277282599998, 20.569795202000137 ], [ -12.646755402999872, 20.570692180000094 ], [ -12.630537981999908, 20.573924992000059 ], [ -12.613366521999865, 20.572221158000104 ], [ -12.598004123999942, 20.575824942000054 ], [ -12.578798624999877, 20.579452734000029 ], [ -12.564303249999966, 20.583077514000081 ], [ -12.548355833999949, 20.585615374999975 ], [ -12.528632322999954, 20.589932120000014 ], [ -12.470722491999823, 20.83219114000002 ] ] ] } },
{ "type": "Feature", "properties": { "adm2_name": "Aoujeft", "adm2_name1": null, "adm2_name2": null, "adm2_name3": null, "adm2_pcode": "MR071", "adm1_name": "Adrar", "adm1_name1": null, "adm1_name2": null, "adm1_name3": null, "adm1_pcode": "MR07", "adm0_name": "Mauritanie", "adm0_name1": null, "adm0_name2": null, "adm0_name3": null, "adm0_pcode": "MR", "valid_on": "2024-03-27", "valid_to": null, "area_sqkm": 24516.739739960001, "version": "v03", "lang": "fr", "lang1": null, "lang2": null, "lang3": null, "adm2_ref": "None", "center_lat": 19.55507599, "center_lon": -13.21600097 }, "geometry": { "type": "Polygon", "coordinates": [ [ [ -12.784040893999929, 20.518916501000092 ], [ -12.775122664999913, 20.521616332000121 ], [ -12.768018500999915, 20.529662778999977 ], [ -12.760489339999936, 20.542970852000053 ], [ -12.754934227999911, 20.555082007000181 ], [ -12.747374086999855, 20.575164600000107 ], [ -12.745476082999915, 20.590959484000109 ], [ -12.74403605699996, 20.595085194999967 ], [ -12.740928000999929, 20.6039905720001 ], [ -12.740951032999874, 20.614735808999967 ], [ -12.746531203999837, 20.622595237000155 ], [ -12.751556348999941, 20.626258965000034 ], [ -12.757037495999953, 20.62687990600017 ], [ -12.762210621999884, 20.623183155000106 ], [ -12.769975812999974, 20.618047499000056 ], [ -12.777928995999957, 20.608470157000056 ], [ -12.785758174999899, 20.598894816000154 ], [ -12.795033382999975, 20.58591171300003 ], [ -12.807343681999953, 20.576621340000031 ], [ -12.815312868999854, 20.568211916000052 ], [ -12.820442984999943, 20.561362389000067 ], [ -12.82679912899988, 20.553210951999972 ], [ -12.82779012799989, 20.543852614000173 ], [ -12.82275998199998, 20.53983891200005 ], [ -12.824146995999911, 20.532109458000036 ], [ -12.81958685799998, 20.526102897000158 ], [ -12.825572992999923, 20.51819044400014 ], [ -12.831785156999956, 20.517748459000074 ], [ -12.8376383129999, 20.518247408000093 ], [ -12.843079450999824, 20.515948557 ], [ -12.846661566999899, 20.523254028000053 ], [ -12.848452624999936, 20.526847768000039 ], [ -12.851631724999891, 20.531940398000074 ], [ -12.857394885999895, 20.535009165000076 ], [ -12.863276022999969, 20.528499612000132 ], [ -12.86853014199994, 20.521648085000152 ], [ -12.872300223999957, 20.515402520000066 ], [ -12.871931187999962, 20.506648143 ], [ -12.862470935999966, 20.50608620800017 ], [ -12.851999652999893, 20.504371357000082 ], [ -12.849479578999933, 20.501955536000139 ], [ -12.853131658999928, 20.496178937000138 ], [ -12.860123822999981, 20.489069425000025 ], [ -12.863344878999953, 20.479094126000064 ], [ -12.86659796899994, 20.480448021000086 ], [ -12.875904184999968, 20.469799755000111 ], [ -12.884612415999982, 20.46990572500016 ], [ -12.890528587999938, 20.475075341000149 ], [ -12.896356710999953, 20.464712064000082 ], [ -12.898739751999869, 20.457085601000074 ], [ -12.905071916999873, 20.456291641000121 ], [ -12.909119038999961, 20.46113728500012 ], [ -12.911694125999873, 20.467523823000079 ], [ -12.922673423999981, 20.47004861500011 ], [ -12.934136731999956, 20.471515480000051 ], [ -12.940042874999961, 20.46687379500014 ], [ -12.938301801999955, 20.457789447000039 ], [ -12.944386960999964, 20.457116479000149 ], [ -12.949181102999944, 20.462068113000043 ], [ -12.958529354999939, 20.463565982000091 ], [ -12.960677391999923, 20.456877453000118 ], [ -12.955788226999971, 20.445036309000045 ], [ -12.964634464999961, 20.446191204000115 ], [ -12.980269897999904, 20.452618705000134 ], [ -12.986792055999899, 20.447501052000121 ], [ -12.997782329999836, 20.441734434000125 ], [ -13.007979598999952, 20.441584418000161 ], [ -13.019103878999886, 20.436515750000126 ], [ -13.029879153999957, 20.433203958000036 ], [ -13.030266139999924, 20.42513953100007 ], [ -13.025275977999968, 20.41493527199998 ], [ -13.02844504799998, 20.410216600000183 ], [ -13.038824334999958, 20.414269284000113 ], [ -13.043028467999932, 20.421565753000152 ], [ -13.047801599999957, 20.423676590000071 ], [ -13.053622725999958, 20.414335240000071 ], [ -13.057091787999923, 20.404073963000087 ], [ -13.06179790799996, 20.402603056000146 ], [ -13.070117124999854, 20.401547109000091 ], [ -13.073621194999873, 20.394020637000096 ], [ -13.072131129999946, 20.385166273000095 ], [ -13.074015155999973, 20.377430820000143 ], [ -13.083005374999971, 20.370875264000063 ], [ -13.094011651999892, 20.366275564000148 ], [ -13.099836774999858, 20.355678305000083 ], [ -13.104277857999875, 20.343934133000175 ], [ -13.105317867999929, 20.338195540000129 ], [ -13.111725023999838, 20.333779839000044 ], [ -13.123930323999957, 20.32589237000019 ], [ -13.132741524999972, 20.315369099000122 ], [ -13.146500851999861, 20.302903955000147 ], [ -13.161794227999849, 20.293452591000062 ], [ -13.170994443999973, 20.284091236000108 ], [ -13.184289737999961, 20.264975570000104 ], [ -13.195366978999971, 20.247410798000033 ], [ -13.206950234999965, 20.230422985000189 ], [ -13.219820532999904, 20.216568944000073 ], [ -13.236008910999885, 20.199863100000016 ], [ -13.246476164999876, 20.192235619000144 ], [ -13.263140577999877, 20.182997238000041 ], [ -13.267441652999878, 20.170087154000157 ], [ -13.279958946999955, 20.157757006000111 ], [ -13.294719300999873, 20.145744830000126 ], [ -13.302838467999948, 20.130091933000017 ], [ -13.311998673999881, 20.117810791000124 ], [ -13.386873405999836, 20.036124472000154 ], [ -13.358049465999954, 19.974880964000079 ], [ -13.375446866999937, 19.955588311000099 ], [ -13.383855077999954, 19.951960550000081 ], [ -13.388539218999824, 19.957965105000142 ], [ -13.394712371999958, 19.954604331000041 ], [ -13.41504586699989, 19.940875269000117 ], [ -13.42759716799992, 19.930996949000075 ], [ -13.438908437999942, 19.921370615000114 ], [ -13.450609720999921, 19.913023187000078 ], [ -13.450657679999892, 19.898423242000092 ], [ -13.458510862999958, 19.890599787000156 ], [ -13.471421170999974, 19.879665544000034 ], [ -13.482666450999943, 19.874361898000188 ], [ -13.494860745999915, 19.865657496000097 ], [ -13.50480998099988, 19.85651813100003 ], [ -13.515524239999877, 19.848769664000088 ], [ -13.523688444999948, 19.845495879 ], [ -13.532392646999938, 19.836258525000062 ], [ -13.547095011999943, 19.829035010000041 ], [ -13.568156547999877, 19.823003391000043 ], [ -13.579658836999897, 19.81827970300003 ], [ -13.592058154999904, 19.815528869000161 ], [ -13.605767520999905, 19.817546687000117 ], [ -13.615226770999925, 19.817991630000051 ], [ -13.626160055999947, 19.817130663000171 ], [ -13.64375750399995, 19.812433957000053 ], [ -13.65641983199987, 19.810730047000106 ], [ -13.669684170999915, 19.80749924600002 ], [ -13.766068592999943, 19.770579667 ], [ -13.779778931999942, 19.76360513700007 ], [ -13.783890013999951, 19.755018748999987 ], [ -13.800921458999937, 19.754418747000102 ], [ -13.815659832999927, 19.749881036999966 ], [ -13.974693776999914, 19.673968129000116 ], [ -13.981014708999965, 19.670621338000046 ], [ -13.973597439999878, 19.649823896000044 ], [ -14.217264400999966, 19.43145018000007 ], [ -14.262487312999895, 19.001281714000129 ], [ -13.84140625099991, 19.000830570000119 ], [ -13.332357009999896, 19.000285177000023 ], [ -13.20623270599998, 19.000285491 ], [ -13.203388019999977, 18.99793801200002 ], [ -12.669443453999918, 18.557318638000083 ], [ -12.346377848999964, 18.896901205 ], [ -11.864475896999977, 19.189038824000079 ], [ -12.058529646999887, 19.428308868000045 ], [ -12.248394748999942, 19.460328080000068 ], [ -12.586431514999958, 19.767442934000087 ], [ -12.60351465899987, 19.783121871 ], [ -12.786710322999909, 19.951259145000051 ], [ -12.797707650999882, 19.964178186000026 ], [ -12.831687005999981, 19.987153525000053 ], [ -12.802238936999913, 20.022508971999969 ], [ -12.7986578739999, 20.033540187000085 ], [ -12.791199728999914, 20.051985878000153 ], [ -12.787522668999884, 20.065003951 ], [ -12.783245597999951, 20.079665908000152 ], [ -12.780690567999898, 20.092900963000034 ], [ -12.780383599999936, 20.106803965000154 ], [ -12.778112584999974, 20.12260483600005 ], [ -12.776586589999908, 20.138277714000083 ], [ -12.78484784599982, 20.151237763000097 ], [ -12.79059002799994, 20.161780992 ], [ -12.793697135999878, 20.170729342000186 ], [ -12.801828386999944, 20.183223425 ], [ -12.815711796999892, 20.197969332000184 ], [ -12.821536998999875, 20.214585126000088 ], [ -12.823639104999813, 20.231839884000067 ], [ -12.823729152999874, 20.247488763000035 ], [ -12.823253197999918, 20.26723435100007 ], [ -12.816341051999927, 20.280183443000169 ], [ -12.812306986999943, 20.294374438000034 ], [ -12.81241603899997, 20.31142421900006 ], [ -12.815392168999949, 20.32889996200015 ], [ -12.823456430999954, 20.345599748000041 ], [ -12.828541615999882, 20.362694515000044 ], [ -12.833528802999979, 20.381775140000059 ], [ -12.839201996999975, 20.396408081000118 ], [ -12.846071237999979, 20.416629621000141 ], [ -12.850274396999964, 20.432918449000113 ], [ -12.849248415999966, 20.448818319000111 ], [ -12.85092149999997, 20.461991376000185 ], [ -12.84644240699987, 20.470932751000078 ], [ -12.835341158999938, 20.486746655000047 ], [ -12.823211877999881, 20.500238727000124 ], [ -12.815212683999903, 20.506429307000019 ], [ -12.802103351999961, 20.511876954 ], [ -12.784040893999929, 20.518916501000092 ] ] ] } },
{ "type": "Feature", "properties": { "adm2_name": "Chinguitti", "adm2_name1": null, "adm2_name2": null, "adm2_name3": null, "adm2_pcode": "MR073", "adm1_name": "Adrar", "adm1_name1": null, "adm1_name2": null, "adm1_name3": null, "adm1_pcode": "MR07", "adm0_name": "Mauritanie", "adm0_name1": null, "adm0_name2": null, "adm0_name3": null, "adm0_pcode": "MR", "valid_on": "2024-03-27", "valid_to": null, "area_sqkm": 57704.208462529998, "version": "v03", "lang": "fr", "lang1": null, "lang2": null, "lang3": null, "adm2_ref": "None", "center_lat": 20.15650938, "center_lon": -10.24493285 }, "geometry": { "type": "Polygon", "coordinates": [ [ [ -11.986068289999878, 20.731457485000078 ], [ -11.790919575999965, 20.906084674000169 ], [ -12.462106117999951, 21.120683907000171 ], [ -12.470722491999823, 20.83219114000002 ], [ -12.528632322999954, 20.589932120000014 ], [ -12.548355833999949, 20.585615374999975 ], [ -12.564303249999966, 20.583077514000081 ], [ -12.578798624999877, 20.579452734000029 ], [ -12.598004123999942, 20.575824942000054 ], [ -12.613366521999865, 20.572221158000104 ], [ -12.630537981999908, 20.573924992000059 ], [ -12.646755402999872, 20.570692180000094 ], [ -12.66277282599998, 20.569795202000137 ], [ -12.678458246999924, 20.571463043 ], [ -12.691574607999826, 20.575875695000093 ], [ -12.700363853999875, 20.579949383000155 ], [ -12.707471071999976, 20.589948655000057 ], [ -12.711335193999957, 20.596827157000064 ], [ -12.729237675999912, 20.598898963000067 ], [ -12.738660924999863, 20.59877694700009 ], [ -12.74403605699996, 20.595085194999967 ], [ -12.745476082999915, 20.590959484000109 ], [ -12.747374086999855, 20.575164600000107 ], [ -12.754934227999911, 20.555082007000181 ], [ -12.760489339999936, 20.542970852000053 ], [ -12.768018500999915, 20.529662778999977 ], [ -12.775122664999913, 20.521616332000121 ], [ -12.784040893999929, 20.518916501000092 ], [ -12.802103351999961, 20.511876954 ], [ -12.815212683999903, 20.506429307000019 ], [ -12.823211877999881, 20.500238727000124 ], [ -12.835341158999938, 20.486746655000047 ], [ -12.84644240699987, 20.470932751000078 ], [ -12.85092149999997, 20.461991376000185 ], [ -12.849248415999966, 20.448818319000111 ], [ -12.850274396999964, 20.432918449000113 ], [ -12.846071237999979, 20.416629621000141 ], [ -12.839201996999975, 20.396408081000118 ], [ -12.833528802999979, 20.381775140000059 ], [ -12.828541615999882, 20.362694515000044 ], [ -12.823456430999954, 20.345599748000041 ], [ -12.815392168999949, 20.32889996200015 ], [ -12.81241603899997, 20.31142421900006 ], [ -12.812306986999943, 20.294374438000034 ], [ -12.816341051999927, 20.280183443000169 ], [ -12.823253197999918, 20.26723435100007 ], [ -12.823729152999874, 20.247488763000035 ], [ -12.823639104999813, 20.231839884000067 ], [ -12.821536998999875, 20.214585126000088 ], [ -12.815711796999892, 20.197969332000184 ], [ -12.801828386999944, 20.183223425 ], [ -12.793697135999878, 20.170729342000186 ], [ -12.79059002799994, 20.161780992 ], [ -12.78484784599982, 20.151237763000097 ], [ -12.776586589999908, 20.138277714000083 ], [ -12.778112584999974, 20.12260483600005 ], [ -12.780383599999936, 20.106803965000154 ], [ -12.780690567999898, 20.092900963000034 ], [ -12.783245597999951, 20.079665908000152 ], [ -12.787522668999884, 20.065003951 ], [ -12.791199728999914, 20.051985878000153 ], [ -12.7986578739999, 20.033540187000085 ], [ -12.802238936999913, 20.022508971999969 ], [ -12.831687005999981, 19.987153525000053 ], [ -12.797707650999882, 19.964178186000026 ], [ -12.786710322999909, 19.951259145000051 ], [ -12.60351465899987, 19.783121871 ], [ -12.586431514999958, 19.767442934000087 ], [ -12.248394748999942, 19.460328080000068 ], [ -12.058529646999887, 19.428308868000045 ], [ -11.864475896999977, 19.189038824000079 ], [ -11.670120116999897, 19.329535988000032 ], [ -11.593832757999962, 19.297421408000105 ], [ -11.44395, 19.2339 ], [ -11.407685893999826, 19.463962815000173 ], [ -11.003116486999886, 19.75361069000013 ], [ -7.879917784999975, 19.753294023000137 ], [ -7.466007471999887, 20.692114011000115 ], [ -11.753163418999975, 20.495115800000178 ], [ -11.986068289999878, 20.731457485000078 ] ] ] } },
{ "type": "Feature", "properties": { "adm2_name": "Guerou", "adm2_name1": null, "adm2_name2": null, "adm2_name3": null, "adm2_pcode": "MR033", "adm1_name": "Assaba", "adm1_name1": null, "adm1_name2": null, "adm1_name3": null, "adm1_pcode": "MR03", "adm0_name": "Mauritanie", "adm0_name1": null, "adm0_name2": null, "adm0_name3": null, "adm0_pcode": "MR", "valid_on": "2024-03-27", "valid_to": null, "area_sqkm": 2800.6972917399999, "version": "v03", "lang": "fr", "lang1": null, "lang2": null, "lang3": null, "adm2_ref": "None", "center_lat": 16.87572462, "center_lon": -11.92930856 }, "geometry": { "type": "Polygon", "coordinates": [ [ [ -11.952124155999968, 17.094875793000028 ], [ -11.952146397999911, 17.094884902 ], [ -11.985094046999848, 17.108377689000065 ], [ -12.001205482999922, 17.115091140000175 ], [ -12.035250403999953, 17.129879936000066 ], [ -12.200465840999982, 17.185645315000102 ], [ -12.207422033999933, 17.190479929999981 ], [ -12.21448522399993, 17.193224704000102 ], [ -12.220787391999977, 17.194523592000053 ], [ -12.226513542999953, 17.195540502000028 ], [ -12.231951686999935, 17.196276433999969 ], [ -12.241129933999957, 17.19973314900011 ], [ -12.247425103999888, 17.202285941000071 ], [ -12.25362027299991, 17.205350693000184 ], [ -12.259958445999871, 17.20878641600018 ], [ -12.26427456599987, 17.212023159000182 ], [ -12.267722663999962, 17.215299901000037 ], [ -12.27328881699998, 17.219055602000026 ], [ -12.278806968999959, 17.222579320000079 ], [ -12.284858133999876, 17.225549080000121 ], [ -12.285355147999951, 17.225895052000169 ], [ -12.285625155999924, 17.226260024000169 ], [ -12.285873162999906, 17.226410012000144 ], [ -12.28615316999992, 17.226580998000088 ], [ -12.28328099099997, 17.181451459000186 ], [ -12.275121776999868, 17.180832524000039 ], [ -12.274954751999815, 17.172054197000023 ], [ -12.271429651999824, 17.168424482000148 ], [ -12.271148637999943, 17.165584701000114 ], [ -12.270982620999973, 17.160147118000054 ], [ -12.273429671999907, 17.154425551000145 ], [ -12.272430633999932, 17.149426936000168 ], [ -12.271429593999926, 17.143426398000031 ], [ -12.270430551999937, 17.136426937000067 ], [ -12.272430594999946, 17.132427239000037 ], [ -12.272317556999838, 17.117277401000138 ], [ -12.270459497999923, 17.112639759999979 ], [ -12.264060325999822, 17.110262956000156 ], [ -12.256302115999972, 17.107012222000151 ], [ -12.25400704499998, 17.102005611000038 ], [ -12.255105063999963, 17.098046912000143 ], [ -12.258412130999943, 17.089379570000119 ], [ -12.256686066999919, 17.081348190000142 ], [ -12.256118030999914, 17.072100901 ], [ -12.258358068999883, 17.06302159300003 ], [ -12.261727144999952, 17.057979973000101 ], [ -12.260771098999896, 17.048595696 ], [ -12.259188036999831, 17.039819373000114 ], [ -12.261669079999933, 17.030366093999987 ], [ -12.26307809399998, 17.020420855000054 ], [ -12.264711132999935, 17.018537996000134 ], [ -12.262536059999888, 17.011461544000099 ], [ -12.262429034999911, 17.001586303000067 ], [ -12.264768075999939, 16.993063954000036 ], [ -12.264731052999878, 16.983487690000118 ], [ -12.267411104999951, 16.975475300000085 ], [ -12.275772313999937, 16.97184256200012 ], [ -12.282552492999969, 16.972729479 ], [ -12.286124579999864, 16.969963685000153 ], [ -12.281505446999859, 16.964740096000071 ], [ -12.273098209999944, 16.956611739000152 ], [ -12.269694111999911, 16.952542059 ], [ -12.265463990999876, 16.947873427000104 ], [ -12.259981840999956, 16.944746679000048 ], [ -12.256153739999945, 16.943841757000087 ], [ -12.251731614999812, 16.939546097000118 ], [ -12.247263489999966, 16.93580939400016 ], [ -12.241304331999913, 16.934684493000077 ], [ -12.233527110999887, 16.926505139000085 ], [ -12.228378967999902, 16.922400465000123 ], [ -12.220469750999939, 16.917522857000108 ], [ -12.212125523999873, 16.91311321400002 ], [ -12.206014357999891, 16.910269446000086 ], [ -12.199464178999904, 16.906405757000073 ], [ -12.197683109999957, 16.896608515000025 ], [ -12.196926072999929, 16.888524139000083 ], [ -12.198800112999947, 16.884886416000086 ], [ -12.20358823499987, 16.883833487000118 ], [ -12.201535169999943, 16.878639891000091 ], [ -12.197349047999865, 16.872809349000136 ], [ -12.191319875999966, 16.865966889000106 ], [ -12.186073728999872, 16.861537241000065 ], [ -12.181560604999959, 16.858730467000157 ], [ -12.176830461999884, 16.849834162000093 ], [ -12.172687337999946, 16.842608728000187 ], [ -12.170913273999872, 16.834484357000065 ], [ -12.169582224999942, 16.828263840000091 ], [ -12.16859018599996, 16.822087318000115 ], [ -12.165855099999874, 16.815874803000042 ], [ -12.167192124999929, 16.81126415600005 ], [ -12.16756209599987, 16.794247467000105 ], [ -12.17068016099995, 16.786929026000053 ], [ -12.169878123999922, 16.779775579000159 ], [ -12.16636701799996, 16.773150098000031 ], [ -12.160386847999973, 16.766493624000134 ], [ -12.158504774999926, 16.755627467000181 ], [ -12.156454710999924, 16.751270807000083 ], [ -12.150040530999831, 16.745174291000183 ], [ -12.144349366999961, 16.738004857000078 ], [ -12.140745260999893, 16.732403297000076 ], [ -12.134495095999966, 16.731280396000159 ], [ -12.132385051999961, 16.736361008000074 ], [ -12.13260006999991, 16.741891581000175 ], [ -12.13190506899997, 16.749844968000161 ], [ -12.127962982999918, 16.75712241400015 ], [ -12.121678824999833, 16.759533241000042 ], [ -12.11528865799994, 16.75952725500008 ], [ -12.11372360799993, 16.755259588000172 ], [ -12.117429692999963, 16.749936991000084 ], [ -12.121152786999914, 16.74865808200019 ], [ -12.122625808999942, 16.741489632000025 ], [ -12.122811809999973, 16.739489786000092 ], [ -12.121756759999869, 16.72968754600015 ], [ -12.119518695999886, 16.726726779000046 ], [ -12.11708862699993, 16.724277973000142 ], [ -12.108963419999952, 16.726421824000113 ], [ -12.103263278999975, 16.729432603000134 ], [ -12.09331003099993, 16.734423238000147 ], [ -12.089821938999933, 16.733980280000083 ], [ -12.092600993999895, 16.726338864000013 ], [ -12.093208997999852, 16.720989276000068 ], [ -12.089791892999926, 16.713618853000128 ], [ -12.09142292699994, 16.709657155000116 ], [ -12.092023926999957, 16.702587700000038 ], [ -12.09311694299987, 16.697188115000131 ], [ -12.100793130999932, 16.691700524 ], [ -12.105764250999869, 16.687717821000092 ], [ -12.108981319999941, 16.680863344000045 ], [ -12.113551421999887, 16.67334991600012 ], [ -12.109602303999907, 16.666216476000159 ], [ -12.105319178999878, 16.660292942000126 ], [ -12.102818095999908, 16.652126579000083 ], [ -12.105544147999865, 16.643509240000014 ], [ -12.106864161999908, 16.63434294700005 ], [ -12.108908202999942, 16.62887236600011 ], [ -12.109592214999964, 16.626190572000041 ], [ -12.111401244999968, 16.618229184000029 ], [ -12.113985294999907, 16.61044978100017 ], [ -12.116562340999963, 16.601042504000134 ], [ -12.117503349999936, 16.593971049000061 ], [ -12.116036302999873, 16.590075354000078 ], [ -12.110622166999974, 16.59210820800007 ], [ -12.110506152999903, 16.587227586000154 ], [ -12.111113155999931, 16.581413035000026 ], [ -12.108181063999893, 16.574272594000092 ], [ -12.105499984999938, 16.56968795500012 ], [ -12.10169386799987, 16.561808573000121 ], [ -12.102683878999812, 16.554969101000154 ], [ -12.105364931999929, 16.54714170200009 ], [ -12.109353018999968, 16.539632276000134 ], [ -12.108074974999909, 16.534572670000159 ], [ -12.105400897999914, 16.531521912000187 ], [ -12.10392984899994, 16.526650293000046 ], [ -12.101071773999934, 16.526203333000012 ], [ -12.099371726999948, 16.524865440999974 ], [ -12.095404624999958, 16.525541396000051 ], [ -12.090522502999875, 16.527525252000089 ], [ -12.08693840799998, 16.526850312000022 ], [ -12.084216330999823, 16.524078531999976 ], [ -12.079776223999886, 16.527639265000175 ], [ -12.077374170999917, 16.532349905000046 ], [ -12.077588188999925, 16.537741487000062 ], [ -12.081828314999939, 16.545105907000107 ], [ -12.085485424999945, 16.551777383000058 ], [ -12.086951470999907, 16.555347102999974 ], [ -12.084597419999909, 16.559964750000063 ], [ -12.082053365999911, 16.565512326000032 ], [ -12.07995132699989, 16.572824764000075 ], [ -12.075753225999904, 16.576383497000052 ], [ -12.071682116999966, 16.575200597000048 ], [ -12.066350974999921, 16.573561734000123 ], [ -12.062195871999961, 16.575865564000139 ], [ -12.058286776999978, 16.578958333000116 ], [ -12.055340703999946, 16.580743201000189 ], [ -12.05276663199993, 16.578528377000055 ], [ -12.050575567999942, 16.575288633000071 ], [ -12.046680454999944, 16.569781067000179 ], [ -12.045069404999879, 16.566165351000166 ], [ -12.043987366999886, 16.561801691000085 ], [ -12.043238334999899, 16.555903149000187 ], [ -12.043265323999833, 16.55037057800007 ], [ -12.0428583019999, 16.545398964000128 ], [ -12.040901238999879, 16.539926392000098 ], [ -12.033539063999967, 16.547313834000136 ], [ -12.023545812999885, 16.551376539999978 ], [ -12.016304630999912, 16.554298328000186 ], [ -12.011284503999946, 16.556213190000165 ], [ -12.002248280999879, 16.561351810000076 ], [ -11.993556062999915, 16.56537851600018 ], [ -11.981385758999977, 16.571237087000043 ], [ -11.975545611999905, 16.573332935999986 ], [ -11.96767841399992, 16.576388716000054 ], [ -11.949525957999981, 16.583878173000073 ], [ -11.94209776799994, 16.585730044000059 ], [ -11.932936533999964, 16.587568919999967 ], [ -11.925931359999879, 16.591374640000083 ], [ -11.91927119099995, 16.593696474000183 ], [ -11.911574986999881, 16.592015619000108 ], [ -11.906710860999965, 16.591934634999973 ], [ -11.899869682999963, 16.592303621000156 ], [ -11.895506580999893, 16.597289242999977 ], [ -11.894441552999979, 16.597460232 ], [ -11.892980516999955, 16.598304170000063 ], [ -11.891029472999946, 16.601398934000144 ], [ -11.886844368999959, 16.603836754000042 ], [ -11.88100722199988, 16.606180585000061 ], [ -11.877311127999974, 16.607117520000088 ], [ -11.869241920999968, 16.608429434000072 ], [ -11.863882792999902, 16.613680039000087 ], [ -11.862326752999934, 16.614242998000066 ], [ -11.856294601999934, 16.616773815000101 ], [ -11.854543556999886, 16.617335775000072 ], [ -11.853085519999979, 16.617617756000072 ], [ -11.847051369999917, 16.62108650000016 ], [ -11.844130298999914, 16.623055353000098 ], [ -11.840726211999822, 16.624086280000029 ], [ -11.83732212599989, 16.625211200000024 ], [ -11.831394970999952, 16.624835241000085 ], [ -11.825847831999965, 16.627742028000171 ], [ -11.819919677999906, 16.62783403200018 ], [ -11.815543566999963, 16.629146940000055 ], [ -11.809124403999874, 16.630927815000064 ], [ -11.801207195999837, 16.63039287200013 ], [ -11.79447602599987, 16.632795699999974 ], [ -11.788731889999951, 16.639043228000162 ], [ -11.785211812999933, 16.646022696000159 ], [ -11.782217750999905, 16.653463126000076 ], [ -11.780214707999903, 16.657548815000041 ], [ -11.778922686999863, 16.663546354000061 ], [ -11.772034570999949, 16.692571125000029 ], [ -11.769739530999971, 16.701881410000055 ], [ -11.767453484999919, 16.70790495000017 ], [ -11.766305464999959, 16.712833572000079 ], [ -11.763441411999963, 16.722690816000181 ], [ -11.759999351999909, 16.736381766000022 ], [ -11.755430256999944, 16.747333930000082 ], [ -11.75199419199987, 16.758834050000189 ], [ -11.748573115999875, 16.764857592000112 ], [ -11.744583025999873, 16.771429093 ], [ -11.74457003699996, 16.776357713000152 ], [ -11.744081044999973, 16.786037968000016 ], [ -11.74377904499994, 16.789789679000023 ], [ -11.742601024999942, 16.79447832000011 ], [ -11.742786036999973, 16.797855058999971 ], [ -11.741903019999882, 16.800761837000152 ], [ -11.740826997999932, 16.803668615000163 ], [ -11.73916696099991, 16.806482401999972 ], [ -11.737316915999941, 16.807982290000098 ], [ -11.735949885999901, 16.810327112000152 ], [ -11.735649884999873, 16.813421874000028 ], [ -11.735931899999855, 16.81689160600007 ], [ -11.735928915999978, 16.818105609000042 ], [ -11.735925904999874, 16.81933041800005 ], [ -11.728265706999878, 16.820388352 ], [ -11.727186687999961, 16.824712021000096 ], [ -11.721805549999942, 16.825748952000026 ], [ -11.716578415999948, 16.82678588300007 ], [ -11.712122299999976, 16.826784892000092 ], [ -11.70504212499992, 16.831232563000128 ], [ -11.702418065999893, 16.835533237000163 ], [ -11.69841596699996, 16.837905063000107 ], [ -11.693803847999902, 16.838794004000022 ], [ -11.684574614999917, 16.842351748000056 ], [ -11.67333933599997, 16.848875267999972 ], [ -11.665185131999976, 16.852877977000162 ], [ -11.659955, 16.854804839000053 ], [ -11.659014989999946, 16.86162631600007 ], [ -11.658539988999905, 16.866816917000108 ], [ -11.659872063999899, 16.885502476000056 ], [ -11.661384122999948, 16.894400788000041 ], [ -11.66367019799992, 16.9013712470001 ], [ -11.666574286999946, 16.90730278500007 ], [ -11.6704564019999, 16.913578295000036 ], [ -11.677298592999932, 16.919168851000052 ], [ -11.688488906999964, 16.929255052000144 ], [ -11.695077093999942, 16.936225503 ], [ -11.703201321999927, 16.943493928 ], [ -11.708717478999915, 16.94927847200006 ], [ -11.716688702999818, 16.956397908000099 ], [ -11.718834762999904, 16.958325756000079 ], [ -11.720415810999896, 16.961442513000122 ], [ -11.720415830999912, 16.970440822000114 ], [ -11.723414928999887, 16.979441124000175 ], [ -11.727416044999927, 16.984439732 ], [ -11.737416318999919, 16.990439251 ], [ -11.745415531999981, 16.992440081000041 ], [ -11.750416662999896, 16.9924400700001 ], [ -11.755416792999824, 16.992440060000092 ], [ -11.76041691699993, 16.989440280000053 ], [ -11.76841611499998, 16.984439648000034 ], [ -11.775416288999907, 16.9804399410001 ], [ -11.783416492999891, 16.978441078000174 ], [ -11.789416651999943, 16.979440989000068 ], [ -11.800417954999887, 16.986440429000083 ], [ -11.804417067999964, 16.990439114000083 ], [ -11.807418163999898, 16.998438493000037 ], [ -11.806417150999948, 17.004438034000032 ], [ -11.80341809499987, 17.014437273 ], [ -11.81241835499992, 17.025436410000168 ], [ -11.824418660999925, 17.022436615 ], [ -11.832417882999948, 17.028436138000188 ], [ -11.841418142999942, 17.03943527500013 ], [ -11.845818269999882, 17.04492184500009 ], [ -11.853365484999927, 17.053272189000154 ], [ -11.852419478999934, 17.061434564000081 ], [ -11.849194403999888, 17.065474261000077 ], [ -11.851621476999981, 17.069939913999974 ], [ -11.864381845999901, 17.085935661 ], [ -11.865611880999893, 17.087102568000034 ], [ -11.86743893199997, 17.088631447000125 ], [ -11.870735020999859, 17.090044332000048 ], [ -11.875129138999966, 17.091694197000038 ], [ -11.878675231999921, 17.091580198000145 ], [ -11.884176375999914, 17.091704177000167 ], [ -11.887596466999923, 17.09253010700013 ], [ -11.892235590999974, 17.094061980000106 ], [ -11.892447365999828, 17.094220013000154 ], [ -11.894199642999865, 17.094173967000074 ], [ -11.899878790999821, 17.094024967000166 ], [ -11.904908913999975, 17.090298242000131 ], [ -11.923003368999844, 17.08261279400017 ], [ -11.952124155999968, 17.094875793000028 ] ] ] } },
{ "type": "Feature", "properties": { "adm2_name": "Kiffa", "adm2_name1": null, "adm2_name2": null, "adm2_name3": null, "adm2_pcode": "MR035", "adm1_name": "Assaba", "adm1_name1": null, "adm1_name2": null, "adm1_name3": null, "adm1_pcode": "MR03", "adm0_name": "Mauritanie", "adm0_name1": null, "adm0_name2": null, "adm0_name3": null, "adm0_pcode": "MR", "valid_on": "2024-03-27", "valid_to": null, "area_sqkm": 12041.77871203, "version": "v03", "lang": "fr", "lang1": null, "lang2": null, "lang3": null, "adm2_ref": "None", "center_lat": 16.6900937, "center_lon": -11.32274311 }, "geometry": { "type": "Polygon", "coordinates": [ [ [ -10.985187933999896, 17.128347185000166 ], [ -10.990597086999912, 17.133502779000025 ], [ -10.999363325999923, 17.137538453 ], [ -11.004144455999949, 17.140068251000059 ], [ -11.008924592999961, 17.145607817000098 ], [ -11.011591673999931, 17.150513437000086 ], [ -11.011665685999901, 17.155261074000066 ], [ -11.013633758999958, 17.165534284000103 ], [ -11.009481677999929, 17.178417307000132 ], [ -11.004437584999948, 17.196858908000024 ], [ -11.002529563999929, 17.210369879000154 ], [ -10.9998375159999, 17.221242054000072 ], [ -10.99600443199995, 17.228872479000017 ], [ -10.995045418999894, 17.234671038000101 ], [ -10.993313390999958, 17.242700428000092 ], [ -10.991755364999904, 17.249576906000073 ], [ -10.989717318999965, 17.253137638 ], [ -10.986747256999877, 17.260647071000051 ], [ -10.984943218999888, 17.264723763000063 ], [ -10.983013180999933, 17.270662314000162 ], [ -10.980590130999872, 17.277200820000076 ], [ -10.979170102999888, 17.281468497000105 ], [ -10.97686306099996, 17.289872861000049 ], [ -10.978571115999898, 17.295068461000085 ], [ -10.981830218999903, 17.303127840000172 ], [ -10.987439386999938, 17.312431119000109 ], [ -10.989673456999981, 17.318006690000061 ], [ -10.989893472999938, 17.32248434800016 ], [ -10.98955147099997, 17.325835093000023 ], [ -10.98873746199996, 17.331509662000144 ], [ -10.987437439999951, 17.337410215000091 ], [ -10.985528399999907, 17.341950873000087 ], [ -10.982794337999906, 17.34676051200006 ], [ -10.982263330999956, 17.349829279000062 ], [ -10.981848330999981, 17.354716908000057 ], [ -10.981880339999975, 17.35886559100004 ], [ -10.981007330999944, 17.365238108000028 ], [ -10.980779336999831, 17.370593700000086 ], [ -10.98077034399995, 17.37422842400008 ], [ -10.981109366999931, 17.380384954000021 ], [ -10.981324382999958, 17.385234584000045 ], [ -10.983048436999979, 17.389405264000118 ], [ -10.985212501999968, 17.393255966000083 ], [ -10.988234591999912, 17.397910606000096 ], [ -10.989833639999972, 17.400774385000148 ], [ -10.99281272699983, 17.405102049000106 ], [ -10.994662780999931, 17.407410870000092 ], [ -10.998273884999946, 17.411467554000183 ], [ -11.001605978999976, 17.414868289000083 ], [ -11.006799126999965, 17.41983190000019 ], [ -11.00835017299994, 17.42269468000012 ], [ -11.009540213999969, 17.42699835000019 ], [ -11.010367248999955, 17.43288190100003 ], [ -11.011747294999907, 17.437420553000038 ], [ -11.014359376999948, 17.443561080000165 ], [ -11.016654446999951, 17.448298715000192 ], [ -11.020180553999921, 17.454731219000053 ], [ -11.023699660999966, 17.461628688000076 ], [ -11.026288738999938, 17.466137340000103 ], [ -11.029927845999964, 17.471592918000113 ], [ -11.031978910999953, 17.476467543000126 ], [ -11.034200982999948, 17.48278805800004 ], [ -11.118097004999981, 17.399676211000042 ], [ -11.292908582999928, 17.396304115000135 ], [ -11.529334289999952, 17.17609344300007 ], [ -11.567575179999949, 17.126002200000187 ], [ -11.752072039999916, 17.143088513 ], [ -11.884419387999969, 17.094430968000097 ], [ -11.892447365999828, 17.094220013000154 ], [ -11.892235590999974, 17.094061980000106 ], [ -11.887596466999923, 17.09253010700013 ], [ -11.884176375999914, 17.091704177000167 ], [ -11.878675231999921, 17.091580198000145 ], [ -11.875129138999966, 17.091694197000038 ], [ -11.870735020999859, 17.090044332000048 ], [ -11.86743893199997, 17.088631447000125 ], [ -11.865611880999893, 17.087102568000034 ], [ -11.864381845999901, 17.085935661 ], [ -11.851621476999981, 17.069939913999974 ], [ -11.849194403999888, 17.065474261000077 ], [ -11.852419478999934, 17.061434564000081 ], [ -11.853365484999927, 17.053272189000154 ], [ -11.845818269999882, 17.04492184500009 ], [ -11.841418142999942, 17.03943527500013 ], [ -11.832417882999948, 17.028436138000188 ], [ -11.824418660999925, 17.022436615 ], [ -11.81241835499992, 17.025436410000168 ], [ -11.80341809499987, 17.014437273 ], [ -11.806417150999948, 17.004438034000032 ], [ -11.807418163999898, 16.998438493000037 ], [ -11.804417067999964, 16.990439114000083 ], [ -11.800417954999887, 16.986440429000083 ], [ -11.789416651999943, 16.979440989000068 ], [ -11.783416492999891, 16.978441078000174 ], [ -11.775416288999907, 16.9804399410001 ], [ -11.76841611499998, 16.984439648000034 ], [ -11.76041691699993, 16.989440280000053 ], [ -11.755416792999824, 16.992440060000092 ], [ -11.750416662999896, 16.9924400700001 ], [ -11.745415531999981, 16.992440081000041 ], [ -11.737416318999919, 16.990439251 ], [ -11.727416044999927, 16.984439732 ], [ -11.723414928999887, 16.979441124000175 ], [ -11.720415830999912, 16.970440822000114 ], [ -11.720415810999896, 16.961442513000122 ], [ -11.718834762999904, 16.958325756000079 ], [ -11.716688702999818, 16.956397908000099 ], [ -11.708717478999915, 16.94927847200006 ], [ -11.703201321999927, 16.943493928 ], [ -11.695077093999942, 16.936225503 ], [ -11.688488906999964, 16.929255052000144 ], [ -11.677298592999932, 16.919168851000052 ], [ -11.6704564019999, 16.913578295000036 ], [ -11.666574286999946, 16.90730278500007 ], [ -11.66367019799992, 16.9013712470001 ], [ -11.661384122999948, 16.894400788000041 ], [ -11.659872063999899, 16.885502476000056 ], [ -11.658539988999905, 16.866816917000108 ], [ -11.659014989999946, 16.86162631600007 ], [ -11.659955, 16.854804839000053 ], [ -11.665185131999976, 16.852877977000162 ], [ -11.67333933599997, 16.848875267999972 ], [ -11.684574614999917, 16.842351748000056 ], [ -11.693803847999902, 16.838794004000022 ], [ -11.69841596699996, 16.837905063000107 ], [ -11.702418065999893, 16.835533237000163 ], [ -11.70504212499992, 16.831232563000128 ], [ -11.712122299999976, 16.826784892000092 ], [ -11.716578415999948, 16.82678588300007 ], [ -11.721805549999942, 16.825748952000026 ], [ -11.727186687999961, 16.824712021000096 ], [ -11.728265706999878, 16.820388352 ], [ -11.735925904999874, 16.81933041800005 ], [ -11.735928915999978, 16.818105609000042 ], [ -11.735931899999855, 16.81689160600007 ], [ -11.735649884999873, 16.813421874000028 ], [ -11.735949885999901, 16.810327112000152 ], [ -11.737316915999941, 16.807982290000098 ], [ -11.73916696099991, 16.806482401999972 ], [ -11.740826997999932, 16.803668615000163 ], [ -11.741903019999882, 16.800761837000152 ], [ -11.742786036999973, 16.797855058999971 ], [ -11.742601024999942, 16.79447832000011 ], [ -11.74377904499994, 16.789789679000023 ], [ -11.744081044999973, 16.786037968000016 ], [ -11.74457003699996, 16.776357713000152 ], [ -11.744583025999873, 16.771429093 ], [ -11.748573115999875, 16.764857592000112 ], [ -11.75199419199987, 16.758834050000189 ], [ -11.755430256999944, 16.747333930000082 ], [ -11.759999351999909, 16.736381766000022 ], [ -11.763441411999963, 16.722690816000181 ], [ -11.766305464999959, 16.712833572000079 ], [ -11.767453484999919, 16.70790495000017 ], [ -11.769739530999971, 16.701881410000055 ], [ -11.772034570999949, 16.692571125000029 ], [ -11.778922686999863, 16.663546354000061 ], [ -11.780214707999903, 16.657548815000041 ], [ -11.782217750999905, 16.653463126000076 ], [ -11.785211812999933, 16.646022696000159 ], [ -11.788731889999951, 16.639043228000162 ], [ -11.79447602599987, 16.632795699999974 ], [ -11.801207195999837, 16.63039287200013 ], [ -11.809124403999874, 16.630927815000064 ], [ -11.815543566999963, 16.629146940000055 ], [ -11.819919677999906, 16.62783403200018 ], [ -11.825847831999965, 16.627742028000171 ], [ -11.831394970999952, 16.624835241000085 ], [ -11.83732212599989, 16.625211200000024 ], [ -11.840726211999822, 16.624086280000029 ], [ -11.844130298999914, 16.623055353000098 ], [ -11.847051369999917, 16.62108650000016 ], [ -11.853085519999979, 16.617617756000072 ], [ -11.854543556999886, 16.617335775000072 ], [ -11.856294601999934, 16.616773815000101 ], [ -11.862326752999934, 16.614242998000066 ], [ -11.863882792999902, 16.613680039000087 ], [ -11.869241920999968, 16.608429434000072 ], [ -11.877311127999974, 16.607117520000088 ], [ -11.88100722199988, 16.606180585000061 ], [ -11.886844368999959, 16.603836754000042 ], [ -11.891029472999946, 16.601398934000144 ], [ -11.892980516999955, 16.598304170000063 ], [ -11.894441552999979, 16.597460232 ], [ -11.895506580999893, 16.597289242999977 ], [ -11.899869682999963, 16.592303621000156 ], [ -11.906710860999965, 16.591934634999973 ], [ -11.911574986999881, 16.592015619000108 ], [ -11.91927119099995, 16.593696474000183 ], [ -11.925931359999879, 16.591374640000083 ], [ -11.932936533999964, 16.587568919999967 ], [ -11.94209776799994, 16.585730044000059 ], [ -11.949525957999981, 16.583878173000073 ], [ -11.96767841399992, 16.576388716000054 ], [ -11.975545611999905, 16.573332935999986 ], [ -11.981385758999977, 16.571237087000043 ], [ -11.993556062999915, 16.56537851600018 ], [ -12.002248280999879, 16.561351810000076 ], [ -12.011284503999946, 16.556213190000165 ], [ -12.016304630999912, 16.554298328000186 ], [ -12.023545812999885, 16.551376539999978 ], [ -12.033539063999967, 16.547313834000136 ], [ -12.040901238999879, 16.539926392000098 ], [ -12.043977306999921, 16.534141834000025 ], [ -12.047204381999961, 16.530077143000085 ], [ -12.047917392999977, 16.526632408000069 ], [ -12.048874411999861, 16.523790626000164 ], [ -12.047789371999954, 16.518452042000035 ], [ -12.044576277999965, 16.513869404000104 ], [ -12.038844117999929, 16.508884802000182 ], [ -12.032381936999968, 16.502836285 ], [ -12.027373793999914, 16.49705674300003 ], [ -12.023045670999977, 16.492203128000142 ], [ -12.018809546999876, 16.485907625000152 ], [ -12.016471477999971, 16.482063928 ], [ -12.01441841399992, 16.477010324000048 ], [ -12.019543542999941, 16.475211453000156 ], [ -12.023364640999944, 16.474443505000181 ], [ -12.028479764999929, 16.470133829000133 ], [ -12.033695893999948, 16.467126052000026 ], [ -12.037464987999954, 16.465289187 ], [ -12.039717032999874, 16.459184656000048 ], [ -12.037224955999932, 16.453389111000035 ], [ -12.033620849999977, 16.447601567999982 ], [ -12.028955718999953, 16.443121925000185 ], [ -12.022937553999952, 16.439301233000037 ], [ -12.015625361999867, 16.438743291000094 ], [ -12.007307150999964, 16.440888142000176 ], [ -12.000921987999902, 16.442276047000178 ], [ -11.993316786999856, 16.44088317000012 ], [ -11.985803585999918, 16.438467373000151 ], [ -11.977772380999966, 16.43986628000016 ], [ -11.971447224999849, 16.444042969000179 ], [ -11.96579908699988, 16.448169660000076 ], [ -11.961073974999977, 16.453220277000128 ], [ -11.958043879999934, 16.445754863000047 ], [ -11.955159789999925, 16.438707416000057 ], [ -11.951848692999874, 16.433800803000054 ], [ -11.945690527999886, 16.431283011000062 ], [ -11.942135422999911, 16.425726450000127 ], [ -11.941034374999958, 16.416529166000146 ], [ -11.940598362999935, 16.416032206000068 ], [ -11.940414356999895, 16.41578922500014 ], [ -11.94030435399992, 16.415557243000137 ], [ -11.941297366999947, 16.409414718 ], [ -11.945015457999943, 16.406973900000025 ], [ -11.95284765599996, 16.404089109000154 ], [ -11.958843807999926, 16.402331233000041 ], [ -11.967113017999964, 16.400140387000135 ], [ -11.965005948999874, 16.393598899000153 ], [ -11.965572955999903, 16.389922184000113 ], [ -11.971128092999891, 16.386679425000125 ], [ -11.975614201999917, 16.38269972500018 ], [ -11.976802219999968, 16.376881175000165 ], [ -11.974412147999942, 16.37229453599997 ], [ -11.976325184999951, 16.366284999000072 ], [ -11.977166189999878, 16.358470605000093 ], [ -11.971456042999932, 16.35901757400012 ], [ -11.967492942999968, 16.360623457000031 ], [ -11.965111875999924, 16.358313641000052 ], [ -11.968774962999873, 16.354199954000137 ], [ -11.976731151999957, 16.346153564000133 ], [ -11.979713218999962, 16.341160946000059 ], [ -11.981615248999958, 16.33222363699997 ], [ -11.982180254999889, 16.328035962000172 ], [ -11.985247317999892, 16.320020579000186 ], [ -11.987156351999943, 16.312896130000183 ], [ -11.993671509999899, 16.307554532000154 ], [ -12.002076717999898, 16.302992871000129 ], [ -12.008786881999981, 16.297929251000028 ], [ -12.012793979999969, 16.295207455000025 ], [ -12.01881712099987, 16.288011003000065 ], [ -12.020149142999969, 16.281819483000049 ], [ -12.018522083999926, 16.27420607900001 ], [ -12.016662024999903, 16.268964491000133 ], [ -12.014373957999965, 16.265770744000122 ], [ -12.009907834999922, 16.262359018999973 ], [ -12.010905850999904, 16.25775037600016 ], [ -12.013351901999954, 16.251831832000164 ], [ -12.016383970999925, 16.247070197000085 ], [ -12.018402014999936, 16.243152498000029 ], [ -12.020912075999945, 16.241370632000041 ], [ -12.024581165999962, 16.238697833000174 ], [ -12.026124201999892, 16.237060957000097 ], [ -12.028347257999883, 16.236024033000092 ], [ -12.031521328999872, 16.230750438000086 ], [ -12.031348308999952, 16.22350000299997 ], [ -12.030602278999936, 16.218437400000028 ], [ -12.028165205999926, 16.214129740000146 ], [ -12.024232097999914, 16.211178978000078 ], [ -12.020002978999969, 16.206696336000107 ], [ -12.018968941999844, 16.202193689000126 ], [ -12.019915954999931, 16.196609123000087 ], [ -12.023233027999936, 16.190591585000107 ], [ -12.026225100999966, 16.18810877300001 ], [ -12.023964023999952, 16.179429454000172 ], [ -12.022152965999965, 16.174420849000057 ], [ -12.021508940999865, 16.170613147000154 ], [ -12.023619984999982, 16.165671528000132 ], [ -12.024668002999931, 16.161155879000148 ], [ -12.024014972999908, 16.155023358000165 ], [ -12.022193909999942, 16.147410956000044 ], [ -12.020953860999953, 16.13960956700015 ], [ -12.017427747999932, 16.129311378000125 ], [ -12.014322636999964, 16.115105493000044 ], [ -12.012640573999818, 16.105819222000036 ], [ -12.012809563999951, 16.099309730000016 ], [ -12.012344535999944, 16.091828315000157 ], [ -12.011503504999951, 16.087091687000111 ], [ -12.009305436999909, 16.082085083000095 ], [ -12.008652406999943, 16.076045556 ], [ -12.008777399999929, 16.070837962999974 ], [ -12.01141645499996, 16.06463844200016 ], [ -12.00372823899994, 16.056866064000076 ], [ -12.001894180999898, 16.051790465000124 ], [ -12.001754155999947, 16.041713253000182 ], [ -12.002772167999979, 16.034624805000078 ], [ -12.004393192999885, 16.026757417000113 ], [ -12.007269249999922, 16.018467060000148 ], [ -12.011185334999936, 16.010423682000066 ], [ -12.015751432999878, 16.000417455000161 ], [ -12.014616392999869, 15.995676829000161 ], [ -12.009458246999941, 15.989657310000098 ], [ -12.010031248999837, 15.983624781 ], [ -12.005586113999925, 15.974265522000053 ], [ -12.004077055999858, 15.965297227000065 ], [ -12.004172049999966, 15.960912570000119 ], [ -12.004452041999969, 15.95396011400004 ], [ -12.00552006099997, 15.949742442000115 ], [ -12.006700084999977, 15.946222716000023 ], [ -12.005421036999962, 15.939521243000058 ], [ -12.000423906999913, 15.939123284000061 ], [ -11.985419513999943, 15.937521439000136 ], [ -11.976419280999835, 15.93752145600007 ], [ -11.970420118999925, 15.934521703000087 ], [ -11.965419976999954, 15.928522182000108 ], [ -11.958419780999918, 15.921521745000064 ], [ -11.955418690999977, 15.915522220000071 ], [ -11.95441965599997, 15.911523536000175 ], [ -11.95241859399988, 15.906523931000095 ], [ -11.94841847999993, 15.901524331000132 ], [ -11.944419373999892, 15.900523417000102 ], [ -11.939419248999968, 15.902524270000185 ], [ -11.928418971999918, 15.906523978 ], [ -11.919417741999894, 15.908522839000113 ], [ -11.910417510999878, 15.90952377800005 ], [ -11.903417332999936, 15.911523635000094 ], [ -11.892418053999961, 15.914522421000015 ], [ -11.885417874999973, 15.915522356000054 ], [ -11.879416720999927, 15.916523289000054 ], [ -11.87341756099994, 15.914522458000135 ], [ -11.868417428999862, 15.913523546000079 ], [ -11.860416214999873, 15.910522796000123 ], [ -11.85141597799992, 15.908522970000035 ], [ -11.843416769999862, 15.908522986000037 ], [ -11.835416559999885, 15.907523078999986 ], [ -11.830415430999892, 15.907523089000165 ], [ -11.830415450999965, 15.917522306000023 ], [ -11.834415562999936, 15.921521985000084 ], [ -11.837415648999979, 15.925522666000063 ], [ -11.83841668599996, 15.930522272000019 ], [ -11.838416699999868, 15.937521724000078 ], [ -11.835416632999966, 15.942521338000063 ], [ -11.828416456999946, 15.945520117000115 ], [ -11.818415201999869, 15.947519980000095 ], [ -11.817883185999904, 15.946459064000067 ], [ -11.813415069999962, 15.946521068000038 ], [ -11.807415919999926, 15.949520844000062 ], [ -11.80741593099998, 15.954520453000157 ], [ -11.802415812999982, 15.960519993000048 ], [ -11.797414682999943, 15.960520003000056 ], [ -11.794414619999941, 15.967519461000109 ], [ -11.796414683999956, 15.973517987000093 ], [ -11.797414723999907, 15.980517438000049 ], [ -11.798415758999965, 15.984518123000043 ], [ -11.799515790999862, 15.986427971000126 ], [ -11.801414844999954, 15.988516804000028 ], [ -11.808415036999975, 15.993517398999984 ], [ -11.81541523899989, 16.003516603000094 ], [ -11.818415327999958, 16.00851520700013 ], [ -11.816415287999973, 16.014514741000028 ], [ -11.815415274999907, 16.020515274000161 ], [ -11.813688236999837, 16.024066000000118 ], [ -11.813415240999973, 16.029513574000191 ], [ -11.81841538599997, 16.036513018000051 ], [ -11.818415399999878, 16.04351247000011 ], [ -11.804672037999978, 16.040903701000161 ], [ -11.803778004999913, 16.036121077000018 ], [ -11.800950923999949, 16.032424371000047 ], [ -11.797215823999977, 16.031313465000153 ], [ -11.785414511999932, 16.028513707000172 ], [ -11.782053452999889, 16.041932664000115 ], [ -11.780958432999967, 16.04601934700014 ], [ -11.778650380999977, 16.04983005400004 ], [ -11.776098320999949, 16.053265790000069 ], [ -11.770343175999926, 16.055353637999985 ], [ -11.761413927999968, 16.047513267999989 ], [ -11.758414855999888, 16.050512040000172 ], [ -11.755414777999931, 16.050512046000165 ], [ -11.74941361599997, 16.047513291000087 ], [ -11.737414297999919, 16.044513549000044 ], [ -11.732414153999855, 16.037514106000117 ], [ -11.726412987999879, 16.032513508000079 ], [ -11.712412619999952, 16.030514692000054 ], [ -11.69941328799996, 16.033514482000101 ], [ -11.694860147999975, 16.022849325000095 ], [ -11.680412764999915, 16.019514613000013 ], [ -11.674411594999981, 16.012515172000064 ], [ -11.667447392999975, 16.002253988000177 ], [ -11.631120068999962, 16.302050676000022 ], [ -11.631097580999949, 16.302428137000106 ], [ -11.626627952999968, 16.302540646000068 ], [ -11.606141420999904, 16.302848661999974 ], [ -11.604430375999982, 16.302876664000166 ], [ -11.59704518399991, 16.303001668000036 ], [ -11.594504117999975, 16.303043670000136 ], [ -11.591950051999959, 16.303086671000074 ], [ -11.586549910999906, 16.303177675000143 ], [ -11.584417855999902, 16.303213675999984 ], [ -11.577930686999878, 16.303322680000122 ], [ -11.575899633999938, 16.303357682000183 ], [ -11.570065482999951, 16.303455685000017 ], [ -11.546063857999911, 16.303859700000146 ], [ -11.519973179999965, 16.304297717000054 ], [ -11.514167028999907, 16.304395721 ], [ -11.493952502999889, 16.304735733000086 ], [ -11.484840264999889, 16.304555765000089 ], [ -11.479535126999963, 16.304723762000037 ], [ -11.475745028999938, 16.304723769000134 ], [ -11.473237962999974, 16.304779770000096 ], [ -11.470964903999914, 16.304722779000087 ], [ -11.463327704999926, 16.304778789000068 ], [ -11.457846562999919, 16.305059778000157 ], [ -11.420443589999877, 16.305661803000135 ], [ -11.37920051499998, 16.305728876999979 ], [ -11.345852646999958, 16.306232902000033 ], [ -11.341071522999869, 16.306344902000092 ], [ -11.325972128999979, 16.306512918000124 ], [ -11.30667462599996, 16.306567951000147 ], [ -11.185179459999972, 16.307753090000062 ], [ -11.001992680999876, 16.308393385000045 ], [ -10.826790054999947, 16.283219667000083 ], [ -10.832001200999912, 16.288237268000046 ], [ -10.836611335999976, 16.295423701000175 ], [ -10.836727347999897, 16.299794361000124 ], [ -10.838176395999881, 16.304948958000068 ], [ -10.841593489999923, 16.307730735000064 ], [ -10.844918576999873, 16.307785725000031 ], [ -10.848905678999927, 16.306328831000087 ], [ -10.854054808999877, 16.304200987000058 ], [ -10.858581924999839, 16.302879081000128 ], [ -10.857243899999958, 16.308018684 ], [ -10.852941799999883, 16.314416195000092 ], [ -10.849759722999977, 16.317320975000086 ], [ -10.849084712999968, 16.321089684000071 ], [ -10.85365083399995, 16.322258585000043 ], [ -10.858362959999909, 16.323473482000111 ], [ -10.862144060999981, 16.324511394000012 ], [ -10.865224153999975, 16.330821898000067 ], [ -10.863234109999894, 16.334935582000128 ], [ -10.85876499699998, 16.336821444000179 ], [ -10.853844870999922, 16.338006361000055 ], [ -10.849043743999971, 16.337357421000036 ], [ -10.842925582999897, 16.336958463000087 ], [ -10.83865746999993, 16.336020544000178 ], [ -10.834114351999972, 16.33630853 ], [ -10.830230253999957, 16.338045402000034 ], [ -10.830535269999871, 16.341991095000083 ], [ -10.834113363999904, 16.342561044000092 ], [ -10.837519450999878, 16.341487121000114 ], [ -10.83990651199997, 16.340895163000027 ], [ -10.841461557999935, 16.343415964000144 ], [ -10.841612568999892, 16.346893694000073 ], [ -10.842646602999935, 16.350501411999971 ], [ -10.840204551999932, 16.357017911000128 ], [ -10.837618491999933, 16.360526643000185 ], [ -10.834810427999912, 16.365449266999974 ], [ -10.834430425999926, 16.369308968000041 ], [ -10.833072397999899, 16.373179670000013 ], [ -10.829823316999921, 16.374909542000182 ], [ -10.825752214999966, 16.377261367000187 ], [ -10.821200101999921, 16.380088156 ], [ -10.818217016999938, 16.376878410000188 ], [ -10.815764957999932, 16.379586205000123 ], [ -10.813589910999895, 16.384360839000124 ], [ -10.814612943999975, 16.387263612000083 ], [ -10.81474195699991, 16.392433210000036 ], [ -10.813982946999886, 16.397096850000082 ], [ -10.81470097599987, 16.402448434000064 ], [ -10.816551029999914, 16.405059228000027 ], [ -10.819747108999877, 16.403094374000034 ], [ -10.823208198999907, 16.402443418000132 ], [ -10.82787931799993, 16.400931527000012 ], [ -10.831337405999875, 16.400092585000095 ], [ -10.833770468999944, 16.399358638000024 ], [ -10.838910603999977, 16.399722600000075 ], [ -10.843035713999882, 16.400896501000148 ], [ -10.841822689999958, 16.404672211000104 ], [ -10.835260522999874, 16.407146031000138 ], [ -10.83015539299987, 16.408991897000078 ], [ -10.824378247999903, 16.411644702000103 ], [ -10.819975138999894, 16.414657477000105 ], [ -10.816512054999976, 16.418365196000025 ], [ -10.815335029999972, 16.42124597500009 ], [ -10.817143083999895, 16.424375729000019 ], [ -10.820757183999945, 16.427295496000113 ], [ -10.828185383999937, 16.430171259000133 ], [ -10.833458520999898, 16.429733283000132 ], [ -10.839195666999956, 16.427645434000112 ], [ -10.844787808999968, 16.425652578000097 ], [ -10.848315895999974, 16.422978779000061 ], [ -10.850778949999835, 16.417873170000178 ], [ -10.851914968999949, 16.412264602999983 ], [ -10.854890038999883, 16.408609881000132 ], [ -10.858058120999942, 16.407961925000166 ], [ -10.860653188999947, 16.408213901000011 ], [ -10.864810297999952, 16.408306886 ], [ -10.868734401999973, 16.409107816000187 ], [ -10.87379853799996, 16.410929666000129 ], [ -10.87602359899995, 16.412502540000048 ], [ -10.878367666999907, 16.4155313 ], [ -10.880304720999959, 16.417483145000119 ], [ -10.883804815999838, 16.419276 ], [ -10.887392912999871, 16.42055089400003 ], [ -10.890297990999898, 16.421832789000121 ], [ -10.892539054999872, 16.424487579000072 ], [ -10.892004047999933, 16.427831321000156 ], [ -10.88797694699997, 16.429806176 ], [ -10.882361800999888, 16.430294148000087 ], [ -10.876457641999878, 16.427965340000128 ], [ -10.871495508999942, 16.426377472000183 ], [ -10.866881385999875, 16.425208572000088 ], [ -10.862863279999942, 16.424643623000179 ], [ -10.858495169999856, 16.426716469999974 ], [ -10.853450042999953, 16.429313278000109 ], [ -10.850972986999977, 16.433573953000121 ], [ -10.850609986999871, 16.438514571000155 ], [ -10.852869053999939, 16.442343270000151 ], [ -10.857327177999935, 16.446052974000111 ], [ -10.859794244999932, 16.44748185800006 ], [ -10.8642193579999, 16.445925971000179 ], [ -10.869145484999876, 16.445116024000015 ], [ -10.8718755619999, 16.447763814000098 ], [ -10.872470584999974, 16.451471526000091 ], [ -10.874729651999928, 16.455300225000087 ], [ -10.875906688999862, 16.458671961000164 ], [ -10.874424660999978, 16.464001551000081 ], [ -10.870210561999897, 16.469692118000069 ], [ -10.871783610999955, 16.473434825000027 ], [ -10.877940777999925, 16.476372586000025 ], [ -10.880747853999935, 16.47765648100011 ], [ -10.887009017999901, 16.477818457000183 ], [ -10.892477159999828, 16.477285488000064 ], [ -10.898574316999827, 16.476367548000155 ], [ -10.903022426999883, 16.473166787000082 ], [ -10.906058500999904, 16.470263007000142 ], [ -10.909864598999889, 16.469796036000162 ], [ -10.91134264599998, 16.473680732000048 ], [ -10.910113624999951, 16.479525282000111 ], [ -10.915668774999972, 16.48148212000018 ], [ -10.921035912999969, 16.480808162000017 ], [ -10.924432001999946, 16.480507179000085 ], [ -10.927144073999898, 16.481101127000045 ], [ -10.930612162999978, 16.480432173000111 ], [ -10.935417281999889, 16.477088423 ], [ -10.939960388999907, 16.471467850000124 ], [ -10.942841457999918, 16.468049109000106 ], [ -10.94745656799995, 16.462965494000059 ], [ -10.954528743999958, 16.45869881100009 ], [ -10.960933904999877, 16.455569042000036 ], [ -10.971158166999942, 16.452770239000188 ], [ -10.979633383999953, 16.450650387999985 ], [ -10.982775467999943, 16.45150631600012 ], [ -10.983635493999884, 16.453330173000154 ], [ -10.980771427999969, 16.457876826000188 ], [ -10.975330296999971, 16.463299416000154 ], [ -10.968312122999976, 16.467895072999966 ], [ -10.961995956999885, 16.467310130000158 ], [ -10.957051832999923, 16.470093924000082 ], [ -10.953231744999925, 16.475968476000162 ], [ -10.949558660999969, 16.481935021000083 ], [ -10.94500155399993, 16.487582592000081 ], [ -10.942370498999935, 16.49447706300009 ], [ -10.938535401999957, 16.496307928000135 ], [ -10.934430301999953, 16.499552685000083 ], [ -10.928235141999949, 16.500517622000075 ], [ -10.923498017999918, 16.500855605000083 ], [ -10.916906846999836, 16.50149556700012 ], [ -10.913292752999951, 16.501725556000054 ], [ -10.903145490999862, 16.503160464000075 ], [ -10.89668532099995, 16.502812504000076 ], [ -10.892378201999975, 16.499335781000127 ], [ -10.888158082999951, 16.495201109000106 ], [ -10.885068013999899, 16.500878675000024 ], [ -10.882593957999916, 16.505326335000177 ], [ -10.876403791999962, 16.503423494 ], [ -10.87371172099995, 16.503219515000126 ], [ -10.869919624999909, 16.504580417000057 ], [ -10.864855494999972, 16.505955320000055 ], [ -10.857467294999879, 16.502468604000057 ], [ -10.852239151999925, 16.499519842000154 ], [ -10.847264017999976, 16.497133036000037 ], [ -10.844302936999952, 16.495381177000127 ], [ -10.835893709999937, 16.49223443700015 ], [ -10.82775149999992, 16.493739335000157 ], [ -10.81970029799993, 16.49792302700007 ], [ -10.815008181999929, 16.501221780000094 ], [ -10.808177011999931, 16.505250481000076 ], [ -10.802648872999953, 16.508229261 ], [ -10.799435783999911, 16.505963442000052 ], [ -10.799514777999889, 16.501589780000188 ], [ -10.801027810999926, 16.498281034000115 ], [ -10.796230683999966, 16.497914071000082 ], [ -10.789490514999954, 16.501518805000046 ], [ -10.783949380999957, 16.506801406000079 ], [ -10.778693246999978, 16.508366295000144 ], [ -10.770578040999908, 16.511611059000018 ], [ -10.765241918999891, 16.520652369000118 ], [ -10.761047816999906, 16.524510079000095 ], [ -10.760701812999969, 16.526689911000119 ], [ -10.759958799999936, 16.529975658000126 ], [ -10.760951839999962, 16.537252093000063 ], [ -10.759369803999959, 16.539603914000054 ], [ -10.756936746999941, 16.543221639000024 ], [ -10.754861695999921, 16.544938510000065 ], [ -10.750073577999956, 16.548332255999981 ], [ -10.74528145599993, 16.550845133000166 ], [ -10.764161035999905, 16.592973778999976 ], [ -10.771618227999909, 16.591429884000036 ], [ -10.778881415999933, 16.590028979000067 ], [ -10.785400587999959, 16.591081885000108 ], [ -10.789839709999967, 16.59356868499998 ], [ -10.797314910999944, 16.596349456000155 ], [ -10.804709105999962, 16.597063387000162 ], [ -10.809557233999897, 16.597571337999966 ], [ -10.937790472999893, 16.659421582000164 ], [ -10.963845570999979, 16.675530533000142 ], [ -10.945395, 16.679915000000108 ], [ -10.875919138999905, 16.680532807000134 ], [ -10.875611135999918, 16.68274663699998 ], [ -10.873291084999892, 16.687616265000031 ], [ -10.872259069999927, 16.693598806000068 ], [ -10.869246006999958, 16.701109232000078 ], [ -10.868595006999897, 16.709579579999968 ], [ -10.875053188999857, 16.716133062000097 ], [ -10.88009332199988, 16.716451028000108 ], [ -10.885148462999894, 16.72081168200009 ], [ -10.886138503999916, 16.727899134000154 ], [ -10.888354576999973, 16.735254563000069 ], [ -10.893424720999974, 16.740602141000068 ], [ -10.898013852999895, 16.746472680000011 ], [ -10.905630063999979, 16.752073233999965 ], [ -10.912579252999876, 16.755612948000135 ], [ -10.920763469999883, 16.756833838000034 ], [ -10.926277612999968, 16.756158879000054 ], [ -10.935279848999926, 16.756524834000061 ], [ -10.940693001999875, 16.76191540800005 ], [ -10.942233058999932, 16.769842794000112 ], [ -10.944408131999978, 16.777669187000129 ], [ -10.945101163999936, 16.784524658000066 ], [ -10.94929828599993, 16.79035320100013 ], [ -10.957993525999939, 16.796175736000066 ], [ -10.966756762999978, 16.800070419000122 ], [ -10.973265946999959, 16.806764891000171 ], [ -10.972747942999945, 16.811190551000095 ], [ -10.97352397599991, 16.817105095000045 ], [ -10.981727201999831, 16.822745645000111 ], [ -10.981544204999977, 16.826697341000056 ], [ -10.98589033199994, 16.832663873000058 ], [ -10.987329384999896, 16.840311282000187 ], [ -10.988167420999957, 16.847118757000032 ], [ -10.987124417999894, 16.858695868000041 ], [ -10.983847344999901, 16.864940393999973 ], [ -10.983539354999948, 16.873452740000175 ], [ -10.986952462999966, 16.882299053000168 ], [ -10.989736548999929, 16.888425577000078 ], [ -10.990651583999977, 16.893869156999983 ], [ -10.988817551999944, 16.901694559000191 ], [ -10.985963487999868, 16.906852168000171 ], [ -10.985042477999968, 16.913679645000116 ], [ -10.988861591999921, 16.920359125000118 ], [ -10.991029664999928, 16.927714555000136 ], [ -10.992602719999923, 16.934608023000123 ], [ -10.993270754999969, 16.943015376000062 ], [ -10.994611812999892, 16.95386054100004 ], [ -10.995141845999967, 16.962833850999971 ], [ -10.993581818999871, 16.96943434700006 ], [ -10.993521828999974, 16.975029918000018 ], [ -10.995465897999964, 16.983752244000186 ], [ -10.995741922999969, 16.992070606000084 ], [ -10.995529941999962, 17.003637719000153 ], [ -10.993744911999954, 17.011510118000047 ], [ -10.991658872999835, 17.018915554999978 ], [ -10.99026185199989, 17.026547972000117 ], [ -10.989316838999855, 17.031871566000063 ], [ -10.988273828999979, 17.040252925000118 ], [ -10.985778782999944, 17.049637211000118 ], [ -10.984576767999954, 17.057267628999966 ], [ -10.982048723999981, 17.067687835000072 ], [ -10.981573725999908, 17.074886285000105 ], [ -10.980407723999974, 17.088017281000134 ], [ -10.980863750999958, 17.095345719000022 ], [ -10.98031775599992, 17.104285036000078 ], [ -10.98025977299983, 17.113171356000123 ], [ -10.980279789999884, 17.120787773000131 ], [ -10.985187933999896, 17.128347185000166 ] ] ] } },
{ "type": "Feature", "properties": { "adm2_name": "Boumdeid", "adm2_name1": null, "adm2_name2": null, "adm2_name3": null, "adm2_pcode": "MR032", "adm1_name": "Assaba", "adm1_name1": null, "adm1_name2": null, "adm1_name3": null, "adm1_pcode": "MR03", "adm0_name": "Mauritanie", "adm0_name1": null, "adm0_name2": null, "adm0_name3": null, "adm0_pcode": "MR", "valid_on": "2024-03-27", "valid_to": null, "area_sqkm": 4323.9776477400001, "version": "v03", "lang": "fr", "lang1": null, "lang2": null, "lang3": null, "adm2_ref": "None", "center_lat": 17.74382535, "center_lon": -11.27875137 }, "geometry": { "type": "Polygon", "coordinates": [ [ [ -10.970663162999926, 18.311542745000168 ], [ -10.976089302999981, 18.310379820000094 ], [ -10.980615413999942, 18.306601092999983 ], [ -10.984549508999919, 18.302800369000124 ], [ -10.99243970699996, 18.298085705000119 ], [ -10.997170825999888, 18.295648877000133 ], [ -11.004596012999912, 18.291606163000097 ], [ -11.009030120999967, 18.287970426000129 ], [ -11.013818241999843, 18.285717584000054 ], [ -11.018849374999832, 18.285735572000135 ], [ -11.024144520999926, 18.288489355000138 ], [ -11.026280588999896, 18.293519974999981 ], [ -11.030598712999961, 18.297666656 ], [ -11.033792801999823, 18.299718496000139 ], [ -11.041468005999889, 18.300414428000181 ], [ -11.04664013699994, 18.297911604000035 ], [ -11.053165300999979, 18.294745826999986 ], [ -11.05897744899994, 18.292216004000011 ], [ -11.067180654999845, 18.287907308000058 ], [ -11.072314785999936, 18.285685464000039 ], [ -11.078863952999939, 18.283077645000049 ], [ -11.085694125999908, 18.280131851000021 ], [ -11.09117326799992, 18.279058919000022 ], [ -11.099518474999854, 18.273440322000113 ], [ -11.102408538999953, 18.26828770100002 ], [ -11.104075574999968, 18.264537978000192 ], [ -11.106183621999946, 18.260722259000033 ], [ -11.110637723999957, 18.254059748000088 ], [ -11.115657854999938, 18.253798757000084 ], [ -11.123634064999976, 18.253457765000121 ], [ -11.130990253999869, 18.25128091300013 ], [ -11.137101406999875, 18.24766717000017 ], [ -11.144755589999932, 18.239702750000049 ], [ -11.149103693999962, 18.23518607900013 ], [ -11.153609802999938, 18.230942387000027 ], [ -11.157952890999923, 18.219302249000066 ], [ -11.161807976999967, 18.212477752000041 ], [ -11.166803098999878, 18.208120067000152 ], [ -11.172149223999952, 18.201558547000104 ], [ -11.175146285999915, 18.194260088000078 ], [ -11.179230379999979, 18.188171535000038 ], [ -11.185956541999872, 18.181598013000041 ], [ -11.190327644999968, 18.176474388000031 ], [ -11.198801846999913, 18.166893088000052 ], [ -11.204848990999949, 18.160580549000088 ], [ -11.207116042999928, 18.15703781000019 ], [ -11.206286010999918, 18.152556147000155 ], [ -11.2046519619999, 18.150065337000115 ], [ -11.200900862999958, 18.149992351000151 ], [ -11.193218668999975, 18.153813080000134 ], [ -11.184826455999826, 18.157151848000183 ], [ -11.179688327999941, 18.160445612000046 ], [ -11.17423619099992, 18.163332407000041 ], [ -11.168652034999923, 18.159566701000074 ], [ -11.17166809899993, 18.152732207000156 ], [ -11.175332187999857, 18.149548438000068 ], [ -11.180569315999946, 18.14508776100007 ], [ -11.186724463999838, 18.139003205000051 ], [ -11.190565556999957, 18.135346471000162 ], [ -11.197043720999943, 18.132229691000191 ], [ -11.201163819999863, 18.128188985000179 ], [ -11.203496876999964, 18.126180131000069 ], [ -11.206261943999891, 18.123919295000064 ], [ -11.205189900999926, 18.117212800000175 ], [ -11.202425813999923, 18.111324248000017 ], [ -11.200592754999946, 18.106466616000091 ], [ -11.198453686999869, 18.101343005000103 ], [ -11.198203671999977, 18.097768273999975 ], [ -11.19881667899989, 18.093597586000044 ], [ -11.200839726999959, 18.09127575600013 ], [ -11.203747797999881, 18.088869930000044 ], [ -11.207022884999958, 18.089334888000167 ], [ -11.207781916999977, 18.094471501000157 ], [ -11.212383048999982, 18.099490115000094 ], [ -11.21682616899983, 18.100744012000177 ], [ -11.223203337999905, 18.10107697300009 ], [ -11.228638478999926, 18.100146032000112 ], [ -11.235616660999881, 18.099522064000155 ], [ -11.240358783999966, 18.098527128000057 ], [ -11.245786926999926, 18.098575113000038 ], [ -11.249760037999863, 18.101571880000108 ], [ -11.254640171999881, 18.103831700000057 ], [ -11.259087289999968, 18.104013677000069 ], [ -11.265812461999928, 18.102096807000123 ], [ -11.27378565999993, 18.097006172000022 ], [ -11.278416773999936, 18.09336243600012 ], [ -11.284573921999936, 18.087324876000082 ], [ -11.287573992999967, 18.083611149000035 ], [ -11.292496112999913, 18.079861420000043 ], [ -11.295482187999824, 18.078151542000114 ], [ -11.300813325999854, 18.077084611000032 ], [ -11.305402443999924, 18.075957686000152 ], [ -11.312319620999915, 18.07389282600019 ], [ -11.316341720999901, 18.071020034000185 ], [ -11.321550848999891, 18.067072319000147 ], [ -11.326004958999931, 18.063901548000047 ], [ -11.329138036999893, 18.062184670000079 ], [ -11.332800128999963, 18.060118818000035 ], [ -11.338425265999945, 18.055501153000023 ], [ -11.341027330999964, 18.054039257 ], [ -11.346635485999911, 18.057199008000055 ], [ -11.346116481999957, 18.061272703000043 ], [ -11.344738458999871, 18.067198261000044 ], [ -11.345872499999928, 18.071853908999969 ], [ -11.347342545999879, 18.075143658000115 ], [ -11.352181675999873, 18.076426552000044 ], [ -11.354349732999935, 18.076380551000057 ], [ -11.3597088759999, 18.077129483000022 ], [ -11.362955960999955, 18.076944490000074 ], [ -11.368470105999961, 18.076708496000094 ], [ -11.375787293999906, 18.074765627000033 ], [ -11.382314454999971, 18.070482934000154 ], [ -11.384315503999971, 18.068814056000065 ], [ -11.387237586999902, 18.071435852000093 ], [ -11.38876363299994, 18.073699679000129 ], [ -11.391134697999917, 18.074948580000125 ], [ -11.394909803999838, 18.077907349999975 ], [ -11.398230897999895, 18.080652137000186 ], [ -11.403869057999941, 18.085672747999979 ], [ -11.408217177999973, 18.088188550000154 ], [ -11.412285288999954, 18.089923411000086 ], [ -11.417699427999935, 18.088481507000154 ], [ -11.427316675999975, 18.086114665000082 ], [ -11.432005795999885, 18.085029736000081 ], [ -11.43749493599995, 18.083025875000089 ], [ -11.445452137999894, 18.079892093000183 ], [ -11.450886275999949, 18.077750243000082 ], [ -11.45549039499997, 18.07699429000013 ], [ -11.458054462999826, 18.076978285000109 ], [ -11.461164544999917, 18.077031275000081 ], [ -11.464529633999916, 18.077307247000022 ], [ -11.469238761999918, 18.079015109000068 ], [ -11.469972785999971, 18.081218942000078 ], [ -11.47176283999994, 18.083889737 ], [ -11.476795968999909, 18.082789809000133 ], [ -11.480602063999982, 18.080624963000048 ], [ -11.488726271999894, 18.07794914699997 ], [ -11.48979628799998, 18.072920523000107 ], [ -11.489879280999844, 18.069052813000042 ], [ -11.493789373999959, 18.064694132000056 ], [ -11.49714445099994, 18.060034475000123 ], [ -11.499376496999957, 18.0544908870001 ], [ -11.499682496999981, 18.051218132000088 ], [ -11.498480453999889, 18.046100520000152 ], [ -11.496803395999962, 18.040257962000055 ], [ -11.495342350999863, 18.037201195000023 ], [ -11.49517433699998, 18.033203496000112 ], [ -11.496425362999958, 18.030122725000183 ], [ -11.500954486999944, 18.032257555000058 ], [ -11.504736593999894, 18.035402310000109 ], [ -11.50961373999985, 18.043435696000074 ], [ -11.509746753999934, 18.047761371000149 ], [ -11.515306893999878, 18.045101558999988 ], [ -11.519808004999902, 18.041882791000148 ], [ -11.523219086999973, 18.038571033000039 ], [ -11.530349269999931, 18.036869146000186 ], [ -11.537108458999967, 18.041609775000097 ], [ -11.540454545999978, 18.041419782000105 ], [ -11.544830662999971, 18.042256709000185 ], [ -11.548503760999949, 18.042798661000063 ], [ -11.55131583799988, 18.043982566000068 ], [ -11.553394897999965, 18.04650137200008 ], [ -11.555432955999947, 18.048044252000011 ], [ -11.557968022999887, 18.048494212000151 ], [ -11.557616002999907, 18.043666576000192 ], [ -11.556991975999949, 18.039408897999976 ], [ -11.556181937999895, 18.031900464000103 ], [ -11.555199903999949, 18.028496722000057 ], [ -11.556303922999973, 18.024258038000141 ], [ -11.557363940999835, 18.020161344000144 ], [ -11.558463959999813, 18.015830668000092 ], [ -11.55723191699991, 18.01118002000004 ], [ -11.554892845999916, 18.00718232600002 ], [ -11.550013706999891, 18.002594682000051 ], [ -11.546662618999903, 18.002602688000025 ], [ -11.545937595999874, 18.0008408220001 ], [ -11.554940819999899, 17.995445209000138 ], [ -11.558930923999981, 17.9953212100001 ], [ -11.564827074999869, 17.993626325000093 ], [ -11.568262164999965, 17.993200350000109 ], [ -11.573377292999965, 17.990513541000098 ], [ -11.579748446999929, 17.984885951000081 ], [ -11.58309651799982, 17.977711484 ], [ -11.58392553099992, 17.973997762000067 ], [ -11.586426582999934, 17.967790224000169 ], [ -11.588677632999918, 17.963875514000108 ], [ -11.590777680999963, 17.961038723000115 ], [ -11.59480477499983, 17.955931099000111 ], [ -11.596756816999971, 17.951935396000181 ], [ -11.598098841999956, 17.947500727000147 ], [ -11.59552776299995, 17.94267509600013 ], [ -11.590744631999883, 17.940365280000151 ], [ -11.584721473999878, 17.940249302000097 ], [ -11.578199303999895, 17.941134249000072 ], [ -11.574254200999974, 17.941162255000052 ], [ -11.569357068999977, 17.939649380000048 ], [ -11.569154061999939, 17.939159417000099 ], [ -11.567709015999924, 17.93566768300019 ], [ -11.566242964999958, 17.930143103000148 ], [ -11.565228928999886, 17.92599541800007 ], [ -11.564406899999938, 17.922863655000015 ], [ -11.564261884999894, 17.918260003000171 ], [ -11.563824865999891, 17.914926255000182 ], [ -11.559658741999897, 17.908538745000158 ], [ -11.555567620999966, 17.902752190000172 ], [ -11.553459554999904, 17.89837252500007 ], [ -11.551334493999946, 17.895948712000177 ], [ -11.549048427999878, 17.893205924000085 ], [ -11.546886365999967, 17.891063090000046 ], [ -11.544325292999872, 17.888797267000086 ], [ -11.54092619599993, 17.885403530000019 ], [ -11.538837134999937, 17.882652742000175 ], [ -11.53440901099998, 17.879395997000074 ], [ -11.531832936999933, 17.876805198000056 ], [ -11.527388811999913, 17.873176481000087 ], [ -11.520043616999942, 17.87209357800009 ], [ -11.513757444999953, 17.869242806000159 ], [ -11.511007365999944, 17.866007056000115 ], [ -11.509209313999975, 17.864314188000037 ], [ -11.50293114599998, 17.862813314 ], [ -11.498835032999921, 17.860427503000039 ], [ -11.495337935999942, 17.858201679000103 ], [ -11.48878175599998, 17.854802949000089 ], [ -11.484704638999972, 17.850507282000024 ], [ -11.486752671999966, 17.841352968000024 ], [ -11.487389683999822, 17.839268124000171 ], [ -11.487222677999966, 17.838444187000107 ], [ -11.486603655999886, 17.836028371000054 ], [ -11.489209703999961, 17.82741301599998 ], [ -11.491682760999936, 17.823628296000038 ], [ -11.493522801999859, 17.820830504000185 ], [ -11.494799831999899, 17.818900647000078 ], [ -11.496105862999968, 17.817814726000051 ], [ -11.498110912999948, 17.816498821000152 ], [ -11.49951694899994, 17.816041853000172 ], [ -11.49954194999998, 17.816033853000022 ], [ -11.501883011999951, 17.816420819000086 ], [ -11.503195046999963, 17.81691677900011 ], [ -11.50468008699994, 17.817082763000144 ], [ -11.506107124999971, 17.817468731000133 ], [ -11.507649165999908, 17.817690711000182 ], [ -11.510107230999893, 17.817637710000156 ], [ -11.511419265999848, 17.818133670000122 ], [ -11.513641327999949, 17.81978354000006 ], [ -11.515465378999977, 17.820992445000172 ], [ -11.516944420999948, 17.822421334000182 ], [ -11.518026451999958, 17.823521249000123 ], [ -11.519450491999976, 17.824510171000099 ], [ -11.521184538999933, 17.82505612600005 ], [ -11.522076562999928, 17.825337103000095 ], [ -11.523332595999932, 17.825558084000022 ], [ -11.524817634999977, 17.825669072000153 ], [ -11.526189670999827, 17.825561078000078 ], [ -11.528251721999823, 17.824246172000187 ], [ -11.529399749999925, 17.823039261000076 ], [ -11.529975761999935, 17.821887347000143 ], [ -11.530268765999892, 17.820186475000071 ], [ -11.530046755999933, 17.818648591000056 ], [ -11.529478738999899, 17.817605671000081 ], [ -11.528797718999954, 17.816616748000058 ], [ -11.526535652999939, 17.813595980000059 ], [ -11.526417647999949, 17.812729046000072 ], [ -11.526302641999848, 17.811783118000164 ], [ -11.52636464099993, 17.810630205000052 ], [ -11.526025629999936, 17.809477293000043 ], [ -11.525631615999941, 17.808049401000062 ], [ -11.52512459899998, 17.806292535000182 ], [ -11.524500579999938, 17.805248615000096 ], [ -11.523706555999979, 17.803710733000059 ], [ -11.523197539999956, 17.802501826000139 ], [ -11.522288512999978, 17.801293919000102 ], [ -11.521836497999971, 17.799866028000167 ], [ -11.520700463999958, 17.798272151 ], [ -11.520191447999935, 17.796954251000045 ], [ -11.517402367999978, 17.794041477000064 ], [ -11.516835350999884, 17.793163545000084 ], [ -11.516096328999936, 17.792119625000055 ], [ -11.515644314999918, 17.790965713000162 ], [ -11.515247301999921, 17.790141776000098 ], [ -11.51485028999997, 17.789317840000137 ], [ -11.514282273999925, 17.788658891000068 ], [ -11.512686228999939, 17.7875039810001 ], [ -11.511661199999878, 17.786680046000015 ], [ -11.510635171999979, 17.786130089000096 ], [ -11.507898096999895, 17.784589212000071 ], [ -11.506473056999937, 17.783764277000103 ], [ -11.505219022999938, 17.782884346 ], [ -11.504022988999907, 17.781950419000111 ], [ -11.502941957999894, 17.780796509000027 ], [ -11.501801925999928, 17.780026569000086 ], [ -11.50054889099988, 17.779201634000117 ], [ -11.500143879999939, 17.778969653000047 ], [ -11.50014271799995, 17.778968560000067 ], [ -11.498438832999909, 17.777991730000053 ], [ -11.497813814999972, 17.777112798000132 ], [ -11.496564777999936, 17.775189946000012 ], [ -11.495484745999931, 17.773816052000029 ], [ -11.494802725999875, 17.772772132000171 ], [ -11.494292709999968, 17.771783208000045 ], [ -11.493670689999931, 17.770191330000159 ], [ -11.492249648999859, 17.768323474000169 ], [ -11.492084643999874, 17.768196484000157 ], [ -11.49208400099991, 17.768194988000175 ], [ -11.490825608999955, 17.767223560000104 ], [ -11.490371594999885, 17.766454619000172 ], [ -11.491915634999941, 17.766126641000028 ], [ -11.492433646999871, 17.76530370200004 ], [ -11.492210636999914, 17.763821814000039 ], [ -11.491530615999977, 17.76239392399998 ], [ -11.491364608999902, 17.761131020000107 ], [ -11.491539611999883, 17.760253086000148 ], [ -11.492344629999877, 17.758936184000049 ], [ -11.492635634999885, 17.757729274000042 ], [ -11.491264597999873, 17.757507294000163 ], [ -11.489492551999888, 17.757560294000086 ], [ -11.48861952999988, 17.758034260000045 ], [ -11.487544503999914, 17.75887619800011 ], [ -11.486198466999952, 17.75821725100019 ], [ -11.483646392999958, 17.755278479000026 ], [ -11.483088376999888, 17.754766518000054 ], [ -11.482592362999981, 17.754259558 ], [ -11.481454330999952, 17.753104648000033 ], [ -11.480943314999877, 17.752061727000182 ], [ -11.481175318999874, 17.75134778100005 ], [ -11.482437349999941, 17.75014187000005 ], [ -11.483242367999935, 17.748770972000102 ], [ -11.484843405999982, 17.747404072000165 ], [ -11.486337443999957, 17.746633127000052 ], [ -11.48788448199997, 17.745592202000182 ], [ -11.488745501999915, 17.74460527500014 ], [ -11.488063481999973, 17.743616351000014 ], [ -11.486636443999942, 17.743285378999985 ], [ -11.485437411999953, 17.743064399 ], [ -11.484163378999938, 17.743223389000036 ], [ -11.482032323999931, 17.743489374000092 ], [ -11.479777264999939, 17.743771357000071 ], [ -11.478119221999975, 17.743879352000022 ], [ -11.476806186999966, 17.743548380000163 ], [ -11.475722156999893, 17.7431074160001 ], [ -11.473843103999855, 17.741568536000159 ], [ -11.473218085999918, 17.740744600000028 ], [ -11.468894960999876, 17.735798983000166 ], [ -11.467643924999948, 17.734370094000155 ], [ -11.466676896999957, 17.733326175 ], [ -11.466166881999925, 17.732283255000084 ], [ -11.465999874999966, 17.731130342000142 ], [ -11.465548858999966, 17.729537464000146 ], [ -11.465093845999888, 17.728878513999973 ], [ -11.462951786999952, 17.727955589000089 ], [ -11.46155774999994, 17.727392634000125 ], [ -11.460532720999879, 17.726512703000083 ], [ -11.459507691999875, 17.725578776000191 ], [ -11.458482662999927, 17.724643849000188 ], [ -11.457800642999871, 17.723709921000022 ], [ -11.456889616999888, 17.722830989000101 ], [ -11.455809584999884, 17.721457095000119 ], [ -11.454617549999853, 17.719644235000032 ], [ -11.453536517999908, 17.718325337000181 ], [ -11.452968501999919, 17.71750140100005 ], [ -11.452288480999869, 17.716293494000183 ], [ -11.45195146899988, 17.714755611000044 ], [ -11.452013466999858, 17.713437710000164 ], [ -11.451619453999854, 17.711955823000039 ], [ -11.450825429999952, 17.710636925000131 ], [ -11.449858401999961, 17.709483014000114 ], [ -11.448835371999962, 17.708165115999975 ], [ -11.448210352999979, 17.707176192000077 ], [ -11.447813340999971, 17.706571239000027 ], [ -11.44730032699988, 17.70602228100006 ], [ -11.447130321999964, 17.705747303000066 ], [ -11.44679131099997, 17.704813374000139 ], [ -11.446740305999981, 17.703331486000081 ], [ -11.447771331999945, 17.70272953 ], [ -11.448974361999944, 17.702126573000157 ], [ -11.450922409999976, 17.70064668100008 ], [ -11.451952435999942, 17.700428694999971 ], [ -11.453154466999933, 17.699935730000163 ], [ -11.452913458999888, 17.699169788000177 ], [ -11.452017432999924, 17.698396849000062 ], [ -11.451047406999862, 17.698066876000041 ], [ -11.45042038999992, 17.697736902000088 ], [ -11.449049353999897, 17.69762491299997 ], [ -11.447332309999979, 17.698281867000162 ], [ -11.446189279999885, 17.698390861000121 ], [ -11.445102251999913, 17.698553851000099 ], [ -11.444528237999918, 17.699156807000065 ], [ -11.443898222999962, 17.699650771000108 ], [ -11.443267207999952, 17.700308722000102 ], [ -11.442006176999882, 17.701240654000117 ], [ -11.440405135999924, 17.701512637000121 ], [ -11.439890121999952, 17.701512638000054 ], [ -11.439207102999944, 17.701072673000169 ], [ -11.438809090999939, 17.70046772000012 ], [ -11.438869090999958, 17.699644782000064 ], [ -11.439217096999869, 17.69849286800013 ], [ -11.439735108999912, 17.697449946000177 ], [ -11.440408124999919, 17.697011977999978 ], [ -11.44040812399993, 17.69620503900012 ], [ -11.440100113999847, 17.69538210200011 ], [ -11.439636099999973, 17.694634159000145 ], [ -11.438706072999878, 17.693773227000179 ], [ -11.437699043999942, 17.692688311000097 ], [ -11.436729016999891, 17.691864375000137 ], [ -11.434906964999925, 17.690068515000064 ], [ -11.433784931999924, 17.688609628000052 ], [ -11.426708721999944, 17.67748448500015 ], [ -11.426204706999954, 17.67693752800011 ], [ -11.42574169299985, 17.676151588000096 ], [ -11.425238677999971, 17.675328651000086 ], [ -11.424735662999922, 17.674655703000042 ], [ -11.424193647999914, 17.67398175600016 ], [ -11.42388363799995, 17.673532790000138 ], [ -11.423488626999927, 17.673175818000061 ], [ -11.422900608999953, 17.671776925000074 ], [ -11.42159457199989, 17.670762005000086 ], [ -11.420449538999947, 17.66962609300009 ], [ -11.419446510999876, 17.668765161000067 ], [ -11.419226502999891, 17.667744238000068 ], [ -11.419198499999879, 17.66685630600017 ], [ -11.419903517999956, 17.666348343000152 ], [ -11.420853542999964, 17.666511328000013 ], [ -11.421805566999979, 17.666189351000128 ], [ -11.424664637999911, 17.664366483000094 ], [ -11.425786665999908, 17.66350854600006 ], [ -11.426684687999966, 17.66275760100001 ], [ -11.426967692999938, 17.661790673000155 ], [ -11.426916688999881, 17.660554767 ], [ -11.426752681999915, 17.659534845 ], [ -11.426364669999884, 17.658835898000177 ], [ -11.425755650999918, 17.657224022000037 ], [ -11.425596641999903, 17.655182177000142 ], [ -11.425715640999897, 17.653409311000132 ], [ -11.42572163799997, 17.651959421000072 ], [ -11.42533362599994, 17.651045491000161 ], [ -11.424499600999923, 17.650024570000141 ], [ -11.423411570999974, 17.649011649000101 ], [ -11.422369540999966, 17.648042725000039 ], [ -11.421604517999924, 17.64685181599998 ], [ -11.420994498999903, 17.645453924000151 ], [ -11.420497482999906, 17.644003035000082 ], [ -11.419999466999911, 17.642821125000182 ], [ -11.418950431999974, 17.63943538400008 ], [ -11.408221114999947, 17.623792592000029 ], [ -11.406221055999936, 17.620781825000051 ], [ -11.406056049999961, 17.620083878000173 ], [ -11.404416996999885, 17.615800206000074 ], [ -11.408461094999836, 17.612274465000155 ], [ -11.411728175999883, 17.610225614000171 ], [ -11.412640198999952, 17.609627656999976 ], [ -11.416940309999916, 17.608652722000045 ], [ -11.422683453999923, 17.605659937000155 ], [ -11.428251591999867, 17.602022202000171 ], [ -11.432956710999974, 17.600145334000104 ], [ -11.439118866999934, 17.597739504 ], [ -11.443662980999932, 17.595543661000136 ], [ -11.448576095999954, 17.589233129999968 ], [ -11.453203203999976, 17.58316858 ], [ -11.456575284999928, 17.580090807000033 ], [ -11.46201443099983, 17.581580683000027 ], [ -11.465039513999898, 17.583128558999988 ], [ -11.469027617999927, 17.582957563999969 ], [ -11.47245270399992, 17.58113469500006 ], [ -11.477399828999978, 17.579153835000113 ], [ -11.480251900999974, 17.577774934000161 ], [ -11.483263974999943, 17.575504100000046 ], [ -11.487103063999882, 17.570636461000049 ], [ -11.490051137999956, 17.569207564000067 ], [ -11.492416205999973, 17.571481386000073 ], [ -11.493242233999979, 17.57470514 ], [ -11.494132265999838, 17.578252868000106 ], [ -11.496116325999935, 17.58203257700012 ], [ -11.498229386999981, 17.58417741 ], [ -11.501616479999939, 17.586128255000062 ], [ -11.5039755439999, 17.587099177000084 ], [ -11.505720587999974, 17.586372228000073 ], [ -11.508546659999922, 17.585553284000184 ], [ -11.510724717999949, 17.585739266000076 ], [ -11.511696734999873, 17.581879557000036 ], [ -11.510749700999952, 17.578147842000078 ], [ -11.50699158599997, 17.570904399000028 ], [ -11.505015523999873, 17.566145765000101 ], [ -11.505425521999882, 17.560680179000144 ], [ -11.508061581999925, 17.556516489999979 ], [ -11.511482672999932, 17.556929451000144 ], [ -11.514193751999926, 17.560399182000083 ], [ -11.516983828999912, 17.562235037 ], [ -11.519977906999941, 17.561875058000169 ], [ -11.520299902999909, 17.556645454000034 ], [ -11.518322840999929, 17.551886820000107 ], [ -11.514898743999879, 17.549053042000082 ], [ -11.51293968799996, 17.547041198999977 ], [ -11.51389170899995, 17.545045349000077 ], [ -11.517656802999909, 17.543114487000025 ], [ -11.517200784999943, 17.540479689000108 ], [ -11.513632690999941, 17.540073727000106 ], [ -11.508034547999841, 17.541849604000049 ], [ -11.504019446999962, 17.54369747200019 ], [ -11.500422355999888, 17.544968381999979 ], [ -11.496511251999948, 17.544623417000139 ], [ -11.493225161999931, 17.542715569000052 ], [ -11.490917093999826, 17.539460821000034 ], [ -11.490216071999896, 17.538047929000186 ], [ -11.485715953999886, 17.537773959000106 ], [ -11.486457983999912, 17.542492600000173 ], [ -11.487223012999948, 17.546604286 ], [ -11.487729031999834, 17.549236085000075 ], [ -11.486229996999953, 17.551116945000103 ], [ -11.481047863999834, 17.552222872000186 ], [ -11.478379793999977, 17.552103886000111 ], [ -11.469103552999911, 17.553198822000127 ], [ -11.466371487999822, 17.5562495960001 ], [ -11.460961346999909, 17.556620578999969 ], [ -11.456438223999953, 17.554624740000122 ], [ -11.4528621259999, 17.552868881000109 ], [ -11.448871013999906, 17.549453149000101 ], [ -11.44743195999996, 17.542250699000135 ], [ -11.450076019999869, 17.53827299500017 ], [ -11.454155123999954, 17.536748103000093 ], [ -11.459558256999969, 17.532698399000083 ], [ -11.461142290999874, 17.529324652000071 ], [ -11.462735322999947, 17.525018976000126 ], [ -11.462496305999821, 17.520512319000034 ], [ -11.460892246999947, 17.512897901000088 ], [ -11.459194192999973, 17.508872210000163 ], [ -11.462335271999905, 17.507341320000137 ], [ -11.466189375999932, 17.508667211000159 ], [ -11.4704624929999, 17.51058005699997 ], [ -11.47695566699997, 17.51249089900017 ], [ -11.482569821999903, 17.515789635999965 ], [ -11.484874891999937, 17.520161299000108 ], [ -11.487382967999963, 17.524664951999966 ], [ -11.489927040999873, 17.527675718000069 ], [ -11.493546139999921, 17.529290588000094 ], [ -11.499003281999876, 17.528870608000148 ], [ -11.501913344999878, 17.523019047000162 ], [ -11.501436317999946, 17.516380552000044 ], [ -11.499320248999936, 17.510649991999969 ], [ -11.496237150999889, 17.503052576000016 ], [ -11.492833048999898, 17.497191029000078 ], [ -11.491199994999874, 17.492371397999989 ], [ -11.496596132999969, 17.490510529000119 ], [ -11.500952249999955, 17.492047403000129 ], [ -11.511223532999907, 17.498173916000155 ], [ -11.516743679999934, 17.499241823000148 ], [ -11.51634665399996, 17.492181361000178 ], [ -11.512578538999946, 17.484704937000117 ], [ -11.506536362999952, 17.477093528000125 ], [ -11.502906252999878, 17.470544034 ], [ -11.504132271999879, 17.464530489000083 ], [ -11.509805417999814, 17.463403563000099 ], [ -11.513977525999962, 17.462899592999975 ], [ -11.511026435999952, 17.45725102900019 ], [ -11.508608361999961, 17.452558391000025 ], [ -11.504850247999968, 17.445314950000125 ], [ -11.502003165999952, 17.442130198000086 ], [ -11.496244011999863, 17.440830309000091 ], [ -11.49158088899992, 17.440620334000187 ], [ -11.491446878999966, 17.437638562000018 ], [ -11.488393788999929, 17.432886930000166 ], [ -11.484288674999902, 17.430268137000098 ], [ -11.481175587999928, 17.427793332000078 ], [ -11.480082550999896, 17.424114614000189 ], [ -11.484957670999961, 17.420413886 ], [ -11.490249801999937, 17.417254116000095 ], [ -11.495046917999844, 17.412858441000083 ], [ -11.498391991999938, 17.406801895000058 ], [ -11.502794097999924, 17.402422220000176 ], [ -11.507514209999954, 17.397377594000034 ], [ -11.511888315999954, 17.393511880000119 ], [ -11.516282425999975, 17.39127604100014 ], [ -11.516518410999936, 17.381672772 ], [ -11.516665398999862, 17.374635308 ], [ -11.521054505999928, 17.371094569000093 ], [ -11.523450554999954, 17.364753047000079 ], [ -11.523406534999936, 17.356698661000166 ], [ -11.523519520999969, 17.348871258000088 ], [ -11.529651671999943, 17.344557574000078 ], [ -11.536166839999964, 17.343487642000184 ], [ -11.54562408399994, 17.342012735000083 ], [ -11.555603338999902, 17.338884953000104 ], [ -11.563168532999953, 17.336979083000131 ], [ -11.567089628999952, 17.334063298000046 ], [ -11.573782789999939, 17.327863756999989 ], [ -11.58194899199998, 17.322672136000051 ], [ -11.590753210999878, 17.317406520000134 ], [ -11.599480425999957, 17.311491953000029 ], [ -11.529334289999952, 17.17609344300007 ], [ -11.292908582999928, 17.396304115000135 ], [ -11.118097004999981, 17.399676211000042 ], [ -11.034200982999948, 17.48278805800004 ], [ -11.035177026999975, 17.491067427000019 ], [ -11.040268179999941, 17.499973741000133 ], [ -11.044094292999944, 17.505757293000102 ], [ -11.046140357999946, 17.510957894000057 ], [ -11.048043418999953, 17.516063503000169 ], [ -11.050784506999889, 17.523276948999978 ], [ -11.054093604999878, 17.528075578000085 ], [ -11.056784683999979, 17.532305252000128 ], [ -11.057899719999966, 17.535210029000041 ], [ -11.059542776999933, 17.541430554000044 ], [ -11.063179890999947, 17.550100888000145 ], [ -11.067009010999925, 17.558821218999981 ], [ -11.068195051999908, 17.563356872000043 ], [ -11.069063088999883, 17.569706389000032 ], [ -11.069387112999891, 17.576840847000028 ], [ -11.067546078999953, 17.583294361000071 ], [ -11.06813711399991, 17.591876709000132 ], [ -11.068017120999968, 17.596489359000032 ], [ -11.067468114999826, 17.600722040000051 ], [ -11.066603104999842, 17.606535601000132 ], [ -11.067231135999918, 17.61278912500012 ], [ -11.068703184999947, 17.617608757000085 ], [ -11.069498216999932, 17.622466387000031 ], [ -11.070406248999916, 17.626253099000166 ], [ -11.072543316999884, 17.631827672000156 ], [ -11.074826389999885, 17.637358248000169 ], [ -11.079257521999978, 17.644687684000189 ], [ -11.081912605999946, 17.651201185000048 ], [ -11.085394710999822, 17.657306716000107 ], [ -11.088816809999969, 17.661174416000051 ], [ -11.090839870999957, 17.664743141000031 ], [ -11.093887971999834, 17.673965437000106 ], [ -11.092882956999972, 17.679451024000059 ], [ -11.090693908999981, 17.683428727000091 ], [ -11.090331910999964, 17.688923312000043 ], [ -11.087441856999931, 17.698657581000191 ], [ -11.084854817999826, 17.711739597000076 ], [ -11.083855817999961, 17.723605701000054 ], [ -11.076103695999961, 17.760416934000034 ], [ -11.007602722999934, 18.129751272000021 ], [ -10.970663162999926, 18.311542745000168 ] ] ] } },
{ "type": "Feature", "properties": { "adm2_name": "Kankoussa", "adm2_name1": null, "adm2_name2": null, "adm2_name3": null, "adm2_pcode": "MR034", "adm1_name": "Assaba", "adm1_name1": null, "adm1_name2": null, "adm1_name3": null, "adm1_pcode": "MR03", "adm0_name": "Mauritanie", "adm0_name1": null, "adm0_name2": null, "adm0_name3": null, "adm0_pcode": "MR", "valid_on": "2024-03-27", "valid_to": null, "area_sqkm": 10369.341942110001, "version": "v03", "lang": "fr", "lang1": null, "lang2": null, "lang3": null, "adm2_ref": "None", "center_lat": 15.71253972, "center_lon": -11.14620813 }, "geometry": { "type": "Polygon", "coordinates": [ [ [ -11.001992680999876, 16.308393385000045 ], [ -11.185179459999972, 16.307753090000062 ], [ -11.30667462599996, 16.306567951000147 ], [ -11.325972128999979, 16.306512918000124 ], [ -11.341071522999869, 16.306344902000092 ], [ -11.345852646999958, 16.306232902000033 ], [ -11.37920051499998, 16.305728876999979 ], [ -11.420443589999877, 16.305661803000135 ], [ -11.457846562999919, 16.305059778000157 ], [ -11.463327704999926, 16.304778789000068 ], [ -11.470964903999914, 16.304722779000087 ], [ -11.473237962999974, 16.304779770000096 ], [ -11.475745028999938, 16.304723769000134 ], [ -11.479535126999963, 16.304723762000037 ], [ -11.484840264999889, 16.304555765000089 ], [ -11.493952502999889, 16.304735733000086 ], [ -11.514167028999907, 16.304395721 ], [ -11.519973179999965, 16.304297717000054 ], [ -11.546063857999911, 16.303859700000146 ], [ -11.570065482999951, 16.303455685000017 ], [ -11.575899633999938, 16.303357682000183 ], [ -11.577930686999878, 16.303322680000122 ], [ -11.584417855999902, 16.303213675999984 ], [ -11.586549910999906, 16.303177675000143 ], [ -11.591950051999959, 16.303086671000074 ], [ -11.594504117999975, 16.303043670000136 ], [ -11.59704518399991, 16.303001668000036 ], [ -11.604430375999982, 16.302876664000166 ], [ -11.606141420999904, 16.302848661999974 ], [ -11.626627952999968, 16.302540646000068 ], [ -11.631097580999949, 16.302428137000106 ], [ -11.631120068999962, 16.302050676000022 ], [ -11.667447392999975, 16.002253988000177 ], [ -11.58499917599994, 15.966035977999979 ], [ -11.634967345999939, 15.902514856000153 ], [ -11.571409604999872, 15.858527423000055 ], [ -11.580408824999836, 15.851527955000051 ], [ -11.588706009999953, 15.83649111800014 ], [ -11.596409181999945, 15.822530199000084 ], [ -11.600410265999926, 15.81253197500007 ], [ -11.600410225999894, 15.792532544999972 ], [ -11.609410434999916, 15.780533469000147 ], [ -11.613409512999965, 15.767535482000028 ], [ -11.620409667999979, 15.754535489999967 ], [ -11.627986854999961, 15.749484872000039 ], [ -11.635411037999972, 15.744537247000039 ], [ -11.642411206999896, 15.738536705000058 ], [ -11.649411370999928, 15.729538399000035 ], [ -11.653410464999979, 15.724537784000063 ], [ -11.656411530999947, 15.718539250000049 ], [ -11.661411635999912, 15.706540183000129 ], [ -11.662410645999898, 15.69853981000017 ], [ -11.662410619999889, 15.685541832000069 ], [ -11.661411581999914, 15.67954130600009 ], [ -11.666411683999911, 15.665542397000081 ], [ -11.667410689999883, 15.655543182000088 ], [ -11.667060663999962, 15.64713084400006 ], [ -11.667410655999959, 15.63854451900005 ], [ -11.667410641999879, 15.631545070000072 ], [ -11.671410722999838, 15.62054592800007 ], [ -11.674410784999907, 15.612547552000137 ], [ -11.679410888999882, 15.599547567000172 ], [ -11.685763037999948, 15.591745169000149 ], [ -11.673567697999943, 15.579823131000126 ], [ -11.670398606999925, 15.575377486999969 ], [ -11.666057481999928, 15.56910598900015 ], [ -11.662737384999957, 15.563534434000189 ], [ -11.660547313999928, 15.556483994000189 ], [ -11.658793252999828, 15.54876760500008 ], [ -11.658036220999975, 15.542153128000166 ], [ -11.659307237999883, 15.534357740000189 ], [ -11.661692283999969, 15.526323369000011 ], [ -11.65253004799996, 15.527002333000098 ], [ -11.642410780999967, 15.524554544000125 ], [ -11.622819280999977, 15.528636259000109 ], [ -11.409404936999863, 15.627545865000059 ], [ -11.31440221899993, 15.498557197000025 ], [ -11.073603568999886, 15.29023807700014 ], [ -11.068047260999947, 15.202928995000036 ], [ -10.914745144999927, 15.129513079000048 ], [ -10.912602078999896, 15.123457563000102 ], [ -10.911473039999919, 15.11834597 ], [ -10.898389681999902, 15.108587765999971 ], [ -10.889070462999939, 15.121122789000026 ], [ -10.884017344999904, 15.128528210000184 ], [ -10.881355286999906, 15.134312756000043 ], [ -10.87877423499998, 15.142392121000171 ], [ -10.869390093999868, 15.198580686000071 ], [ -10.856517775999919, 15.207717985000158 ], [ -10.852037662999976, 15.209509851000121 ], [ -10.836389267999891, 15.2155803980001 ], [ -10.828972102999955, 15.230821205000041 ], [ -10.825388049999958, 15.252576489999967 ], [ -10.827388145999976, 15.276575589000174 ], [ -10.81138773899994, 15.281575221000139 ], [ -10.796387396999933, 15.30757319200012 ], [ -10.76638662199997, 15.310573007000073 ], [ -10.75838744899994, 15.329571520000059 ], [ -10.74419409099994, 15.335695061000024 ], [ -10.731385775999968, 15.345570304000034 ], [ -10.722898583999836, 15.360812115000044 ], [ -10.721702559999926, 15.365203770000051 ], [ -10.718386502999977, 15.38056756300017 ], [ -10.729123870999956, 15.428697748000161 ], [ -10.718386611999904, 15.43956291000012 ], [ -10.703828224999882, 15.435619246000158 ], [ -10.696068021999963, 15.434678334000125 ], [ -10.670385346999922, 15.431562624000037 ], [ -10.65780899899994, 15.420425524000166 ], [ -10.651423826999917, 15.417098797000165 ], [ -10.643957629999875, 15.415543933000095 ], [ -10.637254455999937, 15.415866919000166 ], [ -10.627680208999948, 15.41719783100018 ], [ -10.6205770279999, 15.419343674000174 ], [ -10.614019857999949, 15.41966766000013 ], [ -10.608447708999961, 15.417938805000176 ], [ -10.603178578999916, 15.421597526000141 ], [ -10.585383125999954, 15.427564086000132 ], [ -10.585528887999942, 15.428424264000114 ], [ -10.628653726999914, 15.682914919999973 ], [ -10.653199649999863, 15.832817122000051 ], [ -10.671856353999942, 15.946753174000037 ], [ -10.673717414999942, 15.953064678000032 ], [ -10.679229564999844, 15.956506399000148 ], [ -10.684018696999942, 15.960044114000027 ], [ -10.684470715999964, 15.96402080200005 ], [ -10.685214743999893, 15.968417457000157 ], [ -10.688786838999931, 15.969432372000028 ], [ -10.693502958999886, 15.967540511000038 ], [ -10.696360037999966, 15.970197298000073 ], [ -10.69821709799993, 15.975759860000039 ], [ -10.697616091999976, 15.981238433000101 ], [ -10.691516942999897, 15.986413040000059 ], [ -10.684984782999948, 15.991916622000133 ], [ -10.691189947999931, 15.993579481000154 ], [ -10.70123721199991, 15.994077424000068 ], [ -10.708798412999954, 15.995962263000138 ], [ -10.714813570999922, 15.996757190000096 ], [ -10.723159789999954, 15.997477119000052 ], [ -10.728776940999921, 15.9994859520001 ], [ -10.735889133999876, 16.003098657000123 ], [ -10.741743291999853, 16.006093413000144 ], [ -10.748284466999905, 16.008063247000052 ], [ -10.754039622999926, 16.011290984000027 ], [ -10.759154764999948, 16.015777625000112 ], [ -10.762527859999977, 16.019455332000177 ], [ -10.767357992999962, 16.023004045999983 ], [ -10.771761112999911, 16.025237862999973 ], [ -10.773664172999929, 16.030870419999985 ], [ -10.775420229999895, 16.036642967000034 ], [ -10.773039181999877, 16.043834410000102 ], [ -10.770523126999876, 16.049479974 ], [ -10.770670143999894, 16.056222447000039 ], [ -10.774143240999933, 16.059479187000022 ], [ -10.776729318999969, 16.064601782000125 ], [ -10.775771303999818, 16.069791379000094 ], [ -10.773461250999901, 16.073706078000043 ], [ -10.771040199999959, 16.079727613000102 ], [ -10.76871115199998, 16.086498089000031 ], [ -10.764173039999946, 16.089739845000054 ], [ -10.754100796999921, 16.099869073000036 ], [ -10.748470661999932, 16.106520565000096 ], [ -10.747163640999872, 16.112924068000098 ], [ -10.745267604999867, 16.120119511000098 ], [ -10.743333565999876, 16.125957059000143 ], [ -10.740854515999956, 16.133381485000143 ], [ -10.742300569999941, 16.141819825000084 ], [ -10.742373591999979, 16.15212002300018 ], [ -10.743881643999941, 16.158639512000036 ], [ -10.745977709999977, 16.164507051000157 ], [ -10.747816773999944, 16.172246445000098 ], [ -10.746950761999869, 16.178091992000191 ], [ -10.748565814999893, 16.183160594000128 ], [ -10.752805934999913, 16.187874220000083 ], [ -10.755452009999829, 16.191312947000085 ], [ -10.760036137999975, 16.195373623000023 ], [ -10.76480627299992, 16.200701199000093 ], [ -10.771305457999972, 16.208522579000089 ], [ -10.774268548999828, 16.215287047000061 ], [ -10.776415615999838, 16.220734619000154 ], [ -10.782537787999956, 16.22700812000005 ], [ -10.790660009999897, 16.231985717999976 ], [ -10.798169210999845, 16.23443151400005 ], [ -10.805621412999869, 16.237953226000116 ], [ -10.815218667999829, 16.240274028000101 ], [ -10.82524893599998, 16.243159785000046 ], [ -10.831785111999977, 16.245831565000117 ], [ -10.837106255999913, 16.24868233300009 ], [ -10.842416402999959, 16.252982989000145 ], [ -10.847524547999967, 16.258499551000057 ], [ -10.849180602999922, 16.264739063000093 ], [ -10.84364447299987, 16.271812523000051 ], [ -10.834539248999874, 16.279073975000074 ], [ -10.826790054999947, 16.283219667000083 ], [ -11.001992680999876, 16.308393385000045 ] ] ] } },
{ "type": "Feature", "properties": { "adm2_name": "Barkéol", "adm2_name1": null, "adm2_name2": null, "adm2_name3": null, "adm2_pcode": "MR031", "adm1_name": "Assaba", "adm1_name1": null, "adm1_name2": null, "adm1_name3": null, "adm1_pcode": "MR03", "adm0_name": "Mauritanie", "adm0_name1": null, "adm0_name2": null, "adm0_name3": null, "adm0_pcode": "MR", "valid_on": "2024-03-27", "valid_to": null, "area_sqkm": 6448.7244523099998, "version": "v03", "lang": "fr", "lang1": null, "lang2": null, "lang3": null, "adm2_ref": "Barkeol", "center_lat": 16.64211764, "center_lon": -12.44257816 }, "geometry": { "type": "Polygon", "coordinates": [ [ [ -12.35567598699987, 17.228319716000044 ], [ -12.361731146999944, 17.229350624000062 ], [ -12.36778430499993, 17.229777578000039 ], [ -12.376494529999889, 17.228652646000057 ], [ -12.379150594999828, 17.227008766000097 ], [ -12.384847734999937, 17.223114050999982 ], [ -12.39243892699983, 17.220649224000056 ], [ -12.398723084999915, 17.218285391000165 ], [ -12.407232299999919, 17.215348598000105 ], [ -12.413217444999873, 17.210847929000124 ], [ -12.419980611999904, 17.206993210000121 ], [ -12.427415793999955, 17.201786593000179 ], [ -12.432231903999934, 17.195294079000121 ], [ -12.436770014999979, 17.192104314000119 ], [ -12.442287157999942, 17.191650337000112 ], [ -12.447903304999954, 17.191940302000035 ], [ -12.45554950199994, 17.191102350000165 ], [ -12.460435624999889, 17.189422468000089 ], [ -12.464444725999897, 17.187884577000091 ], [ -12.471302894999951, 17.183610890000068 ], [ -12.477383040999882, 17.178598261000047 ], [ -12.484818222999934, 17.173437640000145 ], [ -12.491512375999946, 17.164469312999984 ], [ -12.497820519999891, 17.155642976000081 ], [ -12.501810606999982, 17.148505514000135 ], [ -12.50473366499989, 17.140817098000127 ], [ -12.506929702999969, 17.132760711000117 ], [ -12.508315728999889, 17.128149061000101 ], [ -12.513859858999979, 17.122256501000152 ], [ -12.523572100999957, 17.117453849000128 ], [ -12.531691302999889, 17.113730117000046 ], [ -12.540685530999951, 17.111209291000023 ], [ -12.549593762999962, 17.111199273000125 ], [ -12.558403991999967, 17.111097261 ], [ -12.568514250999954, 17.109219384000141 ], [ -12.575465418999954, 17.103876778000085 ], [ -12.583423608999965, 17.096388336000075 ], [ -12.590699777999873, 17.087648991000037 ], [ -12.598324961999936, 17.081510446000095 ], [ -12.605476138999904, 17.078025698000033 ], [ -12.620220509999967, 17.072586084000079 ], [ -12.632351812999957, 17.067395456000156 ], [ -12.642679061999843, 17.058962081 ], [ -12.650404250999884, 17.053613476000066 ], [ -12.655813383999885, 17.050371713000175 ], [ -12.663453576999927, 17.048045875000071 ], [ -12.674918869999885, 17.045881016000124 ], [ -12.684598119999976, 17.045123054000101 ], [ -12.697282449999932, 17.045368007000036 ], [ -12.706825700999957, 17.046748880000166 ], [ -12.716407948999915, 17.046129907000022 ], [ -12.725410180999859, 17.045468938000113 ], [ -12.73515641399996, 17.036946572000033 ], [ -12.741369555999881, 17.028725191000035 ], [ -12.746672680999893, 17.023113610000166 ], [ -12.753319832999921, 17.014471261000153 ], [ -12.759404981999978, 17.010527551000166 ], [ -12.765727134999963, 17.00551292200015 ], [ -12.773877326999923, 16.997419527000091 ], [ -12.779620465999926, 16.99273387500017 ], [ -12.789163687999974, 16.981888689000073 ], [ -12.795141827999942, 16.975528165000128 ], [ -12.798358895999968, 16.96862768900013 ], [ -12.802822987999832, 16.958744440000089 ], [ -12.807734099999948, 16.951832962000083 ], [ -12.811338176999982, 16.944930486000032 ], [ -12.81334321199995, 16.937759033000077 ], [ -12.815399249999871, 16.931237531000136 ], [ -12.815403369999956, 16.931230108000136 ], [ -12.815402, 16.931229 ], [ -12.81191, 16.840359 ], [ -12.822875999999894, 16.768586 ], [ -12.824051, 16.762474 ], [ -12.831433033999929, 16.754992444000095 ], [ -12.831358252999962, 16.754764113000135 ], [ -12.831618240999887, 16.746987713000124 ], [ -12.83217624599996, 16.742673045000174 ], [ -12.832344239999941, 16.738175393000176 ], [ -12.833106243999907, 16.731515906000084 ], [ -12.835193285999935, 16.72605732400018 ], [ -12.837584336999896, 16.72148367200009 ], [ -12.839825383999937, 16.716632043000061 ], [ -12.840780392999932, 16.709970555999973 ], [ -12.841447401999972, 16.706402830000059 ], [ -12.841913404999957, 16.702369141000133 ], [ -12.842241397999942, 16.695762652000042 ], [ -12.842047378999951, 16.689818112000069 ], [ -12.84134134999988, 16.685098479000089 ], [ -12.838950277999857, 16.680774819000078 ], [ -12.835443176999945, 16.676278174000117 ], [ -12.832153083999913, 16.673136424 ], [ -12.82706694299992, 16.66902075400003 ], [ -12.822683819999895, 16.664784091000058 ], [ -12.818806710999922, 16.661276371000042 ], [ -12.814474594999865, 16.659459521000031 ], [ -12.808953449999933, 16.658968571000059 ], [ -12.804157324999835, 16.658375627000055 ], [ -12.799304195999923, 16.657268723000129 ], [ -12.794736074999946, 16.655875841000181 ], [ -12.789955944999974, 16.653316049000125 ], [ -12.785608825999873, 16.65065626400002 ], [ -12.781621712999936, 16.646306610000011 ], [ -12.778677623999897, 16.640726048000147 ], [ -12.775727532999952, 16.634770516000117 ], [ -12.77381047199998, 16.629878898000072 ], [ -12.770029359999967, 16.623419407000029 ], [ -12.767327276999936, 16.617787849000024 ], [ -12.766444244999946, 16.614054140000064 ], [ -12.766167225999936, 16.608953536000115 ], [ -12.763344136999876, 16.601872091000132 ], [ -12.760572049999951, 16.595025627000098 ], [ -12.75866699099987, 16.590835956000092 ], [ -12.755508899999938, 16.586990261000153 ], [ -12.753078827999957, 16.583228557000155 ], [ -12.75293281099988, 16.57728401900016 ], [ -12.754427841999927, 16.574033268000051 ], [ -12.753815814999939, 16.569171646000143 ], [ -12.751415741999949, 16.564286030000176 ], [ -12.747578632999819, 16.56026235000013 ], [ -12.743711526999959, 16.55740957900008 ], [ -12.741279461999966, 16.556504655000026 ], [ -12.739424410999959, 16.555451740000024 ], [ -12.737936366999861, 16.553128924000021 ], [ -12.736638327999913, 16.550618121000014 ], [ -12.7354292899999, 16.547683351000046 ], [ -12.735528285999919, 16.544825573000026 ], [ -12.736610302999907, 16.540034942000034 ], [ -12.739255362999927, 16.536208233000025 ], [ -12.741654415999903, 16.532103547000077 ], [ -12.743288449999852, 16.528522821000081 ], [ -12.744494473999964, 16.525370063000025 ], [ -12.746478511999896, 16.519584508000094 ], [ -12.747892536999927, 16.51436891000003 ], [ -12.749554568999883, 16.509571279 ], [ -12.751737619999915, 16.507014473000027 ], [ -12.756385727999941, 16.501474892999966 ], [ -12.761036842999943, 16.499120066000103 ], [ -12.765855965999947, 16.498121133000154 ], [ -12.77072708299994, 16.494405412000106 ], [ -12.770950086999903, 16.493231502000128 ], [ -12.768818023999927, 16.489981759000102 ], [ -12.766028939999956, 16.485007151000104 ], [ -12.767205959999842, 16.480122528000152 ], [ -12.769232004999878, 16.476864777000173 ], [ -12.769046987999957, 16.471482195000135 ], [ -12.767906947999847, 16.466814560000046 ], [ -12.766004882999937, 16.45986210500007 ], [ -12.761440765999964, 16.460478066000121 ], [ -12.755441612999903, 16.461479001000043 ], [ -12.749440461999939, 16.463477859000079 ], [ -12.745440357999883, 16.463477867000051 ], [ -12.742440282999837, 16.464478796000037 ], [ -12.736441122999963, 16.462477964000016 ], [ -12.734441066999921, 16.46047812300003 ], [ -12.730439957999977, 16.458479287000046 ], [ -12.725208817999885, 16.456287468000141 ], [ -12.710114432999944, 16.459033287000011 ], [ -12.704469297999935, 16.46390292000018 ], [ -12.697612129999925, 16.468362588000048 ], [ -12.682891774999916, 16.479984716000104 ], [ -12.675018580999904, 16.48454437900017 ], [ -12.666329369999914, 16.490967898000065 ], [ -12.659694195999919, 16.490126978000148 ], [ -12.650392951999947, 16.488605115000041 ], [ -12.633821513999976, 16.484711452000056 ], [ -12.431640176999906, 16.443083106000074 ], [ -12.432387180999967, 16.435966657 ], [ -12.435028236999926, 16.430324090000056 ], [ -12.43601324399998, 16.422229717000107 ], [ -12.430909099999894, 16.416869144000032 ], [ -12.426126953999926, 16.406997921000141 ], [ -12.420490795999967, 16.401873331000161 ], [ -12.418080711999949, 16.392033101000095 ], [ -12.420612758999937, 16.383277777000046 ], [ -12.420050726999932, 16.375750364000112 ], [ -12.420895733999885, 16.368771905000131 ], [ -12.42018969999998, 16.361616463000132 ], [ -12.416376579999962, 16.351925224000013 ], [ -12.412549451999951, 16.338933243000042 ], [ -12.411015392999957, 16.330156929000054 ], [ -12.409731344999955, 16.32379542700005 ], [ -12.408346292999909, 16.316088030000117 ], [ -12.408890285999973, 16.306693761000076 ], [ -12.409597292999933, 16.301715147000095 ], [ -12.411807340999928, 16.29733148400004 ], [ -12.415268416999936, 16.291033967000033 ], [ -12.417847463999976, 16.281952669000077 ], [ -12.416761423999958, 16.276427102000014 ], [ -12.417127420999918, 16.270892532000062 ], [ -12.416911402999915, 16.265222974999972 ], [ -12.41738240799998, 16.261779242000046 ], [ -12.421006497999883, 16.260083367000163 ], [ -12.42269553899996, 16.258677473000034 ], [ -12.426227628999982, 16.25819050400014 ], [ -12.429707715999882, 16.256773607000071 ], [ -12.432500780999874, 16.252990896000142 ], [ -12.43218775999992, 16.247089357000107 ], [ -12.428345649999812, 16.242557718000057 ], [ -12.426822597999887, 16.23670917700008 ], [ -12.429431657999942, 16.233496422000087 ], [ -12.431431681999982, 16.220497432000172 ], [ -12.429262617999939, 16.216797725 ], [ -12.428509582999936, 16.209968259000163 ], [ -12.426937528999929, 16.203888737000057 ], [ -12.422464402999935, 16.199129117000041 ], [ -12.416746250999836, 16.197677242000111 ], [ -12.409589069999981, 16.199489115000176 ], [ -12.404997954999885, 16.201563963000069 ], [ -12.399398819999874, 16.205922634 ], [ -12.393267669999943, 16.210238310000022 ], [ -12.384763458999885, 16.214568989000156 ], [ -12.378575303999924, 16.216746832000126 ], [ -12.374182196999982, 16.219935592000013 ], [ -12.368734067999924, 16.225502169000094 ], [ -12.361156883999968, 16.231592710000143 ], [ -12.354793734999873, 16.238560179000103 ], [ -12.347404552999933, 16.243255828000088 ], [ -12.341611411999963, 16.247429514999965 ], [ -12.333831217999887, 16.250919259000057 ], [ -12.32594901799996, 16.253154100000131 ], [ -12.317339799999957, 16.255346947000135 ], [ -12.311583652999957, 16.25649886900004 ], [ -12.303118436999966, 16.258365741000148 ], [ -12.295956252999929, 16.259107697000104 ], [ -12.292174151999916, 16.257504830000073 ], [ -12.287221014999886, 16.253538149000065 ], [ -12.28454393699991, 16.249929436000173 ], [ -12.280605825999942, 16.245584782000037 ], [ -12.276047702999904, 16.243520952000154 ], [ -12.266838457999825, 16.240697191000038 ], [ -12.260740300999942, 16.241061175000141 ], [ -12.251585059999854, 16.239724298000056 ], [ -12.246384913999975, 16.234504715000128 ], [ -12.242878811999958, 16.229180137000128 ], [ -12.240722740999956, 16.222499662000075 ], [ -12.239726699999949, 16.215301225000189 ], [ -12.238779659999921, 16.208286774000044 ], [ -12.238882638999939, 16.197408623000172 ], [ -12.237896603999957, 16.192904976000136 ], [ -12.237334572999885, 16.185098586000095 ], [ -12.235993518999976, 16.176414266000108 ], [ -12.23590649599987, 16.166560034999975 ], [ -12.236609500999975, 16.160511506000034 ], [ -12.238666540999873, 16.154175997000095 ], [ -12.236222463999979, 16.148009483000067 ], [ -12.231924331999892, 16.138274251000155 ], [ -12.221986038999944, 16.1220195410001 ], [ -12.21332581799993, 16.123469445000183 ], [ -12.202830550999977, 16.125999268000157 ], [ -12.195411351999951, 16.122931523000091 ], [ -12.183202029999961, 16.120451741000068 ], [ -12.175256820999891, 16.119060865000108 ], [ -12.165226555999823, 16.11656808000015 ], [ -12.160998436999932, 16.112364417000094 ], [ -12.154015249999873, 16.109386663000066 ], [ -12.148470117999921, 16.114954239000099 ], [ -12.142145962999962, 16.119595889000152 ], [ -12.13406475599993, 16.1205308320001 ], [ -12.126017540999896, 16.117746066000109 ], [ -12.115502262999939, 16.115116292000096 ], [ -12.109006088999934, 16.112693494000041 ], [ -12.102262906999954, 16.109202780000032 ], [ -12.093337664999922, 16.104611157000022 ], [ -12.085045441999966, 16.100944460000107 ], [ -12.076785211999947, 16.093187082000043 ], [ -12.073036102999879, 16.08772451599998 ], [ -12.065455890999942, 16.080428101000166 ], [ -12.061901786999954, 16.075243512999975 ], [ -12.059606716999951, 16.070097920000137 ], [ -12.05813466799998, 16.065040318000172 ], [ -12.057532640999909, 16.059604744000012 ], [ -12.047594375999893, 16.056042042000115 ], [ -12.03577806699991, 16.054815162000011 ], [ -12.02416276699995, 16.055725113000108 ], [ -12.016817583999909, 16.059258852000028 ], [ -12.01141645499996, 16.06463844200016 ], [ -12.008777399999929, 16.070837962999974 ], [ -12.008652406999943, 16.076045556 ], [ -12.009305436999909, 16.082085083000095 ], [ -12.011503504999951, 16.087091687000111 ], [ -12.012344535999944, 16.091828315000157 ], [ -12.012809563999951, 16.099309730000016 ], [ -12.012640573999818, 16.105819222000036 ], [ -12.014322636999964, 16.115105493000044 ], [ -12.017427747999932, 16.129311378000125 ], [ -12.020953860999953, 16.13960956700015 ], [ -12.022193909999942, 16.147410956000044 ], [ -12.024014972999908, 16.155023358000165 ], [ -12.024668002999931, 16.161155879000148 ], [ -12.023619984999982, 16.165671528000132 ], [ -12.021508940999865, 16.170613147000154 ], [ -12.022152965999965, 16.174420849000057 ], [ -12.023964023999952, 16.179429454000172 ], [ -12.026225100999966, 16.18810877300001 ], [ -12.023233027999936, 16.190591585000107 ], [ -12.019915954999931, 16.196609123000087 ], [ -12.018968941999844, 16.202193689000126 ], [ -12.020002978999969, 16.206696336000107 ], [ -12.024232097999914, 16.211178978000078 ], [ -12.028165205999926, 16.214129740000146 ], [ -12.030602278999936, 16.218437400000028 ], [ -12.031348308999952, 16.22350000299997 ], [ -12.031521328999872, 16.230750438000086 ], [ -12.028347257999883, 16.236024033000092 ], [ -12.026124201999892, 16.237060957000097 ], [ -12.024581165999962, 16.238697833000174 ], [ -12.020912075999945, 16.241370632000041 ], [ -12.018402014999936, 16.243152498000029 ], [ -12.016383970999925, 16.247070197000085 ], [ -12.013351901999954, 16.251831832000164 ], [ -12.010905850999904, 16.25775037600016 ], [ -12.009907834999922, 16.262359018999973 ], [ -12.014373957999965, 16.265770744000122 ], [ -12.016662024999903, 16.268964491000133 ], [ -12.018522083999926, 16.27420607900001 ], [ -12.020149142999969, 16.281819483000049 ], [ -12.01881712099987, 16.288011003000065 ], [ -12.012793979999969, 16.295207455000025 ], [ -12.008786881999981, 16.297929251000028 ], [ -12.002076717999898, 16.302992871000129 ], [ -11.993671509999899, 16.307554532000154 ], [ -11.987156351999943, 16.312896130000183 ], [ -11.985247317999892, 16.320020579000186 ], [ -11.982180254999889, 16.328035962000172 ], [ -11.981615248999958, 16.33222363699997 ], [ -11.979713218999962, 16.341160946000059 ], [ -11.976731151999957, 16.346153564000133 ], [ -11.968774962999873, 16.354199954000137 ], [ -11.965111875999924, 16.358313641000052 ], [ -11.967492942999968, 16.360623457000031 ], [ -11.971456042999932, 16.35901757400012 ], [ -11.977166189999878, 16.358470605000093 ], [ -11.976325184999951, 16.366284999000072 ], [ -11.974412147999942, 16.37229453599997 ], [ -11.976802219999968, 16.376881175000165 ], [ -11.975614201999917, 16.38269972500018 ], [ -11.971128092999891, 16.386679425000125 ], [ -11.965572955999903, 16.389922184000113 ], [ -11.965005948999874, 16.393598899000153 ], [ -11.967113017999964, 16.400140387000135 ], [ -11.958843807999926, 16.402331233000041 ], [ -11.95284765599996, 16.404089109000154 ], [ -11.945015457999943, 16.406973900000025 ], [ -11.941297366999947, 16.409414718 ], [ -11.94030435399992, 16.415557243000137 ], [ -11.940414356999895, 16.41578922500014 ], [ -11.940598362999935, 16.416032206000068 ], [ -11.941034374999958, 16.416529166000146 ], [ -11.942135422999911, 16.425726450000127 ], [ -11.945690527999886, 16.431283011000062 ], [ -11.951848692999874, 16.433800803000054 ], [ -11.955159789999925, 16.438707416000057 ], [ -11.958043879999934, 16.445754863000047 ], [ -11.961073974999977, 16.453220277000128 ], [ -11.96579908699988, 16.448169660000076 ], [ -11.971447224999849, 16.444042969000179 ], [ -11.977772380999966, 16.43986628000016 ], [ -11.985803585999918, 16.438467373000151 ], [ -11.993316786999856, 16.44088317000012 ], [ -12.000921987999902, 16.442276047000178 ], [ -12.007307150999964, 16.440888142000176 ], [ -12.015625361999867, 16.438743291000094 ], [ -12.022937553999952, 16.439301233000037 ], [ -12.028955718999953, 16.443121925000185 ], [ -12.033620849999977, 16.447601567999982 ], [ -12.037224955999932, 16.453389111000035 ], [ -12.039717032999874, 16.459184656000048 ], [ -12.037464987999954, 16.465289187 ], [ -12.033695893999948, 16.467126052000026 ], [ -12.028479764999929, 16.470133829000133 ], [ -12.023364640999944, 16.474443505000181 ], [ -12.019543542999941, 16.475211453000156 ], [ -12.01441841399992, 16.477010324000048 ], [ -12.016471477999971, 16.482063928 ], [ -12.018809546999876, 16.485907625000152 ], [ -12.023045670999977, 16.492203128000142 ], [ -12.027373793999914, 16.49705674300003 ], [ -12.032381936999968, 16.502836285 ], [ -12.038844117999929, 16.508884802000182 ], [ -12.044576277999965, 16.513869404000104 ], [ -12.047789371999954, 16.518452042000035 ], [ -12.048874411999861, 16.523790626000164 ], [ -12.047917392999977, 16.526632408000069 ], [ -12.047204381999961, 16.530077143000085 ], [ -12.043977306999921, 16.534141834000025 ], [ -12.040901238999879, 16.539926392000098 ], [ -12.0428583019999, 16.545398964000128 ], [ -12.043265323999833, 16.55037057800007 ], [ -12.043238334999899, 16.555903149000187 ], [ -12.043987366999886, 16.561801691000085 ], [ -12.045069404999879, 16.566165351000166 ], [ -12.046680454999944, 16.569781067000179 ], [ -12.050575567999942, 16.575288633000071 ], [ -12.05276663199993, 16.578528377000055 ], [ -12.055340703999946, 16.580743201000189 ], [ -12.058286776999978, 16.578958333000116 ], [ -12.062195871999961, 16.575865564000139 ], [ -12.066350974999921, 16.573561734000123 ], [ -12.071682116999966, 16.575200597000048 ], [ -12.075753225999904, 16.576383497000052 ], [ -12.07995132699989, 16.572824764000075 ], [ -12.082053365999911, 16.565512326000032 ], [ -12.084597419999909, 16.559964750000063 ], [ -12.086951470999907, 16.555347102999974 ], [ -12.085485424999945, 16.551777383000058 ], [ -12.081828314999939, 16.545105907000107 ], [ -12.077588188999925, 16.537741487000062 ], [ -12.077374170999917, 16.532349905000046 ], [ -12.079776223999886, 16.527639265000175 ], [ -12.084216330999823, 16.524078531999976 ], [ -12.08693840799998, 16.526850312000022 ], [ -12.090522502999875, 16.527525252000089 ], [ -12.095404624999958, 16.525541396000051 ], [ -12.099371726999948, 16.524865440999974 ], [ -12.101071773999934, 16.526203333000012 ], [ -12.10392984899994, 16.526650293000046 ], [ -12.105400897999914, 16.531521912000187 ], [ -12.108074974999909, 16.534572670000159 ], [ -12.109353018999968, 16.539632276000134 ], [ -12.105364931999929, 16.54714170200009 ], [ -12.102683878999812, 16.554969101000154 ], [ -12.10169386799987, 16.561808573000121 ], [ -12.105499984999938, 16.56968795500012 ], [ -12.108181063999893, 16.574272594000092 ], [ -12.111113155999931, 16.581413035000026 ], [ -12.110506152999903, 16.587227586000154 ], [ -12.110622166999974, 16.59210820800007 ], [ -12.116036302999873, 16.590075354000078 ], [ -12.117503349999936, 16.593971049000061 ], [ -12.116562340999963, 16.601042504000134 ], [ -12.113985294999907, 16.61044978100017 ], [ -12.111401244999968, 16.618229184000029 ], [ -12.109592214999964, 16.626190572000041 ], [ -12.108908202999942, 16.62887236600011 ], [ -12.106864161999908, 16.63434294700005 ], [ -12.105544147999865, 16.643509240000014 ], [ -12.102818095999908, 16.652126579000083 ], [ -12.105319178999878, 16.660292942000126 ], [ -12.109602303999907, 16.666216476000159 ], [ -12.113551421999887, 16.67334991600012 ], [ -12.108981319999941, 16.680863344000045 ], [ -12.105764250999869, 16.687717821000092 ], [ -12.100793130999932, 16.691700524 ], [ -12.09311694299987, 16.697188115000131 ], [ -12.092023926999957, 16.702587700000038 ], [ -12.09142292699994, 16.709657155000116 ], [ -12.089791892999926, 16.713618853000128 ], [ -12.093208997999852, 16.720989276000068 ], [ -12.092600993999895, 16.726338864000013 ], [ -12.089821938999933, 16.733980280000083 ], [ -12.09331003099993, 16.734423238000147 ], [ -12.103263278999975, 16.729432603000134 ], [ -12.108963419999952, 16.726421824000113 ], [ -12.11708862699993, 16.724277973000142 ], [ -12.119518695999886, 16.726726779000046 ], [ -12.121756759999869, 16.72968754600015 ], [ -12.122811809999973, 16.739489786000092 ], [ -12.122625808999942, 16.741489632000025 ], [ -12.121152786999914, 16.74865808200019 ], [ -12.117429692999963, 16.749936991000084 ], [ -12.11372360799993, 16.755259588000172 ], [ -12.11528865799994, 16.75952725500008 ], [ -12.121678824999833, 16.759533241000042 ], [ -12.127962982999918, 16.75712241400015 ], [ -12.13190506899997, 16.749844968000161 ], [ -12.13260006999991, 16.741891581000175 ], [ -12.132385051999961, 16.736361008000074 ], [ -12.134495095999966, 16.731280396000159 ], [ -12.140745260999893, 16.732403297000076 ], [ -12.144349366999961, 16.738004857000078 ], [ -12.150040530999831, 16.745174291000183 ], [ -12.156454710999924, 16.751270807000083 ], [ -12.158504774999926, 16.755627467000181 ], [ -12.160386847999973, 16.766493624000134 ], [ -12.16636701799996, 16.773150098000031 ], [ -12.169878123999922, 16.779775579000159 ], [ -12.17068016099995, 16.786929026000053 ], [ -12.16756209599987, 16.794247467000105 ], [ -12.167192124999929, 16.81126415600005 ], [ -12.165855099999874, 16.815874803000042 ], [ -12.16859018599996, 16.822087318000115 ], [ -12.169582224999942, 16.828263840000091 ], [ -12.170913273999872, 16.834484357000065 ], [ -12.172687337999946, 16.842608728000187 ], [ -12.176830461999884, 16.849834162000093 ], [ -12.181560604999959, 16.858730467000157 ], [ -12.186073728999872, 16.861537241000065 ], [ -12.191319875999966, 16.865966889000106 ], [ -12.197349047999865, 16.872809349000136 ], [ -12.201535169999943, 16.878639891000091 ], [ -12.20358823499987, 16.883833487000118 ], [ -12.198800112999947, 16.884886416000086 ], [ -12.196926072999929, 16.888524139000083 ], [ -12.197683109999957, 16.896608515000025 ], [ -12.199464178999904, 16.906405757000073 ], [ -12.206014357999891, 16.910269446000086 ], [ -12.212125523999873, 16.91311321400002 ], [ -12.220469750999939, 16.917522857000108 ], [ -12.228378967999902, 16.922400465000123 ], [ -12.233527110999887, 16.926505139000085 ], [ -12.241304331999913, 16.934684493000077 ], [ -12.247263489999966, 16.93580939400016 ], [ -12.251731614999812, 16.939546097000118 ], [ -12.256153739999945, 16.943841757000087 ], [ -12.259981840999956, 16.944746679000048 ], [ -12.265463990999876, 16.947873427000104 ], [ -12.269694111999911, 16.952542059 ], [ -12.273098209999944, 16.956611739000152 ], [ -12.281505446999859, 16.964740096000071 ], [ -12.286124579999864, 16.969963685000153 ], [ -12.282552492999969, 16.972729479 ], [ -12.275772313999937, 16.97184256200012 ], [ -12.267411104999951, 16.975475300000085 ], [ -12.264731052999878, 16.983487690000118 ], [ -12.264768075999939, 16.993063954000036 ], [ -12.262429034999911, 17.001586303000067 ], [ -12.262536059999888, 17.011461544000099 ], [ -12.264711132999935, 17.018537996000134 ], [ -12.26307809399998, 17.020420855000054 ], [ -12.261669079999933, 17.030366093999987 ], [ -12.259188036999831, 17.039819373000114 ], [ -12.260771098999896, 17.048595696 ], [ -12.261727144999952, 17.057979973000101 ], [ -12.258358068999883, 17.06302159300003 ], [ -12.256118030999914, 17.072100901 ], [ -12.256686066999919, 17.081348190000142 ], [ -12.258412130999943, 17.089379570000119 ], [ -12.255105063999963, 17.098046912000143 ], [ -12.25400704499998, 17.102005611000038 ], [ -12.256302115999972, 17.107012222000151 ], [ -12.264060325999822, 17.110262956000156 ], [ -12.270459497999923, 17.112639759999979 ], [ -12.272317556999838, 17.117277401000138 ], [ -12.272430594999946, 17.132427239000037 ], [ -12.270430551999937, 17.136426937000067 ], [ -12.271429593999926, 17.143426398000031 ], [ -12.272430633999932, 17.149426936000168 ], [ -12.273429671999907, 17.154425551000145 ], [ -12.270982620999973, 17.160147118000054 ], [ -12.271148637999943, 17.165584701000114 ], [ -12.271429651999824, 17.168424482000148 ], [ -12.274954751999815, 17.172054197000023 ], [ -12.275121776999868, 17.180832524000039 ], [ -12.28328099099997, 17.181451459000186 ], [ -12.28615316999992, 17.226580998000088 ], [ -12.33219537399998, 17.227910798000153 ], [ -12.346329740999977, 17.227541795999969 ], [ -12.35567598699987, 17.228319716000044 ] ] ] } },
{ "type": "Feature", "properties": { "adm2_name": "Magtalahjar", "adm2_name1": null, "adm2_name2": null, "adm2_name3": null, "adm2_pcode": "MR054", "adm1_name": "Brakna", "adm1_name1": null, "adm1_name2": null, "adm1_name3": null, "adm1_pcode": "MR05", "adm0_name": "Mauritanie", "adm0_name1": null, "adm0_name2": null, "adm0_name3": null, "adm0_pcode": "MR", "valid_on": "2024-03-27", "valid_to": null, "area_sqkm": 13815.672144300001, "version": "v03", "lang": "fr", "lang1": null, "lang2": null, "lang3": null, "adm2_ref": "None", "center_lat": 17.65014376, "center_lon": -13.06141836 }, "geometry": { "type": "Polygon", "coordinates": [ [ [ -12.410433713999964, 17.356410807000145 ], [ -12.545438556999954, 17.492400142000065 ], [ -12.515541605999942, 17.834726229000182 ], [ -12.497454633999894, 18.038108922000049 ], [ -12.479438751999965, 18.274341219000121 ], [ -12.669443453999918, 18.557318638000083 ], [ -13.453043471999933, 18.000359542000069 ], [ -13.734120256999915, 17.801578906000145 ], [ -13.448229057999868, 17.498708614000122 ], [ -13.27341310099996, 17.330762843000059 ], [ -13.163534420999952, 17.232567008000103 ], [ -13.163533885999982, 17.232566531000145 ], [ -13.163533845999893, 17.232566495000128 ], [ -13.163485664999826, 17.232523437000111 ], [ -13.052376563999871, 17.133228004000159 ], [ -12.978447804999973, 17.067159716 ], [ -12.95735874899998, 17.04816748200011 ], [ -12.934033126999907, 17.027161056000011 ], [ -12.815403369999956, 16.931230108000136 ], [ -12.815399249999871, 16.931237531000136 ], [ -12.81334321199995, 16.937759033000077 ], [ -12.811338176999982, 16.944930486000032 ], [ -12.807734099999948, 16.951832962000083 ], [ -12.802822987999832, 16.958744440000089 ], [ -12.798358895999968, 16.96862768900013 ], [ -12.795141827999942, 16.975528165000128 ], [ -12.789163687999974, 16.981888689000073 ], [ -12.779620465999926, 16.99273387500017 ], [ -12.773877326999923, 16.997419527000091 ], [ -12.765727134999963, 17.00551292200015 ], [ -12.759404981999978, 17.010527551000166 ], [ -12.753319832999921, 17.014471261000153 ], [ -12.746672680999893, 17.023113610000166 ], [ -12.741369555999881, 17.028725191000035 ], [ -12.73515641399996, 17.036946572000033 ], [ -12.725410180999859, 17.045468938000113 ], [ -12.716407948999915, 17.046129907000022 ], [ -12.706825700999957, 17.046748880000166 ], [ -12.697282449999932, 17.045368007000036 ], [ -12.684598119999976, 17.045123054000101 ], [ -12.674918869999885, 17.045881016000124 ], [ -12.663453576999927, 17.048045875000071 ], [ -12.655813383999885, 17.050371713000175 ], [ -12.650404250999884, 17.053613476000066 ], [ -12.642679061999843, 17.058962081 ], [ -12.632351812999957, 17.067395456000156 ], [ -12.620220509999967, 17.072586084000079 ], [ -12.605476138999904, 17.078025698000033 ], [ -12.598324961999936, 17.081510446000095 ], [ -12.590699777999873, 17.087648991000037 ], [ -12.583423608999965, 17.096388336000075 ], [ -12.575465418999954, 17.103876778000085 ], [ -12.568514250999954, 17.109219384000141 ], [ -12.558403991999967, 17.111097261 ], [ -12.549593762999962, 17.111199273000125 ], [ -12.540685530999951, 17.111209291000023 ], [ -12.531691302999889, 17.113730117000046 ], [ -12.523572100999957, 17.117453849000128 ], [ -12.513859858999979, 17.122256501000152 ], [ -12.508315728999889, 17.128149061000101 ], [ -12.506929702999969, 17.132760711000117 ], [ -12.50473366499989, 17.140817098000127 ], [ -12.501810606999982, 17.148505514000135 ], [ -12.497820519999891, 17.155642976000081 ], [ -12.491512375999946, 17.164469312999984 ], [ -12.484818222999934, 17.173437640000145 ], [ -12.477383040999882, 17.178598261000047 ], [ -12.471302894999951, 17.183610890000068 ], [ -12.464444725999897, 17.187884577000091 ], [ -12.460435624999889, 17.189422468000089 ], [ -12.45554950199994, 17.191102350000165 ], [ -12.447903304999954, 17.191940302000035 ], [ -12.442287157999942, 17.191650337000112 ], [ -12.436770014999979, 17.192104314000119 ], [ -12.432231903999934, 17.195294079000121 ], [ -12.427415793999955, 17.201786593000179 ], [ -12.419980611999904, 17.206993210000121 ], [ -12.413217444999873, 17.210847929000124 ], [ -12.407232299999919, 17.215348598000105 ], [ -12.398723084999915, 17.218285391000165 ], [ -12.39243892699983, 17.220649224000056 ], [ -12.384847734999937, 17.223114050999982 ], [ -12.379150594999828, 17.227008766000097 ], [ -12.376494529999889, 17.228652646000057 ], [ -12.36778430499993, 17.229777578000039 ], [ -12.361731146999944, 17.229350624000062 ], [ -12.35567598699987, 17.228319716000044 ], [ -12.346329740999977, 17.227541795999969 ], [ -12.410433713999964, 17.356410807000145 ] ] ] } },
{ "type": "Feature", "properties": { "adm2_name": "Bababé", "adm2_name1": null, "adm2_name2": null, "adm2_name3": null, "adm2_pcode": "MR052", "adm1_name": "Brakna", "adm1_name1": null, "adm1_name2": null, "adm1_name3": null, "adm1_pcode": "MR05", "adm0_name": "Mauritanie", "adm0_name1": null, "adm0_name2": null, "adm0_name3": null, "adm0_pcode": "MR", "valid_on": "2024-03-27", "valid_to": null, "area_sqkm": 1189.11608226, "version": "v03", "lang": "fr", "lang1": null, "lang2": null, "lang3": null, "adm2_ref": "Bababe", "center_lat": 16.45655058, "center_lon": -13.94811637 }, "geometry": { "type": "Polygon", "coordinates": [ [ [ -13.751233832999958, 16.665390001999981 ], [ -13.980376737999848, 16.664733532000014 ], [ -13.968207371999881, 16.643523206000111 ], [ -13.909888817999956, 16.622482971000181 ], [ -13.946311714999922, 16.605477209000128 ], [ -14.065604651999934, 16.550575202000118 ], [ -14.158002060999934, 16.50591855600004 ], [ -14.175478347999899, 16.497472082000172 ], [ -14.176708149999968, 16.496778311000071 ], [ -14.176606430999982, 16.496733084000141 ], [ -14.1757384309999, 16.496347083999979 ], [ -14.175480430999869, 16.49629508400011 ], [ -14.175299430999928, 16.496259083999973 ], [ -14.174504540999976, 16.496100223999974 ], [ -14.173953430999916, 16.495990084000141 ], [ -14.172288430999913, 16.495157084000141 ], [ -14.169908430999897, 16.494325084000025 ], [ -14.169135474999905, 16.493870405000166 ], [ -14.167885430999945, 16.49313508400013 ], [ -14.16645843099991, 16.491826084000024 ], [ -14.165891430999977, 16.491410084000051 ], [ -14.165834430999894, 16.491418084000031 ], [ -14.165696430999844, 16.491267084000128 ], [ -14.164673430999926, 16.490517084000089 ], [ -14.163365430999875, 16.489209084000038 ], [ -14.162056430999939, 16.487781084000176 ], [ -14.161104430999956, 16.486234084000102 ], [ -14.159914430999891, 16.484212084000092 ], [ -14.159676430999923, 16.482784084000116 ], [ -14.158725430999937, 16.48111908400017 ], [ -14.157892430999937, 16.479334084000072 ], [ -14.15717843099992, 16.47778708400017 ], [ -14.156464430999904, 16.476598084000045 ], [ -14.155393430999936, 16.475408084000151 ], [ -14.154204430999982, 16.474456084000053 ], [ -14.152895430999934, 16.473147084000118 ], [ -14.151348430999917, 16.471958084000164 ], [ -14.149802430999898, 16.471601084000099 ], [ -14.14789843099993, 16.471601084000099 ], [ -14.146113430999947, 16.471720084000026 ], [ -14.144686430999968, 16.471839084000067 ], [ -14.143139430999952, 16.472315084000059 ], [ -14.14183043099996, 16.472790084000053 ], [ -14.140641430999949, 16.474099084000045 ], [ -14.139689430999965, 16.475408084000151 ], [ -14.138975430999949, 16.476598084000045 ], [ -14.138023430999965, 16.477549084000032 ], [ -14.136595430999932, 16.478144084000064 ], [ -14.134811430999946, 16.478501084000072 ], [ -14.132907430999978, 16.477906084000097 ], [ -14.131361430999959, 16.477074084000151 ], [ -14.131004430999894, 16.475646084000118 ], [ -14.131242430999976, 16.474218084000086 ], [ -14.132194430999959, 16.472790084000053 ], [ -14.133383430999913, 16.471839084000067 ], [ -14.134811430999946, 16.470887084000026 ], [ -14.136239430999979, 16.469816084000058 ], [ -14.137071430999981, 16.468507084000066 ], [ -14.138023430999965, 16.466604084000039 ], [ -14.138856430999965, 16.465295084000047 ], [ -14.139451430999941, 16.463986084000112 ], [ -14.140284430999941, 16.462678084000061 ], [ -14.140284430999941, 16.46089308400019 ], [ -14.140284430999941, 16.45922708400019 ], [ -14.139689430999965, 16.457562084000074 ], [ -14.138618430999941, 16.455539084 ], [ -14.137904430999981, 16.45387408400012 ], [ -14.136477430999946, 16.452922084000022 ], [ -14.134805430999904, 16.452725084000065 ], [ -14.132907430999978, 16.452446084000087 ], [ -14.131123430999821, 16.452089084000022 ], [ -14.12921943099991, 16.451613084000087 ], [ -14.127434430999926, 16.451137084000152 ], [ -14.125174430999891, 16.450186084000165 ], [ -14.123271430999921, 16.449353084000165 ], [ -14.122102430999917, 16.448940084000071 ], [ -14.12124843099997, 16.448639084000035 ], [ -14.120983430999956, 16.448488084000132 ], [ -14.119582430999969, 16.447687084000165 ], [ -14.119323430999941, 16.447583084000087 ], [ -14.117798430999869, 16.446973084000035 ], [ -14.116132430999869, 16.445903084000122 ], [ -14.114229430999899, 16.444594084000187 ], [ -14.112682430999882, 16.443166083999984 ], [ -14.11113543099998, 16.441857084000048 ], [ -14.109826430999931, 16.439954083999964 ], [ -14.109499430999961, 16.439518084000156 ], [ -14.108617430999971, 16.439315084000043 ], [ -14.108399430999896, 16.438050084000167 ], [ -14.107685430999879, 16.436385084000108 ], [ -14.107685430999879, 16.434719084000108 ], [ -14.107685430999879, 16.433053084000107 ], [ -14.107685430999879, 16.431388084000162 ], [ -14.107447430999912, 16.429722084000161 ], [ -14.106495430999928, 16.428057084000045 ], [ -14.105425430999958, 16.426153084000077 ], [ -14.104354430999877, 16.424844084000142 ], [ -14.102569430999893, 16.423298084000123 ], [ -14.100309430999971, 16.422346084000026 ], [ -14.098167430999979, 16.421989084000188 ], [ -14.09578843099996, 16.421156084000188 ], [ -14.093884430999935, 16.420680084000026 ], [ -14.091624430999957, 16.419728084000155 ], [ -14.089363430999924, 16.418658084000072 ], [ -14.087222430999816, 16.417111084000169 ], [ -14.085556430999816, 16.415683084000136 ], [ -14.083653430999902, 16.41485108400002 ], [ -14.081868430999918, 16.413661084000182 ], [ -14.080083430999935, 16.412114084000052 ], [ -14.077942430999883, 16.410449084000163 ], [ -14.076157430999899, 16.408902084000033 ], [ -14.07461143099988, 16.407593084000098 ], [ -14.073630430999913, 16.406892084 ], [ -14.07294543099988, 16.406404084000144 ], [ -14.072660430999917, 16.406141084000012 ], [ -14.071398430999977, 16.404976084000111 ], [ -14.069970430999945, 16.403667084000176 ], [ -14.068900430999975, 16.402239084000144 ], [ -14.067710430999909, 16.400574084000027 ], [ -14.067234430999974, 16.398670084000059 ], [ -14.066877430999909, 16.396767083999976 ], [ -14.066639430999942, 16.395577084000138 ], [ -14.066282430999877, 16.394506084000113 ], [ -14.064855430999955, 16.393673084000113 ], [ -14.063070430999971, 16.392246084000021 ], [ -14.061285430999874, 16.391056084000127 ], [ -14.05926343099992, 16.389509084000053 ], [ -14.057478430999936, 16.388201084000173 ], [ -14.055099430999974, 16.386059084000067 ], [ -14.053909430999965, 16.38427508400008 ], [ -14.05248243099993, 16.382847084000048 ], [ -14.050935430999971, 16.381300084000088 ], [ -14.050483430999975, 16.380883084000061 ], [ -14.049768430999961, 16.38028908400014 ], [ -14.049420430999874, 16.379902084000094 ], [ -14.049388430999954, 16.379873084000167 ], [ -14.047485430999927, 16.378445084000134 ], [ -14.045700430999943, 16.376541084000166 ], [ -14.043678430999933, 16.374400084000115 ], [ -14.041893430999949, 16.37237708400005 ], [ -14.040445051999939, 16.370838941999978 ], [ -14.039989430999981, 16.370355084000096 ], [ -14.039577430999941, 16.369816084000092 ], [ -14.039013430999887, 16.369078084000137 ], [ -14.038443430999962, 16.368332084000031 ], [ -14.037134430999913, 16.366429084000174 ], [ -14.035706430999824, 16.364644084000076 ], [ -14.034517430999927, 16.361670084000025 ], [ -14.034228709999923, 16.361028482000052 ], [ -14.033446430999959, 16.359290084000122 ], [ -14.032494430999975, 16.357268084000168 ], [ -14.031661430999975, 16.355245084000103 ], [ -14.030948430999956, 16.352747083999986 ], [ -14.030809430999909, 16.352306084000077 ], [ -14.030494430999966, 16.351378084000032 ], [ -14.030270430999906, 16.350598084000183 ], [ -14.03023443099994, 16.350486084000124 ], [ -14.029282430999956, 16.348583084000097 ], [ -14.028449430999956, 16.346679084000129 ], [ -14.026664430999972, 16.345251084000097 ], [ -14.02452343099992, 16.34513208400017 ], [ -14.023001631999932, 16.345349484000053 ], [ -14.02285743099992, 16.345370083999967 ], [ -14.021073430999934, 16.345846084000129 ], [ -14.019050430999982, 16.346203083999967 ], [ -14.017741430999934, 16.346441084000105 ], [ -14.015243430999931, 16.347155084000065 ], [ -14.012626430999944, 16.347274084000105 ], [ -14.010722430999976, 16.347750084000097 ], [ -14.008700430999966, 16.348107084000105 ], [ -14.006915430999982, 16.348226084000032 ], [ -14.006170341999905, 16.348455341999966 ], [ -14.005368430999965, 16.348702083999967 ], [ -14.004264430999967, 16.34890908400007 ], [ -14.003935430999888, 16.348970084000143 ], [ -14.003465430999938, 16.349058084000148 ], [ -14.003001430999973, 16.349089084000013 ], [ -14.001721430999964, 16.34917408400014 ], [ -14.001412430999949, 16.349117084000056 ], [ -13.999224430999959, 16.349311084000078 ], [ -13.997447511999894, 16.34844453900007 ], [ -13.995908511999914, 16.347102539000048 ], [ -13.994910511999876, 16.346136539000042 ], [ -13.994185273999904, 16.345742782000059 ], [ -13.993431511999972, 16.34533353900008 ], [ -13.992437511999981, 16.344295539000143 ], [ -13.990218511999956, 16.342821539000056 ], [ -13.988335842999959, 16.341502687000173 ], [ -13.986201511999866, 16.340007539000112 ], [ -13.984346511999945, 16.339048539000146 ], [ -13.982921511999905, 16.33892353900012 ], [ -13.980880511999942, 16.338201539000067 ], [ -13.979334511999923, 16.337361539000028 ], [ -13.977106511999978, 16.336698539000054 ], [ -13.975374511999917, 16.33603653900019 ], [ -13.97326751199995, 16.336385539000105 ], [ -13.97215251199998, 16.336440539000023 ], [ -13.971286511999892, 16.336079538999968 ], [ -13.970358511999962, 16.335659539000062 ], [ -13.969122511999899, 16.334642539000129 ], [ -13.968134511999892, 16.333686539000041 ], [ -13.966097511999919, 16.331416538999974 ], [ -13.965603511999973, 16.330878539000082 ], [ -13.964927511999917, 16.329328539000073 ], [ -13.963880511999889, 16.327241539000056 ], [ -13.963149511999973, 16.323310539000033 ], [ -13.962347511999951, 16.322414539000022 ], [ -13.961150511999961, 16.32084053900013 ], [ -13.961148511999966, 16.320838538999965 ], [ -13.960351511999932, 16.3199295390001 ], [ -13.959810511999933, 16.318948539000075 ], [ -13.959050511999919, 16.317572539000139 ], [ -13.958394511999927, 16.316100539 ], [ -13.957984511999939, 16.314828539000075 ], [ -13.957557511999937, 16.312697539000169 ], [ -13.957677511999918, 16.310195539000119 ], [ -13.958480511999937, 16.30830153900007 ], [ -13.960166511999887, 16.30657553900005 ], [ -13.96236251199997, 16.305822539000133 ], [ -13.963538511999843, 16.305854539000109 ], [ -13.964378511999882, 16.305865539000138 ], [ -13.967510511999933, 16.30703153900015 ], [ -13.969886511999903, 16.308102539000117 ], [ -13.971726511999975, 16.309477539 ], [ -13.971737511999947, 16.30948553900015 ], [ -13.974338511999918, 16.31044153900001 ], [ -13.977677511999957, 16.310517539000102 ], [ -13.979826511999875, 16.310334539000053 ], [ -13.982124511999928, 16.309911539000041 ], [ -13.984073511999895, 16.309535539000024 ], [ -13.986273511999968, 16.308728539000015 ], [ -13.987723511999945, 16.308350539 ], [ -13.988973511999973, 16.307683539000095 ], [ -13.989925511999957, 16.306775539000114 ], [ -13.99064451199996, 16.30544753900017 ], [ -13.990882511999928, 16.304044539000074 ], [ -13.9902405119999, 16.301882539000076 ], [ -13.989672511999913, 16.29933653900008 ], [ -13.989396511999814, 16.296983539000109 ], [ -13.988955511999905, 16.290860539000107 ], [ -13.98895051199986, 16.290287539000133 ], [ -13.988949511999863, 16.29008053900003 ], [ -13.988897511999824, 16.283881539000163 ], [ -13.988674511999932, 16.281634539000038 ], [ -13.988493511999877, 16.280026539000062 ], [ -13.988498511999921, 16.278300539000043 ], [ -13.988006511999913, 16.277286539000158 ], [ -13.98633751199992, 16.276149539000073 ], [ -13.985347511999976, 16.275847539000097 ], [ -13.983550511999965, 16.276019539000117 ], [ -13.981133511999928, 16.276485539000134 ], [ -13.977353511999979, 16.277184539000075 ], [ -13.976183511999977, 16.277256539000177 ], [ -13.973984511999959, 16.277487539000106 ], [ -13.973405511999829, 16.277560539000092 ], [ -13.973025511999936, 16.277608538999971 ], [ -13.972885511999948, 16.277626539000039 ], [ -13.971839511999917, 16.277638539000179 ], [ -13.971154511999941, 16.277635539000073 ], [ -13.966140511999924, 16.27761553900001 ], [ -13.965850511999918, 16.277584539000145 ], [ -13.963556511999911, 16.277024538999967 ], [ -13.960188511999945, 16.276033539000082 ], [ -13.95944351199995, 16.275703539000119 ], [ -13.955869511999822, 16.274121539000134 ], [ -13.955128511999874, 16.273584539000126 ], [ -13.953712511999981, 16.272523539000076 ], [ -13.953006511999888, 16.272015539000165 ], [ -13.952601511999944, 16.271724539000047 ], [ -13.95212751199989, 16.270867539 ], [ -13.951811511999949, 16.270041539000033 ], [ -13.951814511999942, 16.26915553900011 ], [ -13.951914478999981, 16.268776158000094 ], [ -13.951975511999933, 16.268544539000175 ], [ -13.952222511999935, 16.267997539000021 ], [ -13.952645511999947, 16.267783539000106 ], [ -13.95380451199992, 16.266782539000076 ], [ -13.956044511999892, 16.265129539000043 ], [ -13.958646511999973, 16.263061539000034 ], [ -13.959082384999931, 16.26268350700019 ], [ -13.961826511999959, 16.260303539000063 ], [ -13.96268492899992, 16.25948458400012 ], [ -13.964284511999949, 16.257958539000015 ], [ -13.966236511999966, 16.256373538999981 ], [ -13.967828511999869, 16.25437153900009 ], [ -13.969130511999879, 16.252713539000013 ], [ -13.969413600999928, 16.25199054300009 ], [ -13.970511511999916, 16.24918653900005 ], [ -13.97066416999985, 16.248058158000049 ], [ -13.958201168999835, 16.25303063500013 ], [ -13.955553277999968, 16.254024414000071 ], [ -13.949163944999952, 16.256422390000012 ], [ -13.881685285999879, 16.288589028 ], [ -13.833180193999965, 16.353957035000178 ], [ -13.750562332999948, 16.465335543000151 ], [ -13.751233832999958, 16.665390001999981 ] ] ] } },
{ "type": "Feature", "properties": { "adm2_name": "Maal", "adm2_name1": null, "adm2_name2": null, "adm2_name3": null, "adm2_pcode": "MR056", "adm1_name": "Brakna", "adm1_name1": null, "adm1_name2": null, "adm1_name3": null, "adm1_pcode": "MR05", "adm0_name": "Mauritanie", "adm0_name1": null, "adm0_name2": null, "adm0_name3": null, "adm0_pcode": "MR", "valid_on": "2024-03-27", "valid_to": null, "area_sqkm": 7468.30006933, "version": "v03", "lang": "fr", "lang1": null, "lang2": null, "lang3": null, "adm2_ref": "None", "center_lat": 16.8044725, "center_lon": -13.28097265 }, "geometry": { "type": "Polygon", "coordinates": [ [ [ -12.934033126999907, 17.027161056000011 ], [ -12.95735874899998, 17.04816748200011 ], [ -12.978447804999973, 17.067159716 ], [ -13.052376563999871, 17.133228004000159 ], [ -13.163485664999826, 17.232523437000111 ], [ -13.163533845999893, 17.232566495000128 ], [ -13.163533885999982, 17.232566531000145 ], [ -13.163534420999952, 17.232567008000103 ], [ -13.27341310099996, 17.330762843000059 ], [ -13.315042141999982, 17.314944959000115 ], [ -13.325513390999959, 17.305619648000118 ], [ -13.333606583999938, 17.298629164999966 ], [ -13.35635606999989, 17.256824314000028 ], [ -13.362277197999902, 17.246373101000131 ], [ -13.364036219999946, 17.23698881700011 ], [ -13.396300963999977, 17.199603609 ], [ -13.40456716999995, 17.195991868000078 ], [ -13.413194386999919, 17.193444043 ], [ -13.456210456999884, 17.175383331000091 ], [ -13.474356909999869, 17.168403825000098 ], [ -13.513065874999882, 17.153458884000031 ], [ -13.523812145999955, 17.15039709399997 ], [ -13.529150281999875, 17.149583145000065 ], [ -13.576828487999933, 17.138081918000125 ], [ -13.587289755999961, 17.136943982000105 ], [ -13.59443693999998, 17.136640989000171 ], [ -13.640206071999842, 17.115759488000037 ], [ -13.639526025999885, 17.104303370000025 ], [ -13.640271960999939, 17.070428973000048 ], [ -13.639448915999878, 17.060725722000029 ], [ -13.640271903999974, 17.047437742000113 ], [ -13.647267986999907, 17.007796778000113 ], [ -13.652540095999939, 16.996918604000086 ], [ -13.657380194999917, 16.986232416 ], [ -13.693511026999886, 16.944921518 ], [ -13.69630215899997, 16.947589582000148 ], [ -13.751821671999949, 17.000661088000129 ], [ -13.739423529999954, 16.666054977000044 ], [ -13.751233832999958, 16.665390001999981 ], [ -13.750562332999948, 16.465335543000151 ], [ -13.712070103999963, 16.365958368000122 ], [ -13.625900710999872, 16.29254828400002 ], [ -13.584569550999959, 16.306003440000097 ], [ -13.58546795999996, 16.306419960000085 ], [ -13.481832959999906, 16.334476020000125 ], [ -13.222803959999965, 16.404121980000127 ], [ -13.222235864999902, 16.402796718000104 ], [ -13.220923738999886, 16.40320055400008 ], [ -13.185834416999967, 16.414000071000032 ], [ -13.183505, 16.41471700000011 ], [ -13.185744, 16.450663000000191 ], [ -13.185741745999906, 16.450662998000155 ], [ -13.164812999999867, 16.450645000000122 ], [ -13.164813407999816, 16.45065297300016 ], [ -13.164813825999943, 16.450661149000098 ], [ -13.168811999999889, 16.528868000000159 ], [ -13.117053, 16.579742 ], [ -13.118073, 16.577764000000172 ], [ -12.964176839999936, 16.612085234000062 ], [ -12.946457086999885, 16.616037013999971 ], [ -12.932633, 16.61912000000018 ], [ -12.878616, 16.684583000000146 ], [ -12.861238999999898, 16.718284 ], [ -12.861253159999933, 16.71828659099998 ], [ -12.852747, 16.733873 ], [ -12.844894, 16.74135 ], [ -12.831433033999929, 16.754992444000095 ], [ -12.824051, 16.762474 ], [ -12.822875999999894, 16.768586 ], [ -12.81191, 16.840359 ], [ -12.815402, 16.931229 ], [ -12.815403369999956, 16.931230108000136 ], [ -12.934033126999907, 17.027161056000011 ] ] ] } },
{ "type": "Feature", "properties": { "adm2_name": "M'Bagne", "adm2_name1": null, "adm2_name2": null, "adm2_name3": null, "adm2_pcode": "MR055", "adm1_name": "Brakna", "adm1_name1": null, "adm1_name2": null, "adm1_name3": null, "adm1_pcode": "MR05", "adm0_name": "Mauritanie", "adm0_name1": null, "adm0_name2": null, "adm0_name3": null, "adm0_pcode": "MR", "valid_on": "2024-03-27", "valid_to": null, "area_sqkm": 671.72657833000005, "version": "v03", "lang": "fr", "lang1": null, "lang2": null, "lang3": null, "adm2_ref": "MBagne", "center_lat": 16.27250571, "center_lon": -13.77337759 }, "geometry": { "type": "Polygon", "coordinates": [ [ [ -13.625900710999872, 16.29254828400002 ], [ -13.712070103999963, 16.365958368000122 ], [ -13.750562332999948, 16.465335543000151 ], [ -13.833180193999965, 16.353957035000178 ], [ -13.881685285999879, 16.288589028 ], [ -13.949163944999952, 16.256422390000012 ], [ -13.955553277999968, 16.254024414000071 ], [ -13.958201168999835, 16.25303063500013 ], [ -13.97066416999985, 16.248058158000049 ], [ -13.971101511999962, 16.244825539000033 ], [ -13.971110511999939, 16.242124538999974 ], [ -13.970974511999941, 16.239491539000085 ], [ -13.970773511999937, 16.238400539000054 ], [ -13.971106511999949, 16.234487539000156 ], [ -13.971116511999981, 16.231273539000142 ], [ -13.97136851199997, 16.229668539000045 ], [ -13.97243051199996, 16.226815539000029 ], [ -13.973678511999935, 16.223904539000046 ], [ -13.973622511999906, 16.221999539000024 ], [ -13.972446511999976, 16.221638539000139 ], [ -13.971393511999963, 16.221812539000155 ], [ -13.969166511999902, 16.222563539000134 ], [ -13.968418511999914, 16.222903539000185 ], [ -13.966196511999954, 16.223737539000069 ], [ -13.964904511999976, 16.224228539000023 ], [ -13.962009511999895, 16.225853539000013 ], [ -13.95991751199989, 16.227301539000109 ], [ -13.957457511999962, 16.228909539000085 ], [ -13.955077511999946, 16.230197539000073 ], [ -13.951603511999906, 16.231909539000185 ], [ -13.948874511999975, 16.232910539000045 ], [ -13.945415511999954, 16.2339695390001 ], [ -13.94400951199998, 16.23413753900013 ], [ -13.942782511999951, 16.234256539 ], [ -13.941647511999918, 16.234103539000159 ], [ -13.941244511999969, 16.2338795390001 ], [ -13.940841511999849, 16.23369253900006 ], [ -13.940634511999974, 16.233591539000088 ], [ -13.939152511999964, 16.232395539000038 ], [ -13.937177511999892, 16.229887539 ], [ -13.936121511999943, 16.228891539000017 ], [ -13.935488511999949, 16.228066539000167 ], [ -13.93482751199997, 16.227426539000135 ], [ -13.933863511999959, 16.226600539 ], [ -13.932481511999924, 16.226238539000065 ], [ -13.930994511999927, 16.226351539 ], [ -13.928639511999847, 16.226758539000116 ], [ -13.927901511999892, 16.227090539000073 ], [ -13.927461511999979, 16.227289539000026 ], [ -13.924451511999962, 16.22864253900002 ], [ -13.923803511999836, 16.228813539000157 ], [ -13.922315511999898, 16.228756539000074 ], [ -13.921263511999882, 16.228574539000078 ], [ -13.919658511999955, 16.226901539000039 ], [ -13.918856511999877, 16.225945539000179 ], [ -13.918861511999921, 16.225806539000018 ], [ -13.918923511999935, 16.224101539 ], [ -13.919235511999887, 16.223328539000022 ], [ -13.919425511999975, 16.222198539000146 ], [ -13.919617511999945, 16.220056538999984 ], [ -13.920122511999978, 16.216904539000154 ], [ -13.919504511999946, 16.216664539000021 ], [ -13.91920651199996, 16.212794539000072 ], [ -13.919580511999925, 16.21220053900015 ], [ -13.918784511999945, 16.209221539000055 ], [ -13.917115511999896, 16.204361539000104 ], [ -13.916191511999898, 16.201669539000079 ], [ -13.915285511999912, 16.199030539000034 ], [ -13.914176511999813, 16.197181539000042 ], [ -13.91201651199998, 16.194613539000159 ], [ -13.908864511999923, 16.192458539000029 ], [ -13.907131511999978, 16.191856539000128 ], [ -13.904657511999915, 16.190775539000072 ], [ -13.901747511999929, 16.190465539000172 ], [ -13.898836511999946, 16.190454539000143 ], [ -13.897533511999882, 16.191163539000172 ], [ -13.895361511999852, 16.192285539000125 ], [ -13.893545511999946, 16.193722539000191 ], [ -13.892806511999936, 16.194307539000079 ], [ -13.890717511999924, 16.195543539000028 ], [ -13.885918511999932, 16.197746539000036 ], [ -13.884440511999969, 16.197809539000104 ], [ -13.883105511999929, 16.197597539000128 ], [ -13.879986511999959, 16.196210539000162 ], [ -13.878320511999959, 16.195287539000162 ], [ -13.876632511999901, 16.193975539000121 ], [ -13.873898511999926, 16.191467539000087 ], [ -13.871543511999903, 16.189693539000075 ], [ -13.869880511999895, 16.187717539000175 ], [ -13.868958511999892, 16.185468539000055 ], [ -13.868730511999956, 16.182145539000089 ], [ -13.868807511999933, 16.180107539000062 ], [ -13.869267511999965, 16.178139539000085 ], [ -13.87065751199998, 16.175739539000119 ], [ -13.8727155119999, 16.173159538999982 ], [ -13.874051511999937, 16.171590539000022 ], [ -13.874197511999967, 16.171813539000027 ], [ -13.87505951199995, 16.170809539000061 ], [ -13.876209511999889, 16.168935539000074 ], [ -13.877119511999979, 16.167472539000187 ], [ -13.877730511999971, 16.165611539000054 ], [ -13.878465511999934, 16.164271539000026 ], [ -13.878518511999971, 16.16243853900005 ], [ -13.878809511999975, 16.160882539000113 ], [ -13.878718511999921, 16.159370539000065 ], [ -13.87872551199996, 16.157262539000044 ], [ -13.878683511999952, 16.155475539000179 ], [ -13.878449511999975, 16.153871538999965 ], [ -13.877648511999951, 16.152041539000095 ], [ -13.877029511999979, 16.150475539000183 ], [ -13.875938511999948, 16.148867539000037 ], [ -13.871599511999932, 16.145232539000176 ], [ -13.870328511999844, 16.143575539000039 ], [ -13.869713511999919, 16.141694539000184 ], [ -13.869149511999979, 16.139310539000121 ], [ -13.868562511999926, 16.136361539000177 ], [ -13.868273511999973, 16.134905539000158 ], [ -13.868118511999967, 16.133395539000048 ], [ -13.867741511999952, 16.131974539000112 ], [ -13.867554511999913, 16.130919539000047 ], [ -13.866891511999938, 16.129405539000174 ], [ -13.866035511999826, 16.128531539000164 ], [ -13.864511511999922, 16.127883538999981 ], [ -13.863082511999892, 16.127586539000106 ], [ -13.862740511999959, 16.127608539000164 ], [ -13.859481511999945, 16.127670539000121 ], [ -13.856605511999931, 16.126782539000033 ], [ -13.855742511999949, 16.12552953900007 ], [ -13.855141511999932, 16.123352539000109 ], [ -13.855250511999884, 16.122817539000039 ], [ -13.855185511999935, 16.121615539000061 ], [ -13.854905511999959, 16.119598538999981 ], [ -13.854770511999959, 16.117215538999972 ], [ -13.853795511999976, 16.114094539000064 ], [ -13.853451511999936, 16.111849539000104 ], [ -13.852314511999964, 16.109508539000046 ], [ -13.851650511999935, 16.108314539 ], [ -13.85160829099982, 16.108281447000081 ], [ -13.850651511999956, 16.107531539000036 ], [ -13.849365511999963, 16.107114539000179 ], [ -13.848507511999856, 16.107294539000179 ], [ -13.847231511999951, 16.108227539000097 ], [ -13.847248511999965, 16.108265539000058 ], [ -13.846730511999908, 16.108641539000075 ], [ -13.846065511999939, 16.109237539000162 ], [ -13.845925511999894, 16.10942353900009 ], [ -13.845908511999937, 16.109410539000066 ], [ -13.84516451199994, 16.109962539000094 ], [ -13.84498922299997, 16.110194608000029 ], [ -13.844491511999934, 16.110853539000118 ], [ -13.844533511999941, 16.110896539000123 ], [ -13.844333511999821, 16.111005539000075 ], [ -13.841467511999895, 16.114759538999976 ], [ -13.838899511999898, 16.117851539000014 ], [ -13.836368511999979, 16.121404539000025 ], [ -13.833184511999889, 16.12588553900008 ], [ -13.828557511999975, 16.13084553900012 ], [ -13.823196511999924, 16.134385539000107 ], [ -13.81823451199989, 16.137508539 ], [ -13.812745511999935, 16.140133539000146 ], [ -13.808608511999978, 16.141728539000155 ], [ -13.804590511999947, 16.143237539000097 ], [ -13.803120511999907, 16.144123539000077 ], [ -13.801140511999961, 16.145353539000041 ], [ -13.799491511999918, 16.145778539000048 ], [ -13.798292511999932, 16.146233539000036 ], [ -13.793917511999894, 16.146964539000123 ], [ -13.791816511999968, 16.146935539000026 ], [ -13.789713511999935, 16.146213539000144 ], [ -13.787813511999957, 16.145299539 ], [ -13.785588511999947, 16.145330539000099 ], [ -13.785442511999975, 16.145303539000167 ], [ -13.782209511999895, 16.144420539000123 ], [ -13.779313511999931, 16.144266539000171 ], [ -13.775943511999969, 16.143840539000109 ], [ -13.771570511999812, 16.144295539000098 ], [ -13.769424511999887, 16.144844539000019 ], [ -13.766040511999847, 16.14554453900007 ], [ -13.761912511999981, 16.14703353900012 ], [ -13.757536511999945, 16.148521539000171 ], [ -13.752782511999953, 16.151004539000098 ], [ -13.749851511999907, 16.153324539000039 ], [ -13.746632511999849, 16.156871539000065 ], [ -13.745082511999954, 16.157222539000145 ], [ -13.744338511999956, 16.157398539000098 ], [ -13.742521511999939, 16.158230539000044 ], [ -13.741421511999874, 16.159528539000121 ], [ -13.738834511999812, 16.162498539000012 ], [ -13.739025511999898, 16.162357539000084 ], [ -13.735697511999945, 16.16673753900011 ], [ -13.731489511999939, 16.170051539000042 ], [ -13.727595446999885, 16.173673306000126 ], [ -13.722408511999902, 16.178497539000034 ], [ -13.71787851199997, 16.181276539000123 ], [ -13.715148511999871, 16.182753539000146 ], [ -13.712891511999828, 16.183132539000042 ], [ -13.710912511999936, 16.182965539000065 ], [ -13.709264511999947, 16.18266953900013 ], [ -13.706913511999915, 16.181827539000096 ], [ -13.704934511999966, 16.181105539000043 ], [ -13.703636511999946, 16.180207539000151 ], [ -13.702710511999953, 16.179191539000101 ], [ -13.70110551199997, 16.177280539000094 ], [ -13.700481996999883, 16.175631362000161 ], [ -13.700429511999971, 16.175492539000118 ], [ -13.700230511999962, 16.172941539000078 ], [ -13.700483511999835, 16.171980539000117 ], [ -13.700738511999873, 16.170577539000078 ], [ -13.702501511999913, 16.166633539000031 ], [ -13.703791511999952, 16.165264539000077 ], [ -13.704682511999977, 16.164175539000041 ], [ -13.705609511999853, 16.162896539000087 ], [ -13.705952826999919, 16.162192329000106 ], [ -13.70623451199998, 16.161614539000084 ], [ -13.706784511999899, 16.160596539000039 ], [ -13.707043511999927, 16.160045539000123 ], [ -13.707564511999976, 16.159343539000133 ], [ -13.708100511999817, 16.15862153900008 ], [ -13.709530511999901, 16.156841539000027 ], [ -13.710337511999967, 16.156309539000063 ], [ -13.71195451199992, 16.154232539000191 ], [ -13.713817511999878, 16.1526925390001 ], [ -13.71543251199995, 16.151390539000033 ], [ -13.71710751199987, 16.15032553900005 ], [ -13.719095511999967, 16.148488539000084 ], [ -13.720091511999954, 16.146766539000055 ], [ -13.720966511999961, 16.144389539000031 ], [ -13.720939758999975, 16.143957642000089 ], [ -13.70742796199994, 16.153930385000024 ], [ -13.68798735099989, 16.168279047000112 ], [ -13.652464164999969, 16.194497885000033 ], [ -13.625900710999872, 16.29254828400002 ] ] ] } },
{ "type": "Feature", "properties": { "adm2_name": "Aleg", "adm2_name1": null, "adm2_name2": null, "adm2_name3": null, "adm2_pcode": "MR051", "adm1_name": "Brakna", "adm1_name1": null, "adm1_name2": null, "adm1_name3": null, "adm1_pcode": "MR05", "adm0_name": "Mauritanie", "adm0_name1": null, "adm0_name2": null, "adm0_name3": null, "adm0_pcode": "MR", "valid_on": "2024-03-27", "valid_to": null, "area_sqkm": 8459.5257283200008, "version": "v03", "lang": "fr", "lang1": null, "lang2": null, "lang3": null, "adm2_ref": "None", "center_lat": 17.21829621, "center_lon": -13.80632804 }, "geometry": { "type": "Polygon", "coordinates": [ [ [ -13.647267986999907, 17.007796778000113 ], [ -13.640271903999974, 17.047437742000113 ], [ -13.639448915999878, 17.060725722000029 ], [ -13.640271960999939, 17.070428973000048 ], [ -13.639526025999885, 17.104303370000025 ], [ -13.640206071999842, 17.115759488000037 ], [ -13.59443693999998, 17.136640989000171 ], [ -13.587289755999961, 17.136943982000105 ], [ -13.576828487999933, 17.138081918000125 ], [ -13.529150281999875, 17.149583145000065 ], [ -13.523812145999955, 17.15039709399997 ], [ -13.513065874999882, 17.153458884000031 ], [ -13.474356909999869, 17.168403825000098 ], [ -13.456210456999884, 17.175383331000091 ], [ -13.413194386999919, 17.193444043 ], [ -13.40456716999995, 17.195991868000078 ], [ -13.396300963999977, 17.199603609 ], [ -13.364036219999946, 17.23698881700011 ], [ -13.362277197999902, 17.246373101000131 ], [ -13.35635606999989, 17.256824314000028 ], [ -13.333606583999938, 17.298629164999966 ], [ -13.325513390999959, 17.305619648000118 ], [ -13.315042141999982, 17.314944959000115 ], [ -13.27341310099996, 17.330762843000059 ], [ -13.448229057999868, 17.498708614000122 ], [ -13.734120256999915, 17.801578906000145 ], [ -13.95947458299986, 17.604388350000022 ], [ -14.279752680999934, 17.151454244000035 ], [ -14.320482567999818, 17.088425996000126 ], [ -14.734595514999967, 16.815842054000086 ], [ -14.753472977999934, 16.807577649000109 ], [ -14.537766430999966, 16.804992364000157 ], [ -14.412910150999892, 16.777082821000079 ], [ -14.317350631999943, 16.752763929000025 ], [ -14.21647897299988, 16.727454125 ], [ -14.17606689999991, 16.714500223000073 ], [ -13.968207371999881, 16.643523206000111 ], [ -13.980376737999848, 16.664733532000014 ], [ -13.751233832999958, 16.665390001999981 ], [ -13.739423529999954, 16.666054977000044 ], [ -13.751821671999949, 17.000661088000129 ], [ -13.69630215899997, 16.947589582000148 ], [ -13.693511026999886, 16.944921518 ], [ -13.657380194999917, 16.986232416 ], [ -13.652540095999939, 16.996918604000086 ], [ -13.647267986999907, 17.007796778000113 ] ] ] } },
{ "type": "Feature", "properties": { "adm2_name": "Boghé", "adm2_name1": null, "adm2_name2": null, "adm2_name3": null, "adm2_pcode": "MR053", "adm1_name": "Brakna", "adm1_name1": null, "adm1_name2": null, "adm1_name3": null, "adm1_pcode": "MR05", "adm0_name": "Mauritanie", "adm0_name1": null, "adm0_name2": null, "adm0_name3": null, "adm0_pcode": "MR", "valid_on": "2024-03-27", "valid_to": null, "area_sqkm": 1722.2128146299999, "version": "v03", "lang": "fr", "lang1": null, "lang2": null, "lang3": null, "adm2_ref": "Boghe", "center_lat": 16.65196408, "center_lon": -14.37491754 }, "geometry": { "type": "Polygon", "coordinates": [ [ [ -14.17606689999991, 16.714500223000073 ], [ -14.21647897299988, 16.727454125 ], [ -14.317350631999943, 16.752763929000025 ], [ -14.412910150999892, 16.777082821000079 ], [ -14.537766430999966, 16.804992364000157 ], [ -14.753472977999934, 16.807577649000109 ], [ -14.829711802999952, 16.757123376000038 ], [ -14.850163296999881, 16.745298244000026 ], [ -14.868271744999902, 16.738735708999968 ], [ -14.884473136999873, 16.729840360000026 ], [ -14.89974849399988, 16.716616350000095 ], [ -14.932254756999896, 16.673998512000139 ], [ -14.941278389999979, 16.662167939000142 ], [ -14.947496947999923, 16.65401500300004 ], [ -14.949735745999874, 16.651079793000179 ], [ -14.952293432999966, 16.647726498000111 ], [ -14.95220373899997, 16.647419084000035 ], [ -14.952227107999875, 16.647405639999988 ], [ -14.950930430999961, 16.645991084000059 ], [ -14.949741430999893, 16.643493084000113 ], [ -14.947599430999958, 16.640281084000094 ], [ -14.945339430999923, 16.637544084000126 ], [ -14.942983430999959, 16.635022084000184 ], [ -14.94167443099991, 16.633832084000119 ], [ -14.940246430999878, 16.633475084000054 ], [ -14.938224430999981, 16.633000084 ], [ -14.935607430999937, 16.632762084000035 ], [ -14.932513430999961, 16.633713084000021 ], [ -14.930967430999942, 16.634665084000119 ], [ -14.92965843099995, 16.635260084000151 ], [ -14.928468430999942, 16.636212084000022 ], [ -14.927278430999934, 16.637402084000087 ], [ -14.925851430999955, 16.638710084000138 ], [ -14.924661430999834, 16.640019084000073 ], [ -14.92287643099985, 16.640971084000171 ], [ -14.921449430999814, 16.64251708400019 ], [ -14.919902430999969, 16.643945084000052 ], [ -14.918712430999904, 16.64513508400006 ], [ -14.91752343099995, 16.646087084000158 ], [ -14.916452430999982, 16.647038084000144 ], [ -14.915381430999901, 16.648585084000104 ], [ -14.914548430999901, 16.649656084000071 ], [ -14.912764430999914, 16.650370084000144 ], [ -14.91097943099993, 16.650132084000177 ], [ -14.910308267999937, 16.649572740999986 ], [ -14.910060803999954, 16.647840494000093 ], [ -14.910025112999961, 16.646198666000146 ], [ -14.909638449999932, 16.643016137000188 ], [ -14.909908518999885, 16.642700858000126 ], [ -14.91014643099993, 16.641328084000065 ], [ -14.909908430999963, 16.639186084000073 ], [ -14.909195430999944, 16.637164084000119 ], [ -14.908005430999879, 16.635617084000046 ], [ -14.906339430999878, 16.634665084000119 ], [ -14.905150430999925, 16.634308084000054 ], [ -14.903603430999908, 16.634070084000086 ], [ -14.901818430999924, 16.633238084000027 ], [ -14.900034430999938, 16.633000084 ], [ -14.898487430999921, 16.632881084000132 ], [ -14.896941430999902, 16.632762084000035 ], [ -14.895525430999896, 16.633404084000063 ], [ -14.89397843099988, 16.634832084000095 ], [ -14.893026430999896, 16.636259084000017 ], [ -14.891955430999928, 16.637330083999984 ], [ -14.890766430999861, 16.639353084000049 ], [ -14.890052430999958, 16.641375084 ], [ -14.889219430999958, 16.643279083999971 ], [ -14.888743430999966, 16.645420084000023 ], [ -14.888386430999958, 16.647681084000055 ], [ -14.887791430999982, 16.650179084000172 ], [ -14.887316430999931, 16.652321084000107 ], [ -14.887101430999905, 16.653844084000184 ], [ -14.886958430999982, 16.655890084000191 ], [ -14.885888430999842, 16.657556084000191 ], [ -14.884936430999858, 16.65910208400004 ], [ -14.883746430999963, 16.660411084000145 ], [ -14.882438430999912, 16.661363084000072 ], [ -14.880846971999972, 16.661962594999977 ], [ -14.879151605999937, 16.662349257000187 ], [ -14.877188550999961, 16.66231951400016 ], [ -14.87558241399995, 16.661486703000037 ], [ -14.87338141299989, 16.658809809000104 ], [ -14.871805019999954, 16.656460090999985 ], [ -14.870228626999904, 16.65408063000001 ], [ -14.868919923999897, 16.652325778000147 ], [ -14.867105584999877, 16.650065290000157 ], [ -14.866183542999977, 16.648816073000091 ], [ -14.865172272999871, 16.647269423000012 ], [ -14.864220487999887, 16.645455084000105 ], [ -14.863030757999979, 16.643462286000045 ], [ -14.862287175999882, 16.642123839000078 ], [ -14.86151385099987, 16.640725905000068 ], [ -14.860710782999945, 16.639298229000019 ], [ -14.859818484999835, 16.638733107000178 ], [ -14.858955930999969, 16.637900296000112 ], [ -14.858420551999814, 16.637364917000127 ], [ -14.855089306999957, 16.637513633000026 ], [ -14.853334453999878, 16.638167985000166 ], [ -14.851133452999932, 16.638584391000109 ], [ -14.848486301999856, 16.638971053000148 ], [ -14.844917110999859, 16.639625405000118 ], [ -14.843429947999823, 16.639625405000118 ], [ -14.841466891999914, 16.639833608 ], [ -14.839295633999939, 16.639893094000172 ], [ -14.837570524999933, 16.639625405000118 ], [ -14.835696698999982, 16.639446945000088 ], [ -14.834417738999946, 16.638941310000064 ], [ -14.832216737999829, 16.637513633000026 ], [ -14.830342911999935, 16.636234673000047 ], [ -14.82867728899987, 16.635729037000146 ], [ -14.826595260999909, 16.635372118000191 ], [ -14.825167583999928, 16.635699294000062 ], [ -14.824364515999946, 16.636323903000175 ], [ -14.823442474999922, 16.636978254000041 ], [ -14.82263940699994, 16.639030539000089 ], [ -14.822163514999886, 16.640279757000087 ], [ -14.822118430999979, 16.641970084000036 ], [ -14.822118430999979, 16.643636084000036 ], [ -14.821880430999897, 16.646134084000153 ], [ -14.821523430999946, 16.648157084 ], [ -14.820690430999946, 16.649822084000107 ], [ -14.819858430999943, 16.651607084000034 ], [ -14.818906430999959, 16.65303508400001 ], [ -14.817478430999927, 16.654224084000191 ], [ -14.815813430999924, 16.654819084000053 ], [ -14.813671430999875, 16.654819084000053 ], [ -14.812031769999919, 16.654219829000112 ], [ -14.810693322999953, 16.65335727400003 ], [ -14.809741538999958, 16.652494720000107 ], [ -14.808194888999822, 16.651067043000182 ], [ -14.806588752999971, 16.649371677000033 ], [ -14.805964143999972, 16.648122459999968 ], [ -14.805131332999906, 16.646665040000187 ], [ -14.80406057599987, 16.645237364000025 ], [ -14.803316993999886, 16.644166606000056 ], [ -14.802275979999933, 16.64267944300002 ], [ -14.800967275999881, 16.640716388000044 ], [ -14.800104721999958, 16.639705117000119 ], [ -14.79867704499992, 16.638426156000094 ], [ -14.797427827999968, 16.636909249999974 ], [ -14.795881177999888, 16.635273371000096 ], [ -14.79457675499998, 16.633939679000036 ], [ -14.793327295999973, 16.632511652000119 ], [ -14.791627891999951, 16.630782138000029 ], [ -14.790110984999956, 16.630217016000131 ], [ -14.78844536299988, 16.62971138000006 ], [ -14.786452563999944, 16.630038556000102 ], [ -14.785356430999911, 16.631619083999965 ], [ -14.784047430999976, 16.633404084000063 ], [ -14.78333343099996, 16.635070084000063 ], [ -14.78250043099996, 16.636616084000082 ], [ -14.781905430999927, 16.638639084000147 ], [ -14.781022430999883, 16.640185084000166 ], [ -14.780240430999925, 16.642089084000133 ], [ -14.778812430999892, 16.644112083999971 ], [ -14.777147430999889, 16.64637208400012 ], [ -14.775838430999954, 16.64803808400012 ], [ -14.774172430999954, 16.650179084000172 ], [ -14.773101430999873, 16.651607084000034 ], [ -14.772149430999889, 16.65303508400001 ], [ -14.770722430999967, 16.654224084000191 ], [ -14.769413430999919, 16.655533084000126 ], [ -14.767510430999948, 16.655890084000191 ], [ -14.765130430999932, 16.655890084000191 ], [ -14.762870430999897, 16.655414084000029 ], [ -14.76051843099998, 16.654452084000013 ], [ -14.759538430999896, 16.653867084000126 ], [ -14.757635430999926, 16.652559084000075 ], [ -14.756326430999877, 16.651488084000107 ], [ -14.754661430999874, 16.649822084000107 ], [ -14.753233430999956, 16.648633084000153 ], [ -14.75180543099998, 16.64720508400012 ], [ -14.750615430999972, 16.64553908400012 ], [ -14.75037743099989, 16.643755084000134 ], [ -14.75013943099998, 16.642327084000101 ], [ -14.749901430999955, 16.640424084000017 ], [ -14.749901430999955, 16.638758084000017 ], [ -14.749901430999955, 16.637211084000114 ], [ -14.75037743099989, 16.635784083999965 ], [ -14.750734430999955, 16.63364208400003 ], [ -14.751091430999963, 16.631263084000182 ], [ -14.75121043099989, 16.629597084000181 ], [ -14.750734430999955, 16.627931084000181 ], [ -14.749069430999953, 16.626028084000097 ], [ -14.747403430999952, 16.624243084000057 ], [ -14.745143430999974, 16.622934084000121 ], [ -14.743358430999933, 16.62162608400007 ], [ -14.741216430999941, 16.620436084000175 ], [ -14.739075430999833, 16.619722084000102 ], [ -14.737171430999922, 16.61912708400007 ], [ -14.735625430999903, 16.619008084000143 ], [ -14.734435430999952, 16.61912708400007 ], [ -14.733483430999968, 16.620198084000037 ], [ -14.733483430999968, 16.621745084000111 ], [ -14.734673430999919, 16.624005084000089 ], [ -14.735863430999814, 16.625671084000089 ], [ -14.737171430999922, 16.627455084000076 ], [ -14.737528430999816, 16.628883084000108 ], [ -14.737171430999922, 16.630549084000108 ], [ -14.736220430999936, 16.63185708400016 ], [ -14.734435430999952, 16.632452083999965 ], [ -14.732889430999933, 16.632333084000095 ], [ -14.7314614309999, 16.632095084000127 ], [ -14.729676430999916, 16.63197608400003 ], [ -14.728248430999884, 16.632452083999965 ], [ -14.727297430999897, 16.633166084000095 ], [ -14.726583430999881, 16.634951083999965 ], [ -14.726821430999962, 16.637092084000017 ], [ -14.726940430999946, 16.638520084000049 ], [ -14.726940430999946, 16.640067084000179 ], [ -14.72705943099993, 16.641970084000036 ], [ -14.72705943099993, 16.643398084000069 ], [ -14.726702430999978, 16.644707084 ], [ -14.725869430999978, 16.645658084 ], [ -14.724441430999946, 16.64637208400012 ], [ -14.72301443099991, 16.646253084000023 ], [ -14.721705430999975, 16.645063084000185 ], [ -14.720158430999959, 16.643755084000134 ], [ -14.718968430999894, 16.642684084000166 ], [ -14.717898430999924, 16.641613083999971 ], [ -14.71694643099994, 16.640661084000101 ], [ -14.715875430999972, 16.639234084000179 ], [ -14.713853430999905, 16.638401084000179 ], [ -14.711354430999904, 16.637925084000017 ], [ -14.70933243099995, 16.638044084000114 ], [ -14.706952430999934, 16.638520084000049 ], [ -14.705406430999972, 16.639353084000049 ], [ -14.703383430999963, 16.640305084000147 ], [ -14.701360430999955, 16.641137084000036 ], [ -14.699576430999969, 16.641851084000166 ], [ -14.698029430999952, 16.642565084000069 ], [ -14.695531430999949, 16.643398084000069 ], [ -14.693271430999914, 16.644231084000069 ], [ -14.69148643099993, 16.644826084000101 ], [ -14.689701430999946, 16.645301084000153 ], [ -14.687560430999895, 16.645896084000185 ], [ -14.685656430999927, 16.64637208400012 ], [ -14.683634430999973, 16.646610084000088 ], [ -14.681135430999973, 16.646491084 ], [ -14.679112430999908, 16.64637208400012 ], [ -14.67697143099997, 16.64637208400012 ], [ -14.674830430999918, 16.64637208400012 ], [ -14.672807430999967, 16.646134084000153 ], [ -14.671023430999981, 16.646015084000055 ], [ -14.668762430999948, 16.645896084000185 ], [ -14.666501430999915, 16.645896084000185 ], [ -14.664003430999912, 16.64637208400012 ], [ -14.662694430999977, 16.646729084000185 ], [ -14.660553430999926, 16.647324084 ], [ -14.658292430999893, 16.647324084 ], [ -14.656032430999858, 16.647919084000023 ], [ -14.654009430999963, 16.64887108400012 ], [ -14.652106430999936, 16.649346084000172 ], [ -14.64984543099996, 16.649941084000034 ], [ -14.647823430999836, 16.649941084000034 ], [ -14.645562430999973, 16.649703084 ], [ -14.642826430999889, 16.648752084000023 ], [ -14.640818842999977, 16.647209937000071 ], [ -14.63974808599994, 16.645782259999976 ], [ -14.639272192999897, 16.643938177999985 ], [ -14.639450652999926, 16.642510501000061 ], [ -14.639629111999966, 16.640934108000124 ], [ -14.639539882999941, 16.639357715000187 ], [ -14.639242449999927, 16.638138242000082 ], [ -14.639420909999956, 16.636085956000102 ], [ -14.640981647999865, 16.634266693000086 ], [ -14.642409647999955, 16.633790693000151 ], [ -14.643674195999893, 16.63329009000006 ], [ -14.645205430999908, 16.63269008400016 ], [ -14.646736430999965, 16.632486084000107 ], [ -14.647941430999936, 16.632333084000095 ], [ -14.649131430999944, 16.632214084 ], [ -14.650321430999838, 16.631619083999965 ], [ -14.650916430999928, 16.630192084000043 ], [ -14.650440430999936, 16.628526084000043 ], [ -14.649369430999855, 16.62662308400013 ], [ -14.647941430999936, 16.62495708400013 ], [ -14.646157430999835, 16.623172084000089 ], [ -14.64449243099989, 16.621745084000111 ], [ -14.644160973999931, 16.621383495000146 ], [ -14.643183430999954, 16.620317084000078 ], [ -14.641993430999889, 16.618889084000102 ], [ -14.64056543099997, 16.617700084000091 ], [ -14.640006095999979, 16.617340296000179 ], [ -14.638900430999968, 16.616629084000124 ], [ -14.63711543099987, 16.616867084000091 ], [ -14.636044430999902, 16.618176084000083 ], [ -14.634498430999884, 16.619841084000143 ], [ -14.633308430999932, 16.621269084000176 ], [ -14.632594430999916, 16.622815084000024 ], [ -14.631999430999883, 16.624481084000024 ], [ -14.630691430999946, 16.626147084000024 ], [ -14.629025430999945, 16.627455084000076 ], [ -14.627478430999929, 16.628288084000076 ], [ -14.625456430999975, 16.628764084000181 ], [ -14.623790430999975, 16.628764084000181 ], [ -14.621649430999923, 16.628764084000181 ], [ -14.619150430999923, 16.628883084000108 ], [ -14.617009430999872, 16.628645084000141 ], [ -14.615105430999904, 16.628288084000076 ], [ -14.612845430999869, 16.627693084000043 ], [ -14.611179430999869, 16.627098084000181 ], [ -14.609632430999966, 16.626028084000097 ], [ -14.608681430999866, 16.625076084000057 ], [ -14.607610430999955, 16.623767084000121 ], [ -14.606658430999971, 16.62245908400007 ], [ -14.606063430999939, 16.620674084000143 ], [ -14.605825430999971, 16.619365084000037 ], [ -14.604992430999971, 16.617938084000059 ], [ -14.603565430999936, 16.617224084000156 ], [ -14.602018430999919, 16.617462084000124 ], [ -14.600947430999952, 16.61829408400007 ], [ -14.600114430999952, 16.619484084000078 ], [ -14.598925430999827, 16.62079308400007 ], [ -14.597497430999965, 16.621983084000078 ], [ -14.595712430999981, 16.622934084000121 ], [ -14.594166430999962, 16.623172084000089 ], [ -14.592143430999897, 16.623172084000089 ], [ -14.590359430999911, 16.621864084000038 ], [ -14.588812430999894, 16.621031084000037 ], [ -14.58702743099991, 16.620436084000175 ], [ -14.585243430999924, 16.620198084000037 ], [ -14.58345843099994, 16.620317084000078 ], [ -14.581317430999889, 16.620555084000102 ], [ -14.578937430999872, 16.621507084000143 ], [ -14.576796430999934, 16.622340084000143 ], [ -14.575368430999902, 16.623053084000162 ], [ -14.573465430999931, 16.623648084000024 ], [ -14.571561430999964, 16.623767084000121 ], [ -14.56977643099998, 16.623767084000121 ], [ -14.56799243099988, 16.623172084000089 ], [ -14.566445430999977, 16.621864084000038 ], [ -14.564898430999961, 16.62079308400007 ], [ -14.563352430999942, 16.619841084000143 ], [ -14.56204343099995, 16.618770084000175 ], [ -14.560378430999947, 16.617581084000051 ], [ -14.558712430999947, 16.617224084000156 ], [ -14.556689430999938, 16.617462084000124 ], [ -14.555381430999944, 16.618651084000078 ], [ -14.554667430999928, 16.620198084000037 ], [ -14.553477430999976, 16.621864084000038 ], [ -14.553120430999911, 16.623767084000121 ], [ -14.552406430999838, 16.626147084000024 ], [ -14.551693430999819, 16.628050084000108 ], [ -14.551217430999941, 16.629597084000181 ], [ -14.550622430999908, 16.631501083999979 ], [ -14.550741430999892, 16.633047084 ], [ -14.550384430999941, 16.634713084 ], [ -14.550146430999973, 16.636378084000114 ], [ -14.549551430999941, 16.638520084000049 ], [ -14.549194430999819, 16.640542084 ], [ -14.548361430999819, 16.641970084000036 ], [ -14.547053430999938, 16.643160084000101 ], [ -14.545387430999938, 16.643636084000036 ], [ -14.543721430999938, 16.643755084000134 ], [ -14.542056430999935, 16.642803084000036 ], [ -14.539914430999886, 16.641494084000101 ], [ -14.538368430999981, 16.640067084000179 ], [ -14.536345430999916, 16.638044084000114 ], [ -14.534322430999964, 16.63602208400016 ], [ -14.533133430999897, 16.634237084000063 ], [ -14.531467430999896, 16.632214084 ], [ -14.52968343099991, 16.630430084000182 ], [ -14.527779430999942, 16.628407084000116 ], [ -14.525637430999893, 16.627098084000181 ], [ -14.523258430999874, 16.626028084000097 ], [ -14.52064043099989, 16.625314084000024 ], [ -14.518023430999961, 16.624719084000162 ], [ -14.516000430999952, 16.623767084000121 ], [ -14.513859430999958, 16.622696084000097 ], [ -14.511599430999922, 16.62162608400007 ], [ -14.509695430999955, 16.620555084000102 ], [ -14.507910430999971, 16.619008084000143 ], [ -14.506245430999968, 16.617700084000091 ], [ -14.504817430999935, 16.616272084000059 ], [ -14.502914430999965, 16.614844084000083 ], [ -14.5017244309999, 16.613655084000072 ], [ -14.5000584309999, 16.613298084000064 ], [ -14.498154430999932, 16.61306008400004 ], [ -14.496370430999946, 16.613179084000137 ], [ -14.493753430999959, 16.613298084000064 ], [ -14.491135430999975, 16.614368084000091 ], [ -14.489469430999975, 16.615082084000051 ], [ -14.487685430999875, 16.616272084000059 ], [ -14.486019430999875, 16.617938084000059 ], [ -14.485187430999872, 16.619008084000143 ], [ -14.484116430999904, 16.620674084000143 ], [ -14.483045430999937, 16.622221084000103 ], [ -14.48149843099992, 16.623410084000056 ], [ -14.479952430999901, 16.624243084000057 ], [ -14.478524430999869, 16.62495708400013 ], [ -14.476620430999901, 16.625314084000024 ], [ -14.474241430999882, 16.625552084000162 ], [ -14.472099430999947, 16.625195084000097 ], [ -14.47031543099996, 16.625076084000057 ], [ -14.468055430999982, 16.624838084000089 ], [ -14.465794430999949, 16.624481084000024 ], [ -14.463771430999941, 16.624243084000057 ], [ -14.461630430999946, 16.623648084000024 ], [ -14.459964430999946, 16.623172084000089 ], [ -14.45818043099996, 16.622934084000121 ], [ -14.456038430999911, 16.622815084000024 ], [ -14.454016430999957, 16.62245908400007 ], [ -14.452231430999973, 16.62245908400007 ], [ -14.450565430999973, 16.622577084000056 ], [ -14.449257430999921, 16.622815084000024 ], [ -14.44806743099997, 16.623410084000056 ], [ -14.44640143099997, 16.624719084000162 ], [ -14.445925430999921, 16.625671084000089 ], [ -14.445211430999905, 16.62662308400013 ], [ -14.444141430999935, 16.627931084000181 ], [ -14.443189430999951, 16.629478084000141 ], [ -14.442594430999918, 16.631263084000182 ], [ -14.441880430999902, 16.633047084 ], [ -14.441166430999886, 16.634594084000128 ], [ -14.440572430999964, 16.63602208400016 ], [ -14.439501430999883, 16.637211084000114 ], [ -14.439025430999948, 16.638520084000049 ], [ -14.437716430999899, 16.639829083999985 ], [ -14.436884430999896, 16.641137084000036 ], [ -14.435575430999961, 16.642327084000101 ], [ -14.434147430999928, 16.643160084000101 ], [ -14.432244430999958, 16.644350084000166 ], [ -14.430578430999958, 16.645420084000023 ], [ -14.429269430999909, 16.64637208400012 ], [ -14.427841430999877, 16.64720508400012 ], [ -14.427833691999865, 16.647207665000053 ], [ -14.42605743099989, 16.647800084000153 ], [ -14.425105430999963, 16.648752084000023 ], [ -14.423559430999944, 16.649584084000139 ], [ -14.422845430999871, 16.650655084000107 ], [ -14.421536430999936, 16.651607084000034 ], [ -14.419752430999836, 16.651607084000034 ], [ -14.417848430999925, 16.651607084000034 ], [ -14.417598080999937, 16.651509726000143 ], [ -14.415706430999933, 16.650774084000034 ], [ -14.414754430999835, 16.649109084000088 ], [ -14.413803430999906, 16.647324084 ], [ -14.413327430999971, 16.645658084 ], [ -14.413089430999833, 16.643755084000134 ], [ -14.412851430999922, 16.641851084000166 ], [ -14.412375430999816, 16.640542084 ], [ -14.411899430999938, 16.638996083999984 ], [ -14.411304430999905, 16.637449084000082 ], [ -14.410353430999919, 16.63614108400003 ], [ -14.408806430999903, 16.63447508400003 ], [ -14.407378430999813, 16.63280908400003 ], [ -14.405593430999886, 16.632214084 ], [ -14.404047430999981, 16.631738084000062 ], [ -14.402024430999916, 16.631619083999965 ], [ -14.400597430999881, 16.631144084000141 ], [ -14.399050430999978, 16.631382084000109 ], [ -14.397384430999978, 16.63197608400003 ], [ -14.39536243099991, 16.63280908400003 ], [ -14.393577430999926, 16.633166084000095 ], [ -14.391198430999907, 16.633880084 ], [ -14.389056430999972, 16.635070084000063 ], [ -14.387272430999872, 16.635427084000128 ], [ -14.38524943099992, 16.636378084000114 ], [ -14.383345430999952, 16.636378084000114 ], [ -14.381204430999901, 16.63614108400003 ], [ -14.379538430999901, 16.635546084 ], [ -14.377992430999882, 16.63530808400003 ], [ -14.376445430999865, 16.634832084000095 ], [ -14.374780430999863, 16.633999084000095 ], [ -14.373233430999846, 16.633404084000063 ], [ -14.371567430999846, 16.633285083999965 ], [ -14.369902430999844, 16.632928084000127 ], [ -14.367760430999965, 16.632571084000062 ], [ -14.365975430999981, 16.632452083999965 ], [ -14.364429430999962, 16.632571084000062 ], [ -14.362882430999946, 16.633285083999965 ], [ -14.360990104999871, 16.634113412000147 ], [ -14.360979430999976, 16.634118083999965 ], [ -14.358242430999894, 16.635070084000063 ], [ -14.357052430999943, 16.635903084000063 ], [ -14.354435430999956, 16.636854084000049 ], [ -14.352174430999924, 16.637449084000082 ], [ -14.350033430999872, 16.637925084000017 ], [ -14.348605430999953, 16.638401084000179 ], [ -14.346821430999967, 16.638639084000147 ], [ -14.345036430999869, 16.639234084000179 ], [ -14.344567693999977, 16.639399603000072 ], [ -14.343014430999915, 16.639948084000082 ], [ -14.340991430999964, 16.640305084000147 ], [ -14.339326430999961, 16.640661084000101 ], [ -14.337898430999928, 16.640661084000101 ], [ -14.336232430999928, 16.640424084000017 ], [ -14.334210430999974, 16.639829083999985 ], [ -14.332544430999974, 16.639234084000179 ], [ -14.330878430999974, 16.637806084000147 ], [ -14.329689430999963, 16.635903084000063 ], [ -14.328499430999955, 16.633880084 ], [ -14.328296028999887, 16.633303780000119 ], [ -14.327785430999938, 16.63185708400016 ], [ -14.326833430999955, 16.629716084000108 ], [ -14.326595430999873, 16.627931084000181 ], [ -14.326595430999873, 16.626147084000024 ], [ -14.326595430999873, 16.624243084000057 ], [ -14.326953430999936, 16.621864084000038 ], [ -14.326833430999955, 16.619841084000143 ], [ -14.327190430999963, 16.617700084000091 ], [ -14.327190430999963, 16.615201084000091 ], [ -14.327547430999857, 16.613179084000137 ], [ -14.327547430999857, 16.611037084000031 ], [ -14.327547430999857, 16.608777084000053 ], [ -14.327547430999857, 16.606754084000045 ], [ -14.327547430999857, 16.604732084000034 ], [ -14.327309430999946, 16.602233084000034 ], [ -14.327309430999946, 16.60021108400008 ], [ -14.327547430999857, 16.598069084000144 ], [ -14.328142430999947, 16.595809084 ], [ -14.328856430999963, 16.594143084 ], [ -14.329808430999947, 16.591407084000139 ], [ -14.330284430999939, 16.589146084000106 ], [ -14.331235430999982, 16.587361084 ], [ -14.331592430999876, 16.585101084000087 ], [ -14.331830430999958, 16.583197084000119 ], [ -14.332425430999876, 16.581175084000108 ], [ -14.332663430999958, 16.5791520840001 ], [ -14.332901430999982, 16.576892084000121 ], [ -14.333377430999974, 16.574988084000154 ], [ -14.333322165999903, 16.573883256000045 ], [ -14.333258430999877, 16.572609084000135 ], [ -14.333258430999877, 16.57058608400007 ], [ -14.332187430999966, 16.568921084000181 ], [ -14.331235430999982, 16.567612084000075 ], [ -14.329927430999874, 16.566303084000083 ], [ -14.328261430999873, 16.56558908400018 ], [ -14.326357430999963, 16.565470084000083 ], [ -14.324097430999927, 16.565470084000083 ], [ -14.321955430999935, 16.565946084000075 ], [ -14.320409430999973, 16.56654108400005 ], [ -14.319100430999924, 16.56725508400018 ], [ -14.318030430999954, 16.568326084000148 ], [ -14.316959430999816, 16.569278084000075 ], [ -14.31541243099997, 16.570110084000135 ], [ -14.31374643099997, 16.57058608400007 ], [ -14.31196243099987, 16.570943084000135 ], [ -14.310415430999967, 16.570943084000135 ], [ -14.308512430999883, 16.570705084000167 ], [ -14.306370430999948, 16.570943084000135 ], [ -14.304347430999883, 16.570824084000094 ], [ -14.301968430999977, 16.571181084000102 ], [ -14.300064430999896, 16.571300084000029 ], [ -14.298042430999942, 16.571895084000062 ], [ -14.296257430999958, 16.572847084000102 ], [ -14.295068430999891, 16.57391808400007 ], [ -14.294473430999972, 16.575345084000048 ], [ -14.294354430999874, 16.576535084000113 ], [ -14.293951430999925, 16.577543084000183 ], [ -14.292807430999972, 16.579033084000173 ], [ -14.291855430999874, 16.580223084000068 ], [ -14.290904430999888, 16.581413084000133 ], [ -14.290754440999933, 16.581563074000087 ], [ -14.289833430999977, 16.5824840840001 ], [ -14.288524430999871, 16.583792084000152 ], [ -14.286977430999968, 16.584506084000054 ], [ -14.285312430999966, 16.585220084000127 ], [ -14.283646430999966, 16.585458084000152 ], [ -14.281743430999938, 16.584982083999989 ], [ -14.27972043099993, 16.584387084000127 ], [ -14.277341430999968, 16.583435084000087 ], [ -14.27543743099983, 16.582008084000108 ], [ -14.273772430999827, 16.581056084000068 ], [ -14.27293843099983, 16.579866084000173 ], [ -14.271868430999916, 16.578320084000154 ], [ -14.270559430999981, 16.577130084000089 ], [ -14.268505430999937, 16.575532084000031 ], [ -14.268408430999898, 16.575455084000055 ], [ -14.267109430999881, 16.574274084000081 ], [ -14.267109430999881, 16.573330084000133 ], [ -14.267109430999881, 16.572371084000167 ], [ -14.267109430999881, 16.570348084000102 ], [ -14.267704430999913, 16.569397084000116 ], [ -14.268537430999913, 16.568088084000181 ], [ -14.269250430999932, 16.566779084000075 ], [ -14.270440430999827, 16.565946084000075 ], [ -14.271511430999965, 16.565233084000056 ], [ -14.2728204309999, 16.564043084000161 ], [ -14.273652430999846, 16.562496084000031 ], [ -14.274128430999951, 16.560830084000031 ], [ -14.274485430999846, 16.559284084000012 ], [ -14.274842430999968, 16.557023084000036 ], [ -14.275199430999919, 16.554882084000155 ], [ -14.275556430999927, 16.553097084000058 ], [ -14.27543743099983, 16.551194083999974 ], [ -14.27543743099983, 16.549409084000104 ], [ -14.275080430999935, 16.54738708400015 ], [ -14.27460443099983, 16.545483084000182 ], [ -14.273296430999949, 16.54334208400013 ], [ -14.272225430999981, 16.542033083999968 ], [ -14.271035430999916, 16.540129084 ], [ -14.269369430999916, 16.537988084000119 ], [ -14.268656430999897, 16.536203084000078 ], [ -14.267466430999946, 16.534062084000027 ], [ -14.265800430999946, 16.531920084000092 ], [ -14.264729430999978, 16.52977908400004 ], [ -14.263897430999975, 16.527399084000081 ], [ -14.26270743099991, 16.526328084000113 ], [ -14.261993430999894, 16.524544084000127 ], [ -14.261160430999894, 16.522283084000094 ], [ -14.260992571999964, 16.521846934999985 ], [ -14.260565430999975, 16.520737084000075 ], [ -14.259495430999891, 16.519071084000075 ], [ -14.258543430999907, 16.516929084000139 ], [ -14.257710430999907, 16.515383084000121 ], [ -14.25663943099994, 16.514312084000153 ], [ -14.255093430999921, 16.513836084000047 ], [ -14.254498430999888, 16.515026084000056 ], [ -14.254736430999969, 16.516454084000088 ], [ -14.255688430999953, 16.51776208400014 ], [ -14.256520430999956, 16.519309084000042 ], [ -14.257081032999963, 16.520429700000079 ], [ -14.25747243099994, 16.521212084000126 ], [ -14.258067430999972, 16.522878084000126 ], [ -14.258543430999907, 16.524782084000094 ], [ -14.258543430999907, 16.526566084000081 ], [ -14.258543430999907, 16.528351084000178 ], [ -14.258186430999956, 16.530016084000124 ], [ -14.257829430999891, 16.531801084000165 ], [ -14.257234430999972, 16.533229084000027 ], [ -14.25640243099997, 16.535370084000078 ], [ -14.255926430999921, 16.537036084000079 ], [ -14.254974430999937, 16.538821084000119 ], [ -14.25342743099992, 16.540367083999968 ], [ -14.251999430999888, 16.542152084000065 ], [ -14.250690430999953, 16.54334208400013 ], [ -14.248787430999869, 16.544650084000182 ], [ -14.248238838999953, 16.544987898000045 ], [ -14.247241430999964, 16.545602084000052 ], [ -14.245337430999882, 16.545840084000019 ], [ -14.243552430999898, 16.546316084000182 ], [ -14.24057843099996, 16.546316084000182 ], [ -14.2386843459999, 16.546221380000134 ], [ -14.238198430999944, 16.546197084000084 ], [ -14.236629430999869, 16.546032084000103 ], [ -14.236129430999881, 16.54597908400018 ], [ -14.235938430999965, 16.545959084000117 ], [ -14.233440430999963, 16.545721084000149 ], [ -14.231218952999939, 16.545253405000096 ], [ -14.23117943099993, 16.545245083999987 ], [ -14.22891843099984, 16.544888084000149 ], [ -14.226658430999976, 16.544650084000182 ], [ -14.224517430999924, 16.544293084000117 ], [ -14.22273243099994, 16.543936084000052 ], [ -14.22106643099994, 16.543579083999987 ], [ -14.21916343099997, 16.542628084 ], [ -14.217378430999872, 16.541557084000033 ], [ -14.216902430999937, 16.541319084000065 ], [ -14.21571343099987, 16.540248084000098 ], [ -14.214404430999934, 16.53917708400013 ], [ -14.212976430999902, 16.537869084000079 ], [ -14.211192430999915, 16.536084083999981 ], [ -14.209645430999899, 16.534775084000046 ], [ -14.207622430999947, 16.533705084000133 ], [ -14.207092788999887, 16.533493109000119 ], [ -14.205838430999961, 16.532991084000059 ], [ -14.204291430999945, 16.532396084000027 ], [ -14.202863430999912, 16.531801084000165 ], [ -14.201317430999893, 16.531206084000132 ], [ -14.199889430999974, 16.530373084000132 ], [ -14.199175430999958, 16.529184084000178 ], [ -14.199008430999982, 16.527763084000014 ], [ -14.198984430999928, 16.527744084000062 ], [ -14.198996430999955, 16.52766408399998 ], [ -14.198937430999877, 16.527161084000113 ], [ -14.199770430999877, 16.525852084000178 ], [ -14.200603430999877, 16.524425084000086 ], [ -14.201317430999893, 16.523116084000094 ], [ -14.202269430999877, 16.521331084000053 ], [ -14.202863430999912, 16.519785084000034 ], [ -14.203339430999961, 16.518119084000034 ], [ -14.203339430999961, 16.515978084000153 ], [ -14.20355426999987, 16.514474209000127 ], [ -14.203577430999928, 16.514312084000153 ], [ -14.202387430999977, 16.512409084000069 ], [ -14.201436430999877, 16.510505084000101 ], [ -14.200246430999925, 16.508839084000101 ], [ -14.198818430999893, 16.50741208400018 ], [ -14.19863713899997, 16.507296629000109 ], [ -14.197510430999955, 16.50657908400018 ], [ -14.195606430999874, 16.50586508400005 ], [ -14.193465430999936, 16.505151084000147 ], [ -14.191680430999952, 16.504556084000114 ], [ -14.189776430999871, 16.504080084000179 ], [ -14.187873430999957, 16.503605084000128 ], [ -14.186088430999973, 16.502772084000128 ], [ -14.184542430999954, 16.501939084000128 ], [ -14.184394057999953, 16.501813538000022 ], [ -14.182995430999938, 16.500630083999965 ], [ -14.18180543099993, 16.499440084000128 ], [ -14.18002143099983, 16.498132084000076 ], [ -14.177879430999951, 16.497299084000076 ], [ -14.176708149999968, 16.496778311000071 ], [ -14.175478347999899, 16.497472082000172 ], [ -14.158002060999934, 16.50591855600004 ], [ -14.065604651999934, 16.550575202000118 ], [ -13.946311714999922, 16.605477209000128 ], [ -13.909888817999956, 16.622482971000181 ], [ -13.968207371999881, 16.643523206000111 ], [ -14.17606689999991, 16.714500223000073 ] ] ] } },
{ "type": "Feature", "properties": { "adm2_name": "Nouadhibou", "adm2_name1": null, "adm2_name2": null, "adm2_name3": null, "adm2_pcode": "MR081", "adm1_name": "Dakhlet Nouadhibou", "adm1_name1": null, "adm1_name2": null, "adm1_name3": null, "adm1_pcode": "MR08", "adm0_name": "Mauritanie", "adm0_name1": null, "adm0_name2": null, "adm0_name3": null, "adm0_pcode": "MR", "valid_on": "2024-03-27", "valid_to": null, "area_sqkm": 15126.718635409999, "version": "v03", "lang": "fr", "lang1": null, "lang2": null, "lang3": null, "adm2_ref": "None", "center_lat": 20.92420818, "center_lon": -15.94873123 }, "geometry": { "type": "Polygon", "coordinates": [ [ [ -14.637113966999948, 21.170761990000187 ], [ -14.689549296999871, 21.335688595000022 ], [ -15.558366762999924, 21.33568592600011 ], [ -16.947832065999876, 21.334170511000025 ], [ -16.995343667999919, 21.168183020000129 ], [ -16.997888653999951, 21.146902511 ], [ -17.007189796999967, 21.12102530500016 ], [ -17.014860921999912, 21.101442662000181 ], [ -17.027878145999978, 21.071390740000027 ], [ -17.042236412999955, 21.043563659000029 ], [ -17.045437336999953, 21.001405631000125 ], [ -17.045425335999937, 21.001117651000072 ], [ -17.04913135299995, 20.980154122999977 ], [ -17.054446424999981, 20.962714341000151 ], [ -17.060766514999955, 20.943012716000112 ], [ -17.068307629999879, 20.921794196 ], [ -17.073921699999971, 20.901682604000086 ], [ -17.073037600999896, 20.881298055 ], [ -17.070954499999971, 20.868837946000156 ], [ -17.071280434999892, 20.849042352000083 ], [ -17.072465412999975, 20.835035344000175 ], [ -17.048360554999931, 20.772389881000038 ], [ -17.04862358399987, 20.77842145 ], [ -17.049048609999943, 20.782391166000025 ], [ -17.049185630999943, 20.787020836000067 ], [ -17.049240642999962, 20.789967626000191 ], [ -17.048873649999962, 20.794324317000132 ], [ -17.049194671999942, 20.798109047000139 ], [ -17.049707697999963, 20.801469806000114 ], [ -17.048648677999893, 20.803591659000062 ], [ -17.047648671999923, 20.808800291000125 ], [ -17.045304631999954, 20.814310907000049 ], [ -17.044172614999923, 20.817790663000039 ], [ -17.043057602999966, 20.822252350000156 ], [ -17.042817608999883, 20.825438124000129 ], [ -17.042198608999911, 20.829657826000073 ], [ -17.04140259899998, 20.832477628000106 ], [ -17.040070576999881, 20.836007382000162 ], [ -17.039779580999948, 20.839100163000182 ], [ -17.039489585999945, 20.842285937000156 ], [ -17.038659577999852, 20.845901682999965 ], [ -17.037898574999929, 20.850591352000151 ], [ -17.038436596999873, 20.852642205000109 ], [ -17.036831563999954, 20.854913049000061 ], [ -17.035057522999978, 20.856203963000098 ], [ -17.033863502999964, 20.859075763000021 ], [ -17.033987509999974, 20.860337672000071 ], [ -17.036037573999977, 20.8631124690001 ], [ -17.038269638999907, 20.864996326999972 ], [ -17.043755788999874, 20.867203152000059 ], [ -17.047743900999933, 20.869479978000186 ], [ -17.05182001299994, 20.871100849000072 ], [ -17.05670714799993, 20.873364672000037 ], [ -17.059250222999935, 20.875804490000121 ], [ -17.062048305999951, 20.878521288000059 ], [ -17.063216349999891, 20.882199023000112 ], [ -17.062889355999914, 20.886040751000053 ], [ -17.063917387999879, 20.887615636000021 ], [ -17.064453409999942, 20.889572495000039 ], [ -17.064563423999971, 20.892752269000084 ], [ -17.063482409999949, 20.89632401900019 ], [ -17.061750377999942, 20.899813777000077 ], [ -17.060175351999874, 20.903674509000155 ], [ -17.058633322999924, 20.906693300000086 ], [ -17.056294273999924, 20.909770089000176 ], [ -17.054299232999881, 20.912561897000046 ], [ -17.051848177999943, 20.91498573399997 ], [ -17.049826130999975, 20.916327645000081 ], [ -17.047460075999879, 20.918001534000098 ], [ -17.044379998999943, 20.91884548500002 ], [ -17.043854979999935, 20.917496582000069 ], [ -17.044970002999889, 20.91570170600005 ], [ -17.047729066999921, 20.913739836000104 ], [ -17.048600083999872, 20.912229940000032 ], [ -17.044698980999954, 20.911962971999969 ], [ -17.041331899999875, 20.913465875999975 ], [ -17.038776841999947, 20.915703726000061 ], [ -17.035962775999906, 20.917432613000187 ], [ -17.032769692999864, 20.917622610000024 ], [ -17.030274628999905, 20.917707612000129 ], [ -17.02778556599992, 20.918167588000188 ], [ -17.024879488999943, 20.917651634000094 ], [ -17.022515433999899, 20.919419516 ], [ -17.0224834469999, 20.923022261000142 ], [ -17.023427479999953, 20.925394090000168 ], [ -17.023941505999915, 20.928800846000115 ], [ -17.021702459999972, 20.931923632000064 ], [ -17.020893456999886, 20.936662299000034 ], [ -17.021598485999959, 20.939645085000052 ], [ -17.02118349299991, 20.944142768000177 ], [ -17.020365486999935, 20.948413468000183 ], [ -17.021161516999939, 20.950881290000098 ], [ -17.02235255699992, 20.953155125000023 ], [ -17.022197560999871, 20.955496960000062 ], [ -17.020052515999964, 20.958289769000146 ], [ -17.018109476999939, 20.961174571000072 ], [ -17.017075462999912, 20.964606331000027 ], [ -17.016189451999878, 20.967941098000153 ], [ -17.01525744199995, 20.971511847999977 ], [ -17.015142455999921, 20.976004530000125 ], [ -17.016252496999925, 20.979262296 ], [ -17.01727853899996, 20.983364002000087 ], [ -17.016984541999932, 20.986315794000063 ], [ -17.016041528999892, 20.989278587000172 ], [ -17.01568152699997, 20.991342442000132 ], [ -17.014091497999914, 20.99445522700006 ], [ -17.014036504999922, 20.996795062000103 ], [ -17.013922518999891, 21.001334741000107 ], [ -17.013996535999979, 21.005264462000071 ], [ -17.013037528999973, 21.010051127000111 ], [ -17.011921516999962, 21.014419821000104 ], [ -17.011442517999967, 21.018169558000125 ], [ -17.013301578999972, 21.021416322000164 ], [ -17.015657641999951, 21.021894280000083 ], [ -17.017697692999889, 21.02148830200008 ], [ -17.020633766999879, 21.020927332000042 ], [ -17.023598837999941, 21.019244441000126 ], [ -17.024812861999919, 21.017400568000085 ], [ -17.023593826999956, 21.016343646 ], [ -17.020903757999974, 21.016712629000097 ], [ -17.018278684999927, 21.015209744000174 ], [ -17.01639862899998, 21.013507871000115 ], [ -17.016083607999917, 21.010050117000048 ], [ -17.017250621999949, 21.005728419000036 ], [ -17.018615640999883, 21.00126173000001 ], [ -17.018637635999937, 20.999811833000024 ], [ -17.018537622999929, 20.997146022000038 ], [ -17.017785592999871, 20.994351222000034 ], [ -17.017776580999907, 20.991216444000031 ], [ -17.018627593999895, 20.988676621000138 ], [ -17.019760619999943, 20.987863674999971 ], [ -17.019908632999943, 20.990387495999983 ], [ -17.019271628999888, 20.9936722650001 ], [ -17.020326667999882, 20.996650051000074 ], [ -17.02091068999988, 20.998512917000028 ], [ -17.022060729999907, 21.001255719000142 ], [ -17.021877738999876, 21.004767471000093 ], [ -17.021935751999877, 21.007854253000062 ], [ -17.022190768999963, 21.010798044000182 ], [ -17.023325805999889, 21.012697905000095 ], [ -17.02590787999992, 21.014575764000085 ], [ -17.027309926999919, 21.017408559000103 ], [ -17.025423890999946, 21.020666334999987 ], [ -17.023558848999983, 21.022426216000042 ], [ -17.026754941999911, 21.025043021000101 ], [ -17.028520000999947, 21.02861776200001 ], [ -17.03065007299989, 21.032982446000062 ], [ -17.031969120999975, 21.036705178000034 ], [ -17.03173512799998, 21.040217930999972 ], [ -17.030755115999966, 21.043835678000107 ], [ -17.028083061999951, 21.047807406000061 ], [ -17.024199963999934, 21.048475372000098 ], [ -17.020056856999929, 21.04858737800015 ], [ -17.016870765999954, 21.04648453700014 ], [ -17.013627672999917, 21.044008723000104 ], [ -17.010875589999955, 21.041056941000136 ], [ -17.008829526999932, 21.038516127000037 ], [ -17.008560505999981, 21.034824389000107 ], [ -17.008570498999916, 21.03271853800004 ], [ -17.009423511999955, 21.030272707999984 ], [ -17.008888490999936, 21.028361845000063 ], [ -17.007380449999971, 21.027870885000141 ], [ -17.00661543599989, 21.029660761000116 ], [ -17.005126409999946, 21.032818543000076 ], [ -17.002876360999949, 21.035333372000025 ], [ -16.998114253999915, 21.03966508200017 ], [ -16.991035081999939, 21.043003869000074 ], [ -16.987925028999939, 21.050210370000116 ], [ -16.986025998999935, 21.05548000400006 ], [ -16.981213890999925, 21.059812714000088 ], [ -16.977278800999954, 21.06300850100007 ], [ -16.975472771999932, 21.067902161000177 ], [ -16.974336764999975, 21.073861744000055 ], [ -16.974033776999875, 21.078966385000058 ], [ -16.973036770999897, 21.084362007000095 ], [ -16.972141768999904, 21.089849622000031 ], [ -16.971003761999896, 21.0957622090001 ], [ -16.969693744999972, 21.100414885000134 ], [ -16.965614652999875, 21.103940650000084 ], [ -16.961215546999938, 21.106348494000031 ], [ -16.955473398999914, 21.10643750700001 ], [ -16.950586272999942, 21.10679449800017 ], [ -16.946849177999923, 21.107273477000092 ], [ -16.943853099999899, 21.1072734870001 ], [ -16.940862012999958, 21.104933662 ], [ -16.938002936999908, 21.104276718000051 ], [ -16.937299917999951, 21.104053736000026 ], [ -16.937346927999897, 21.106532561000051 ], [ -16.94191306099998, 21.110345276000146 ], [ -16.945125157999939, 21.113851018000105 ], [ -16.946521212999983, 21.118975652000131 ], [ -16.945702197999879, 21.120578542000032 ], [ -16.942948134999938, 21.122867390000067 ], [ -16.94412017999997, 21.126732113 ], [ -16.945192222999935, 21.130598837000036 ], [ -16.942199155999958, 21.133452645999967 ], [ -16.939315093999937, 21.136772421000103 ], [ -16.938697093999963, 21.141086119000022 ], [ -16.937248075999889, 21.146348753000041 ], [ -16.934331015999874, 21.15055846600012 ], [ -16.933598019999977, 21.156699035000031 ], [ -16.930403947999935, 21.159461851 ], [ -16.92391578999991, 21.162370668000108 ], [ -16.919541670999934, 21.160800793000135 ], [ -16.917149599999959, 21.158451967000133 ], [ -16.91534953199988, 21.153006357000038 ], [ -16.91139441699994, 21.149839593000024 ], [ -16.907403304999946, 21.147421777000034 ], [ -16.901245130999939, 21.143962041000123 ], [ -16.898233029999972, 21.137833483000179 ], [ -16.895430935999912, 21.132262885000046 ], [ -16.89216683799998, 21.128664150000077 ], [ -16.889078748999964, 21.126466315000073 ], [ -16.888117711999939, 21.123159551000185 ], [ -16.886562659999981, 21.120189766000067 ], [ -16.884551574999932, 21.111518384000021 ], [ -16.883446524999897, 21.105874786000072 ], [ -16.882960484999899, 21.098630299000092 ], [ -16.882700456999885, 21.09278671200002 ], [ -16.882316419999938, 21.085681215000022 ], [ -16.882305396999982, 21.079785631 ], [ -16.88161836199987, 21.075164960000052 ], [ -16.879496291999885, 21.071174248999966 ], [ -16.874103141999967, 21.068591449000166 ], [ -16.871169048999946, 21.063958786000114 ], [ -16.867108929999915, 21.060513043000185 ], [ -16.867318907999959, 21.053117565000093 ], [ -16.868155906999959, 21.04716198300008 ], [ -16.868847913999844, 21.04415719300016 ], [ -16.869732923999948, 21.040775429000121 ], [ -16.867978867999966, 21.037807645000044 ], [ -16.8665118159999, 21.034134909000102 ], [ -16.859560623999926, 21.031128145000025 ], [ -16.856369531999974, 21.028631332000089 ], [ -16.851104380999971, 21.024876614000107 ], [ -16.84664025099994, 21.021203889000049 ], [ -16.845293195999943, 21.015938266000035 ], [ -16.843997133999892, 21.008144821000144 ], [ -16.842427077999957, 21.004333096000153 ], [ -16.839115979999974, 21.000875352000037 ], [ -16.833941828999968, 20.996651667000037 ], [ -16.828053657999931, 20.991644041000143 ], [ -16.825154551999958, 20.983547624000039 ], [ -16.821137423999858, 20.977107093000143 ], [ -16.820152380999957, 20.972537420000151 ], [ -16.821718405999945, 20.968161724000083 ], [ -16.822064393999881, 20.962683111000047 ], [ -16.822707399999899, 20.959725319000086 ], [ -16.82246337499987, 20.954722674000152 ], [ -16.821377329999962, 20.950108004000072 ], [ -16.817596204999973, 20.942915526000036 ], [ -16.816155148999826, 20.937977881000165 ], [ -16.811615021999955, 20.935616063000111 ], [ -16.807274899999925, 20.933204248000152 ], [ -16.80266976899992, 20.930000490000111 ], [ -16.798661652999954, 20.926694738000151 ], [ -16.796571599999936, 20.927054719000182 ], [ -16.797396635999917, 20.931112429000166 ], [ -16.795506597999918, 20.934182218000046 ], [ -16.790766485999939, 20.937063029000115 ], [ -16.785900354999967, 20.935876129000178 ], [ -16.782929253999953, 20.929278606000082 ], [ -16.781814191999899, 20.920500232000109 ], [ -16.781179148999911, 20.913304744000186 ], [ -16.780141094999919, 20.905929271 ], [ -16.78014206499995, 20.89802183200004 ], [ -16.779202022999925, 20.893218176000175 ], [ -16.778007982999895, 20.890803351000102 ], [ -16.7729958299999, 20.884518813000057 ], [ -16.767526662999899, 20.877913299999989 ], [ -16.764644571999895, 20.873373631 ], [ -16.76416353299993, 20.866410127000108 ], [ -16.763663490999932, 20.85841669600012 ], [ -16.764917504999858, 20.853392049000149 ], [ -16.76458447999994, 20.848998362000145 ], [ -16.764085437999938, 20.841052928000181 ], [ -16.760403315999895, 20.833858451000083 ], [ -16.75184607999995, 20.830295733000185 ], [ -16.744244870999921, 20.827091985000095 ], [ -16.741030774999899, 20.823493251000059 ], [ -16.738427686999898, 20.817918656000074 ], [ -16.733083527999952, 20.81257505300016 ], [ -16.731246462999934, 20.80787839300001 ], [ -16.731864462999908, 20.803564698000059 ], [ -16.728412352999896, 20.797957108000105 ], [ -16.727465318999975, 20.795398293 ], [ -16.729547350999951, 20.789237724000031 ], [ -16.721586110999908, 20.780238390000079 ], [ -16.723416134999979, 20.773986828999966 ], [ -16.719079004999969, 20.769095191000076 ], [ -16.713114835999932, 20.765351477000138 ], [ -16.708998705999875, 20.758911949000037 ], [ -16.707066639999937, 20.754451271999983 ], [ -16.704443556999934, 20.750421568000036 ], [ -16.698737396999888, 20.747141820000081 ], [ -16.695735307999939, 20.744194039000149 ], [ -16.690380166999944, 20.743576101000031 ], [ -16.685645035999926, 20.741403270999967 ], [ -16.68170893599995, 20.741933246000031 ], [ -16.684635016999948, 20.743478126000184 ], [ -16.685933060999957, 20.746124934000136 ], [ -16.682678983999836, 20.748327787000051 ], [ -16.678859879999948, 20.747076889000141 ], [ -16.675028763999933, 20.742551223000135 ], [ -16.675277750999953, 20.7372136030001 ], [ -16.675730734999945, 20.729487152 ], [ -16.675895722999826, 20.724993471000062 ], [ -16.678003759999967, 20.720234802999983 ], [ -16.679108760999952, 20.712591345000135 ], [ -16.680142774999865, 20.709160586000053 ], [ -16.681190792999871, 20.706476774 ], [ -16.680907778999938, 20.70470390100013 ], [ -16.678832719999889, 20.703286009000067 ], [ -16.680731749999836, 20.698016378000091 ], [ -16.682576787999892, 20.695226571000092 ], [ -16.684987833999912, 20.690697886000123 ], [ -16.68820991299998, 20.68938497 ], [ -16.68933392699995, 20.685437247000152 ], [ -16.688402886999938, 20.681100560000061 ], [ -16.686427820999938, 20.676966861000039 ], [ -16.678754615999935, 20.675309004000098 ], [ -16.674610498999982, 20.672706203000132 ], [ -16.671865408999963, 20.667509583000026 ], [ -16.668360305999954, 20.664335820000076 ], [ -16.660357086999966, 20.661045081000054 ], [ -16.653330897999922, 20.659236233000115 ], [ -16.644731653999941, 20.653474670999969 ], [ -16.639962505999961, 20.646859159000087 ], [ -16.636062374999938, 20.638638758000184 ], [ -16.63168623599995, 20.631688269000051 ], [ -16.627956123999979, 20.627255597000101 ], [ -16.624476016999893, 20.622770929000126 ], [ -16.620232887999975, 20.617597312000044 ], [ -16.6129076819999, 20.613172651000127 ], [ -16.604620448999981, 20.608015046000162 ], [ -16.597762228999898, 20.596565886 ], [ -16.593933113999981, 20.592134215000044 ], [ -16.588250949999974, 20.587450568000065 ], [ -16.582153780999931, 20.584550795000041 ], [ -16.574803578999934, 20.581484038000042 ], [ -16.572177506999878, 20.580373126000154 ], [ -16.570322455999872, 20.57941320000009 ], [ -16.567941385999973, 20.577205366000044 ], [ -16.565793329999963, 20.577087381000126 ], [ -16.562509232999901, 20.573993613000141 ], [ -16.558784125999978, 20.571015837000118 ], [ -16.554501008999978, 20.56942496500011 ], [ -16.552713965999942, 20.57026991000015 ], [ -16.548530853999921, 20.569467981000116 ], [ -16.546497795999926, 20.568036090000078 ], [ -16.545820771999956, 20.566015236000169 ], [ -16.544720731999973, 20.562849466000102 ], [ -16.542838668999934, 20.559117739000158 ], [ -16.540893607999976, 20.555949972000121 ], [ -16.538545541999952, 20.554552080000121 ], [ -16.537217498999894, 20.552205252000078 ], [ -16.535447460999933, 20.554414099000155 ], [ -16.534842451999964, 20.556278968000186 ], [ -16.535871488999931, 20.559121761000085 ], [ -16.536843525999871, 20.562621508000063 ], [ -16.537496554999905, 20.565812277000191 ], [ -16.537549564999949, 20.568194107000068 ], [ -16.5358905249999, 20.569189041000129 ], [ -16.534710497999981, 20.570017986000096 ], [ -16.533442470999944, 20.571642873000144 ], [ -16.532042436999916, 20.572326829000076 ], [ -16.530793414999948, 20.575339618000044 ], [ -16.531022426999982, 20.577060494000136 ], [ -16.531317443999967, 20.579683305000174 ], [ -16.532018471999891, 20.582290117000014 ], [ -16.534049577999895, 20.597277039000176 ], [ -16.538724733999913, 20.606842341000061 ], [ -16.537744750999934, 20.618460514000049 ], [ -16.536916761999976, 20.627502871000104 ], [ -16.533715715999961, 20.637846143000047 ], [ -16.53237472099994, 20.648861361 ], [ -16.531365720999872, 20.656268835000105 ], [ -16.53236978599989, 20.667108059000043 ], [ -16.538940990999947, 20.676596361000122 ], [ -16.540501072999973, 20.687847553999973 ], [ -16.537049009999919, 20.695434024000122 ], [ -16.534119965999935, 20.704322400000137 ], [ -16.535169021999877, 20.71225983100004 ], [ -16.535490063999873, 20.721378181000091 ], [ -16.534243069999945, 20.7320644240001 ], [ -16.530234991999919, 20.739331919000051 ], [ -16.525831856999957, 20.733599341000172 ], [ -16.524350802999891, 20.729224658000135 ], [ -16.515018551999901, 20.726936850000016 ], [ -16.509447401999921, 20.72547897200019 ], [ -16.503282236999894, 20.724265078000144 ], [ -16.497911101999932, 20.725472009000043 ], [ -16.4915229369999, 20.72571201300002 ], [ -16.487733829999854, 20.72338419100015 ], [ -16.490340870999887, 20.715998708000086 ], [ -16.494270950999919, 20.709902130000103 ], [ -16.494271903999902, 20.69670807000017 ], [ -16.49450087699995, 20.687628717000109 ], [ -16.495441880999977, 20.6819061220001 ], [ -16.490938752999909, 20.678841355000088 ], [ -16.487365644999954, 20.674732659000142 ], [ -16.482667502999959, 20.669238066000162 ], [ -16.478589380999949, 20.664857391000169 ], [ -16.474831261999952, 20.658926826000027 ], [ -16.471051147999901, 20.65444815800015 ], [ -16.468739094999933, 20.656309033000014 ], [ -16.467560086999981, 20.662642584000139 ], [ -16.465052019999973, 20.662073633000034 ], [ -16.464371986999936, 20.657779941000058 ], [ -16.464500975999954, 20.654035208000096 ], [ -16.464513950999958, 20.646782726000083 ], [ -16.458445787999949, 20.645426842000177 ], [ -16.452593624999963, 20.642337081000051 ], [ -16.449132512999938, 20.636215528999969 ], [ -16.445844419999958, 20.633973699000137 ], [ -16.441966312999966, 20.632255833999977 ], [ -16.441459326999905, 20.639796298000022 ], [ -16.437687223999944, 20.638405408999972 ], [ -16.434620158999905, 20.642617118000032 ], [ -16.432096116999958, 20.64915965900019 ], [ -16.429764049999903, 20.647277801000087 ], [ -16.428955016999964, 20.644109030000038 ], [ -16.430762046999973, 20.639308366000023 ], [ -16.432984080999972, 20.632676833000119 ], [ -16.434528100999955, 20.627132224000093 ], [ -16.43505708299989, 20.618093867000027 ], [ -16.434428324999942, 20.616594561000113 ], [ -16.415133025999921, 20.610666969000135 ], [ -16.004500081999936, 20.511301051000089 ], [ -15.593595787999959, 20.677534073000118 ], [ -15.593029933999958, 20.677762992000112 ], [ -15.552246908999848, 20.698796212000104 ], [ -15.47300842899989, 20.739662242000065 ], [ -14.637113966999948, 21.170761990000187 ] ] ] } },
{ "type": "Feature", "properties": { "adm2_name": "Chami", "adm2_name1": null, "adm2_name2": null, "adm2_name3": null, "adm2_pcode": "MR082", "adm1_name": "Dakhlet Nouadhibou", "adm1_name1": null, "adm1_name2": null, "adm1_name3": null, "adm1_pcode": "MR08", "adm0_name": "Mauritanie", "adm0_name1": null, "adm0_name2": null, "adm0_name3": null, "adm0_pcode": "MR", "valid_on": "2024-03-27", "valid_to": null, "area_sqkm": 22669.854258790001, "version": "v03", "lang": "fr", "lang1": null, "lang2": null, "lang3": null, "adm2_ref": "None", "center_lat": 20.16793983, "center_lon": -15.89191438 }, "geometry": { "type": "MultiPolygon", "coordinates": [ [ [ [ -13.667561525999872, 21.337425843000062 ], [ -14.267244624999876, 21.335645869000075 ], [ -14.619158041999924, 21.335688812000171 ], [ -14.689549296999871, 21.335688595000022 ], [ -14.637113966999948, 21.170761990000187 ], [ -15.47300842899989, 20.739662242000065 ], [ -15.552246908999848, 20.698796212000104 ], [ -15.593029933999958, 20.677762992000112 ], [ -15.593595787999959, 20.677534073000118 ], [ -16.004500081999936, 20.511301051000089 ], [ -16.415133025999921, 20.610666969000135 ], [ -16.434428324999942, 20.616594561000113 ], [ -16.433069013999898, 20.61335321200005 ], [ -16.431489947999978, 20.606406713000069 ], [ -16.430453904999979, 20.601791046000187 ], [ -16.428215828999896, 20.596959398000081 ], [ -16.427555790999918, 20.591121818000033 ], [ -16.424474694999958, 20.586631148000095 ], [ -16.420396572999948, 20.582203478000054 ], [ -16.417541488999973, 20.579468682000083 ], [ -16.416318451999871, 20.577906798000186 ], [ -16.414538397999934, 20.575824952000062 ], [ -16.410109272999932, 20.573097161000021 ], [ -16.406921178999937, 20.569950395999967 ], [ -16.402082044999929, 20.567454590000068 ], [ -16.398630942999944, 20.564088842000103 ], [ -16.396698879999974, 20.560360114000162 ], [ -16.394263799999919, 20.555769450000128 ], [ -16.392885745999934, 20.550607824000053 ], [ -16.389313631999983, 20.544584266000129 ], [ -16.386804553999923, 20.541166518000125 ], [ -16.385799518999931, 20.538696698000081 ], [ -16.384113459999924, 20.534159028000147 ], [ -16.382974413999932, 20.529592359000048 ], [ -16.380597341999874, 20.526682574000063 ], [ -16.379092290999949, 20.523397814000077 ], [ -16.378192253999941, 20.519473098000049 ], [ -16.378194239999914, 20.515638372000012 ], [ -16.378354230999946, 20.511936637000076 ], [ -16.379177234999872, 20.506935992000138 ], [ -16.37949223499993, 20.504862140000114 ], [ -16.378110183999979, 20.500401464000163 ], [ -16.376532118999876, 20.493660951000152 ], [ -16.375419055999885, 20.48409064000009 ], [ -16.373633992999885, 20.479558971000074 ], [ -16.372546948999911, 20.475035298000137 ], [ -16.370554880999975, 20.470374639000056 ], [ -16.366675752999981, 20.462684202000162 ], [ -16.363499648999891, 20.456638645000055 ], [ -16.36188659499993, 20.45321889600018 ], [ -16.35962552399991, 20.449788149000085 ], [ -16.357398447999913, 20.444579529000066 ], [ -16.353358320999973, 20.438252996000188 ], [ -16.352321277999977, 20.433727323000085 ], [ -16.352542270999948, 20.430208575000108 ], [ -16.353990297999928, 20.427184788000091 ], [ -16.355492334999951, 20.426542829000027 ], [ -16.357217370999876, 20.423971008000137 ], [ -16.359466431999977, 20.42487793600003 ], [ -16.36137448299985, 20.425147911000067 ], [ -16.362234502999968, 20.424586948000126 ], [ -16.36102346499996, 20.422783081000148 ], [ -16.358616395999888, 20.420949220000011 ], [ -16.356040324999924, 20.419593326000097 ], [ -16.353523254999914, 20.418374421000067 ], [ -16.351857204999931, 20.416453564000051 ], [ -16.350326149999887, 20.41200188900001 ], [ -16.347053045999871, 20.406756275000134 ], [ -16.342922930999919, 20.404455453000025 ], [ -16.339893849999953, 20.403778511000155 ], [ -16.332419632999972, 20.397450989000106 ], [ -16.329454538999869, 20.392375363000042 ], [ -16.328922514999874, 20.389505571000086 ], [ -16.326811444999919, 20.385318878000191 ], [ -16.326119413999947, 20.381523153000103 ], [ -16.324225345999935, 20.376061551000078 ], [ -16.322468274999949, 20.368864073 ], [ -16.319224173999942, 20.364083427000082 ], [ -16.317119114999912, 20.363075506000087 ], [ -16.315302069999973, 20.363454484000158 ], [ -16.31423304599997, 20.364635403000079 ], [ -16.313196010999945, 20.362446563000162 ], [ -16.313077998999972, 20.359835751000162 ], [ -16.312482958999908, 20.352901252000038 ], [ -16.312293949999912, 20.351509352000164 ], [ -16.310920903999829, 20.348731556000189 ], [ -16.310571886999981, 20.346412724000174 ], [ -16.309513847999938, 20.343103965000068 ], [ -16.30942783799992, 20.341004116000136 ], [ -16.306694756999832, 20.337973343000101 ], [ -16.303701672999978, 20.336312472000088 ], [ -16.299705560999939, 20.333770667000181 ], [ -16.298381527999879, 20.33407664900011 ], [ -16.297864517999926, 20.335320561000174 ], [ -16.295685456999934, 20.333942667000031 ], [ -16.294052409999892, 20.332534773000077 ], [ -16.293215388999897, 20.332673766000084 ], [ -16.290233310999895, 20.332741770000041 ], [ -16.287311224999883, 20.329861985999969 ], [ -16.284872150999888, 20.326768217000051 ], [ -16.282396071999926, 20.322320544000036 ], [ -16.280530013999964, 20.319616744000143 ], [ -16.279642977999856, 20.315877016000172 ], [ -16.27790891899997, 20.312137291000113 ], [ -16.276725878999969, 20.309209505000126 ], [ -16.275673842999879, 20.306788682000104 ], [ -16.274441802999831, 20.304657839000129 ], [ -16.274028783999938, 20.302109024000174 ], [ -16.273721766999927, 20.299648202000128 ], [ -16.272853734999956, 20.29698339700019 ], [ -16.270566664999933, 20.293928624000102 ], [ -16.268728606999957, 20.290894848000107 ], [ -16.267271559999926, 20.288356035000106 ], [ -16.265588522999963, 20.290036919000102 ], [ -16.263949482999976, 20.290873864000162 ], [ -16.261138410999934, 20.291260845000068 ], [ -16.258790352999938, 20.291901806000112 ], [ -16.254633245999969, 20.292267793000121 ], [ -16.251734172999932, 20.292845760000034 ], [ -16.247935072999894, 20.292584791000024 ], [ -16.243350953999879, 20.292505811000069 ], [ -16.239168842999959, 20.29170388100016 ], [ -16.235585743999877, 20.290169003000187 ], [ -16.232798658999968, 20.286299289999988 ], [ -16.230187578999903, 20.282840547000092 ], [ -16.227508495999928, 20.279105824000055 ], [ -16.225255423999954, 20.27502012500014 ], [ -16.223232363999955, 20.272979279000026 ], [ -16.222256328999947, 20.270180483000104 ], [ -16.221382296999934, 20.26742268400011 ], [ -16.220341258999952, 20.264392906000069 ], [ -16.219598223999924, 20.259804239000061 ], [ -16.219595217999938, 20.258215353000082 ], [ -16.219030199999906, 20.257170430000031 ], [ -16.216673126999922, 20.253791681000166 ], [ -16.214559062999967, 20.25110088100007 ], [ -16.213276018999977, 20.248179096 ], [ -16.212793993999981, 20.24455835800012 ], [ -16.210812929999918, 20.240831633000028 ], [ -16.208181856999829, 20.239384745000052 ], [ -16.205951796999955, 20.238757797000062 ], [ -16.204185738999968, 20.235300052000014 ], [ -16.203045698999915, 20.232276273000025 ], [ -16.201274645999945, 20.230268422999984 ], [ -16.199475590999953, 20.227841604000048 ], [ -16.199215569999922, 20.223787897000079 ], [ -16.199024556999916, 20.221601055000178 ], [ -16.19862952099993, 20.213908610999965 ], [ -16.20074656099996, 20.209678910000036 ], [ -16.202972582999905, 20.19941264300013 ], [ -16.205964628999936, 20.190227297000092 ], [ -16.208288674999949, 20.186126585000068 ], [ -16.211574735999875, 20.179169077000097 ], [ -16.214609811999935, 20.178397124000128 ], [ -16.218200897999964, 20.17619127200004 ], [ -16.222004994999963, 20.175751292000029 ], [ -16.225161064999952, 20.172213538000051 ], [ -16.228226145999884, 20.172655496000061 ], [ -16.229769185999942, 20.172665491000089 ], [ -16.23096920699993, 20.169654704000095 ], [ -16.232142224999905, 20.166224947999979 ], [ -16.233620248999955, 20.162124239999969 ], [ -16.230372163999903, 20.161926264000101 ], [ -16.22932112899997, 20.159505442000182 ], [ -16.230612153999971, 20.15714460900017 ], [ -16.23280819799993, 20.153377874000171 ], [ -16.235809265999933, 20.150504072000047 ], [ -16.239371340999924, 20.145541420000143 ], [ -16.245404484999881, 20.141847668000082 ], [ -16.249433575999831, 20.137935938000055 ], [ -16.253783675999955, 20.134380182000029 ], [ -16.256781746999934, 20.132254326000179 ], [ -16.260967852999897, 20.131559364000054 ], [ -16.264497949999964, 20.133051245000104 ], [ -16.266660006999871, 20.133401213000127 ], [ -16.269764085999952, 20.132906239000022 ], [ -16.271949130999928, 20.12974846100002 ], [ -16.272563131999902, 20.125366775000032 ], [ -16.269884059999924, 20.124717831000169 ], [ -16.265552939999964, 20.122381013000108 ], [ -16.262445841999977, 20.117406382000183 ], [ -16.26153480499994, 20.113294682000117 ], [ -16.259718742999951, 20.109044995000147 ], [ -16.259239712999943, 20.103928366 ], [ -16.258931687999848, 20.099129714000128 ], [ -16.256899622999924, 20.095405990000074 ], [ -16.254083529999889, 20.089527424000039 ], [ -16.25105145099991, 20.089598428000045 ], [ -16.246374334999928, 20.091161329000158 ], [ -16.244323262999956, 20.085568740000042 ], [ -16.244499257999962, 20.08289393299998 ], [ -16.244665249999912, 20.079285194000079 ], [ -16.244810239999936, 20.075350478000132 ], [ -16.245468236999898, 20.069329912000114 ], [ -16.243389161999914, 20.06331835300017 ], [ -16.241027091999968, 20.060640554000031 ], [ -16.238536021999948, 20.059046677000026 ], [ -16.23515093899988, 20.060585576000108 ], [ -16.232310862999896, 20.059757645000047 ], [ -16.231267827999943, 20.057476813000164 ], [ -16.231008809999935, 20.054218050000088 ], [ -16.232668840999963, 20.050621305000163 ], [ -16.234416870999894, 20.046085628000128 ], [ -16.236504916999934, 20.04372779300013 ], [ -16.237612932999923, 20.04006805400013 ], [ -16.238039926999932, 20.035088414000029 ], [ -16.237760909999906, 20.032298617000038 ], [ -16.236938878999922, 20.029584816000124 ], [ -16.236607860999982, 20.026751022000155 ], [ -16.236939857999914, 20.023413263000123 ], [ -16.236766843999931, 20.020710459000099 ], [ -16.238309854999954, 20.012211071000138 ], [ -16.238427848999947, 20.009400274000029 ], [ -16.237949561999812, 20.006358028000022 ], [ -16.237669812999911, 20.004578626000011 ], [ -16.235857753999937, 20.001170878000153 ], [ -16.233403678999935, 19.997844127000178 ], [ -16.231375618999891, 19.995709288000171 ], [ -16.230492585999912, 19.99281250100006 ], [ -16.230488572999946, 19.988884786000028 ], [ -16.232638620999921, 19.986710937000055 ], [ -16.234119639999903, 19.981114338000168 ], [ -16.235117655999886, 19.978067556000099 ], [ -16.235652657999935, 19.97476579400012 ], [ -16.238346712999885, 19.970225115000062 ], [ -16.242588804999968, 19.964992482000071 ], [ -16.246087879999948, 19.960594790000187 ], [ -16.254636076999873, 19.953445283000065 ], [ -16.263925292999943, 19.946208780000063 ], [ -16.270902452999906, 19.940173197000092 ], [ -16.278318626999976, 19.934767567000108 ], [ -16.283128731999966, 19.929082965000134 ], [ -16.286987822999947, 19.926396148000151 ], [ -16.292791958999942, 19.922247432000063 ], [ -16.299723122999978, 19.917803734000131 ], [ -16.30453023299998, 19.913616023000088 ], [ -16.307867305999935, 19.909788291000098 ], [ -16.312285403999908, 19.904966628000068 ], [ -16.318369540999981, 19.898979045000146 ], [ -16.320479572999943, 19.892319522000093 ], [ -16.318968511999913, 19.885855997000021 ], [ -16.31734745499989, 19.881549315000029 ], [ -16.314212352999959, 19.875360775000104 ], [ -16.309503223999968, 19.873324937000064 ], [ -16.305065108999884, 19.873191959999986 ], [ -16.300834, 19.873187973000142 ], [ -16.298542955999892, 19.877800645000036 ], [ -16.295942898999897, 19.88069944200015 ], [ -16.293918859999962, 19.884830148000162 ], [ -16.291946820999954, 19.888209908000022 ], [ -16.289799782999921, 19.893516529000067 ], [ -16.288920771999926, 19.896883287000094 ], [ -16.286428717999968, 19.89991707400003 ], [ -16.281710601999976, 19.901622964000126 ], [ -16.278507501999968, 19.896700331999966 ], [ -16.275810423999928, 19.894228520000127 ], [ -16.273354361999907, 19.89473549000013 ], [ -16.268363239999928, 19.896829353000101 ], [ -16.265492157999972, 19.894741514000089 ], [ -16.26386910399998, 19.891182777999973 ], [ -16.261157024999932, 19.888477981999984 ], [ -16.257577921999939, 19.885446214000183 ], [ -16.256548879999968, 19.881060536 ], [ -16.256418861999919, 19.876718852000124 ], [ -16.25962093499993, 19.87388104900009 ], [ -16.26238098999994, 19.868821408000031 ], [ -16.263595008999971, 19.865249664000089 ], [ -16.266899079999973, 19.860908970000139 ], [ -16.268814114999941, 19.856644274000075 ], [ -16.269661120999956, 19.852016609000032 ], [ -16.268430070999955, 19.846799992000172 ], [ -16.265562987999886, 19.844010204000085 ], [ -16.263104927999905, 19.845265120000022 ], [ -16.260194861999935, 19.847994930000084 ], [ -16.25787681099996, 19.850644744000135 ], [ -16.256057754999972, 19.847891950000133 ], [ -16.254032694999978, 19.845804108000038 ], [ -16.25285865799998, 19.843811257000084 ], [ -16.255178695999916, 19.837326722000057 ], [ -16.256471705999957, 19.830337227000086 ], [ -16.258188730999905, 19.824539643000151 ], [ -16.258138715999962, 19.820661926000014 ], [ -16.260898770999972, 19.815603286000169 ], [ -16.261149766999949, 19.812550508000186 ], [ -16.262447787999974, 19.808739781000099 ], [ -16.264039815999979, 19.804866059000062 ], [ -16.26671388099993, 19.803880122000066 ], [ -16.268932942999925, 19.805115026000124 ], [ -16.268436911999913, 19.799718419999977 ], [ -16.26819289499997, 19.79669264100005 ], [ -16.2706319589999, 19.796700633000171 ], [ -16.272167005999904, 19.79890846800015 ], [ -16.27311203499994, 19.800447352999981 ], [ -16.274686077999945, 19.800922314000161 ], [ -16.277274133999981, 19.797836530999973 ], [ -16.27676510699996, 19.793796826000118 ], [ -16.276145081999971, 19.791119023000192 ], [ -16.273658009999906, 19.788822198000105 ], [ -16.269382896999957, 19.788119263000112 ], [ -16.265368788999979, 19.786841368000182 ], [ -16.262617716999898, 19.786616393000145 ], [ -16.25904561699997, 19.784472560000097 ], [ -16.258889604999979, 19.782049737000136 ], [ -16.260519633999934, 19.777987028000155 ], [ -16.265404739999951, 19.771924455000089 ], [ -16.269979833999969, 19.764896954000108 ], [ -16.274013919999959, 19.759535332000041 ], [ -16.275616946999889, 19.755053654000108 ], [ -16.278715008999882, 19.749836026000082 ], [ -16.282066085999872, 19.746989223000185 ], [ -16.281356048999953, 19.74137063500018 ], [ -16.278551964999906, 19.738016888000061 ], [ -16.276191891999929, 19.734591146000128 ], [ -16.274193834999892, 19.73292327300004 ], [ -16.275788863999821, 19.72909654800003 ], [ -16.278813922999916, 19.723508947000028 ], [ -16.281574979999903, 19.719244249000099 ], [ -16.285981081999978, 19.71577948900017 ], [ -16.290488186999937, 19.712355725 ], [ -16.293255249999902, 19.709727909000037 ], [ -16.2988553859999, 19.707039088000045 ], [ -16.301961461999952, 19.705796170000042 ], [ -16.3064135649999, 19.702281413000094 ], [ -16.308477608999908, 19.699551606000114 ], [ -16.308653604999904, 19.69687680100003 ], [ -16.306465547999949, 19.696901806000085 ], [ -16.304457489999891, 19.695093944000064 ], [ -16.307037550999951, 19.69341105899997 ], [ -16.310756640999898, 19.691666175000023 ], [ -16.314060722999898, 19.690412257000048 ], [ -16.316487784999936, 19.690233263000152 ], [ -16.318735840999921, 19.689597301999981 ], [ -16.317656823999982, 19.692929062000189 ], [ -16.314764753999896, 19.694394964000139 ], [ -16.312287695999942, 19.696118845000058 ], [ -16.312581708999915, 19.697598735999975 ], [ -16.310670675999972, 19.702705369 ], [ -16.309750666999889, 19.706963061000067 ], [ -16.306527591999952, 19.709474887000056 ], [ -16.301905482999871, 19.712671668000155 ], [ -16.298821413999974, 19.715784450000115 ], [ -16.295210334999979, 19.720001153000055 ], [ -16.290229215999943, 19.723029946999986 ], [ -16.286006114999907, 19.725455782999973 ], [ -16.28306604699992, 19.72771962600018 ], [ -16.283971083999916, 19.731738330000155 ], [ -16.286736164999922, 19.734487121000086 ], [ -16.291519296999979, 19.736891931000116 ], [ -16.295339396999964, 19.737479877000112 ], [ -16.300205522999875, 19.737308875000167 ], [ -16.305843663999951, 19.735974955000131 ], [ -16.310100769999906, 19.73485602400018 ], [ -16.314358875999972, 19.733736092000072 ], [ -16.317468949999977, 19.731791225000165 ], [ -16.322088058999896, 19.72854844799997 ], [ -16.327099179999948, 19.725985620000017 ], [ -16.329311232999885, 19.724789700000031 ], [ -16.334895358999916, 19.719531067000048 ], [ -16.336943398999892, 19.715773335000165 ], [ -16.339513454999917, 19.712407573000064 ], [ -16.342957522999939, 19.706377003000057 ], [ -16.346304591999967, 19.701146375000178 ], [ -16.347368606999964, 19.697581631999981 ], [ -16.352306719999888, 19.693105944000081 ], [ -16.35661080899996, 19.686514413000111 ], [ -16.357198810999932, 19.682507704000159 ], [ -16.359237849999886, 19.678609983000115 ], [ -16.362419913999929, 19.673154372 ], [ -16.364979957999935, 19.666516849000175 ], [ -16.369555059999982, 19.661827178000181 ], [ -16.378191237999943, 19.648314139999968 ], [ -16.382449324999982, 19.641771606000077 ], [ -16.385200378999969, 19.636572978000174 ], [ -16.391090518999931, 19.632981223000115 ], [ -16.392011527999898, 19.628723532000151 ], [ -16.392372524999928, 19.625056799000049 ], [ -16.394262560999891, 19.621167078000042 ], [ -16.397032618999958, 19.617042371000082 ], [ -16.39719460799995, 19.612592697000139 ], [ -16.400121672999944, 19.609347925000066 ], [ -16.40165170399996, 19.606834105000075 ], [ -16.405140780999886, 19.60304437200017 ], [ -16.407448822999982, 19.597916740000073 ], [ -16.410568889999979, 19.593820031000121 ], [ -16.411582901999907, 19.589463347000105 ], [ -16.413466936999953, 19.585480633000088 ], [ -16.415994987999852, 19.581462920000092 ], [ -16.416312984999934, 19.577893180000103 ], [ -16.415508947999967, 19.573120532000132 ], [ -16.413560899999879, 19.573787489000154 ], [ -16.411146840999891, 19.574947412000085 ], [ -16.406919745999915, 19.578870137000024 ], [ -16.404135683999868, 19.582012915 ], [ -16.401491625999938, 19.585008704000188 ], [ -16.39955858999997, 19.588994418000084 ], [ -16.398427573999982, 19.593076122000127 ], [ -16.397912574999907, 19.59745180300007 ], [ -16.396318554999937, 19.603616356000032 ], [ -16.394524508999893, 19.603573365000102 ], [ -16.394296495999981, 19.601575512000124 ], [ -16.39477749699995, 19.598229756000023 ], [ -16.392982460999974, 19.601272538000103 ], [ -16.389253374999953, 19.604420319000042 ], [ -16.385826299999906, 19.608394038000085 ], [ -16.382519223999907, 19.611144847000048 ], [ -16.379572157999974, 19.614062642000022 ], [ -16.378068123999981, 19.615453545000037 ], [ -16.375754072999882, 19.618150355000068 ], [ -16.371657978999906, 19.621786101000168 ], [ -16.369101925999928, 19.625383845000158 ], [ -16.366708868999979, 19.626869744000089 ], [ -16.36380380099996, 19.628897603999974 ], [ -16.360539729999971, 19.633095307000133 ], [ -16.359304706999922, 19.635547131000123 ], [ -16.357644680999954, 19.640686760000051 ], [ -16.356692666999891, 19.643683544000169 ], [ -16.355797656999982, 19.647565263000104 ], [ -16.354182623999975, 19.650318066000068 ], [ -16.35107054499997, 19.650674050000191 ], [ -16.349122491999879, 19.649798120000185 ], [ -16.348497468999938, 19.647821266000051 ], [ -16.349204476999887, 19.644884479000154 ], [ -16.351004515999875, 19.642682634000153 ], [ -16.352710542999944, 19.637494009000079 ], [ -16.352639531999898, 19.634833204000131 ], [ -16.35346454199987, 19.631422451000105 ], [ -16.355667586999971, 19.627749713000128 ], [ -16.357657632999974, 19.626191821000191 ], [ -16.360660700999915, 19.623364019000178 ], [ -16.363855778999891, 19.621975110999983 ], [ -16.367563867999934, 19.62004424100013 ], [ -16.370381933999965, 19.618208367000079 ], [ -16.372631987999966, 19.616823461000081 ], [ -16.373374998999964, 19.614445633000173 ], [ -16.374832026999911, 19.611561840000036 ], [ -16.37686407599989, 19.610656900000095 ], [ -16.379305131999899, 19.608373060000133 ], [ -16.381813181999973, 19.604029370000092 ], [ -16.383866227999931, 19.601907519000122 ], [ -16.385509254999874, 19.597283853000022 ], [ -16.387723304999838, 19.595339988000035 ], [ -16.389509340999894, 19.592157216000146 ], [ -16.391908392999881, 19.589222424000127 ], [ -16.39332341699992, 19.585685679000164 ], [ -16.395038441999873, 19.5798421020001 ], [ -16.39710348899996, 19.577906237000036 ], [ -16.398083518999954, 19.579209139000056 ], [ -16.396950499999889, 19.582496901000127 ], [ -16.395258466999962, 19.585580681000181 ], [ -16.393516434999981, 19.589462401 ], [ -16.391477392999946, 19.592565180000122 ], [ -16.389871360999905, 19.595456973000012 ], [ -16.38812332599997, 19.598450759000116 ], [ -16.387347311999974, 19.600316625000119 ], [ -16.386141290999944, 19.603233415000091 ], [ -16.387895331999971, 19.601876509000078 ], [ -16.389509368999825, 19.600666593000142 ], [ -16.391019398999958, 19.597825796 ], [ -16.393352450999942, 19.595408966000036 ], [ -16.395178486999953, 19.592083204000062 ], [ -16.39690351999991, 19.588717446000089 ], [ -16.398621552999884, 19.585257694000177 ], [ -16.400021575999972, 19.581487966 ], [ -16.400256573999968, 19.578951151000183 ], [ -16.400438569999949, 19.576369340000156 ], [ -16.399863547999871, 19.574390486000027 ], [ -16.400293550999947, 19.571795675000033 ], [ -16.401239559999965, 19.56716201200004 ], [ -16.403980619999913, 19.564115227000116 ], [ -16.405139634999955, 19.55970354700014 ], [ -16.402574572999924, 19.560825472000147 ], [ -16.40160555999995, 19.564337218000105 ], [ -16.400296532999903, 19.566419069000119 ], [ -16.398705501999814, 19.569543845000055 ], [ -16.39651345599998, 19.572608627000136 ], [ -16.394309400999873, 19.573148594000145 ], [ -16.396110431999944, 19.568655918000047 ], [ -16.397442457999944, 19.566153097000154 ], [ -16.398969483999963, 19.562049394000155 ], [ -16.400842525999963, 19.56021752200013 ], [ -16.402762568999947, 19.558336654000072 ], [ -16.405275624999945, 19.555628845000115 ], [ -16.40727966399993, 19.551967108000099 ], [ -16.409565715999975, 19.549599274000116 ], [ -16.410546718999967, 19.543186742000159 ], [ -16.415675827999905, 19.536270233000153 ], [ -16.419099913999958, 19.535336291000135 ], [ -16.423761014999968, 19.529659694000031 ], [ -16.427079078999896, 19.523215157000152 ], [ -16.425812026999949, 19.517439584000044 ], [ -16.427570046999961, 19.509957128000167 ], [ -16.431778128999952, 19.501873709000051 ], [ -16.436655233999886, 19.495672149000143 ], [ -16.441804336999951, 19.486742789000118 ], [ -16.44588042099997, 19.480491236000034 ], [ -16.450791525999875, 19.474052694000022 ], [ -16.455570625999883, 19.46710819000009 ], [ -16.458822684999973, 19.459637729000065 ], [ -16.462555764999934, 19.454994059000057 ], [ -16.466109834999884, 19.44834953700007 ], [ -16.470969930999956, 19.439576166999984 ], [ -16.474287994999941, 19.433131631000037 ], [ -16.47593301899991, 19.427759021000099 ], [ -16.475995995999881, 19.42022857500001 ], [ -16.471997883999904, 19.417639777000034 ], [ -16.468258784999875, 19.416767852000135 ], [ -16.462474631999953, 19.415818940000122 ], [ -16.456676476999917, 19.413889099000073 ], [ -16.450628321999886, 19.414264088999971 ], [ -16.446779231999926, 19.417090893000136 ], [ -16.443398162999927, 19.422557500999972 ], [ -16.441423122999936, 19.42589126200005 ], [ -16.438508054999886, 19.427779132000126 ], [ -16.433987935999937, 19.427136193000081 ], [ -16.430744859999891, 19.429322042000024 ], [ -16.428248804999953, 19.432309830000179 ], [ -16.423550687999978, 19.433545753000033 ], [ -16.419079580999892, 19.435986587000173 ], [ -16.415268493999974, 19.439419346000079 ], [ -16.411144400999945, 19.443383067000013 ], [ -16.407672321999939, 19.446656837000035 ], [ -16.406306298999937, 19.450190581000186 ], [ -16.405628289999981, 19.452799391000042 ], [ -16.408781374999933, 19.453843305000078 ], [ -16.413059474999955, 19.450712522000117 ], [ -16.415127521999921, 19.448823655000069 ], [ -16.416921572999968, 19.450409533000027 ], [ -16.416898578999906, 19.452374389000056 ], [ -16.418499630999975, 19.455607146000091 ], [ -16.419451673999959, 19.461119739000139 ], [ -16.418038651999836, 19.465450425000142 ], [ -16.415571602999876, 19.469652123000174 ], [ -16.412523543999953, 19.475661691000028 ], [ -16.409090468999921, 19.479541416000131 ], [ -16.408996486999968, 19.485810956000023 ], [ -16.408511490999899, 19.490653602000123 ], [ -16.406579451999903, 19.493890370000031 ], [ -16.403160369999966, 19.495665250000172 ], [ -16.402164335999828, 19.493335424000122 ], [ -16.400656303999938, 19.495427275000111 ], [ -16.39753623699994, 19.499523984000064 ], [ -16.39433017399989, 19.505401562000031 ], [ -16.390204088999951, 19.511657116000151 ], [ -16.386431006999942, 19.516443776000074 ], [ -16.38221291699989, 19.522049376999973 ], [ -16.377737819999879, 19.527527989000134 ], [ -16.372387695999976, 19.531792692000124 ], [ -16.363606480999977, 19.535307461000059 ], [ -16.360660412999891, 19.537478309999983 ], [ -16.357933326999955, 19.532997647000059 ], [ -16.360338379999916, 19.530154848000166 ], [ -16.363702454999896, 19.526747088000093 ], [ -16.368108551999967, 19.521738442000128 ], [ -16.371498621999876, 19.516411823000169 ], [ -16.374607682999908, 19.510586241000112 ], [ -16.377485743999898, 19.50659652500002 ], [ -16.379726782999967, 19.501191915000163 ], [ -16.382591840999964, 19.496220271000027 ], [ -16.386828934999926, 19.491689591000124 ], [ -16.389184980999971, 19.487306906000128 ], [ -16.389666981999881, 19.483961150000084 ], [ -16.390670997999905, 19.481008364 ], [ -16.394345076999969, 19.476226704000169 ], [ -16.398047165999969, 19.474202842000011 ], [ -16.401806243999943, 19.468435254000099 ], [ -16.403565276999927, 19.464833513000087 ], [ -16.40370626999993, 19.461599751000051 ], [ -16.400422187999936, 19.462385703000052 ], [ -16.398131133999982, 19.463912597000103 ], [ -16.395279079999966, 19.469864169000118 ], [ -16.393052030999911, 19.472369991000164 ], [ -16.389864958999908, 19.475441775000149 ], [ -16.386772891999954, 19.479209508000054 ], [ -16.383479818999888, 19.482941244000074 ], [ -16.380388749999952, 19.485961031000102 ], [ -16.378732708999962, 19.486517995000156 ], [ -16.378463695999926, 19.484662132000153 ], [ -16.376529645999938, 19.484767131000069 ], [ -16.373765583999955, 19.487441942000146 ], [ -16.371055524999974, 19.49095569300016 ], [ -16.367884461999893, 19.496597288000032 ], [ -16.364972408999904, 19.503160815000172 ], [ -16.361036325999919, 19.508517434000055 ], [ -16.356777226999952, 19.511927196000102 ], [ -16.351919112999894, 19.515323962000139 ], [ -16.348352029999887, 19.517901783000184 ], [ -16.344908944999929, 19.519303691000175 ], [ -16.341364855999871, 19.519916656000191 ], [ -16.340886849999947, 19.521766522000121 ], [ -16.337028753999959, 19.522910450000097 ], [ -16.336013728999887, 19.52338641800003 ], [ -16.333276668999929, 19.526480199000105 ], [ -16.332284653999977, 19.529619972000148 ], [ -16.328754575999938, 19.533551693999982 ], [ -16.322472417999904, 19.534920613000054 ], [ -16.315747248999912, 19.536361527000054 ], [ -16.310647118999896, 19.536778512000183 ], [ -16.306438011999887, 19.537100501000111 ], [ -16.305058989999907, 19.541195205000122 ], [ -16.300648883999884, 19.543819026000051 ], [ -16.294110721999914, 19.545856896000089 ], [ -16.292142667999883, 19.54465499000014 ], [ -16.290929619999872, 19.539718355000161 ], [ -16.290157585999964, 19.535458670000025 ], [ -16.290442573999883, 19.529833081999982 ], [ -16.291287582999928, 19.525953364000145 ], [ -16.292683603999876, 19.521342698000069 ], [ -16.293430622999949, 19.521348695000086 ], [ -16.299625773999878, 19.518627876000153 ], [ -16.29937375999998, 19.516257050999968 ], [ -16.303331847999914, 19.512021350000111 ], [ -16.307783940999968, 19.505421821000027 ], [ -16.311459013999922, 19.499097274000121 ], [ -16.314471082999944, 19.496409462000145 ], [ -16.316282122999951, 19.494394604000036 ], [ -16.317066129999887, 19.49033090000006 ], [ -16.318643156999883, 19.486225197000067 ], [ -16.318516144999876, 19.483473399000104 ], [ -16.320816188999913, 19.479000721000091 ], [ -16.323244240999941, 19.475735953000139 ], [ -16.326415311999938, 19.472431187000097 ], [ -16.329743383999983, 19.468464468000036 ], [ -16.333898474999955, 19.463422826000169 ], [ -16.33723554799991, 19.45959509700009 ], [ -16.341577650999909, 19.45669429700007 ], [ -16.345032727999978, 19.453140548000079 ], [ -16.347871790999932, 19.450087764000102 ], [ -16.351157860999876, 19.445468093000045 ], [ -16.355278945999885, 19.439120548000062 ], [ -16.360640064999927, 19.433498945000053 ], [ -16.366064186999893, 19.428062328000067 ], [ -16.373038346999977, 19.421979755000166 ], [ -16.378027462999967, 19.418296011000166 ], [ -16.385946651999916, 19.413752321000118 ], [ -16.39234380299996, 19.409524613000087 ], [ -16.404582082999923, 19.39862137800003 ], [ -16.416170362999878, 19.393083751000063 ], [ -16.424642573999904, 19.390940883000042 ], [ -16.435592840999902, 19.386326190000034 ], [ -16.444805068999926, 19.383302385000093 ], [ -16.45347927499995, 19.378109742000049 ], [ -16.462386498999933, 19.376550830000042 ], [ -16.469279672999903, 19.375381895000032 ], [ -16.476881873999901, 19.376745772000163 ], [ -16.486495131999959, 19.379964506000022 ], [ -16.492376298999943, 19.384742136999989 ], [ -16.500752531999922, 19.389617752000106 ], [ -16.505071649999877, 19.391767581000067 ], [ -16.513113853999982, 19.390676637000013 ], [ -16.522047087999965, 19.39182852600004 ], [ -16.533827389999885, 19.39161050600012 ], [ -16.542601611999885, 19.390292577000082 ], [ -16.544756665999955, 19.389754610000068 ], [ -16.550227795999831, 19.386605825 ], [ -16.551177799999891, 19.380476274000102 ], [ -16.544876617999932, 19.37460072500005 ], [ -16.538452441999937, 19.371441977000188 ], [ -16.534613331999935, 19.36823722500003 ], [ -16.53305927599996, 19.363412585000162 ], [ -16.529433167999855, 19.358887929000105 ], [ -16.524248020999892, 19.354867241000136 ], [ -16.519348877999903, 19.349896622000188 ], [ -16.513994715999956, 19.342473185000131 ], [ -16.507826522999949, 19.33247494 ], [ -16.506003453999881, 19.325794438000059 ], [ -16.502077309999947, 19.312729413000056 ], [ -16.493518027999983, 19.294165808000059 ], [ -16.485740795999959, 19.284675531000062 ], [ -16.479160584999875, 19.272128477000024 ], [ -16.475599455999941, 19.260867319000113 ], [ -16.468931265999856, 19.255478737000146 ], [ -16.460963037999932, 19.24843028100014 ], [ -16.449716727999942, 19.242260770000087 ], [ -16.43817141299985, 19.236856203000116 ], [ -16.428313148999962, 19.233697465999967 ], [ -16.410018652999895, 19.226274069000112 ], [ -16.392044153999962, 19.215326931000106 ], [ -16.374887681999894, 19.206252652000103 ], [ -16.371080572999915, 19.20276592100015 ], [ -16.363019359999953, 19.201239058000056 ], [ -16.350992020999911, 19.192213761000119 ], [ -16.344912838999903, 19.184362359000147 ], [ -16.338953659999959, 19.176830934 ], [ -16.32933638399993, 19.168141605000073 ], [ -16.322090165999896, 19.158389347000139 ], [ -16.314917957999967, 19.151344890000189 ], [ -16.309294782999928, 19.142065593000098 ], [ -16.30752871899989, 19.136270026999966 ], [ -16.298200444999907, 19.125882823000154 ], [ -16.291820254999948, 19.118000425000048 ], [ -16.284457031999978, 19.107974189 ], [ -16.280432911999924, 19.102675594000118 ], [ -16.277370823999945, 19.099942805000012 ], [ -16.275954768999952, 19.094175236000069 ], [ -16.270645617999946, 19.089787576999981 ], [ -16.266028478999942, 19.083773036000025 ], [ -16.261762334999844, 19.073157835000188 ], [ -16.25941725399997, 19.06688030700019 ], [ -16.253533015999892, 19.052916669000183 ], [ -15.825569813999891, 19.000222955000027 ], [ -15.776493099999925, 19.166044044000159 ], [ -15.61539114899989, 19.710377576000042 ], [ -15.593686060999971, 19.86772431900016 ], [ -15.575412191999931, 20.000197116000038 ], [ -15.574562328999889, 20.006358028000022 ], [ -15.486190455999974, 20.646992442 ], [ -15.107877981999877, 20.311389955999971 ], [ -14.115555735999976, 20.927017555000134 ], [ -13.752506812999968, 21.152249770000083 ], [ -13.67570001699994, 21.1999 ], [ -13.667680060999942, 21.333357984000031 ], [ -13.667561525999872, 21.337425843000062 ] ] ], [ [ [ -16.431721284999981, 19.548958254000013 ], [ -16.42997725299989, 19.552792979000174 ], [ -16.429288245999885, 19.55600974500004 ], [ -16.432034316999932, 19.556140727000013 ], [ -16.433419344999947, 19.553681903000154 ], [ -16.434793368999919, 19.550287148000052 ], [ -16.435294368999905, 19.546473426000148 ], [ -16.431721284999981, 19.548958254000013 ] ] ], [ [ [ -16.426786206999907, 19.563532200999987 ], [ -16.426039192999951, 19.565069091000169 ], [ -16.426366207999877, 19.567061943000056 ], [ -16.428109254999981, 19.567854880000027 ], [ -16.430197300999964, 19.565498047000119 ], [ -16.430923196999913, 19.563617687000146 ], [ -16.430921313999931, 19.563588184000139 ], [ -16.428889258999959, 19.562950237000166 ], [ -16.426786206999907, 19.563532200999987 ] ] ], [ [ [ -16.490138010999885, 19.613768329000095 ], [ -16.491299038999955, 19.613238363999983 ], [ -16.494069106999916, 19.612199432000011 ], [ -16.496642172999941, 19.611966441 ], [ -16.501320295999903, 19.612741370000094 ], [ -16.501865296999881, 19.608830655000077 ], [ -16.500914255999874, 19.60411400300012 ], [ -16.497149149999927, 19.60127922200013 ], [ -16.493410049999909, 19.60040629700012 ], [ -16.490624975999879, 19.599669360000121 ], [ -16.487921891999974, 19.595561669000176 ], [ -16.484885815999917, 19.596333622000031 ], [ -16.484945831999937, 19.600351327000169 ], [ -16.486091871999975, 19.603468095000096 ], [ -16.487841927999909, 19.606692854000016 ], [ -16.489621985999918, 19.61038357800004 ], [ -16.490138010999885, 19.613768329000095 ] ] ], [ [ [ -16.480162827999948, 19.635862742000029 ], [ -16.479099809999923, 19.638679539000123 ], [ -16.476014740999915, 19.641792321000082 ], [ -16.476161762999936, 19.647160927000016 ], [ -16.478249821999952, 19.648683810000023 ], [ -16.482189936999873, 19.652677506000032 ], [ -16.483963994999954, 19.656275237000102 ], [ -16.484043014999941, 19.661366864000115 ], [ -16.487253098999929, 19.661753826000165 ], [ -16.489745157999891, 19.660262928000066 ], [ -16.490779175999933, 19.65777510700002 ], [ -16.489845139999943, 19.654085379000094 ], [ -16.490037130999895, 19.650101670000083 ], [ -16.490391129999978, 19.647089889000029 ], [ -16.491257134999955, 19.641993260000106 ], [ -16.493176164999909, 19.636232674999974 ], [ -16.493614159999936, 19.631440025000131 ], [ -16.489761038999973, 19.62491651400012 ], [ -16.486030939999978, 19.624183579000146 ], [ -16.486720967999872, 19.627185357000144 ], [ -16.487488998999936, 19.630603105000148 ], [ -16.484916941999927, 19.633173924000118 ], [ -16.483782902999963, 19.630243142000097 ], [ -16.481503843999974, 19.630413137000062 ], [ -16.481018839999876, 19.632917954999982 ], [ -16.480162827999948, 19.635862742000029 ] ] ], [ [ [ -16.539519492999943, 19.675048694999987 ], [ -16.541517560999978, 19.679802341000027 ], [ -16.543942643999912, 19.685794896000175 ], [ -16.545884714999943, 19.692001436000169 ], [ -16.546368741999913, 19.69641711200012 ], [ -16.546956777999981, 19.702462668000123 ], [ -16.546942797999975, 19.708448231000034 ], [ -16.548291851999977, 19.713938826000174 ], [ -16.550084924999908, 19.721696254000051 ], [ -16.550837943999966, 19.721795244000077 ], [ -16.552406983999902, 19.721430266000084 ], [ -16.553572993999921, 19.715568690000055 ], [ -16.552880957999946, 19.71023008300017 ], [ -16.553323949999935, 19.70473548300015 ], [ -16.553161926999962, 19.699133893000123 ], [ -16.552853902999971, 19.694335244000172 ], [ -16.552852888999951, 19.690454528000032 ], [ -16.553765895999902, 19.685308900999985 ], [ -16.550548797999909, 19.68094823000007 ], [ -16.547546713999964, 19.679147371 ], [ -16.546833681999942, 19.675025674000153 ], [ -16.544860623999909, 19.67298183000014 ], [ -16.542219547999878, 19.670600012000079 ], [ -16.539519492999943, 19.675048694999987 ] ] ], [ [ [ -16.474628873999904, 19.691425696000124 ], [ -16.472641843999895, 19.697658246000117 ], [ -16.472011851999923, 19.704892720000089 ], [ -16.471636861999968, 19.710663299000146 ], [ -16.471424876999947, 19.716659862000085 ], [ -16.468240815999934, 19.722863417999974 ], [ -16.462680685999942, 19.726952137000183 ], [ -16.464086732999931, 19.730241892000151 ], [ -16.467966843999818, 19.733304657000133 ], [ -16.474140013999886, 19.736429410000142 ], [ -16.477168096999947, 19.737854297000183 ], [ -16.484066281999958, 19.739865129000123 ], [ -16.490100432999895, 19.738509209000028 ], [ -16.492628484999898, 19.7344914950001 ], [ -16.49528853399994, 19.728642913999977 ], [ -16.497104570999966, 19.725926107000191 ], [ -16.498475599999892, 19.724028240999985 ], [ -16.505294741999876, 19.713980954000135 ], [ -16.50754478499988, 19.709510274000024 ], [ -16.508812802999898, 19.705233582000062 ], [ -16.509438804999945, 19.701038887000152 ], [ -16.509284784999977, 19.696325232000163 ], [ -16.509590774999879, 19.691025618000083 ], [ -16.512270845999922, 19.691674563 ], [ -16.51280388299989, 19.698425068000176 ], [ -16.51193487799992, 19.703474701000061 ], [ -16.511727879999967, 19.705683541000042 ], [ -16.516591993999896, 19.702380766999966 ], [ -16.517840018999948, 19.700114929000108 ], [ -16.519133041999908, 19.697006151999972 ], [ -16.519076031999816, 19.694578330000013 ], [ -16.517964996999979, 19.692768465000086 ], [ -16.518497991999936, 19.687128876000031 ], [ -16.518233965999968, 19.681486289000077 ], [ -16.516896917999816, 19.677724568000144 ], [ -16.513068811999972, 19.675454746000128 ], [ -16.50861268999995, 19.673498902000119 ], [ -16.50204351799988, 19.67273297800017 ], [ -16.497825409999962, 19.672914978000108 ], [ -16.490970230999949, 19.672352040000078 ], [ -16.484162057999981, 19.6732829930001 ], [ -16.478572920999909, 19.675362858000142 ], [ -16.476448882999875, 19.680246507 ], [ -16.476446903999886, 19.686418056000036 ], [ -16.474628873999904, 19.691425696000124 ] ] ], [ [ [ -16.535345656999937, 19.754848878000075 ], [ -16.532507591999945, 19.757153719000087 ], [ -16.529617529999939, 19.760957450000092 ], [ -16.528746521999949, 19.765212142000053 ], [ -16.530506568999954, 19.765491117000181 ], [ -16.534080654999968, 19.763801229000137 ], [ -16.536355707999917, 19.762041350000118 ], [ -16.539556777999906, 19.758407606000162 ], [ -16.540113787999928, 19.75702170500017 ], [ -16.540793798999971, 19.755207835000192 ], [ -16.542923842999926, 19.752019062000045 ], [ -16.542599830999904, 19.750862147000134 ], [ -16.541763809999907, 19.750948143000187 ], [ -16.540000762999966, 19.750622173000011 ], [ -16.535345656999937, 19.754848878000075 ] ] ], [ [ [ -16.52481232599996, 19.737327189999974 ], [ -16.521729253999979, 19.739692026000114 ], [ -16.518274168999881, 19.740907948000142 ], [ -16.513273051999931, 19.744404708000104 ], [ -16.510453987999881, 19.746989528000086 ], [ -16.507353917999978, 19.749869327000056 ], [ -16.50288081799988, 19.754599996000081 ], [ -16.500578770999937, 19.758277734999979 ], [ -16.500202778999892, 19.763254373 ], [ -16.4991817639999, 19.766723123000133 ], [ -16.496945721999964, 19.771425787000055 ], [ -16.496459717999926, 19.773930605000146 ], [ -16.498007766999933, 19.776324426000087 ], [ -16.500304828999901, 19.777228353000169 ], [ -16.502158871999939, 19.775865447 ], [ -16.506729965999966, 19.768790949000163 ], [ -16.509787019999976, 19.761378480000133 ], [ -16.512013065999952, 19.758078714000135 ], [ -16.515831150999929, 19.753991001000031 ], [ -16.51940523199994, 19.750758226000187 ], [ -16.52336631999998, 19.746569519000104 ], [ -16.523778320999952, 19.74369472800015 ], [ -16.527257393999946, 19.738971062000132 ], [ -16.527756396999962, 19.735905284000125 ], [ -16.52481232599996, 19.737327189999974 ] ] ], [ [ [ -16.336205805999896, 19.841253189000156 ], [ -16.333421744999953, 19.844395969000118 ], [ -16.332850736999944, 19.846343828999977 ], [ -16.337090859999932, 19.8503685230001 ], [ -16.34614712299998, 19.858853878000104 ], [ -16.354811378999955, 19.868202171000064 ], [ -16.359526518999871, 19.873416778000148 ], [ -16.365042676999963, 19.877932432000023 ], [ -16.368370767999977, 19.879388316000018 ], [ -16.374322909999876, 19.875979546000053 ], [ -16.375803934999965, 19.871925836000059 ], [ -16.377228948999971, 19.865443304000166 ], [ -16.37980399199995, 19.858290816000022 ], [ -16.381208009999966, 19.853024195000103 ], [ -16.384889086999976, 19.847588580000036 ], [ -16.385903092999968, 19.841689006000081 ], [ -16.383826020999948, 19.836472392000076 ], [ -16.381501940999954, 19.830519833000096 ], [ -16.381361918999914, 19.825244217000034 ], [ -16.385759009999958, 19.818553691000147 ], [ -16.390217107999945, 19.813590039000132 ], [ -16.392785175999961, 19.814058997000018 ], [ -16.39384521799991, 19.818161695000015 ], [ -16.394427257999951, 19.825658147000183 ], [ -16.399430396999946, 19.828378934000114 ], [ -16.4051805389999, 19.826477055000055 ], [ -16.412011705999873, 19.823582245000182 ], [ -16.418451857999912, 19.819258540000078 ], [ -16.42265394899988, 19.814167898000051 ], [ -16.423981966999975, 19.809280250000143 ], [ -16.425000964999981, 19.80113684000014 ], [ -16.423282897999968, 19.794544326000164 ], [ -16.421713842999964, 19.790281642000082 ], [ -16.420415785999978, 19.783245159000103 ], [ -16.420363767999902, 19.778572499000177 ], [ -16.422106791999965, 19.772399944000085 ], [ -16.423839807999855, 19.763750570000127 ], [ -16.425935835999894, 19.756109121000179 ], [ -16.425807814999871, 19.751020492 ], [ -16.424673770999846, 19.746546822000084 ], [ -16.431670934999943, 19.741585163000138 ], [ -16.4330409559999, 19.737349468000048 ], [ -16.435636006999857, 19.732813791000012 ], [ -16.441404139999975, 19.728106117000095 ], [ -16.446777275999921, 19.727300160000084 ], [ -16.444693238999889, 19.73204182 ], [ -16.448881336999932, 19.729057025000088 ], [ -16.451519393999888, 19.725968243000125 ], [ -16.453745445999971, 19.724210364000044 ], [ -16.45614949599991, 19.720573623000178 ], [ -16.459338561999914, 19.716005946000166 ], [ -16.461721615999977, 19.713586116000101 ], [ -16.460951583999872, 19.710121371000071 ], [ -16.462169600999857, 19.705847680000034 ], [ -16.464689646999886, 19.700147089000097 ], [ -16.464525617999925, 19.69295561500013 ], [ -16.464877618999935, 19.69069277900013 ], [ -16.465226609999945, 19.685297172 ], [ -16.464969578999956, 19.67820469100019 ], [ -16.463960536999878, 19.673350049000135 ], [ -16.460973443999933, 19.668696399000055 ], [ -16.459733398999902, 19.664882681000165 ], [ -16.457159314999899, 19.65969306900007 ], [ -16.456094262999954, 19.652410604000181 ], [ -16.454295189999982, 19.644560184000056 ], [ -16.452155126999912, 19.64224436000012 ], [ -16.449968054999886, 19.637641703000043 ], [ -16.448848013999964, 19.634148962000154 ], [ -16.447911974999954, 19.629664293000076 ], [ -16.44787196399983, 19.626721509000163 ], [ -16.448823977999893, 19.623723725000104 ], [ -16.449034978999975, 19.622356825000168 ], [ -16.45163604399994, 19.621794858000101 ], [ -16.449856988999954, 19.618899076000105 ], [ -16.445542877999856, 19.619133071000022 ], [ -16.441137759999947, 19.617969170000094 ], [ -16.438777687999902, 19.614544428000045 ], [ -16.436762626999894, 19.611848631000043 ], [ -16.43665361099994, 19.607833926000126 ], [ -16.436529597999879, 19.605129124000143 ], [ -16.434340522999946, 19.59973052600003 ], [ -16.431479445999912, 19.598576619000028 ], [ -16.43005842599996, 19.603563258000065 ], [ -16.427809385999922, 19.608827880000149 ], [ -16.423134280999932, 19.613522550000084 ], [ -16.419595212999923, 19.620401057000151 ], [ -16.418803212999933, 19.626661600999967 ], [ -16.413882104999914, 19.632165214000167 ], [ -16.408739001999891, 19.641187569000181 ], [ -16.403131886999859, 19.64995394500005 ], [ -16.398029769999937, 19.654204649 ], [ -16.392033647999938, 19.663880960000142 ], [ -16.38939159499995, 19.668465633000096 ], [ -16.385861526999975, 19.675483130000146 ], [ -16.38134743199987, 19.681899675000182 ], [ -16.376574332999894, 19.688937175000035 ], [ -16.371111217999953, 19.696854612999971 ], [ -16.368589166999925, 19.700965321000126 ], [ -16.365349114999901, 19.7101646590001 ], [ -16.363102079999976, 19.717019165000067 ], [ -16.361117049999962, 19.72329871300002 ], [ -16.359803029999966, 19.727624401000185 ], [ -16.357496000999902, 19.736632750000069 ], [ -16.35666099599996, 19.741446401000019 ], [ -16.355991003999918, 19.748822865000022 ], [ -16.354118963999952, 19.751449679000075 ], [ -16.351077905999944, 19.757552243000191 ], [ -16.348168847999943, 19.762618883000187 ], [ -16.348786870999902, 19.764502743000094 ], [ -16.351649945999839, 19.764907705000041 ], [ -16.35401101899987, 19.768333448000078 ], [ -16.353304009999931, 19.771270236000021 ], [ -16.353879036999956, 19.774792977000118 ], [ -16.351799001999893, 19.780375577000143 ], [ -16.352000012999952, 19.781954461000055 ], [ -16.354465069999947, 19.780043593000016 ], [ -16.354493079999884, 19.782800392000127 ], [ -16.352739044999964, 19.785701185999983 ], [ -16.352780063999887, 19.790981801000044 ], [ -16.352267062999829, 19.794609538000088 ], [ -16.351363056999901, 19.799895155000172 ], [ -16.349322019999931, 19.804540823000139 ], [ -16.34532892999988, 19.808217567000042 ], [ -16.340793816999962, 19.809679475000053 ], [ -16.334713664999981, 19.811084391000122 ], [ -16.332505614999889, 19.813121249000062 ], [ -16.328516515999979, 19.814553157000034 ], [ -16.32618946499997, 19.81706398100016 ], [ -16.322232378999956, 19.822093627000129 ], [ -16.322365397999931, 19.826481307000051 ], [ -16.322414419999916, 19.832650858000079 ], [ -16.323483466999903, 19.83843643300014 ], [ -16.326719563999973, 19.842328140000177 ], [ -16.33102067699997, 19.842656103000081 ], [ -16.33322472899988, 19.841321193000113 ], [ -16.33688881799992, 19.839486316000091 ], [ -16.336205805999896, 19.841253189000156 ] ] ], [ [ [ -16.528992995999943, 19.901345226000103 ], [ -16.526206929999887, 19.902899122000065 ], [ -16.52230684899996, 19.908814704000122 ], [ -16.519796793999944, 19.911568511000155 ], [ -16.520123819999981, 19.916801130000124 ], [ -16.521172862999947, 19.921358795000174 ], [ -16.522790914999973, 19.924163586000191 ], [ -16.523688941999922, 19.925399494000089 ], [ -16.528603047999979, 19.919272924000154 ], [ -16.528488035999885, 19.916708111000162 ], [ -16.529623053999956, 19.913467343000036 ], [ -16.532203104999951, 19.908698681000033 ], [ -16.533406124999942, 19.905733893000047 ], [ -16.532669090999889, 19.901239222000186 ], [ -16.528992995999943, 19.901345226000103 ] ] ], [ [ [ -16.555053745999885, 19.923495535000029 ], [ -16.550724636999973, 19.92429149100019 ], [ -16.544247474999906, 19.925717407000036 ], [ -16.539607364999938, 19.928634209000165 ], [ -16.534372239999925, 19.931583011000043 ], [ -16.529263118999893, 19.934945783000103 ], [ -16.525500027999954, 19.936786661000042 ], [ -16.522945971999889, 19.939637461000189 ], [ -16.521224933999974, 19.941507330999968 ], [ -16.515767801999914, 19.944094160000077 ], [ -16.50751760299994, 19.948141891000034 ], [ -16.502777495999965, 19.952606582000044 ], [ -16.502890506999904, 19.955125399 ], [ -16.507197614999939, 19.954003467000064 ], [ -16.511539716999948, 19.951102664000132 ], [ -16.516894851999893, 19.950017726000056 ], [ -16.520232932999875, 19.948526824000169 ], [ -16.525436057999968, 19.945860002000131 ], [ -16.529603159999965, 19.944091117000085 ], [ -16.532843235999906, 19.941858270000182 ], [ -16.535520295999902, 19.939375442000085 ], [ -16.538229356999977, 19.93661063400009 ], [ -16.541531434999968, 19.934560773000044 ], [ -16.546150542999897, 19.93131799400004 ], [ -16.551227663999953, 19.928238202000159 ], [ -16.556597788999909, 19.92429947200003 ], [ -16.556791790999966, 19.923447533000171 ], [ -16.555053745999885, 19.923495535000029 ] ] ], [ [ [ -16.453461545999915, 20.614158090000046 ], [ -16.456120617999943, 20.61481903400005 ], [ -16.458944686999928, 20.61360511200013 ], [ -16.461546755999905, 20.613892083000167 ], [ -16.463335799999982, 20.613443109000116 ], [ -16.466277875999936, 20.613163119999967 ], [ -16.467979920999937, 20.613418096000089 ], [ -16.4720310269999, 20.613729061000186 ], [ -16.475215107999929, 20.613071097999978 ], [ -16.476125123999907, 20.610998242999983 ], [ -16.476176115999976, 20.608377430000132 ], [ -16.476594120999891, 20.60673354700009 ], [ -16.477399132999892, 20.604381712000134 ], [ -16.478512154999976, 20.60249284300005 ], [ -16.478380145999949, 20.600810964000061 ], [ -16.47848213899988, 20.598282144000109 ], [ -16.480495184999825, 20.59642627 ], [ -16.48141020199995, 20.59463439600006 ], [ -16.48049216499993, 20.590999658000101 ], [ -16.480553158999896, 20.588892809000129 ], [ -16.480762156999958, 20.586737962000086 ], [ -16.481145153999933, 20.583223212000064 ], [ -16.481095152999899, 20.583223212000064 ], [ -16.481094152999901, 20.583177215000035 ], [ -16.480482134999875, 20.582484267000098 ], [ -16.481340152999906, 20.581505334000042 ], [ -16.481508154999972, 20.580876379000131 ], [ -16.481508151999947, 20.579933446000155 ], [ -16.480837130999873, 20.578833527000029 ], [ -16.479578094999965, 20.577968593000037 ], [ -16.478150053999855, 20.577025664000075 ], [ -16.475976993999893, 20.57578876000008 ], [ -16.473766931999933, 20.574692845000072 ], [ -16.471446864999962, 20.572667997000053 ], [ -16.468135774999951, 20.571492092000028 ], [ -16.464269666999883, 20.569411253000055 ], [ -16.460455560999947, 20.567373411 ], [ -16.458118493999962, 20.565864526000155 ], [ -16.454423394999935, 20.564895606999983 ], [ -16.451753323999981, 20.564386652000053 ], [ -16.449375262999979, 20.564561647000062 ], [ -16.448275238999884, 20.566024546000051 ], [ -16.447611231999929, 20.568865345000177 ], [ -16.447385235999946, 20.571542154000042 ], [ -16.448120265999933, 20.574447944000156 ], [ -16.448546283999917, 20.576435801000059 ], [ -16.448645291999867, 20.577972690000138 ], [ -16.44839229299987, 20.580230530000051 ], [ -16.448347299999966, 20.582527366000022 ], [ -16.449541344999943, 20.586382087 ], [ -16.45116240099992, 20.590239806000113 ], [ -16.451227414999892, 20.59370055800008 ], [ -16.452030445999981, 20.596542353000132 ], [ -16.453380490999962, 20.599281153000049 ], [ -16.45261148599991, 20.60355085000009 ], [ -16.452501499999983, 20.608278513000016 ], [ -16.453461545999915, 20.614158090000046 ] ] ], [ [ [ -16.487241341999948, 20.591362611000022 ], [ -16.486939342999904, 20.59389343100014 ], [ -16.486629342999947, 20.595957284000121 ], [ -16.485728327999936, 20.598497106000139 ], [ -16.485676335999869, 20.601070922000076 ], [ -16.485318334999931, 20.603228769 ], [ -16.484184316999972, 20.606662527000083 ], [ -16.483697316999894, 20.609991290999972 ], [ -16.483310318999941, 20.613319054999977 ], [ -16.483312328999943, 20.616079858000091 ], [ -16.484048354999913, 20.617986719000044 ], [ -16.48532639299998, 20.619557603000146 ], [ -16.486837425999909, 20.617615737000051 ], [ -16.488550460999932, 20.615157907000082 ], [ -16.489595479999878, 20.612894065000035 ], [ -16.490436490999912, 20.609839281 ], [ -16.490795492999951, 20.607682434000026 ], [ -16.491739506999977, 20.604766639000047 ], [ -16.491688495999938, 20.602053833000127 ], [ -16.491193473999942, 20.599629007999965 ], [ -16.490899448999926, 20.594627366000054 ], [ -16.491105445999949, 20.592331529000035 ], [ -16.490631428999961, 20.59102862400016 ], [ -16.487951352999971, 20.58929275700018 ], [ -16.487241341999948, 20.591362611000022 ] ] ], [ [ [ -16.496029635999946, 20.609799265999982 ], [ -16.494969615999935, 20.611874120999971 ], [ -16.493756591999897, 20.61376499000005 ], [ -16.493060582999874, 20.616535794000129 ], [ -16.492945596999959, 20.621029473000078 ], [ -16.493301616999929, 20.624018259000081 ], [ -16.493677640999863, 20.628082967000125 ], [ -16.495333694999943, 20.631144744000096 ], [ -16.496698742999968, 20.634679487000085 ], [ -16.498199791999923, 20.637509280000188 ], [ -16.501450877999957, 20.637740253 ], [ -16.503630930999975, 20.636817312000119 ], [ -16.506035984999926, 20.634580464000123 ], [ -16.505156946999932, 20.630336770000042 ], [ -16.504994930999942, 20.627064004000147 ], [ -16.504340903999889, 20.624127216000147 ], [ -16.504315888999884, 20.620197497000163 ], [ -16.504647884999827, 20.616589753000085 ], [ -16.503886852999926, 20.613325989000032 ], [ -16.502974816999938, 20.609972231000029 ], [ -16.501123758999938, 20.607147439000073 ], [ -16.49836668599994, 20.606628485000101 ], [ -16.496029635999946, 20.609799265999982 ] ] ] ] } },
{ "type": "Feature", "properties": { "adm2_name": "Kaedi", "adm2_name1": null, "adm2_name2": null, "adm2_name3": null, "adm2_pcode": "MR041", "adm1_name": "Gorgol", "adm1_name1": null, "adm1_name2": null, "adm1_name3": null, "adm1_pcode": "MR04", "adm0_name": "Mauritanie", "adm0_name1": null, "adm0_name2": null, "adm0_name3": null, "adm0_pcode": "MR", "valid_on": "2024-03-27", "valid_to": null, "area_sqkm": 2355.0781446800002, "version": "v03", "lang": "fr", "lang1": null, "lang2": null, "lang3": null, "adm2_ref": "None", "center_lat": 15.95764445, "center_lon": -12.89985827 }, "geometry": { "type": "Polygon", "coordinates": [ [ [ -13.48668215999993, 16.260621030000152 ], [ -13.488880732999974, 16.261640329000045 ], [ -13.487382072999935, 16.263639841999975 ], [ -13.583399647999897, 16.306384297000079 ], [ -13.584569550999959, 16.306003440000097 ], [ -13.625900710999872, 16.29254828400002 ], [ -13.652464164999969, 16.194497885000033 ], [ -13.68798735099989, 16.168279047000112 ], [ -13.70742796199994, 16.153930385000024 ], [ -13.720939758999975, 16.143957642000089 ], [ -13.720848511999975, 16.142484539000179 ], [ -13.720358511999905, 16.140697539000087 ], [ -13.719313511999871, 16.138074539000172 ], [ -13.717652511999916, 16.134377539000127 ], [ -13.716607511999882, 16.132052539000142 ], [ -13.713710511999977, 16.127220539 ], [ -13.708162511999944, 16.118925539000088 ], [ -13.705384511999966, 16.115700539000045 ], [ -13.702174511999942, 16.112295539000058 ], [ -13.695565511999973, 16.106555539000112 ], [ -13.691984511999976, 16.102851539000085 ], [ -13.686551511999937, 16.096996539000031 ], [ -13.682904511999823, 16.094661539000128 ], [ -13.680800511999905, 16.094057539000062 ], [ -13.678755511999896, 16.094346539000185 ], [ -13.676582511999982, 16.096064539 ], [ -13.67148451199995, 16.102292539000189 ], [ -13.668000511999878, 16.107158539000125 ], [ -13.66712951199986, 16.107746539000061 ], [ -13.666510511999888, 16.108164539000029 ], [ -13.665515511999899, 16.109410539000066 ], [ -13.663715511999897, 16.11083153900006 ], [ -13.661481511999966, 16.111953539000183 ], [ -13.659437511999954, 16.112004539000111 ], [ -13.656713511999897, 16.111517538999976 ], [ -13.653668511999967, 16.111023539000144 ], [ -13.651391511999918, 16.110008539000034 ], [ -13.644582511999943, 16.108850539000116 ], [ -13.64154951199987, 16.108183538999981 ], [ -13.637771511999915, 16.107870539000032 ], [ -13.635416511999949, 16.108337539000104 ], [ -13.63386651199994, 16.108985539000116 ], [ -13.632191511999906, 16.109812539000131 ], [ -13.629587511999944, 16.110575539000024 ], [ -13.627665511999965, 16.111043539000036 ], [ -13.625433511999972, 16.111808539000094 ], [ -13.621026511999901, 16.114885539000113 ], [ -13.619408511999893, 16.11591953900006 ], [ -13.615846511999962, 16.11799253900017 ], [ -13.60291051199988, 16.124632539000118 ], [ -13.596149511999954, 16.127521539000043 ], [ -13.594582380999952, 16.128128170000082 ], [ -13.594475511999974, 16.128169539000055 ], [ -13.594107511999823, 16.128328539000051 ], [ -13.594117511999855, 16.128335539000091 ], [ -13.593793511999934, 16.128464539000106 ], [ -13.586120295999933, 16.131903243000068 ], [ -13.577604511999937, 16.135719539000149 ], [ -13.575187511999957, 16.13606753900018 ], [ -13.572647511999946, 16.13623553900004 ], [ -13.570169511999893, 16.13646353900009 ], [ -13.567442511999957, 16.137107539000056 ], [ -13.564465511999913, 16.138106539000148 ], [ -13.56229851199987, 16.13786053900003 ], [ -13.559265511999911, 16.137431539000033 ], [ -13.556663511999943, 16.137361539000153 ], [ -13.552579511999966, 16.136273539000172 ], [ -13.551589511999964, 16.135972539000136 ], [ -13.551157511999975, 16.135315539000146 ], [ -13.549671511999975, 16.135071539000023 ], [ -13.548373511999955, 16.134292539000057 ], [ -13.546702511999968, 16.134048539000105 ], [ -13.544287511999926, 16.133621539000103 ], [ -13.541441511999892, 16.132777539000074 ], [ -13.540018511999904, 16.132295538999983 ], [ -13.537791511999956, 16.13127453900006 ], [ -13.533772511999871, 16.129056539000089 ], [ -13.52956551199992, 16.127492539000173 ], [ -13.52473651199989, 16.126818539000169 ], [ -13.518788511999958, 16.127329539000186 ], [ -13.51668151199982, 16.127618539000082 ], [ -13.515007511999954, 16.128326539000057 ], [ -13.513021511999966, 16.129508538999971 ], [ -13.511344511999937, 16.130811539000149 ], [ -13.510101511999949, 16.1322945390001 ], [ -13.508235511999885, 16.134667539000134 ], [ -13.50637151199993, 16.136802539000087 ], [ -13.504570511999873, 16.138342539000121 ], [ -13.50233751199994, 16.139285539000184 ], [ -13.499547511999936, 16.140167539000117 ], [ -13.495765511999934, 16.141342539 ], [ -13.491298511999901, 16.143764539000017 ], [ -13.489555511999924, 16.146495539000057 ], [ -13.489052511999944, 16.148992539000062 ], [ -13.488864511999964, 16.149706538999965 ], [ -13.487686511999982, 16.150117539000064 ], [ -13.486446511999873, 16.150291539000079 ], [ -13.486139511999966, 16.149576539000066 ], [ -13.484530511999822, 16.149034539000127 ], [ -13.483354511999948, 16.148850539000023 ], [ -13.479523511999957, 16.145859539000185 ], [ -13.477549511999882, 16.143292539000072 ], [ -13.476070511999978, 16.140727539000125 ], [ -13.474656511999967, 16.137508539 ], [ -13.473851511999953, 16.137207538999974 ], [ -13.472930511999948, 16.134584539000059 ], [ -13.473122511999975, 16.132681539000146 ], [ -13.473875511999893, 16.131056539000156 ], [ -13.474058511999942, 16.130661539000187 ], [ -13.474401511999929, 16.130289539000103 ], [ -13.475791511999887, 16.129254539000101 ], [ -13.47869751199994, 16.127267539 ], [ -13.479706511999893, 16.126756538999985 ], [ -13.480728511999928, 16.126760538999974 ], [ -13.481874511999877, 16.126764539000135 ], [ -13.485599511999965, 16.126400539000031 ], [ -13.487509511999917, 16.126335538999967 ], [ -13.488809511999932, 16.125900539000042 ], [ -13.490871511999899, 16.125908539000022 ], [ -13.492705511999873, 16.125622539000176 ], [ -13.495381511999938, 16.125045539000041 ], [ -13.496912511999881, 16.124097539000104 ], [ -13.498900511999977, 16.123298539000075 ], [ -13.501579511999921, 16.121767539000018 ], [ -13.50372151199997, 16.120675539000104 ], [ -13.503573511999889, 16.120067539000047 ], [ -13.505789511999922, 16.118995539000025 ], [ -13.508240511999873, 16.116729539000119 ], [ -13.51152851199987, 16.111529539000117 ], [ -13.512313511999878, 16.108892539000067 ], [ -13.513085511999918, 16.106253539000022 ], [ -13.513286511999922, 16.103918539000063 ], [ -13.513786511999911, 16.101998539000022 ], [ -13.512878511999929, 16.099205539000025 ], [ -13.511744511999893, 16.095311539000079 ], [ -13.51060551199987, 16.093251539000164 ], [ -13.509083511999904, 16.091336539000167 ], [ -13.506722511999953, 16.089052539000022 ], [ -13.502690511999958, 16.085307539000098 ], [ -13.499353511999971, 16.082854539000039 ], [ -13.496753511999941, 16.082427539000037 ], [ -13.494153511999968, 16.081999539000151 ], [ -13.491704511999899, 16.081467539000187 ], [ -13.490182511999933, 16.081156539 ], [ -13.488945511999873, 16.081182539000054 ], [ -13.487229511999942, 16.082150539000054 ], [ -13.485831511999891, 16.082937539000113 ], [ -13.484270511999966, 16.085034539000105 ], [ -13.48360151199995, 16.086067539000112 ], [ -13.482932511999934, 16.087192539000114 ], [ -13.482548511999937, 16.087983539 ], [ -13.481589511999914, 16.090357538999967 ], [ -13.479479511999955, 16.095865539000101 ], [ -13.477595511999937, 16.099850539000101 ], [ -13.475937511999973, 16.102555539000093 ], [ -13.475344511999936, 16.102950539000119 ], [ -13.474328511999829, 16.104566539000018 ], [ -13.473228511999935, 16.105897539000011 ], [ -13.471074511999973, 16.107508539000094 ], [ -13.468541511999888, 16.109077539000054 ], [ -13.4648165669999, 16.11025478300013 ], [ -13.464396511999951, 16.110387539000101 ], [ -13.459441511999955, 16.110427539000057 ], [ -13.458088511999847, 16.109845539000048 ], [ -13.457163511999966, 16.109436539000114 ], [ -13.455688511999938, 16.109309539000094 ], [ -13.455353511999931, 16.108741539000164 ], [ -13.455488511999931, 16.106781539000167 ], [ -13.455307511999877, 16.10535253900008 ], [ -13.454939511999953, 16.104160539000191 ], [ -13.454697511999939, 16.102254539000057 ], [ -13.454019511999888, 16.101121539000133 ], [ -13.452908511999965, 16.099926539000023 ], [ -13.452603511999939, 16.09849753900005 ], [ -13.451682511999877, 16.095934539000098 ], [ -13.449653511999941, 16.090986539000141 ], [ -13.44922351199989, 16.089972539000087 ], [ -13.447556511999892, 16.088180539000177 ], [ -13.445704511999963, 16.086149539000132 ], [ -13.445221511999875, 16.08591353900016 ], [ -13.444016511999905, 16.085725539000066 ], [ -13.442174511999951, 16.085897539000086 ], [ -13.441866511999933, 16.08542053900004 ], [ -13.441497511999955, 16.084407539000097 ], [ -13.440880511999978, 16.083809539000185 ], [ -13.429066511999906, 16.078643539000097 ], [ -13.416262511999946, 16.072997539000141 ], [ -13.406238511999902, 16.069624539000131 ], [ -13.404627511999934, 16.069737539000073 ], [ -13.404382511999927, 16.068903539000132 ], [ -13.402403511999978, 16.068121539000117 ], [ -13.399097511999969, 16.066527539000049 ], [ -13.397577511999884, 16.065911539000069 ], [ -13.395274511999958, 16.064934539000035 ], [ -13.389226511999937, 16.062831539000115 ], [ -13.388049511999895, 16.062886539000033 ], [ -13.385843511999951, 16.062669539000012 ], [ -13.384643511999968, 16.06251553900006 ], [ -13.382728511999971, 16.06164553900004 ], [ -13.380750511999906, 16.060706539000137 ], [ -13.378523511999958, 16.058919539000101 ], [ -13.375159511999982, 16.056351539000048 ], [ -13.373610511999971, 16.053146539000068 ], [ -13.372735511999963, 16.049863539000057 ], [ -13.372615511999982, 16.046576539000057 ], [ -13.374501511999881, 16.037419538999984 ], [ -13.375127511999892, 16.035457539000049 ], [ -13.375821511999959, 16.031294539000044 ], [ -13.375208511999972, 16.029327539000178 ], [ -13.374786511999957, 16.02719853900004 ], [ -13.37459851199992, 16.026230539000039 ], [ -13.374835511999891, 16.025012538999988 ], [ -13.374883511999883, 16.023231539000108 ], [ -13.374722511999948, 16.02088253900007 ], [ -13.37499451199983, 16.018435539000109 ], [ -13.375183834999973, 16.017139336000071 ], [ -13.375073601999873, 16.012904699000046 ], [ -13.374814487999856, 16.01202581299998 ], [ -13.374212511999872, 16.011053539000045 ], [ -13.373616511999955, 16.010431539000081 ], [ -13.372607511999945, 16.009739539000179 ], [ -13.371471511999914, 16.009410539000157 ], [ -13.370502511999973, 16.008836539000072 ], [ -13.369145511999932, 16.006985539000027 ], [ -13.367493511999953, 16.005284539000172 ], [ -13.367231511999933, 16.005014539000058 ], [ -13.36389651199994, 16.002143538999974 ], [ -13.361729511999954, 16.000022538999985 ], [ -13.361430511999913, 15.999653539 ], [ -13.361527544999944, 15.999656717000107 ], [ -13.361932546999981, 15.995419449000167 ], [ -13.361569546999874, 15.993024449000075 ], [ -13.362742546999868, 15.988986449000095 ], [ -13.363160546999893, 15.984022449000065 ], [ -13.363590546999944, 15.977402449000181 ], [ -13.362858546999973, 15.973349449000182 ], [ -13.359277546999976, 15.968169449000072 ], [ -13.356637546999934, 15.964469449000148 ], [ -13.355335546999925, 15.960227449000172 ], [ -13.353469546999975, 15.955061449000141 ], [ -13.351583546999905, 15.952471449000086 ], [ -13.346858546999954, 15.947467449000101 ], [ -13.346625425999946, 15.947227423000129 ], [ -13.343077546999893, 15.943574449000039 ], [ -13.339112546999957, 15.938759449000088 ], [ -13.331145546999949, 15.934098449000089 ], [ -13.328679546999922, 15.932791449000092 ], [ -13.324688546999937, 15.931472449000069 ], [ -13.321829546999822, 15.93163344900006 ], [ -13.318591546999869, 15.931608449000123 ], [ -13.31650254699997, 15.930672449000099 ], [ -13.312526546999948, 15.927329449000069 ], [ -13.311215546999847, 15.924375449000081 ], [ -13.309916546999943, 15.919766449000122 ], [ -13.312621546999935, 15.914635449000173 ], [ -13.315501546999826, 15.911530449000111 ], [ -13.319714546999876, 15.908619449000128 ], [ -13.32450854699988, 15.90442544900003 ], [ -13.327967546999901, 15.900405449000118 ], [ -13.331989546999978, 15.89749244900014 ], [ -13.332006546999878, 15.895285449000141 ], [ -13.330308546999959, 15.893064449000065 ], [ -13.328044546999877, 15.890102449000096 ], [ -13.325392546999922, 15.888058449000084 ], [ -13.322743546999959, 15.885645449000094 ], [ -13.318947546999937, 15.883776449000038 ], [ -13.316852546999939, 15.883576448999975 ], [ -13.313809546999892, 15.883000449000122 ], [ -13.310015546999921, 15.880763449000142 ], [ -13.305083546999981, 15.877965449000101 ], [ -13.302434546999905, 15.875552449000111 ], [ -13.299408546999928, 15.872585449000098 ], [ -13.29658954699994, 15.867412448999971 ], [ -13.294462546999966, 15.862247449000051 ], [ -13.293495546999964, 15.858612449000191 ], [ -13.294293546999938, 15.855311449000112 ], [ -13.295548546999953, 15.849933449000105 ], [ -13.296556546999852, 15.846254449000128 ], [ -13.297542546999978, 15.84168044900008 ], [ -13.297603546999881, 15.841266449000102 ], [ -13.297638546999849, 15.841222448999986 ], [ -13.298587546999954, 15.836688449 ], [ -13.298440546999927, 15.836195449000115 ], [ -13.29842354699997, 15.835734449000142 ], [ -13.29826054699987, 15.834324449000178 ], [ -13.298011546999874, 15.830694449000021 ], [ -13.298020546999908, 15.829468449000046 ], [ -13.297316546999923, 15.827542449000191 ], [ -13.296989546999953, 15.827006449000066 ], [ -13.295780546999936, 15.822514449000039 ], [ -13.293140546999894, 15.818814449000115 ], [ -13.291067546999898, 15.815854448999971 ], [ -13.288231546999896, 15.81288844900007 ], [ -13.286155546999908, 15.810296449000191 ], [ -13.285067546999869, 15.809229449000043 ], [ -13.285069546999921, 15.809231448999981 ], [ -13.284453546999941, 15.808627449000141 ], [ -13.282174546999954, 15.806299449000051 ], [ -13.281734546999871, 15.805976449000184 ], [ -13.28096454699994, 15.805650448999984 ], [ -13.280006546999971, 15.804913449000139 ], [ -13.280003546999978, 15.804913449000139 ], [ -13.279804546999969, 15.804912449000028 ], [ -13.27895654699995, 15.804905448999989 ], [ -13.276867546999938, 15.803969449000022 ], [ -13.272700546999886, 15.800809449000042 ], [ -13.268150546999891, 15.797829449 ], [ -13.263818546999971, 15.793833449000147 ], [ -13.261034546999895, 15.789384449000124 ], [ -13.261727546999964, 15.785282448999965 ], [ -13.265117546999875, 15.782535449000079 ], [ -13.268489546999888, 15.782134449000125 ], [ -13.273009546999958, 15.7834504490001 ], [ -13.276591546999953, 15.784598449000043 ], [ -13.281320546999893, 15.787409449000108 ], [ -13.283588546999965, 15.787053449000155 ], [ -13.285584546999928, 15.786001449000139 ], [ -13.286499546999949, 15.781794449000017 ], [ -13.28786854699996, 15.77599144900006 ], [ -13.288562546999856, 15.771782449000114 ], [ -13.288577546999932, 15.769755449000115 ], [ -13.288254546999951, 15.768632449000108 ], [ -13.287766546999876, 15.767455449000067 ], [ -13.286242546999915, 15.764295449000088 ], [ -13.284420546999968, 15.761896449000176 ], [ -13.281943546999912, 15.761877449000053 ], [ -13.279664546999925, 15.760939449000034 ], [ -13.278720546999978, 15.759828449000111 ], [ -13.275697546999879, 15.756493449000061 ], [ -13.271916546999933, 15.752600449 ], [ -13.268696546999877, 15.749999449000086 ], [ -13.26585554699983, 15.747769449000145 ], [ -13.262136546999955, 15.745170449000057 ], [ -13.260104546999969, 15.743607449000024 ], [ -13.255999546999931, 15.741069449000179 ], [ -13.253536546999896, 15.739210449000041 ], [ -13.250693546999969, 15.737348448999967 ], [ -13.246474546999934, 15.734379449000187 ], [ -13.243894546999968, 15.732225449000111 ], [ -13.240274546999956, 15.729355449000138 ], [ -13.239008546999912, 15.728240449000111 ], [ -13.236432546999936, 15.725446449 ], [ -13.232899546999931, 15.722123449000037 ], [ -13.230062546999932, 15.719341449000069 ], [ -13.227928546999919, 15.717698449000011 ], [ -13.22570854699984, 15.715627449000067 ], [ -13.224308546999907, 15.714255449000063 ], [ -13.222614546999978, 15.711895449000053 ], [ -13.222089366999967, 15.711354610000114 ], [ -13.221742546999963, 15.71099744900016 ], [ -13.219540546999951, 15.70920444900014 ], [ -13.217388546999871, 15.707283448999988 ], [ -13.215313546999937, 15.705757449000032 ], [ -13.213941546999934, 15.704519449000088 ], [ -13.211858546999906, 15.702422449000153 ], [ -13.208299546999967, 15.699853449000045 ], [ -13.205926546999876, 15.697842449000063 ], [ -13.204449546999967, 15.69591044900011 ], [ -13.204751546999944, 15.692498449000084 ], [ -13.206382546999976, 15.688564449000182 ], [ -13.20941354699994, 15.682132449000164 ], [ -13.212266546999899, 15.677247449000106 ], [ -13.215652546999934, 15.675033449000068 ], [ -13.221476546999895, 15.671771449000175 ], [ -13.226123546999872, 15.67079444899997 ], [ -13.233073546999947, 15.67300244900008 ], [ -13.236094546999936, 15.674392449000152 ], [ -13.240113546999964, 15.676130449000084 ], [ -13.241823546999967, 15.67646444900015 ], [ -13.243812546999948, 15.676479449000169 ], [ -13.245979546999934, 15.674683449000042 ], [ -13.24822854699994, 15.669366449000108 ], [ -13.249194546999945, 15.665746449000096 ], [ -13.24971454699994, 15.662709448999976 ], [ -13.249378546999935, 15.65804244900005 ], [ -13.248081546999913, 15.653065449000167 ], [ -13.246942546999946, 15.652504449000105 ], [ -13.245248546999903, 15.649731449000171 ], [ -13.244122546999904, 15.647514449000084 ], [ -13.239965546999883, 15.642883449000067 ], [ -13.236194546999968, 15.637702449000187 ], [ -13.233556546999921, 15.633818449000159 ], [ -13.230545546999906, 15.628827449000028 ], [ -13.229239546999963, 15.625137449000079 ], [ -13.227945546999933, 15.619791449000047 ], [ -13.226254546999883, 15.61665144900013 ], [ -13.2241765469999, 15.614243449000014 ], [ -13.218445089999875, 15.61125690900019 ], [ -13.217724546999932, 15.610881449000033 ], [ -13.213728546999903, 15.61029844900014 ], [ -13.209911546999933, 15.611188449000053 ], [ -13.208568546999913, 15.612465449000183 ], [ -13.208739546999936, 15.615042449000043 ], [ -13.207585546999951, 15.616505449000158 ], [ -13.204322546999947, 15.619791449000047 ], [ -13.20144354699994, 15.622712449000176 ], [ -13.199146546999884, 15.624166449000029 ], [ -13.196461546999956, 15.626537449000125 ], [ -13.193408546999933, 15.627249449000033 ], [ -13.191883546999975, 15.627421449000053 ], [ -13.188403070999925, 15.627518862000045 ], [ -13.104198868999902, 15.673850917000095 ], [ -12.949445069999967, 15.760533408000128 ], [ -12.92462950099997, 15.793026903000055 ], [ -12.878627440999935, 15.85136841100018 ], [ -12.783139112999834, 15.914112681000063 ], [ -12.751789348999978, 15.93535207900004 ], [ -12.743033153999932, 15.949390995999977 ], [ -12.737440035999896, 15.961518057000035 ], [ -12.732788934999917, 15.970349374000023 ], [ -12.728438846999893, 15.98151550800003 ], [ -12.728787854999894, 15.981347520000156 ], [ -12.726438822999967, 15.994515493000165 ], [ -12.730496944999913, 16.001939904000096 ], [ -12.731121475999885, 16.002465838000091 ], [ -12.731550881999965, 16.001931987000091 ], [ -12.732349089999957, 16.000939627000037 ], [ -12.837291873999959, 15.998670186000084 ], [ -12.909159999999815, 15.997116000000119 ], [ -13.020719, 15.967616000000191 ], [ -13.161866, 15.932227 ], [ -13.180603971999972, 15.936726743000122 ], [ -13.329430864999949, 15.972466084000189 ], [ -13.329467376999844, 15.972474852 ], [ -13.330026, 15.972609 ], [ -13.287960432999967, 16.031798550000076 ], [ -13.260602879999965, 16.072832970000093 ], [ -13.224799079999912, 16.127721000000122 ], [ -13.183536959999913, 16.181055000000185 ], [ -13.175143931999969, 16.191458967000131 ], [ -13.158218960999875, 16.21243910000004 ], [ -13.156278119999968, 16.214844960000164 ], [ -13.158880284999952, 16.21549474800014 ], [ -13.159385999999813, 16.215621030000079 ], [ -13.171821119999834, 16.217215019999969 ], [ -13.182702119999874, 16.218798030000073 ], [ -13.193580959999906, 16.221889980000071 ], [ -13.20291, 16.221951000000161 ], [ -13.213023839999948, 16.21597698000005 ], [ -13.222358999999813, 16.211508030000118 ], [ -13.235573879999947, 16.211592990000042 ], [ -13.240235879999943, 16.213132980000125 ], [ -13.247227079999959, 16.217706959999987 ], [ -13.257330839999952, 16.220035980000148 ], [ -13.26899195999988, 16.220108970000183 ], [ -13.279098959999942, 16.219416960000103 ], [ -13.289983919999941, 16.218729 ], [ -13.309419959999957, 16.218847980000078 ], [ -13.321083959999953, 16.215897960000063 ], [ -13.324194, 16.215162030000101 ], [ -13.330414079999912, 16.214444010000022 ], [ -13.333524119999936, 16.213707990000046 ], [ -13.348296, 16.213040010000043 ], [ -13.372395839999911, 16.213179960000105 ], [ -13.375148699999954, 16.211191288 ], [ -13.378618079999967, 16.208685000000116 ], [ -13.48668215999993, 16.260621030000152 ] ] ] } },
{ "type": "Feature", "properties": { "adm2_name": "M'Bout", "adm2_name1": null, "adm2_name2": null, "adm2_name3": null, "adm2_pcode": "MR043", "adm1_name": "Gorgol", "adm1_name1": null, "adm1_name2": null, "adm1_name3": null, "adm1_pcode": "MR04", "adm0_name": "Mauritanie", "adm0_name1": null, "adm0_name2": null, "adm0_name3": null, "adm0_pcode": "MR", "valid_on": "2024-03-27", "valid_to": null, "area_sqkm": 5504.0149178000001, "version": "v03", "lang": "fr", "lang1": null, "lang2": null, "lang3": null, "adm2_ref": "MBout", "center_lat": 16.01444537, "center_lon": -12.37728705 }, "geometry": { "type": "Polygon", "coordinates": [ [ [ -12.633821513999976, 16.484711452000056 ], [ -12.650392951999947, 16.488605115000041 ], [ -12.659694195999919, 16.490126978000148 ], [ -12.666329369999914, 16.490967898000065 ], [ -12.675018580999904, 16.48454437900017 ], [ -12.682891774999916, 16.479984716000104 ], [ -12.697612129999925, 16.468362588000048 ], [ -12.704469297999935, 16.46390292000018 ], [ -12.710114432999944, 16.459033287000011 ], [ -12.725208817999885, 16.456287468000141 ], [ -12.730439957999977, 16.458479287000046 ], [ -12.734441066999921, 16.46047812300003 ], [ -12.736441122999963, 16.462477964000016 ], [ -12.742440282999837, 16.464478796000037 ], [ -12.745440357999883, 16.463477867000051 ], [ -12.749440461999939, 16.463477859000079 ], [ -12.755441612999903, 16.461479001000043 ], [ -12.761440765999964, 16.460478066000121 ], [ -12.766004882999937, 16.45986210500007 ], [ -12.768440940999881, 16.45747928500009 ], [ -12.769441959999938, 16.454479516000106 ], [ -12.772442025999908, 16.449478898000052 ], [ -12.778039169999943, 16.449067917999969 ], [ -12.779276200999959, 16.448558955000067 ], [ -12.781442245999926, 16.443480345000125 ], [ -12.780441214999883, 16.441479503000153 ], [ -12.77744213099993, 16.438479742000027 ], [ -12.77744212399989, 16.435479975000078 ], [ -12.779442159999917, 16.428480515000047 ], [ -12.781442204999962, 16.425480744000083 ], [ -12.783441244999949, 16.420482129000106 ], [ -12.783605247999958, 16.419914173 ], [ -12.786698315999956, 16.414489588000151 ], [ -12.788111348999905, 16.413048697000022 ], [ -12.791442429999847, 16.410481890000028 ], [ -12.800946668999927, 16.407561097000041 ], [ -12.801675687999932, 16.407498100000055 ], [ -12.80878487099983, 16.406849136000176 ], [ -12.810421910999935, 16.406003198000178 ], [ -12.815442028999882, 16.400482617000023 ], [ -12.816442049999921, 16.398483770000098 ], [ -12.813441956999952, 16.391484321000121 ], [ -12.812442921999889, 16.387483634000148 ], [ -12.811441883999919, 16.38248402500011 ], [ -12.818442060999928, 16.380484166000087 ], [ -12.827442293999979, 16.380484147000175 ], [ -12.830442369999957, 16.379484219000062 ], [ -12.831443390999937, 16.377485372000137 ], [ -12.833443437999961, 16.375485524000055 ], [ -12.841442637999933, 16.372484740000118 ], [ -12.844442713999911, 16.37148581200006 ], [ -12.847443790999876, 16.371485806000067 ], [ -12.849442833999888, 16.367486113000155 ], [ -12.852443897999876, 16.361486573000036 ], [ -12.856442987999912, 16.355486032000158 ], [ -12.85744400699997, 16.352486264000106 ], [ -12.858443021999847, 16.347487651000108 ], [ -12.863443141999937, 16.343487952000032 ], [ -12.866444212999909, 16.34048817900009 ], [ -12.86744323399995, 16.338487333000103 ], [ -12.872443347999877, 16.331487867000021 ], [ -12.875039410999932, 16.329523015000177 ], [ -12.87644444499989, 16.3284880920001 ], [ -12.884104621999882, 16.319131805000154 ], [ -12.885444645999939, 16.314489164000179 ], [ -12.885444636999921, 16.310489476000157 ], [ -12.886443655999926, 16.307489707000059 ], [ -12.89468084899994, 16.298409398000047 ], [ -12.895444865999934, 16.297491468000089 ], [ -12.896973901999957, 16.295897589000106 ], [ -12.899657962999981, 16.292031884000096 ], [ -12.901444998999978, 16.287492235000116 ], [ -12.902445003999958, 16.278491934000158 ], [ -12.905027065999889, 16.276056119000145 ], [ -12.908248140999945, 16.272706373000119 ], [ -12.910444192999933, 16.270493541000178 ], [ -12.915444313999842, 16.266493842000045 ], [ -12.917444360999923, 16.264492994000079 ], [ -12.918445377999888, 16.260494304000133 ], [ -12.92516053099996, 16.251318006000133 ], [ -12.927308576999962, 16.247195323000142 ], [ -12.931444668999973, 16.240494837000142 ], [ -12.936444786999971, 16.235496216 ], [ -12.995319894999909, 16.222524952000015 ], [ -12.995446281999818, 16.222497107000152 ], [ -12.994017681999935, 16.221347793000064 ], [ -12.989857341999937, 16.218000785000072 ], [ -12.927305397999874, 16.167677531000095 ], [ -12.731121475999885, 16.002465838000091 ], [ -12.730496944999913, 16.001939904000096 ], [ -12.726438822999967, 15.994515493000165 ], [ -12.728787854999894, 15.981347520000156 ], [ -12.728438846999893, 15.98151550800003 ], [ -12.732788934999917, 15.970349374000023 ], [ -12.737440035999896, 15.961518057000035 ], [ -12.743033153999932, 15.949390995999977 ], [ -12.751789348999978, 15.93535207900004 ], [ -12.755789423999886, 15.922352090000118 ], [ -12.758732470999973, 15.909065127000019 ], [ -12.764283570999964, 15.888813705000075 ], [ -12.768487635999918, 15.868961255000045 ], [ -12.770760665999887, 15.855862278000075 ], [ -12.770611619999897, 15.836167826 ], [ -12.771833639999954, 15.830963232000158 ], [ -12.773212655999885, 15.821623963000036 ], [ -12.778788781999936, 15.813360601000056 ], [ -12.781789839999931, 15.804361302000189 ], [ -12.783788877999939, 15.798362769999983 ], [ -12.784440879999977, 15.791531306000024 ], [ -12.786440918999915, 15.785530773000119 ], [ -12.788440961999925, 15.781532084000105 ], [ -12.789439972999901, 15.774532632000046 ], [ -12.789439952999885, 15.765533340000104 ], [ -12.78743988899987, 15.759532816000103 ], [ -12.785439832999941, 15.757532977000096 ], [ -12.782439748999877, 15.754533219000052 ], [ -12.774440518999882, 15.743535101000077 ], [ -12.764439244999892, 15.736535672000116 ], [ -12.760440133999964, 15.732535995000035 ], [ -12.756439019999902, 15.727536396000176 ], [ -12.750439851999943, 15.721535881000079 ], [ -12.74743876399998, 15.716536280000071 ], [ -12.744439672999874, 15.710537758000044 ], [ -12.737439481999957, 15.705537166 ], [ -12.734439393999878, 15.700537566000037 ], [ -12.731438305999916, 15.695537966000131 ], [ -12.732439313999976, 15.68753959300011 ], [ -12.718240943999888, 15.685730764000084 ], [ -12.683437040999934, 15.683539007000036 ], [ -12.68343703499994, 15.680540243000053 ], [ -12.668437430999916, 15.578548312000066 ], [ -12.609459159999972, 15.561255412000094 ], [ -12.606578795999837, 15.560410866000041 ], [ -12.535432915999934, 15.539550652000116 ], [ -12.531433818999915, 15.54255042300008 ], [ -12.525432672999955, 15.546550120000177 ], [ -12.498355251999897, 15.565765043000113 ], [ -12.497074816999941, 15.566673677000153 ], [ -12.496425085999874, 15.567134745000089 ], [ -12.490170679999949, 15.589858636000088 ], [ -12.484432764999838, 15.61854552200009 ], [ -12.479633417999935, 15.628143260000172 ], [ -12.479229755999938, 15.629609869000092 ], [ -12.475432596999894, 15.649543098000152 ], [ -12.472432533999893, 15.65654255200019 ], [ -12.469431462999921, 15.65954232200005 ], [ -12.466431391999947, 15.662541092000026 ], [ -12.435431638999887, 15.685540342000138 ], [ -12.413918254999885, 15.698287267000126 ], [ -12.402412, 15.707573 ], [ -12.402034020999963, 15.706984825000177 ], [ -12.401430805999951, 15.707537678000165 ], [ -12.315695761999905, 15.789957367000056 ], [ -12.288913107999917, 15.808380972000066 ], [ -12.277280843999961, 15.826366583000038 ], [ -12.267973662999964, 15.85481736800017 ], [ -12.265427613999975, 15.862526768000123 ], [ -12.258819446999951, 15.864502626000046 ], [ -12.255902374999948, 15.866192499000135 ], [ -12.252825301999962, 15.869377256000121 ], [ -12.249686225999938, 15.871958059000065 ], [ -12.247875181999916, 15.873252961000048 ], [ -12.24573412999996, 15.874973830999977 ], [ -12.244156090999979, 15.875890762000097 ], [ -12.242086038999958, 15.876444722000087 ], [ -12.240753005999863, 15.87749764199998 ], [ -12.238819960999876, 15.879820463999977 ], [ -12.236303900999872, 15.882108290000133 ], [ -12.233671835999871, 15.88355918100018 ], [ -12.230549756999949, 15.884694098000182 ], [ -12.226143642999887, 15.8847821 ], [ -12.222515549999969, 15.884994091000067 ], [ -12.219455469999843, 15.884589128000016 ], [ -12.216626394999878, 15.883713203000127 ], [ -12.214058327999965, 15.883671211000035 ], [ -12.211308257999974, 15.884192175000123 ], [ -12.207828167999935, 15.884494159000099 ], [ -12.205264106999891, 15.886782983999979 ], [ -12.200650994999933, 15.890604694000046 ], [ -12.194740850999892, 15.894872371000076 ], [ -12.188186688999906, 15.898500099000046 ], [ -12.175425343999905, 15.89152367100013 ], [ -12.16542407999998, 15.889523848000124 ], [ -12.156424842999968, 15.887525022000091 ], [ -12.147424603999923, 15.884524275000103 ], [ -12.128424127999892, 15.892524685000183 ], [ -12.116422823999869, 15.896014435000097 ], [ -12.109896660999937, 15.898950218000039 ], [ -12.102549477999958, 15.902451958000086 ], [ -12.091422201999876, 15.908522504000189 ], [ -12.080023916999949, 15.913335149000034 ], [ -12.069422648999875, 15.916522920000091 ], [ -12.054421269999978, 15.921521557000062 ], [ -12.037420843999939, 15.928522042000111 ], [ -12.024421521999955, 15.935521519000076 ], [ -12.014420270999892, 15.939521225000078 ], [ -12.005421036999962, 15.939521243000058 ], [ -12.006700084999977, 15.946222716000023 ], [ -12.00552006099997, 15.949742442000115 ], [ -12.004452041999969, 15.95396011400004 ], [ -12.004172049999966, 15.960912570000119 ], [ -12.004077055999858, 15.965297227000065 ], [ -12.005586113999925, 15.974265522000053 ], [ -12.010031248999837, 15.983624781 ], [ -12.009458246999941, 15.989657310000098 ], [ -12.014616392999869, 15.995676829000161 ], [ -12.015751432999878, 16.000417455000161 ], [ -12.011185334999936, 16.010423682000066 ], [ -12.007269249999922, 16.018467060000148 ], [ -12.004393192999885, 16.026757417000113 ], [ -12.002772167999979, 16.034624805000078 ], [ -12.001754155999947, 16.041713253000182 ], [ -12.001894180999898, 16.051790465000124 ], [ -12.00372823899994, 16.056866064000076 ], [ -12.01141645499996, 16.06463844200016 ], [ -12.016817583999909, 16.059258852000028 ], [ -12.02416276699995, 16.055725113000108 ], [ -12.03577806699991, 16.054815162000011 ], [ -12.047594375999893, 16.056042042000115 ], [ -12.057532640999909, 16.059604744000012 ], [ -12.05813466799998, 16.065040318000172 ], [ -12.059606716999951, 16.070097920000137 ], [ -12.061901786999954, 16.075243512999975 ], [ -12.065455890999942, 16.080428101000166 ], [ -12.073036102999879, 16.08772451599998 ], [ -12.076785211999947, 16.093187082000043 ], [ -12.085045441999966, 16.100944460000107 ], [ -12.093337664999922, 16.104611157000022 ], [ -12.102262906999954, 16.109202780000032 ], [ -12.109006088999934, 16.112693494000041 ], [ -12.115502262999939, 16.115116292000096 ], [ -12.126017540999896, 16.117746066000109 ], [ -12.13406475599993, 16.1205308320001 ], [ -12.142145962999962, 16.119595889000152 ], [ -12.148470117999921, 16.114954239000099 ], [ -12.154015249999873, 16.109386663000066 ], [ -12.160998436999932, 16.112364417000094 ], [ -12.165226555999823, 16.11656808000015 ], [ -12.175256820999891, 16.119060865000108 ], [ -12.183202029999961, 16.120451741000068 ], [ -12.195411351999951, 16.122931523000091 ], [ -12.202830550999977, 16.125999268000157 ], [ -12.21332581799993, 16.123469445000183 ], [ -12.221986038999944, 16.1220195410001 ], [ -12.231924331999892, 16.138274251000155 ], [ -12.236222463999979, 16.148009483000067 ], [ -12.238666540999873, 16.154175997000095 ], [ -12.236609500999975, 16.160511506000034 ], [ -12.23590649599987, 16.166560034999975 ], [ -12.235993518999976, 16.176414266000108 ], [ -12.237334572999885, 16.185098586000095 ], [ -12.237896603999957, 16.192904976000136 ], [ -12.238882638999939, 16.197408623000172 ], [ -12.238779659999921, 16.208286774000044 ], [ -12.239726699999949, 16.215301225000189 ], [ -12.240722740999956, 16.222499662000075 ], [ -12.242878811999958, 16.229180137000128 ], [ -12.246384913999975, 16.234504715000128 ], [ -12.251585059999854, 16.239724298000056 ], [ -12.260740300999942, 16.241061175000141 ], [ -12.266838457999825, 16.240697191000038 ], [ -12.276047702999904, 16.243520952000154 ], [ -12.280605825999942, 16.245584782000037 ], [ -12.28454393699991, 16.249929436000173 ], [ -12.287221014999886, 16.253538149000065 ], [ -12.292174151999916, 16.257504830000073 ], [ -12.295956252999929, 16.259107697000104 ], [ -12.303118436999966, 16.258365741000148 ], [ -12.311583652999957, 16.25649886900004 ], [ -12.317339799999957, 16.255346947000135 ], [ -12.32594901799996, 16.253154100000131 ], [ -12.333831217999887, 16.250919259000057 ], [ -12.341611411999963, 16.247429514999965 ], [ -12.347404552999933, 16.243255828000088 ], [ -12.354793734999873, 16.238560179000103 ], [ -12.361156883999968, 16.231592710000143 ], [ -12.368734067999924, 16.225502169000094 ], [ -12.374182196999982, 16.219935592000013 ], [ -12.378575303999924, 16.216746832000126 ], [ -12.384763458999885, 16.214568989000156 ], [ -12.393267669999943, 16.210238310000022 ], [ -12.399398819999874, 16.205922634 ], [ -12.404997954999885, 16.201563963000069 ], [ -12.409589069999981, 16.199489115000176 ], [ -12.416746250999836, 16.197677242000111 ], [ -12.422464402999935, 16.199129117000041 ], [ -12.426937528999929, 16.203888737000057 ], [ -12.428509582999936, 16.209968259000163 ], [ -12.429262617999939, 16.216797725 ], [ -12.431431681999982, 16.220497432000172 ], [ -12.429431657999942, 16.233496422000087 ], [ -12.426822597999887, 16.23670917700008 ], [ -12.428345649999812, 16.242557718000057 ], [ -12.43218775999992, 16.247089357000107 ], [ -12.432500780999874, 16.252990896000142 ], [ -12.429707715999882, 16.256773607000071 ], [ -12.426227628999982, 16.25819050400014 ], [ -12.42269553899996, 16.258677473000034 ], [ -12.421006497999883, 16.260083367000163 ], [ -12.41738240799998, 16.261779242000046 ], [ -12.416911402999915, 16.265222974999972 ], [ -12.417127420999918, 16.270892532000062 ], [ -12.416761423999958, 16.276427102000014 ], [ -12.417847463999976, 16.281952669000077 ], [ -12.415268416999936, 16.291033967000033 ], [ -12.411807340999928, 16.29733148400004 ], [ -12.409597292999933, 16.301715147000095 ], [ -12.408890285999973, 16.306693761000076 ], [ -12.408346292999909, 16.316088030000117 ], [ -12.409731344999955, 16.32379542700005 ], [ -12.411015392999957, 16.330156929000054 ], [ -12.412549451999951, 16.338933243000042 ], [ -12.416376579999962, 16.351925224000013 ], [ -12.42018969999998, 16.361616463000132 ], [ -12.420895733999885, 16.368771905000131 ], [ -12.420050726999932, 16.375750364000112 ], [ -12.420612758999937, 16.383277777000046 ], [ -12.418080711999949, 16.392033101000095 ], [ -12.420490795999967, 16.401873331000161 ], [ -12.426126953999926, 16.406997921000141 ], [ -12.430909099999894, 16.416869144000032 ], [ -12.43601324399998, 16.422229717000107 ], [ -12.435028236999926, 16.430324090000056 ], [ -12.432387180999967, 16.435966657 ], [ -12.431640176999906, 16.443083106000074 ], [ -12.633821513999976, 16.484711452000056 ] ] ] } },
{ "type": "Feature", "properties": { "adm2_name": "Lexeibe 1", "adm2_name1": null, "adm2_name2": null, "adm2_name3": null, "adm2_pcode": "MR045", "adm1_name": "Gorgol", "adm1_name1": null, "adm1_name2": null, "adm1_name3": null, "adm1_pcode": "MR04", "adm0_name": "Mauritanie", "adm0_name1": null, "adm0_name2": null, "adm0_name3": null, "adm0_pcode": "MR", "valid_on": "2024-03-27", "valid_to": null, "area_sqkm": 1771.0153337, "version": "v03", "lang": "fr", "lang1": null, "lang2": null, "lang3": null, "adm2_ref": "None", "center_lat": 16.17436627, "center_lon": -13.06216562 }, "geometry": { "type": "Polygon", "coordinates": [ [ [ -13.190308919999893, 16.328316960000109 ], [ -13.221187961999817, 16.40035215100005 ], [ -13.222235864999902, 16.402796718000104 ], [ -13.222803959999965, 16.404121980000127 ], [ -13.481832959999906, 16.334476020000125 ], [ -13.58546795999996, 16.306419960000085 ], [ -13.584569550999959, 16.306003440000097 ], [ -13.583399647999897, 16.306384297000079 ], [ -13.487382072999935, 16.263639841999975 ], [ -13.488880732999974, 16.261640329000045 ], [ -13.48668215999993, 16.260621030000152 ], [ -13.378618079999967, 16.208685000000116 ], [ -13.375148699999954, 16.211191288 ], [ -13.372395839999911, 16.213179960000105 ], [ -13.348296, 16.213040010000043 ], [ -13.333524119999936, 16.213707990000046 ], [ -13.330414079999912, 16.214444010000022 ], [ -13.324194, 16.215162030000101 ], [ -13.321083959999953, 16.215897960000063 ], [ -13.309419959999957, 16.218847980000078 ], [ -13.289983919999941, 16.218729 ], [ -13.279098959999942, 16.219416960000103 ], [ -13.26899195999988, 16.220108970000183 ], [ -13.257330839999952, 16.220035980000148 ], [ -13.247227079999959, 16.217706959999987 ], [ -13.240235879999943, 16.213132980000125 ], [ -13.235573879999947, 16.211592990000042 ], [ -13.222358999999813, 16.211508030000118 ], [ -13.213023839999948, 16.21597698000005 ], [ -13.20291, 16.221951000000161 ], [ -13.193580959999906, 16.221889980000071 ], [ -13.182702119999874, 16.218798030000073 ], [ -13.171821119999834, 16.217215019999969 ], [ -13.159385999999813, 16.215621030000079 ], [ -13.158880284999952, 16.21549474800014 ], [ -13.156278119999968, 16.214844960000164 ], [ -13.158218960999875, 16.21243910000004 ], [ -13.175143931999969, 16.191458967000131 ], [ -13.183536959999913, 16.181055000000185 ], [ -13.224799079999912, 16.127721000000122 ], [ -13.260602879999965, 16.072832970000093 ], [ -13.287960432999967, 16.031798550000076 ], [ -13.330026, 15.972609 ], [ -13.329467376999844, 15.972474852 ], [ -13.329430864999949, 15.972466084000189 ], [ -13.180603971999972, 15.936726743000122 ], [ -13.161866, 15.932227 ], [ -13.020719, 15.967616000000191 ], [ -12.909159999999815, 15.997116000000119 ], [ -12.837291873999959, 15.998670186000084 ], [ -12.732349089999957, 16.000939627000037 ], [ -12.731550881999965, 16.001931987000091 ], [ -12.731121475999885, 16.002465838000091 ], [ -12.927305397999874, 16.167677531000095 ], [ -12.989857341999937, 16.218000785000072 ], [ -12.994017681999935, 16.221347793000064 ], [ -12.995446281999818, 16.222497107000152 ], [ -12.995319894999909, 16.222524952000015 ], [ -12.998454839999965, 16.22504097 ], [ -13.017134159999955, 16.21536696000004 ], [ -13.032677879999881, 16.216236990000084 ], [ -13.037621275999982, 16.218255720000116 ], [ -13.038326738999842, 16.218543808000163 ], [ -13.038258990999907, 16.21921218600005 ], [ -13.03844838699996, 16.219496250000077 ], [ -13.071365169999979, 16.23203567600001 ], [ -13.079097221999973, 16.235193205000087 ], [ -13.081609079999907, 16.236218970000152 ], [ -13.150977934999901, 16.233774043000096 ], [ -13.153136039999936, 16.233697980000102 ], [ -13.154024738999965, 16.235960055000135 ], [ -13.190308919999893, 16.328316960000109 ] ] ] } },
{ "type": "Feature", "properties": { "adm2_name": "Maghama", "adm2_name1": null, "adm2_name2": null, "adm2_name3": null, "adm2_pcode": "MR042", "adm1_name": "Gorgol", "adm1_name1": null, "adm1_name2": null, "adm1_name3": null, "adm1_pcode": "MR04", "adm0_name": "Mauritanie", "adm0_name1": null, "adm0_name2": null, "adm0_name3": null, "adm0_pcode": "MR", "valid_on": "2024-03-27", "valid_to": null, "area_sqkm": 2275.47073821, "version": "v03", "lang": "fr", "lang1": null, "lang2": null, "lang3": null, "adm2_ref": "None", "center_lat": 15.53409945, "center_lon": -12.85387569 }, "geometry": { "type": "Polygon", "coordinates": [ [ [ -12.68343703499994, 15.680540243000053 ], [ -12.683437040999934, 15.683539007000036 ], [ -12.718240943999888, 15.685730764000084 ], [ -12.732439313999976, 15.68753959300011 ], [ -12.731438305999916, 15.695537966000131 ], [ -12.734439393999878, 15.700537566000037 ], [ -12.737439481999957, 15.705537166 ], [ -12.744439672999874, 15.710537758000044 ], [ -12.74743876399998, 15.716536280000071 ], [ -12.750439851999943, 15.721535881000079 ], [ -12.756439019999902, 15.727536396000176 ], [ -12.760440133999964, 15.732535995000035 ], [ -12.764439244999892, 15.736535672000116 ], [ -12.774440518999882, 15.743535101000077 ], [ -12.782439748999877, 15.754533219000052 ], [ -12.785439832999941, 15.757532977000096 ], [ -12.78743988899987, 15.759532816000103 ], [ -12.789439952999885, 15.765533340000104 ], [ -12.789439972999901, 15.774532632000046 ], [ -12.788440961999925, 15.781532084000105 ], [ -12.786440918999915, 15.785530773000119 ], [ -12.784440879999977, 15.791531306000024 ], [ -12.783788877999939, 15.798362769999983 ], [ -12.781789839999931, 15.804361302000189 ], [ -12.778788781999936, 15.813360601000056 ], [ -12.773212655999885, 15.821623963000036 ], [ -12.771833639999954, 15.830963232000158 ], [ -12.770611619999897, 15.836167826 ], [ -12.770760665999887, 15.855862278000075 ], [ -12.768487635999918, 15.868961255000045 ], [ -12.764283570999964, 15.888813705000075 ], [ -12.758732470999973, 15.909065127000019 ], [ -12.755789423999886, 15.922352090000118 ], [ -12.751789348999978, 15.93535207900004 ], [ -12.783139112999834, 15.914112681000063 ], [ -12.878627440999935, 15.85136841100018 ], [ -12.92462950099997, 15.793026903000055 ], [ -12.949445069999967, 15.760533408000128 ], [ -13.104198868999902, 15.673850917000095 ], [ -13.188403070999925, 15.627518862000045 ], [ -13.186738546999891, 15.627565449000087 ], [ -13.181403546999888, 15.627708449000181 ], [ -13.17626854699995, 15.626564449 ], [ -13.17380254699998, 15.625073449000126 ], [ -13.171146546999978, 15.623580449000031 ], [ -13.167542546999925, 15.621528449000095 ], [ -13.163746546999903, 15.619659449000153 ], [ -13.16090554699997, 15.617429449000042 ], [ -13.158828046999929, 15.615021449000096 ], [ -13.156052325999951, 15.613156325000148 ], [ -13.155226546999927, 15.612601449000067 ], [ -13.15503854699989, 15.612232449000089 ], [ -13.152194546999965, 15.610370449000015 ], [ -13.149351546999981, 15.608508449000169 ], [ -13.146318546999964, 15.606460449000167 ], [ -13.144229546999952, 15.605524448999972 ], [ -13.141950546999965, 15.60458644900018 ], [ -13.135098546999927, 15.603797449000126 ], [ -13.132438546999936, 15.602856449000058 ], [ -13.129781546999936, 15.601548449000177 ], [ -13.128070546999936, 15.600983449000125 ], [ -13.124074546999964, 15.600400449000063 ], [ -13.119131546999881, 15.599073449000059 ], [ -13.116282546999969, 15.597947449000117 ], [ -13.111722546999886, 15.59625644900018 ], [ -13.106978546999926, 15.593827449000116 ], [ -13.102417546999959, 15.592320449000113 ], [ -13.10071654699982, 15.590466449000019 ], [ -13.09749454699994, 15.588234449000083 ], [ -13.095789546999981, 15.586932449000187 ], [ -13.093314546999864, 15.586729449000075 ], [ -13.089893546999974, 15.585599449000028 ], [ -13.083815546999858, 15.583159449000107 ], [ -13.083265546999826, 15.580395449000036 ], [ -13.082910546999926, 15.576897449000171 ], [ -13.084634546999951, 15.575623449000091 ], [ -13.088837546999969, 15.574000449000096 ], [ -13.090183546999981, 15.572354449000159 ], [ -13.089436546999877, 15.570325449000109 ], [ -13.087742546999948, 15.567552449 ], [ -13.086046546999967, 15.564963449000061 ], [ -13.084158546999902, 15.56274044900016 ], [ -13.083229546999974, 15.559605449000117 ], [ -13.081934546999832, 15.55444444900013 ], [ -13.081972546999964, 15.549293449000061 ], [ -13.083714546999943, 15.545627449000108 ], [ -13.089294546999952, 15.538127449000058 ], [ -13.094307546999971, 15.530071449000161 ], [ -13.096731826999815, 15.524178556000095 ], [ -13.09707266599986, 15.52316808900008 ], [ -13.097622546999958, 15.519794449000187 ], [ -13.098042546999977, 15.514646449000054 ], [ -13.099408546999939, 15.510241449000091 ], [ -13.100193113999921, 15.506589084000098 ], [ -13.100197546999937, 15.506568449000099 ], [ -13.100784546999932, 15.50454844900014 ], [ -13.099289546999955, 15.500673449000146 ], [ -13.098848513999883, 15.500291760000096 ], [ -13.096071546999895, 15.497888449000072 ], [ -13.093416546999947, 15.496212449000154 ], [ -13.089425546999962, 15.494893449000074 ], [ -13.083280546999902, 15.494163449000098 ], [ -13.083082089999834, 15.494107931000087 ], [ -13.081053546999954, 15.493540449000079 ], [ -13.073831546999941, 15.491276449000111 ], [ -13.06947454699997, 15.487930449000032 ], [ -13.066251546999922, 15.485881449000146 ], [ -13.059606546999817, 15.482886449000148 ], [ -13.054856546999929, 15.481193449000045 ], [ -13.050103546999935, 15.479868449000037 ], [ -13.046863546999816, 15.480027449000033 ], [ -13.039438546999975, 15.479417448999982 ], [ -13.032575546999965, 15.480099449000136 ], [ -13.03206862299993, 15.480193307999969 ], [ -13.027806546999898, 15.48098244900018 ], [ -13.024186546999942, 15.480954448999967 ], [ -13.019994546999953, 15.48110544900004 ], [ -13.016753546999951, 15.481448449000027 ], [ -13.014463546999878, 15.481982449000157 ], [ -13.012170546999869, 15.482884449000153 ], [ -13.010245546999954, 15.485628448999989 ], [ -13.008703546999982, 15.48800844900012 ], [ -13.006206546999977, 15.490748449000137 ], [ -13.002950546999955, 15.493115449000072 ], [ -13.000077546999933, 15.495116449000079 ], [ -12.99874215199992, 15.496004619000189 ], [ -12.998790546999942, 15.497012449000067 ], [ -12.998667546999968, 15.496893449000027 ], [ -12.996695546999888, 15.497119449000081 ], [ -12.994476546999977, 15.497582449 ], [ -12.991939546999902, 15.49896744900019 ], [ -12.991845546999969, 15.498983449000093 ], [ -12.991680546999874, 15.499010449000025 ], [ -12.988928546999944, 15.499216449000187 ], [ -12.9875725469999, 15.499339449000047 ], [ -12.986046546999944, 15.499134449000167 ], [ -12.982835546999922, 15.499473449000163 ], [ -12.980119546999902, 15.499338449000163 ], [ -12.977403546999881, 15.499441449000187 ], [ -12.974934546999975, 15.499307449000071 ], [ -12.971970546999955, 15.499648449000063 ], [ -12.96955554699997, 15.500639449000175 ], [ -12.967399546999957, 15.501291449000121 ], [ -12.965141546999973, 15.502291449000097 ], [ -12.962436546999982, 15.503242449000084 ], [ -12.961667546999934, 15.503443448999974 ], [ -12.959390546999941, 15.503314449000186 ], [ -12.957650546999957, 15.502790449000145 ], [ -12.956240546999879, 15.501147449000086 ], [ -12.95637154699989, 15.499383449000163 ], [ -12.95639654699994, 15.499265449000177 ], [ -12.957280546999982, 15.497774449000076 ], [ -12.958394546999955, 15.496111449000125 ], [ -12.958556546999944, 15.495645449000165 ], [ -12.958773546999964, 15.49528044900012 ], [ -12.958875546999877, 15.494726449000154 ], [ -12.959014546999981, 15.494326449000084 ], [ -12.959031546999881, 15.493879449000019 ], [ -12.959146546999932, 15.493254449 ], [ -12.959211546999938, 15.492110449000052 ], [ -12.959117546999892, 15.491664449000098 ], [ -12.959120546999884, 15.489879449 ], [ -12.959103546999927, 15.489778449000028 ], [ -12.959152546999974, 15.489078448999976 ], [ -12.958844546999956, 15.488265449000039 ], [ -12.958753546999901, 15.48773544900007 ], [ -12.958507546999954, 15.48737644900001 ], [ -12.958291546999874, 15.486807449000025 ], [ -12.957366546999879, 15.484362449000059 ], [ -12.956684546999952, 15.483105449000163 ], [ -12.956494546999977, 15.482277449000037 ], [ -12.956445546999873, 15.48154644900012 ], [ -12.956332546999874, 15.481201448999968 ], [ -12.956316546999972, 15.481076449000113 ], [ -12.956271546999972, 15.48101544900004 ], [ -12.955584546999887, 15.478917449 ], [ -12.95532254699998, 15.476026449000074 ], [ -12.955220546999954, 15.473904449000031 ], [ -12.955466546999901, 15.470937449000189 ], [ -12.955365546999872, 15.468609449000155 ], [ -12.955596546999971, 15.46640744900003 ], [ -12.955763546999947, 15.465214449000086 ], [ -12.955851546999952, 15.464960449000046 ], [ -12.955852546999949, 15.464583449000088 ], [ -12.95607854699989, 15.462967449000132 ], [ -12.956574546999889, 15.460471449000011 ], [ -12.956855546999975, 15.459463449000111 ], [ -12.957095546999938, 15.459002448999968 ], [ -12.957214546999921, 15.457355449000147 ], [ -12.957538546999899, 15.456216449000067 ], [ -12.957467546999908, 15.454768449000142 ], [ -12.957465546999913, 15.454724449000082 ], [ -12.957352546999971, 15.451606449000167 ], [ -12.957250546999887, 15.451044449000051 ], [ -12.957205546999887, 15.450360449000129 ], [ -12.957060546999969, 15.44999044900004 ], [ -12.956985546999817, 15.449576449000062 ], [ -12.95606954699997, 15.447386449000078 ], [ -12.954698546999964, 15.445896449000088 ], [ -12.954255546999889, 15.445106449000093 ], [ -12.952654546999952, 15.444264449000059 ], [ -12.952222546999963, 15.444066449000161 ], [ -12.951014546999943, 15.443423449000079 ], [ -12.948840546999918, 15.443325449000156 ], [ -12.946863546999964, 15.443583449000187 ], [ -12.945875546999901, 15.44381644900011 ], [ -12.9450425469999, 15.444020449000107 ], [ -12.944887546999951, 15.444048449000093 ], [ -12.941675546999932, 15.444864449000136 ], [ -12.938169546999859, 15.445623449000038 ], [ -12.936241546999952, 15.445906449000177 ], [ -12.934916546999887, 15.446350449000136 ], [ -12.933517546999951, 15.446673449000059 ], [ -12.93109854699992, 15.44692344900011 ], [ -12.929933546999905, 15.446674449000113 ], [ -12.928708546999871, 15.44693544900008 ], [ -12.925993546999962, 15.446204449000163 ], [ -12.925198546999979, 15.445485449000159 ], [ -12.924803546999897, 15.445054449000054 ], [ -12.923572546999935, 15.443976449 ], [ -12.922788546999982, 15.442966449000096 ], [ -12.921850546999906, 15.441140448999988 ], [ -12.921850546999906, 15.44113844900005 ], [ -12.921851546999903, 15.440634449000072 ], [ -12.921731546999922, 15.438729449 ], [ -12.92166754699997, 15.438512448999973 ], [ -12.921668546999967, 15.437917449000167 ], [ -12.922521546999917, 15.435391449000065 ], [ -12.923542546999954, 15.433432449000122 ], [ -12.924442546999956, 15.43218444900009 ], [ -12.925259546999882, 15.431341449000172 ], [ -12.927147546999947, 15.429629449000061 ], [ -12.929960546999837, 15.42758644900016 ], [ -12.930007546999889, 15.427558449000117 ], [ -12.930990546999965, 15.427121449000026 ], [ -12.931718546999889, 15.4265294490001 ], [ -12.933299546999876, 15.425577449000173 ], [ -12.936691546999953, 15.422745449000161 ], [ -12.937158546999967, 15.42239744900013 ], [ -12.937358546999974, 15.422188449000089 ], [ -12.938123546999975, 15.421549449000167 ], [ -12.938796546999868, 15.420816449000085 ], [ -12.939749546999849, 15.420270449000043 ], [ -12.940343546999884, 15.419129449000138 ], [ -12.940845546999924, 15.418582449000155 ], [ -12.941009546999908, 15.417849449000073 ], [ -12.941602546999945, 15.416710449000163 ], [ -12.94160454699994, 15.415150449000066 ], [ -12.941725546999919, 15.414257449000047 ], [ -12.942093546999899, 15.411721449000026 ], [ -12.942513546999919, 15.409629449000136 ], [ -12.942233546999944, 15.406837449000022 ], [ -12.942103546999931, 15.40480544900015 ], [ -12.942011546999936, 15.404146449000109 ], [ -12.941978546999962, 15.403676449000159 ], [ -12.941852546999939, 15.403009449000024 ], [ -12.941736546999948, 15.402180449000184 ], [ -12.941135546999931, 15.399214449000112 ], [ -12.941117546999976, 15.399099449000175 ], [ -12.941114404999894, 15.399057184000128 ], [ -12.940859546999945, 15.395628449000014 ], [ -12.940894546999971, 15.395167449000098 ], [ -12.940897546999963, 15.392787448999968 ], [ -12.94089874499997, 15.391932096000176 ], [ -12.940901546999953, 15.38993144900013 ], [ -12.940905546999943, 15.387551449000171 ], [ -12.940905546999943, 15.387436449000063 ], [ -12.94139154699991, 15.384532449000119 ], [ -12.941494546999877, 15.38114544900003 ], [ -12.942027546999952, 15.378513449000025 ], [ -12.942169546999878, 15.37666644899997 ], [ -12.942264546999922, 15.376118449000103 ], [ -12.942382546999909, 15.374625449000064 ], [ -12.94276754699996, 15.372140449000142 ], [ -12.94277154699995, 15.369159449000051 ], [ -12.942782546999979, 15.367331449000119 ], [ -12.942651546999969, 15.36696944900001 ], [ -12.942651546999969, 15.366655449000177 ], [ -12.942361546999962, 15.366171449000092 ], [ -12.941666546999897, 15.364861449000045 ], [ -12.940804546999914, 15.36342544900009 ], [ -12.939819546999956, 15.361512449000088 ], [ -12.938957546999973, 15.359956449000094 ], [ -12.938253546999874, 15.358754449000116 ], [ -12.93808954699989, 15.358436449000124 ], [ -12.93721554699988, 15.357646449000129 ], [ -12.936122546999968, 15.356482449000112 ], [ -12.93508054699987, 15.355586449000043 ], [ -12.932860546999962, 15.353665449000061 ], [ -12.930573546999938, 15.351919449000036 ], [ -12.928297546999886, 15.350181449000104 ], [ -12.926324546999979, 15.348739449000163 ], [ -12.925066546999915, 15.348189449000131 ], [ -12.922662546999959, 15.347013448999974 ], [ -12.921440546999918, 15.346656449000136 ], [ -12.921370546999981, 15.346619449000059 ], [ -12.918861546999949, 15.345834449000165 ], [ -12.915748546999964, 15.344467449000035 ], [ -12.913772546999894, 15.343382449000103 ], [ -12.9109335469999, 15.342053449000105 ], [ -12.908218546999876, 15.34087144900019 ], [ -12.905280546999904, 15.339491449000036 ], [ -12.904182546999891, 15.339403449000031 ], [ -12.904142546999879, 15.339389449000123 ], [ -12.903987546999929, 15.339387449000128 ], [ -12.902070546999937, 15.339234449000116 ], [ -12.89947754699989, 15.339338449000024 ], [ -12.898240546999943, 15.339331449000156 ], [ -12.894191546999878, 15.338972449000096 ], [ -12.893057546999955, 15.338824449000128 ], [ -12.893118546999915, 15.338866449000022 ], [ -12.893067546999873, 15.338861449000149 ], [ -12.890342546999932, 15.338570449000031 ], [ -12.890106546999903, 15.338558449000118 ], [ -12.888984546999893, 15.33844344900001 ], [ -12.886323546999904, 15.338361449000161 ], [ -12.886319546999914, 15.338361449000161 ], [ -12.88626954699987, 15.338360449000106 ], [ -12.884169546999942, 15.338295449000043 ], [ -12.881958546999954, 15.33749544900013 ], [ -12.881592546999968, 15.337363449 ], [ -12.879356546999873, 15.33647944900008 ], [ -12.878488546999904, 15.336114449000036 ], [ -12.875038546999917, 15.334427449000088 ], [ -12.873284546999912, 15.333033449000027 ], [ -12.873277546999873, 15.333027449000099 ], [ -12.869794546999913, 15.330662449000158 ], [ -12.865541546999907, 15.327456449000124 ], [ -12.861431546999938, 15.325106448999975 ], [ -12.860483546999944, 15.324446449000106 ], [ -12.858217546999924, 15.323279448999983 ], [ -12.858210546999885, 15.323275449 ], [ -12.856288546999906, 15.322156449000147 ], [ -12.855892546999939, 15.321990449000111 ], [ -12.85425654699992, 15.321083449000184 ], [ -12.852585546999876, 15.320171449000043 ], [ -12.852581546999886, 15.320168449000164 ], [ -12.851231546999941, 15.319431449000092 ], [ -12.849009546999923, 15.31817944900007 ], [ -12.847771546999979, 15.317418449000172 ], [ -12.847453546999873, 15.31722044900016 ], [ -12.845227546999922, 15.315831449000143 ], [ -12.84415054699997, 15.314634449000039 ], [ -12.843095546999905, 15.313680449000174 ], [ -12.842749697999977, 15.313310549000107 ], [ -12.841240546999813, 15.311696449000124 ], [ -12.839017546999912, 15.30817244900004 ], [ -12.83877754699995, 15.307627449000108 ], [ -12.838162546999968, 15.305597449000174 ], [ -12.83705554699992, 15.302729449000026 ], [ -12.836195546999932, 15.299862449000102 ], [ -12.83567154699989, 15.297925449000047 ], [ -12.835337546999881, 15.297482449000029 ], [ -12.835334546999889, 15.297473449000165 ], [ -12.833550546999902, 15.294391449000045 ], [ -12.833212546999846, 15.293626448999987 ], [ -12.831886546999897, 15.291253449000124 ], [ -12.831288546999815, 15.29023644900019 ], [ -12.829435546999946, 15.286396449000051 ], [ -12.829345603999968, 15.28595299400007 ], [ -12.829205546999958, 15.285262449000015 ], [ -12.828826546999949, 15.282584449000126 ], [ -12.828710546999957, 15.277823449000039 ], [ -12.829613546999951, 15.275540449000118 ], [ -12.830193546999965, 15.273514449 ], [ -12.830926546999876, 15.271932449000019 ], [ -12.831087546999981, 15.271531449000065 ], [ -12.832907546999934, 15.268591448999985 ], [ -12.83436054699996, 15.266501449000089 ], [ -12.834869546999812, 15.265715449000083 ], [ -12.835497546999875, 15.264810449000151 ], [ -12.837309546999904, 15.263043449000122 ], [ -12.837785546999953, 15.262648449000153 ], [ -12.838976546999959, 15.261169448999965 ], [ -12.84016154699998, 15.259870449000175 ], [ -12.840678546999925, 15.259413449000022 ], [ -12.841991546999964, 15.258377449000079 ], [ -12.84252254699993, 15.257527449000122 ], [ -12.842923546999884, 15.257336449000093 ], [ -12.843327546999831, 15.256089449000115 ], [ -12.844097546999933, 15.254333449000171 ], [ -12.844964546999904, 15.253145449000101 ], [ -12.848648546999982, 15.252593449000074 ], [ -12.848969546999911, 15.252612449000026 ], [ -12.851318546999948, 15.253164449000053 ], [ -12.85243554699997, 15.253457449000166 ], [ -12.853086546999918, 15.253580449000026 ], [ -12.853523546999952, 15.253683449 ], [ -12.854429546999938, 15.253834449000067 ], [ -12.85444354699996, 15.253837449000116 ], [ -12.855744546999972, 15.254054448999966 ], [ -12.860280546999832, 15.255143449 ], [ -12.862626546999934, 15.2562304490001 ], [ -12.863983546999975, 15.257909449000067 ], [ -12.866821546999972, 15.260550449000107 ], [ -12.867319546999965, 15.261013449000075 ], [ -12.867394546999947, 15.261100449000139 ], [ -12.867545546999906, 15.261223449 ], [ -12.869535546999884, 15.263071449000165 ], [ -12.871755546999964, 15.265470449000077 ], [ -12.872002546999909, 15.265640449000102 ], [ -12.872562546999973, 15.266366449000088 ], [ -12.874778546999892, 15.267569449000177 ], [ -12.878351546999966, 15.268185449000157 ], [ -12.881963546999941, 15.267826449000097 ], [ -12.88250054699995, 15.267799449 ], [ -12.882695546999912, 15.267747449000183 ], [ -12.884883546999959, 15.267509448999988 ], [ -12.887728546999881, 15.266420449000123 ], [ -12.889074546999893, 15.265730449000046 ], [ -12.889179546999969, 15.265692449000142 ], [ -12.889262546999817, 15.265633449000063 ], [ -12.890185546999874, 15.265160449000177 ], [ -12.891666546999943, 15.264097449000133 ], [ -12.891683989999876, 15.264074726000104 ], [ -12.893247191999819, 15.26203840200003 ], [ -12.893394546999843, 15.261846449000075 ], [ -12.89339854699989, 15.261838449000095 ], [ -12.893752546999963, 15.261422449000122 ], [ -12.893892546999837, 15.260651449000136 ], [ -12.89413654699996, 15.260066449000021 ], [ -12.894234546999883, 15.258772449000105 ], [ -12.894250546999956, 15.258681449 ], [ -12.894250546999956, 15.2585494490001 ], [ -12.894387546999951, 15.256735449000132 ], [ -12.893775546999905, 15.254232449000142 ], [ -12.893604546999882, 15.253808449000076 ], [ -12.893393546999846, 15.253069449000179 ], [ -12.892196546999912, 15.250231449000012 ], [ -12.890101546999972, 15.247953449000022 ], [ -12.889311546999977, 15.246955449000041 ], [ -12.889238546999877, 15.246637449000048 ], [ -12.888974237999946, 15.246360759000027 ], [ -12.888192546999903, 15.245542449000027 ], [ -12.887636546999943, 15.244839449000096 ], [ -12.886452546999919, 15.243807448999974 ], [ -12.886403546999873, 15.243759449000095 ], [ -12.886299546999965, 15.243673449000084 ], [ -12.885139546999937, 15.242662449000136 ], [ -12.884814546999849, 15.24245044900016 ], [ -12.884799546999943, 15.242438449000076 ], [ -12.884778546999883, 15.242427449000047 ], [ -12.882272546999843, 15.240795449000188 ], [ -12.882086546999972, 15.240634449000027 ], [ -12.88096554699996, 15.240018449 ], [ -12.878138546999935, 15.238345449000121 ], [ -12.874189546999958, 15.237011449000079 ], [ -12.871016546999954, 15.236064449000082 ], [ -12.86962354699989, 15.235434448999968 ], [ -12.868266546999962, 15.234473449000063 ], [ -12.86783954699996, 15.234241449000024 ], [ -12.866416546999915, 15.233270448999974 ], [ -12.865224546999968, 15.23221544900008 ], [ -12.863703546999886, 15.230869449000124 ], [ -12.863669546999915, 15.230841449000081 ], [ -12.862755546999949, 15.229775448999987 ], [ -12.860293546999912, 15.227976449000039 ], [ -12.859186546999979, 15.226661449000119 ], [ -12.857341546999919, 15.224389449000057 ], [ -12.857184546999974, 15.224195448999978 ], [ -12.857145546999959, 15.224142449000055 ], [ -12.85686554699987, 15.223801449000064 ], [ -12.854827546999843, 15.221279449000122 ], [ -12.853282546999878, 15.218772448999971 ], [ -12.851995546999888, 15.21625544900013 ], [ -12.851143546999936, 15.214534448999984 ], [ -12.850334546999875, 15.212493449000078 ], [ -12.850000546999865, 15.212018449000027 ], [ -12.849140546999934, 15.210228449000056 ], [ -12.848970546999908, 15.209884449000185 ], [ -12.848970546999908, 15.209880449000025 ], [ -12.84879754699989, 15.207175449000033 ], [ -12.848581414999956, 15.205769713000109 ], [ -12.848430546999907, 15.204788449000091 ], [ -12.847862546999977, 15.20418644900019 ], [ -12.847814546999928, 15.204069449000087 ], [ -12.847577546999958, 15.203889449000144 ], [ -12.846581546999971, 15.203108449000183 ], [ -12.845841546999907, 15.202388449000068 ], [ -12.845093546999919, 15.20198244900007 ], [ -12.843433546999961, 15.200642449000043 ], [ -12.841520546999959, 15.200323449000109 ], [ -12.841356546999975, 15.200257449000162 ], [ -12.841213546999882, 15.200272449000181 ], [ -12.840468546999887, 15.200148449000039 ], [ -12.839343546999885, 15.200470449000022 ], [ -12.838151546999939, 15.200596449000159 ], [ -12.83720154699995, 15.201084449 ], [ -12.836583546999975, 15.201261449000128 ], [ -12.832875546999958, 15.203982449000023 ], [ -12.832211546999872, 15.204597449000062 ], [ -12.831031546999952, 15.205719449000185 ], [ -12.829286546999981, 15.207310449000033 ], [ -12.829267546999915, 15.207328449000102 ], [ -12.828753546999963, 15.207760449000148 ], [ -12.825211546999981, 15.210495449000121 ], [ -12.822968546999903, 15.212347449000049 ], [ -12.821743546999926, 15.213233448999972 ], [ -12.819512546999874, 15.214576449000106 ], [ -12.818290546999947, 15.215224449000061 ], [ -12.812732546999939, 15.216146449000121 ], [ -12.809988546999932, 15.21637844900016 ], [ -12.809539546999929, 15.216375449000111 ], [ -12.806862546999923, 15.216646449000109 ], [ -12.804212546999963, 15.216573449000123 ], [ -12.801086546999954, 15.216231449000077 ], [ -12.799223546999883, 15.215530448999971 ], [ -12.797531546999892, 15.214508449000164 ], [ -12.797622546999946, 15.214569449000066 ], [ -12.795282546999942, 15.213484449000134 ], [ -12.793749546999948, 15.212753449000047 ], [ -12.79026954699998, 15.210530448999975 ], [ -12.78976613899988, 15.210018355000102 ], [ -12.788439750999828, 15.209576275000074 ], [ -12.788555662999897, 15.208786992000057 ], [ -12.787719546999938, 15.207936449000101 ], [ -12.786510546999978, 15.206007449000026 ], [ -12.784909546999927, 15.203104449000023 ], [ -12.784818546999873, 15.20290144900008 ], [ -12.784542546999944, 15.202277449000121 ], [ -12.783372546999942, 15.198686449000036 ], [ -12.78239754699996, 15.196218449000128 ], [ -12.782162546999928, 15.195394449000162 ], [ -12.781058546999816, 15.190377448999982 ], [ -12.78131254699997, 15.185248448999971 ], [ -12.783151546999875, 15.180801449000114 ], [ -12.784390546999816, 15.177350449000016 ], [ -12.784484546999977, 15.177070449000155 ], [ -12.784580546999905, 15.176841449 ], [ -12.784598546999973, 15.176731449000158 ], [ -12.785777546999896, 15.173224449000031 ], [ -12.786400546999857, 15.17136444900018 ], [ -12.787055546999966, 15.169715448999966 ], [ -12.787799546999963, 15.166268449000029 ], [ -12.787927546999981, 15.163175449000107 ], [ -12.78764854699989, 15.161131449000095 ], [ -12.787625546999948, 15.160438449000139 ], [ -12.787012546999961, 15.156858449000026 ], [ -12.787000546999934, 15.15682244900006 ], [ -12.78695054699989, 15.156505449000122 ], [ -12.786792546999948, 15.156216449000055 ], [ -12.786275546999889, 15.154707449000057 ], [ -12.784180546999949, 15.151953449000075 ], [ -12.783899546999976, 15.151759449000053 ], [ -12.78387654699992, 15.151727449000077 ], [ -12.780676546999928, 15.149447449000036 ], [ -12.777967546999946, 15.147647449000146 ], [ -12.775809546999938, 15.147082449000152 ], [ -12.775066546999881, 15.146796449000078 ], [ -12.772346546999927, 15.146065449 ], [ -12.770207546999927, 15.145340449000059 ], [ -12.768859546999977, 15.145043449000184 ], [ -12.766535546999876, 15.144339449000029 ], [ -12.763496546999875, 15.143106449000129 ], [ -12.762940546999971, 15.142799449000108 ], [ -12.759368546999895, 15.141469449000056 ], [ -12.758545546999926, 15.141252449000035 ], [ -12.757778546999816, 15.140968449000184 ], [ -12.75440262699982, 15.13925481300015 ], [ -12.751050450999912, 15.148161677000076 ], [ -12.715121999999837, 15.243625 ], [ -12.700159571999961, 15.285557513000128 ], [ -12.693778, 15.303442 ], [ -12.656483498999933, 15.418177667000066 ], [ -12.651543, 15.433377 ], [ -12.608422919999896, 15.555401010000139 ], [ -12.609459159999972, 15.561255412000094 ], [ -12.668437430999916, 15.578548312000066 ], [ -12.68343703499994, 15.680540243000053 ] ] ] } },
{ "type": "Feature", "properties": { "adm2_name": "Mounguel", "adm2_name1": null, "adm2_name2": null, "adm2_name3": null, "adm2_pcode": "MR044", "adm1_name": "Gorgol", "adm1_name1": null, "adm1_name2": null, "adm1_name3": null, "adm1_pcode": "MR04", "adm0_name": "Mauritanie", "adm0_name1": null, "adm0_name2": null, "adm0_name3": null, "adm0_pcode": "MR", "valid_on": "2024-03-27", "valid_to": null, "area_sqkm": 1694.6225738099999, "version": "v03", "lang": "fr", "lang1": null, "lang2": null, "lang3": null, "adm2_ref": "None", "center_lat": 16.48749446, "center_lon": -12.96706017 }, "geometry": { "type": "Polygon", "coordinates": [ [ [ -12.753078827999957, 16.583228557000155 ], [ -12.755508899999938, 16.586990261000153 ], [ -12.75866699099987, 16.590835956000092 ], [ -12.760572049999951, 16.595025627000098 ], [ -12.763344136999876, 16.601872091000132 ], [ -12.766167225999936, 16.608953536000115 ], [ -12.766444244999946, 16.614054140000064 ], [ -12.767327276999936, 16.617787849000024 ], [ -12.770029359999967, 16.623419407000029 ], [ -12.77381047199998, 16.629878898000072 ], [ -12.775727532999952, 16.634770516000117 ], [ -12.778677623999897, 16.640726048000147 ], [ -12.781621712999936, 16.646306610000011 ], [ -12.785608825999873, 16.65065626400002 ], [ -12.789955944999974, 16.653316049000125 ], [ -12.794736074999946, 16.655875841000181 ], [ -12.799304195999923, 16.657268723000129 ], [ -12.804157324999835, 16.658375627000055 ], [ -12.808953449999933, 16.658968571000059 ], [ -12.814474594999865, 16.659459521000031 ], [ -12.818806710999922, 16.661276371000042 ], [ -12.822683819999895, 16.664784091000058 ], [ -12.82706694299992, 16.66902075400003 ], [ -12.832153083999913, 16.673136424 ], [ -12.835443176999945, 16.676278174000117 ], [ -12.838950277999857, 16.680774819000078 ], [ -12.84134134999988, 16.685098479000089 ], [ -12.842047378999951, 16.689818112000069 ], [ -12.842241397999942, 16.695762652000042 ], [ -12.841913404999957, 16.702369141000133 ], [ -12.841447401999972, 16.706402830000059 ], [ -12.840780392999932, 16.709970555999973 ], [ -12.839825383999937, 16.716632043000061 ], [ -12.837584336999896, 16.72148367200009 ], [ -12.835193285999935, 16.72605732400018 ], [ -12.833106243999907, 16.731515906000084 ], [ -12.832344239999941, 16.738175393000176 ], [ -12.83217624599996, 16.742673045000174 ], [ -12.831618240999887, 16.746987713000124 ], [ -12.831358252999962, 16.754764113000135 ], [ -12.831433033999929, 16.754992444000095 ], [ -12.844894, 16.74135 ], [ -12.852747, 16.733873 ], [ -12.861253159999933, 16.71828659099998 ], [ -12.861238999999898, 16.718284 ], [ -12.878616, 16.684583000000146 ], [ -12.932633, 16.61912000000018 ], [ -12.946457086999885, 16.616037013999971 ], [ -12.964176839999936, 16.612085234000062 ], [ -13.118073, 16.577764000000172 ], [ -13.117053, 16.579742 ], [ -13.168811999999889, 16.528868000000159 ], [ -13.164813825999943, 16.450661149000098 ], [ -13.164813407999816, 16.45065297300016 ], [ -13.164812999999867, 16.450645000000122 ], [ -13.185741745999906, 16.450662998000155 ], [ -13.185744, 16.450663000000191 ], [ -13.183505, 16.41471700000011 ], [ -13.185834416999967, 16.414000071000032 ], [ -13.220923738999886, 16.40320055400008 ], [ -13.222235864999902, 16.402796718000104 ], [ -13.221187961999817, 16.40035215100005 ], [ -13.190308919999893, 16.328316960000109 ], [ -13.154024738999965, 16.235960055000135 ], [ -13.153136039999936, 16.233697980000102 ], [ -13.150977934999901, 16.233774043000096 ], [ -13.081609079999907, 16.236218970000152 ], [ -13.079097221999973, 16.235193205000087 ], [ -13.071365169999979, 16.23203567600001 ], [ -13.03844838699996, 16.219496250000077 ], [ -13.038258990999907, 16.21921218600005 ], [ -13.038326738999842, 16.218543808000163 ], [ -13.037621275999982, 16.218255720000116 ], [ -13.032677879999881, 16.216236990000084 ], [ -13.017134159999955, 16.21536696000004 ], [ -12.998454839999965, 16.22504097 ], [ -12.995319894999909, 16.222524952000015 ], [ -12.936444786999971, 16.235496216 ], [ -12.931444668999973, 16.240494837000142 ], [ -12.927308576999962, 16.247195323000142 ], [ -12.92516053099996, 16.251318006000133 ], [ -12.918445377999888, 16.260494304000133 ], [ -12.917444360999923, 16.264492994000079 ], [ -12.915444313999842, 16.266493842000045 ], [ -12.910444192999933, 16.270493541000178 ], [ -12.908248140999945, 16.272706373000119 ], [ -12.905027065999889, 16.276056119000145 ], [ -12.902445003999958, 16.278491934000158 ], [ -12.901444998999978, 16.287492235000116 ], [ -12.899657962999981, 16.292031884000096 ], [ -12.896973901999957, 16.295897589000106 ], [ -12.895444865999934, 16.297491468000089 ], [ -12.89468084899994, 16.298409398000047 ], [ -12.886443655999926, 16.307489707000059 ], [ -12.885444636999921, 16.310489476000157 ], [ -12.885444645999939, 16.314489164000179 ], [ -12.884104621999882, 16.319131805000154 ], [ -12.87644444499989, 16.3284880920001 ], [ -12.875039410999932, 16.329523015000177 ], [ -12.872443347999877, 16.331487867000021 ], [ -12.86744323399995, 16.338487333000103 ], [ -12.866444212999909, 16.34048817900009 ], [ -12.863443141999937, 16.343487952000032 ], [ -12.858443021999847, 16.347487651000108 ], [ -12.85744400699997, 16.352486264000106 ], [ -12.856442987999912, 16.355486032000158 ], [ -12.852443897999876, 16.361486573000036 ], [ -12.849442833999888, 16.367486113000155 ], [ -12.847443790999876, 16.371485806000067 ], [ -12.844442713999911, 16.37148581200006 ], [ -12.841442637999933, 16.372484740000118 ], [ -12.833443437999961, 16.375485524000055 ], [ -12.831443390999937, 16.377485372000137 ], [ -12.830442369999957, 16.379484219000062 ], [ -12.827442293999979, 16.380484147000175 ], [ -12.818442060999928, 16.380484166000087 ], [ -12.811441883999919, 16.38248402500011 ], [ -12.812442921999889, 16.387483634000148 ], [ -12.813441956999952, 16.391484321000121 ], [ -12.816442049999921, 16.398483770000098 ], [ -12.815442028999882, 16.400482617000023 ], [ -12.810421910999935, 16.406003198000178 ], [ -12.80878487099983, 16.406849136000176 ], [ -12.801675687999932, 16.407498100000055 ], [ -12.800946668999927, 16.407561097000041 ], [ -12.791442429999847, 16.410481890000028 ], [ -12.788111348999905, 16.413048697000022 ], [ -12.786698315999956, 16.414489588000151 ], [ -12.783605247999958, 16.419914173 ], [ -12.783441244999949, 16.420482129000106 ], [ -12.781442204999962, 16.425480744000083 ], [ -12.779442159999917, 16.428480515000047 ], [ -12.77744212399989, 16.435479975000078 ], [ -12.77744213099993, 16.438479742000027 ], [ -12.780441214999883, 16.441479503000153 ], [ -12.781442245999926, 16.443480345000125 ], [ -12.779276200999959, 16.448558955000067 ], [ -12.778039169999943, 16.449067917999969 ], [ -12.772442025999908, 16.449478898000052 ], [ -12.769441959999938, 16.454479516000106 ], [ -12.768440940999881, 16.45747928500009 ], [ -12.766004882999937, 16.45986210500007 ], [ -12.767906947999847, 16.466814560000046 ], [ -12.769046987999957, 16.471482195000135 ], [ -12.769232004999878, 16.476864777000173 ], [ -12.767205959999842, 16.480122528000152 ], [ -12.766028939999956, 16.485007151000104 ], [ -12.768818023999927, 16.489981759000102 ], [ -12.770950086999903, 16.493231502000128 ], [ -12.77072708299994, 16.494405412000106 ], [ -12.765855965999947, 16.498121133000154 ], [ -12.761036842999943, 16.499120066000103 ], [ -12.756385727999941, 16.501474892999966 ], [ -12.751737619999915, 16.507014473000027 ], [ -12.749554568999883, 16.509571279 ], [ -12.747892536999927, 16.51436891000003 ], [ -12.746478511999896, 16.519584508000094 ], [ -12.744494473999964, 16.525370063000025 ], [ -12.743288449999852, 16.528522821000081 ], [ -12.741654415999903, 16.532103547000077 ], [ -12.739255362999927, 16.536208233000025 ], [ -12.736610302999907, 16.540034942000034 ], [ -12.735528285999919, 16.544825573000026 ], [ -12.7354292899999, 16.547683351000046 ], [ -12.736638327999913, 16.550618121000014 ], [ -12.737936366999861, 16.553128924000021 ], [ -12.739424410999959, 16.555451740000024 ], [ -12.741279461999966, 16.556504655000026 ], [ -12.743711526999959, 16.55740957900008 ], [ -12.747578632999819, 16.56026235000013 ], [ -12.751415741999949, 16.564286030000176 ], [ -12.753815814999939, 16.569171646000143 ], [ -12.754427841999927, 16.574033268000051 ], [ -12.75293281099988, 16.57728401900016 ], [ -12.753078827999957, 16.583228557000155 ] ] ] } },
{ "type": "Feature", "properties": { "adm2_name": "Wompou", "adm2_name1": null, "adm2_name2": null, "adm2_name3": null, "adm2_pcode": "MR104", "adm1_name": "Guidimagha", "adm1_name1": null, "adm1_name2": null, "adm1_name3": null, "adm1_pcode": "MR10", "adm0_name": "Mauritanie", "adm0_name1": null, "adm0_name2": null, "adm0_name3": null, "adm0_pcode": "MR", "valid_on": "2024-03-27", "valid_to": null, "area_sqkm": 2202.91310084, "version": "v03", "lang": "fr", "lang1": null, "lang2": null, "lang3": null, "adm2_ref": "None", "center_lat": 15.36556095, "center_lon": -12.47560499 }, "geometry": { "type": "Polygon", "coordinates": [ [ [ -12.321106414999974, 15.563248591999979 ], [ -12.332481801999961, 15.60109019600003 ], [ -12.348631742999942, 15.623885309000059 ], [ -12.402034020999963, 15.706984825000177 ], [ -12.402412, 15.707573 ], [ -12.413918254999885, 15.698287267000126 ], [ -12.435431638999887, 15.685540342000138 ], [ -12.466431391999947, 15.662541092000026 ], [ -12.469431462999921, 15.65954232200005 ], [ -12.472432533999893, 15.65654255200019 ], [ -12.475432596999894, 15.649543098000152 ], [ -12.479229755999938, 15.629609869000092 ], [ -12.479633417999935, 15.628143260000172 ], [ -12.484432764999838, 15.61854552200009 ], [ -12.490170679999949, 15.589858636000088 ], [ -12.496425085999874, 15.567134745000089 ], [ -12.497074816999941, 15.566673677000153 ], [ -12.498355251999897, 15.565765043000113 ], [ -12.525432672999955, 15.546550120000177 ], [ -12.531433818999915, 15.54255042300008 ], [ -12.535432915999934, 15.539550652000116 ], [ -12.606578795999837, 15.560410866000041 ], [ -12.609459159999972, 15.561255412000094 ], [ -12.608422919999896, 15.555401010000139 ], [ -12.651543, 15.433377 ], [ -12.656483498999933, 15.418177667000066 ], [ -12.693778, 15.303442 ], [ -12.700159571999961, 15.285557513000128 ], [ -12.715121999999837, 15.243625 ], [ -12.751050450999912, 15.148161677000076 ], [ -12.75440262699982, 15.13925481300015 ], [ -12.755563999999879, 15.136169000000166 ], [ -12.755855796999981, 15.135446243000104 ], [ -12.753897060999975, 15.134655449000093 ], [ -12.75192706099989, 15.133453449000115 ], [ -12.750326059999963, 15.132254449000186 ], [ -12.748849059999941, 15.131293449000054 ], [ -12.747741059999953, 15.130216449000159 ], [ -12.746388060999891, 15.129018449000114 ], [ -12.745526059999975, 15.128537449000135 ], [ -12.744573059999823, 15.127863449000131 ], [ -12.742694059999963, 15.126497449000112 ], [ -12.741463059999887, 15.125538449000146 ], [ -12.740018059999954, 15.124385449000158 ], [ -12.739003059999902, 15.1227874490001 ], [ -12.736819059999959, 15.12103544900009 ], [ -12.735958059999973, 15.11983944900004 ], [ -12.734604059999924, 15.118999449000171 ], [ -12.73337405999996, 15.117325449000077 ], [ -12.731497059999981, 15.115008449000186 ], [ -12.730175059999908, 15.113737448999984 ], [ -12.72808305999996, 15.11193944900009 ], [ -12.726113059999932, 15.110143448000088 ], [ -12.724359059999927, 15.108421449000161 ], [ -12.722576060999927, 15.106526449000057 ], [ -12.720174059999977, 15.104946449000067 ], [ -12.717466060999982, 15.102550449000034 ], [ -12.715127060999976, 15.101108449000094 ], [ -12.712295059999974, 15.099664448999988 ], [ -12.708755059999817, 15.097903449000114 ], [ -12.704658059999929, 15.097120448999988 ], [ -12.703555215999813, 15.096571306000158 ], [ -12.702431770999851, 15.095574230000068 ], [ -12.700547237999956, 15.094888946000026 ], [ -12.698719811999922, 15.094317875000115 ], [ -12.696721063999917, 15.09266177000012 ], [ -12.695293387999925, 15.091862270999968 ], [ -12.693465961999891, 15.091405414000121 ], [ -12.691752749999978, 15.090034845000105 ], [ -12.689650738999887, 15.089056432000064 ], [ -12.688899060999972, 15.08727144900007 ], [ -12.687412612999879, 15.084723888000099 ], [ -12.686042042999929, 15.082839355000033 ], [ -12.684717059999969, 15.081891449000125 ], [ -12.683586439999942, 15.081183250000038 ], [ -12.68255851299989, 15.08124035700007 ], [ -12.681187942999941, 15.081411678000109 ], [ -12.679910059999884, 15.082339449000074 ], [ -12.679168059999938, 15.084001449000084 ], [ -12.679042059999915, 15.086261449 ], [ -12.678792059999921, 15.088402449000057 ], [ -12.679652059999853, 15.090192448000096 ], [ -12.679526059999887, 15.092214449000153 ], [ -12.67927705999989, 15.093998448999969 ], [ -12.679396059999874, 15.096735449000107 ], [ -12.678531059999898, 15.098634449000031 ], [ -12.676432059999968, 15.101835448000145 ], [ -12.672855059999961, 15.103837449000139 ], [ -12.670389060999923, 15.105013448000022 ], [ -12.667554059999929, 15.105592449000028 ], [ -12.665335059999904, 15.106293449000134 ], [ -12.66311706099998, 15.105923449000045 ], [ -12.661145059999967, 15.105911448000029 ], [ -12.658558059999962, 15.105301449000137 ], [ -12.655603059999976, 15.103499449000083 ], [ -12.652525059999959, 15.101815448000082 ], [ -12.649447060999933, 15.099893449000149 ], [ -12.64649105999996, 15.09868644900007 ], [ -12.643166060999818, 15.097357449000071 ], [ -12.640210059999902, 15.096388449000187 ], [ -12.637254059999862, 15.095181449000165 ], [ -12.634668059999967, 15.093857449000041 ], [ -12.631589059999897, 15.092649448000031 ], [ -12.629495060999943, 15.091804449000165 ], [ -12.626047059999848, 15.090237449000028 ], [ -12.622968059999891, 15.089148449000163 ], [ -12.620874059999949, 15.08818444800005 ], [ -12.616440059999945, 15.086611449000031 ], [ -12.614101059999882, 15.085169449000091 ], [ -12.611023059999923, 15.082890449000161 ], [ -12.60757506099992, 15.081442449000065 ], [ -12.605851059999907, 15.080837449000114 ], [ -12.602772059999893, 15.07927244800004 ], [ -12.46187303999983, 15.098663970000075 ], [ -12.45910547699998, 15.1037219480001 ], [ -12.380799, 15.223693 ], [ -12.332444370999951, 15.213322653000091 ], [ -12.277308584999957, 15.214059904000067 ], [ -12.275935919999881, 15.312691980000182 ], [ -12.275943971999936, 15.312944228000106 ], [ -12.279763, 15.432583000000136 ], [ -12.288526, 15.467060000000117 ], [ -12.321106414999974, 15.563248591999979 ] ] ] } },
{ "type": "Feature", "properties": { "adm2_name": "Sélibaby", "adm2_name1": null, "adm2_name2": null, "adm2_name3": null, "adm2_pcode": "MR102", "adm1_name": "Guidimagha", "adm1_name1": null, "adm1_name2": null, "adm1_name3": null, "adm1_pcode": "MR10", "adm0_name": "Mauritanie", "adm0_name1": null, "adm0_name2": null, "adm0_name3": null, "adm0_pcode": "MR", "valid_on": "2024-03-27", "valid_to": null, "area_sqkm": 1677.69137282, "version": "v03", "lang": "fr", "lang1": null, "lang2": null, "lang3": null, "adm2_ref": "Selibaby", "center_lat": 15.48282539, "center_lon": -12.18025741 }, "geometry": { "type": "Polygon", "coordinates": [ [ [ -12.083273613999893, 15.25904575800007 ], [ -12.011632994999957, 15.298851077999984 ], [ -11.966836845999921, 15.331067859000143 ], [ -11.951754839999921, 15.342130980000036 ], [ -11.952283949999924, 15.342769249000185 ], [ -11.999418736999871, 15.379564323000125 ], [ -12.00941901799996, 15.390564434000169 ], [ -12.065420526999958, 15.420561957000132 ], [ -12.055421354999964, 15.463558580000097 ], [ -12.075835953999899, 15.498590776000015 ], [ -12.096421557999918, 15.533551978000105 ], [ -12.125423389999924, 15.573548768000137 ], [ -12.13142960499988, 15.602798451000069 ], [ -12.133647713999892, 15.627708485000028 ], [ -12.141105936999963, 15.642471308000154 ], [ -12.144915071999947, 15.659881930000097 ], [ -12.157158445999926, 15.687556728000175 ], [ -12.163424654999858, 15.71053890800016 ], [ -12.166424782999911, 15.734537015000058 ], [ -12.172423948999892, 15.73953661000013 ], [ -12.20513387799997, 15.779066440000179 ], [ -12.207424956999887, 15.788532691000171 ], [ -12.213426136999942, 15.800531737000142 ], [ -12.267973662999964, 15.85481736800017 ], [ -12.277280843999961, 15.826366583000038 ], [ -12.288913107999917, 15.808380972000066 ], [ -12.315695761999905, 15.789957367000056 ], [ -12.401430805999951, 15.707537678000165 ], [ -12.402034020999963, 15.706984825000177 ], [ -12.348631742999942, 15.623885309000059 ], [ -12.332481801999961, 15.60109019600003 ], [ -12.321106414999974, 15.563248591999979 ], [ -12.288526, 15.467060000000117 ], [ -12.279763, 15.432583000000136 ], [ -12.275943971999936, 15.312944228000106 ], [ -12.275935919999881, 15.312691980000182 ], [ -12.277308584999957, 15.214059904000067 ], [ -12.213471959999936, 15.217764030000126 ], [ -12.206379117999973, 15.212937006000061 ], [ -12.203399159999947, 15.210909000000129 ], [ -12.210275159999924, 15.207573960000047 ], [ -12.218523119999873, 15.20157501 ], [ -12.224703959999943, 15.195576960000039 ], [ -12.231569159999935, 15.187581990000069 ], [ -12.236049, 15.175725030000081 ], [ -12.237738839999963, 15.1732150200001 ], [ -12.239074079999966, 15.159612960000118 ], [ -12.236972039999841, 15.144302970000126 ], [ -12.234633119999955, 15.138908010000137 ], [ -12.230746919999831, 15.130995030000179 ], [ -12.223842839999861, 15.121682010000029 ], [ -12.226101222999944, 15.11916658500013 ], [ -12.22495204199987, 15.118016626000156 ], [ -12.22225196699992, 15.115629821000084 ], [ -12.219405889999905, 15.113413002000073 ], [ -12.216425808999816, 15.111375169000155 ], [ -12.213322724999898, 15.109523322000143 ], [ -12.210108638999884, 15.107866459999968 ], [ -12.206796549999979, 15.106408582000142 ], [ -12.203398459999903, 15.105156688000136 ], [ -12.199928367999917, 15.104115777000061 ], [ -12.196400275999963, 15.103288849000023 ], [ -12.192825181999922, 15.102680904000124 ], [ -12.189220087999956, 15.102291942000079 ], [ -12.185595994999971, 15.102124962000119 ], [ -12.181969900999945, 15.102180964000127 ], [ -12.178352807999829, 15.102458949000095 ], [ -12.174761716999967, 15.102957916000094 ], [ -12.171207625999898, 15.103675866000174 ], [ -12.167706537999948, 15.104609798000183 ], [ -12.164271450999934, 15.105756714000051 ], [ -12.160914366999975, 15.10711161200004 ], [ -12.157650285999921, 15.10867049400008 ], [ -12.154490207999913, 15.110425361000068 ], [ -12.151447133999966, 15.112371212000028 ], [ -12.148533061999956, 15.114499049000131 ], [ -12.14575799499994, 15.116801871000064 ], [ -12.143133932999831, 15.11927068000017 ], [ -12.139852295999901, 15.122883594000143 ], [ -12.13837781999996, 15.124665260000086 ], [ -12.136263771999893, 15.12757003300004 ], [ -12.134337727999878, 15.130599796000126 ], [ -12.132605688999945, 15.133740550000141 ], [ -12.132054802999903, 15.134907736000059 ], [ -12.131075655999894, 15.136982296000099 ], [ -12.129753628999936, 15.140311034000035 ], [ -12.128643606999958, 15.14371476600013 ], [ -12.12774959099994, 15.147179493000181 ], [ -12.127076579999937, 15.150693215000103 ], [ -12.126626575999921, 15.154239934000032 ], [ -12.126465515999939, 15.156794508000189 ], [ -12.126401576999967, 15.157808651000153 ], [ -12.12640158399995, 15.161383368000088 ], [ -12.126626596999927, 15.164952084000106 ], [ -12.127076615999954, 15.168498802000101 ], [ -12.127749639999934, 15.172012522000045 ], [ -12.128643669999917, 15.175477245000138 ], [ -12.129753704999928, 15.178880973 ], [ -12.131075745999908, 15.182209705999981 ], [ -12.132605791999936, 15.185451446000172 ], [ -12.134337842999969, 15.188592193999966 ], [ -12.136263898999914, 15.191621950000012 ], [ -12.138377958999968, 15.194526716000041 ], [ -12.140671023999971, 15.197297491000029 ], [ -12.143134092999844, 15.19992127900008 ], [ -12.145758165999894, 15.202390078000121 ], [ -12.148533241999928, 15.204692890000047 ], [ -12.149345118999918, 15.205285713000023 ], [ -12.083273613999893, 15.25904575800007 ] ] ] } },
{ "type": "Feature", "properties": { "adm2_name": "Ghabou", "adm2_name1": null, "adm2_name2": null, "adm2_name3": null, "adm2_pcode": "MR103", "adm1_name": "Guidimagha", "adm1_name1": null, "adm1_name2": null, "adm1_name3": null, "adm1_pcode": "MR10", "adm0_name": "Mauritanie", "adm0_name1": null, "adm0_name2": null, "adm0_name3": null, "adm0_pcode": "MR", "valid_on": "2024-03-27", "valid_to": null, "area_sqkm": 3383.0310910600001, "version": "v03", "lang": "fr", "lang1": null, "lang2": null, "lang3": null, "adm2_ref": "None", "center_lat": 15.02939895, "center_lon": -12.17351613 }, "geometry": { "type": "Polygon", "coordinates": [ [ [ -11.813698079999938, 15.127521030000139 ], [ -11.806027919999906, 15.137001 ], [ -11.811999959999923, 15.149375010000028 ], [ -11.835583919999976, 15.164845020000143 ], [ -11.834295839999982, 15.186353039999972 ], [ -11.823458039999934, 15.192223020000029 ], [ -11.824653869999963, 15.19387168500009 ], [ -11.906660159999944, 15.306931980000172 ], [ -11.951391924999939, 15.341847703000155 ], [ -11.95161058399998, 15.342018379000081 ], [ -11.951754839999921, 15.342130980000036 ], [ -11.966836845999921, 15.331067859000143 ], [ -12.011632994999957, 15.298851077999984 ], [ -12.083273613999893, 15.25904575800007 ], [ -12.149345118999918, 15.205285713000023 ], [ -12.148533241999928, 15.204692890000047 ], [ -12.145758165999894, 15.202390078000121 ], [ -12.143134092999844, 15.19992127900008 ], [ -12.140671023999971, 15.197297491000029 ], [ -12.138377958999968, 15.194526716000041 ], [ -12.136263898999914, 15.191621950000012 ], [ -12.134337842999969, 15.188592193999966 ], [ -12.132605791999936, 15.185451446000172 ], [ -12.131075745999908, 15.182209705999981 ], [ -12.129753704999928, 15.178880973 ], [ -12.128643669999917, 15.175477245000138 ], [ -12.127749639999934, 15.172012522000045 ], [ -12.127076615999954, 15.168498802000101 ], [ -12.126626596999927, 15.164952084000106 ], [ -12.12640158399995, 15.161383368000088 ], [ -12.126401576999967, 15.157808651000153 ], [ -12.126465515999939, 15.156794508000189 ], [ -12.126626575999921, 15.154239934000032 ], [ -12.127076579999937, 15.150693215000103 ], [ -12.12774959099994, 15.147179493000181 ], [ -12.128643606999958, 15.14371476600013 ], [ -12.129753628999936, 15.140311034000035 ], [ -12.131075655999894, 15.136982296000099 ], [ -12.132054802999903, 15.134907736000059 ], [ -12.132605688999945, 15.133740550000141 ], [ -12.134337727999878, 15.130599796000126 ], [ -12.136263771999893, 15.12757003300004 ], [ -12.13837781999996, 15.124665260000086 ], [ -12.139852295999901, 15.122883594000143 ], [ -12.143133932999831, 15.11927068000017 ], [ -12.14575799499994, 15.116801871000064 ], [ -12.148533061999956, 15.114499049000131 ], [ -12.151447133999966, 15.112371212000028 ], [ -12.154490207999913, 15.110425361000068 ], [ -12.157650285999921, 15.10867049400008 ], [ -12.160914366999975, 15.10711161200004 ], [ -12.164271450999934, 15.105756714000051 ], [ -12.167706537999948, 15.104609798000183 ], [ -12.171207625999898, 15.103675866000174 ], [ -12.174761716999967, 15.102957916000094 ], [ -12.178352807999829, 15.102458949000095 ], [ -12.181969900999945, 15.102180964000127 ], [ -12.185595994999971, 15.102124962000119 ], [ -12.189220087999956, 15.102291942000079 ], [ -12.192825181999922, 15.102680904000124 ], [ -12.196400275999963, 15.103288849000023 ], [ -12.199928367999917, 15.104115777000061 ], [ -12.203398459999903, 15.105156688000136 ], [ -12.206796549999979, 15.106408582000142 ], [ -12.210108638999884, 15.107866459999968 ], [ -12.213322724999898, 15.109523322000143 ], [ -12.216425808999816, 15.111375169000155 ], [ -12.219405889999905, 15.113413002000073 ], [ -12.22225196699992, 15.115629821000084 ], [ -12.22495204199987, 15.118016626000156 ], [ -12.226101222999944, 15.11916658500013 ], [ -12.223842839999861, 15.121682010000029 ], [ -12.230746919999831, 15.130995030000179 ], [ -12.234633119999955, 15.138908010000137 ], [ -12.236972039999841, 15.144302970000126 ], [ -12.239074079999966, 15.159612960000118 ], [ -12.237738839999963, 15.1732150200001 ], [ -12.236049, 15.175725030000081 ], [ -12.231569159999935, 15.187581990000069 ], [ -12.224703959999943, 15.195576960000039 ], [ -12.218523119999873, 15.20157501 ], [ -12.210275159999924, 15.207573960000047 ], [ -12.203399159999947, 15.210909000000129 ], [ -12.206379117999973, 15.212937006000061 ], [ -12.213471959999936, 15.217764030000126 ], [ -12.277308584999957, 15.214059904000067 ], [ -12.332444370999951, 15.213322653000091 ], [ -12.380799, 15.223693 ], [ -12.45910547699998, 15.1037219480001 ], [ -12.46187303999983, 15.098663970000075 ], [ -12.602772059999893, 15.07927244800004 ], [ -12.600802059999978, 15.078309449000017 ], [ -12.597970059999966, 15.076626449000059 ], [ -12.596370059999913, 15.074951449000025 ], [ -12.595264059999977, 15.073159449000059 ], [ -12.593911059999925, 15.070890449000103 ], [ -12.593050059999939, 15.0701714490001 ], [ -12.591697059999888, 15.068021449000014 ], [ -12.590837059999956, 15.066112449000173 ], [ -12.589115059999926, 15.064198448000184 ], [ -12.586654059999887, 15.061447448000081 ], [ -12.584562059999882, 15.059293449000108 ], [ -12.582717059999936, 15.057497449000039 ], [ -12.580748059999905, 15.055462449000061 ], [ -12.579024060999814, 15.054262449000078 ], [ -12.57668406099998, 15.053773449000118 ], [ -12.574590059999935, 15.052571449000141 ], [ -12.572497059999932, 15.051487449000149 ], [ -12.570774059999962, 15.049930449000101 ], [ -12.569052059999933, 15.048016448999988 ], [ -12.56868505999995, 15.046110449000025 ], [ -12.567619664999881, 15.044170856000051 ], [ -12.566718059999971, 15.042529449000028 ], [ -12.564379060999897, 15.041206449000185 ], [ -12.562039060999837, 15.040240449 ], [ -12.560438059999967, 15.039398448999975 ], [ -12.557606059999955, 15.037953449000156 ], [ -12.555143059999978, 15.036749449000183 ], [ -12.554281059999823, 15.035792449000041 ], [ -12.552437059999932, 15.033163449000142 ], [ -12.55083905999993, 15.030298449000043 ], [ -12.548377059999893, 15.028499449000037 ], [ -12.545052060999865, 15.026932449000071 ], [ -12.543010932999891, 15.02660113200011 ], [ -12.539262060999874, 15.025471449000179 ], [ -12.536921060999873, 15.025457449000044 ], [ -12.534849381999891, 15.024959304000163 ], [ -12.531377059999841, 15.023997449000035 ], [ -12.528667059999975, 15.023624449000124 ], [ -12.524848059999897, 15.022769449000066 ], [ -12.520783059999928, 15.021555449000175 ], [ -12.516594059999875, 15.020697449000068 ], [ -12.515711708999959, 15.020513060000155 ], [ -12.487505693999879, 15.010965807000048 ], [ -12.487382808999939, 15.010854878000032 ], [ -12.485890125999958, 15.009302338 ], [ -12.484082527999874, 15.008022980000021 ], [ -12.481664255999931, 15.005478874 ], [ -12.480181800999901, 15.004501853000079 ], [ -12.478740637999977, 15.003418724000085 ], [ -12.477312961999871, 15.002288479000129 ], [ -12.474874013999965, 15.000563370000123 ], [ -12.473743769999942, 14.999492613000029 ], [ -12.472542141999838, 14.997910271000023 ], [ -12.471828303999928, 14.996601568000017 ], [ -12.471233438999889, 14.995054918000164 ], [ -12.469686788999923, 14.992318538000063 ], [ -12.468853977999856, 14.989939077000088 ], [ -12.468021166999961, 14.987440643000127 ], [ -12.467069381999977, 14.985299128000122 ], [ -12.465998624999941, 14.983157613000117 ], [ -12.465284785999927, 14.981135071000097 ], [ -12.464451974999974, 14.97935047600015 ], [ -12.463857109999935, 14.97732793400013 ], [ -12.463262243999907, 14.975424365000094 ], [ -12.461001756999963, 14.971379281000111 ], [ -12.458384348999914, 14.965311656000154 ], [ -12.455540605999886, 14.955998984000189 ], [ -12.455068569999924, 14.952340024000137 ], [ -12.454973391999943, 14.948152173000096 ], [ -12.454497499999945, 14.944916105000061 ], [ -12.454878212999972, 14.942441466000048 ], [ -12.455544462999967, 14.940062005000073 ], [ -12.456496246999905, 14.937397009000165 ], [ -12.45732303799997, 14.93493933700006 ], [ -12.45780645699989, 14.932426341000109 ], [ -12.457812456999932, 14.929441341000086 ], [ -12.457081456999958, 14.925739341000167 ], [ -12.456106456999919, 14.921559340999977 ], [ -12.455376456999829, 14.917380341000069 ], [ -12.454921043999889, 14.915509537 ], [ -12.454578400999878, 14.914024753000092 ], [ -12.454235758999857, 14.91236864900003 ], [ -12.454064437999875, 14.911454935999984 ], [ -12.453950223999925, 14.910484115000031 ], [ -12.453721795999968, 14.90928486700011 ], [ -12.453950223999925, 14.907171905000098 ], [ -12.454757334999954, 14.905566392000026 ], [ -12.45526368599991, 14.903802589 ], [ -12.456691362999891, 14.901632520000135 ], [ -12.456862683999873, 14.899862201000133 ], [ -12.457205325999894, 14.898091882000131 ], [ -12.456748469999923, 14.896435777000136 ], [ -12.455549221999888, 14.894494137000095 ], [ -12.454178651999939, 14.892552497000167 ], [ -12.452636760999894, 14.891296142000044 ], [ -12.445969456999876, 14.886807341000178 ], [ -12.439956456999937, 14.881549341000152 ], [ -12.437012540999888, 14.879320251000081 ], [ -12.434331567999948, 14.877184748000047 ], [ -12.430911092999963, 14.87465657100006 ], [ -12.42644960299998, 14.871533528000043 ], [ -12.422639604999915, 14.868813984999974 ], [ -12.420308605999878, 14.866424984000105 ], [ -12.418346604999897, 14.86343898400014 ], [ -12.416384605999951, 14.860929984000052 ], [ -12.414243919999933, 14.858996290999983 ], [ -12.411769279999874, 14.856807187000072 ], [ -12.40929464099986, 14.854998796000075 ], [ -12.407581428999947, 14.853666299000054 ], [ -12.406439287999945, 14.852048265000121 ], [ -12.405201968999961, 14.850620588000027 ], [ -12.403679112999839, 14.849097733000065 ], [ -12.402251436999904, 14.847765235000111 ], [ -12.401204473999883, 14.846718272000089 ], [ -12.399871975999872, 14.845480953000106 ], [ -12.398539476999929, 14.844243633000076 ], [ -12.397492513999964, 14.843387027000063 ], [ -12.395969659999935, 14.842815956000152 ], [ -12.394803723999928, 14.842494729000123 ], [ -12.393376046999833, 14.842078323000123 ], [ -12.391948369999909, 14.841780891000042 ], [ -12.390758639999888, 14.841364485000042 ], [ -12.388974043999951, 14.840888593000102 ], [ -12.387605853999958, 14.840353214000118 ], [ -12.385880744999952, 14.839936809000051 ], [ -12.384572041999945, 14.839579889 ], [ -12.383501283999976, 14.839401430000066 ], [ -12.38266847299991, 14.839163483 ], [ -12.381300282999973, 14.838568618000068 ], [ -12.379337226999894, 14.837438373999987 ], [ -12.377314684999874, 14.836486590000106 ], [ -12.375827521999952, 14.835356346000026 ], [ -12.374102412999946, 14.834345075000158 ], [ -12.372258330999955, 14.833512263000159 ], [ -12.370771167999976, 14.832382020000182 ], [ -12.369343489999892, 14.831370749000087 ], [ -12.367201975999933, 14.830359478000162 ], [ -12.365476866999927, 14.829467180000051 ], [ -12.364584568999874, 14.828872315000126 ], [ -12.362115605999975, 14.827703985000085 ], [ -12.355725605999908, 14.826625984000145 ], [ -12.351425605999907, 14.825548984000022 ], [ -12.348474604999922, 14.826024984000128 ], [ -12.343431605999911, 14.827334984000174 ], [ -12.340234605999967, 14.827929984000036 ], [ -12.33642460599998, 14.827450985000098 ], [ -12.334335604999978, 14.827090984000051 ], [ -12.332367604999945, 14.827686984000024 ], [ -12.328561604999948, 14.825535984 ], [ -12.325860605999935, 14.823503984000126 ], [ -12.32340460599994, 14.822188984000036 ], [ -12.320457605999934, 14.820634984000037 ], [ -12.316775605999908, 14.81740898400011 ], [ -12.314702773999898, 14.814899170000103 ], [ -12.311133581999911, 14.811092032000033 ], [ -12.308397201999981, 14.807403868000051 ], [ -12.305422875999909, 14.804191595000134 ], [ -12.302303605999953, 14.800325984000096 ], [ -12.297395605999952, 14.795666984000093 ], [ -12.294715301999929, 14.791937371000131 ], [ -12.29285829499986, 14.790243636000071 ], [ -12.290670217999889, 14.788725099000089 ], [ -12.289718433999951, 14.787059476000024 ], [ -12.288171783999871, 14.785274881000078 ], [ -12.287338971999873, 14.783847203999983 ], [ -12.28603026899998, 14.781943635000175 ], [ -12.28424567299993, 14.77980212000017 ], [ -12.282817996999938, 14.777898551000135 ], [ -12.279843669999934, 14.775162171000034 ], [ -12.278059073999884, 14.773972441000183 ], [ -12.276393450999933, 14.772663737000073 ], [ -12.275203720999968, 14.771830926000177 ], [ -12.273300151999933, 14.770165303000113 ], [ -12.270920691999891, 14.769213518000129 ], [ -12.269255068999939, 14.768618654000136 ], [ -12.266994580999949, 14.767547896000167 ], [ -12.265447930999869, 14.766953031000071 ], [ -12.263187442999879, 14.765763300000117 ], [ -12.261640793999902, 14.765049462000036 ], [ -12.259380304999922, 14.763978704000067 ], [ -12.257714682999961, 14.763383840000074 ], [ -12.255335221999815, 14.76267000100006 ], [ -12.25343165299995, 14.76183719 ], [ -12.251290137999945, 14.761004378 ], [ -12.24914862299994, 14.76064745900004 ], [ -12.246650189999912, 14.7601715670001 ], [ -12.244389700999932, 14.759576702 ], [ -12.241891266999971, 14.758981836000032 ], [ -12.239749752999899, 14.758624918000123 ], [ -12.23689439899988, 14.758505944999968 ], [ -12.234158018999892, 14.757911079000166 ], [ -12.232135476999872, 14.757792106000181 ], [ -12.230231907999951, 14.758030052000151 ], [ -12.229042177999929, 14.758267998000122 ], [ -12.226900662999981, 14.757911079000166 ], [ -12.225235039999916, 14.758267998000122 ], [ -12.223807363999924, 14.758149025000137 ], [ -12.221784821999904, 14.758386971999983 ], [ -12.219048441999917, 14.758030052000151 ], [ -12.215721605999875, 14.758364984000139 ], [ -12.209329604999937, 14.758002984000029 ], [ -12.201644298999895, 14.75933835100011 ], [ -12.200991194999858, 14.759495096000023 ], [ -12.199504694999973, 14.759679542000185 ], [ -12.195561604999853, 14.758711984000058 ], [ -12.189906604999919, 14.75882798400005 ], [ -12.185057840999946, 14.759124605000181 ], [ -12.181546605999927, 14.759539984000185 ], [ -12.179061598999965, 14.759838441999989 ], [ -12.176111067999955, 14.759981211000024 ], [ -12.173017767999909, 14.760076389000062 ], [ -12.169638932999931, 14.760837816000105 ], [ -12.16768777599998, 14.761599244000024 ], [ -12.166069742999866, 14.762075135999964 ], [ -12.163404745999969, 14.762693796000178 ], [ -12.160406624999894, 14.763550401000089 ], [ -12.155966605999879, 14.765853983999989 ], [ -12.152392605999921, 14.770388985000125 ], [ -12.150233368999977, 14.772158203000174 ], [ -12.138881366999954, 14.775760100000014 ], [ -12.134314605999919, 14.775034984000058 ], [ -12.131486605999953, 14.775152984000044 ], [ -12.130134332999887, 14.77471421100006 ], [ -12.126715999999874, 14.773747 ], [ -12.124365605999913, 14.770491984000046 ], [ -12.121176605999949, 14.767027984000151 ], [ -12.1181116059999, 14.762607985000102 ], [ -12.117132605999927, 14.760338984000043 ], [ -12.117179860999897, 14.759201562000044 ], [ -12.117261604999896, 14.757233984000152 ], [ -12.116282605999913, 14.754725984000117 ], [ -12.114744767999866, 14.752628675000039 ], [ -12.113674010999887, 14.751141512 ], [ -12.112727605999964, 14.749827984000035 ], [ -12.111294549999855, 14.748524106000161 ], [ -12.109985845999915, 14.747750781000036 ], [ -12.108921605999967, 14.747079984000038 ], [ -12.107725357999925, 14.746323104000112 ], [ -12.105762302999949, 14.745609265000155 ], [ -12.10385873499996, 14.744954914000061 ], [ -12.102193111999952, 14.744062616000178 ], [ -12.10023005599993, 14.74311083200007 ], [ -12.098980839999911, 14.742694426000128 ], [ -12.097910081999885, 14.741921101000173 ], [ -12.096660864999933, 14.741028803000063 ], [ -12.096184971999946, 14.740314965000152 ], [ -12.095352161999813, 14.739541640000027 ], [ -12.094400376999943, 14.738470882000058 ], [ -12.093151159999934, 14.737281152000037 ], [ -12.092377834999979, 14.736567313000023 ], [ -12.091545023999913, 14.735675016000187 ], [ -12.090236319999917, 14.73460425900015 ], [ -12.088570697999955, 14.733652474000166 ], [ -12.08708353399993, 14.732879150000144 ], [ -12.085239451999939, 14.731927365000161 ], [ -12.08238409899991, 14.73055917500011 ], [ -12.080896935999874, 14.729785850000155 ], [ -12.079409772999952, 14.729190985000059 ], [ -12.077149283999972, 14.728179714000134 ], [ -12.075364688999912, 14.727525362 ], [ -12.07411547199996, 14.727049470000054 ], [ -12.072033442999953, 14.726216658000055 ], [ -12.070241605999968, 14.725564984000187 ], [ -12.067907605999949, 14.724488984000118 ], [ -12.064590604999921, 14.723650984000074 ], [ -12.062255605999894, 14.723171984000032 ], [ -12.057957604999899, 14.72113998400016 ], [ -12.053538605999961, 14.718032984000104 ], [ -12.050958604999892, 14.716956984000092 ], [ -12.048287039999934, 14.719692960000145 ], [ -12.047831605999818, 14.720163140000125 ], [ -12.047510605999889, 14.720058984000048 ], [ -12.047435081999936, 14.720000155999969 ], [ -12.034697039999912, 14.733722970000144 ], [ -12.03435683999993, 14.751486989999989 ], [ -12.033901079999964, 14.764242960000104 ], [ -11.986677726999972, 14.761107580000044 ], [ -11.984529959999975, 14.760964980000153 ], [ -11.951350919999982, 14.770045980000077 ], [ -11.932692119999899, 14.787144000000126 ], [ -11.930852159999972, 14.82005700000019 ], [ -11.886528959999964, 14.829801030000112 ], [ -11.862417959999959, 14.846913990000132 ], [ -11.848826159999874, 14.85498600000011 ], [ -11.823261839999873, 14.883478020000155 ], [ -11.798984159999918, 14.895056969999985 ], [ -11.815259248999951, 14.935712307000074 ], [ -11.815536959999918, 14.936406030000171 ], [ -11.790892079999878, 15.01624602000004 ], [ -11.80487015999995, 15.044391990000065 ], [ -11.839446, 15.041265030000147 ], [ -11.832089039999971, 15.080811030000177 ], [ -11.839231079999934, 15.09181704000008 ], [ -11.839288476999968, 15.092250396000054 ], [ -11.839288488999955, 15.092250485000136 ], [ -11.840550119999818, 15.101775990000021 ], [ -11.813698079999938, 15.127521030000139 ] ] ] } },
{ "type": "Feature", "properties": { "adm2_name": "Ould Yengé", "adm2_name1": null, "adm2_name2": null, "adm2_name3": null, "adm2_pcode": "MR101", "adm1_name": "Guidimagha", "adm1_name1": null, "adm1_name2": null, "adm1_name3": null, "adm1_pcode": "MR10", "adm0_name": "Mauritanie", "adm0_name1": null, "adm0_name2": null, "adm0_name3": null, "adm0_pcode": "MR", "valid_on": "2024-03-27", "valid_to": null, "area_sqkm": 3553.8588465600001, "version": "v03", "lang": "fr", "lang1": null, "lang2": null, "lang3": null, "adm2_ref": "Ould Yenge", "center_lat": 15.62412721, "center_lon": -11.90171857 }, "geometry": { "type": "Polygon", "coordinates": [ [ [ -11.770343175999926, 16.055353637999985 ], [ -11.776098320999949, 16.053265790000069 ], [ -11.778650380999977, 16.04983005400004 ], [ -11.780958432999967, 16.04601934700014 ], [ -11.782053452999889, 16.041932664000115 ], [ -11.785414511999932, 16.028513707000172 ], [ -11.797215823999977, 16.031313465000153 ], [ -11.800950923999949, 16.032424371000047 ], [ -11.803778004999913, 16.036121077000018 ], [ -11.804672037999978, 16.040903701000161 ], [ -11.818415399999878, 16.04351247000011 ], [ -11.81841538599997, 16.036513018000051 ], [ -11.813415240999973, 16.029513574000191 ], [ -11.813688236999837, 16.024066000000118 ], [ -11.815415274999907, 16.020515274000161 ], [ -11.816415287999973, 16.014514741000028 ], [ -11.818415327999958, 16.00851520700013 ], [ -11.81541523899989, 16.003516603000094 ], [ -11.808415036999975, 15.993517398999984 ], [ -11.801414844999954, 15.988516804000028 ], [ -11.799515790999862, 15.986427971000126 ], [ -11.798415758999965, 15.984518123000043 ], [ -11.797414723999907, 15.980517438000049 ], [ -11.796414683999956, 15.973517987000093 ], [ -11.794414619999941, 15.967519461000109 ], [ -11.797414682999943, 15.960520003000056 ], [ -11.802415812999982, 15.960519993000048 ], [ -11.80741593099998, 15.954520453000157 ], [ -11.807415919999926, 15.949520844000062 ], [ -11.813415069999962, 15.946521068000038 ], [ -11.817883185999904, 15.946459064000067 ], [ -11.818415201999869, 15.947519980000095 ], [ -11.828416456999946, 15.945520117000115 ], [ -11.835416632999966, 15.942521338000063 ], [ -11.838416699999868, 15.937521724000078 ], [ -11.83841668599996, 15.930522272000019 ], [ -11.837415648999979, 15.925522666000063 ], [ -11.834415562999936, 15.921521985000084 ], [ -11.830415450999965, 15.917522306000023 ], [ -11.830415430999892, 15.907523089000165 ], [ -11.835416559999885, 15.907523078999986 ], [ -11.843416769999862, 15.908522986000037 ], [ -11.85141597799992, 15.908522970000035 ], [ -11.860416214999873, 15.910522796000123 ], [ -11.868417428999862, 15.913523546000079 ], [ -11.87341756099994, 15.914522458000135 ], [ -11.879416720999927, 15.916523289000054 ], [ -11.885417874999973, 15.915522356000054 ], [ -11.892418053999961, 15.914522421000015 ], [ -11.903417332999936, 15.911523635000094 ], [ -11.910417510999878, 15.90952377800005 ], [ -11.919417741999894, 15.908522839000113 ], [ -11.928418971999918, 15.906523978 ], [ -11.939419248999968, 15.902524270000185 ], [ -11.944419373999892, 15.900523417000102 ], [ -11.94841847999993, 15.901524331000132 ], [ -11.95241859399988, 15.906523931000095 ], [ -11.95441965599997, 15.911523536000175 ], [ -11.955418690999977, 15.915522220000071 ], [ -11.958419780999918, 15.921521745000064 ], [ -11.965419976999954, 15.928522182000108 ], [ -11.970420118999925, 15.934521703000087 ], [ -11.976419280999835, 15.93752145600007 ], [ -11.985419513999943, 15.937521439000136 ], [ -12.000423906999913, 15.939123284000061 ], [ -12.005421036999962, 15.939521243000058 ], [ -12.014420270999892, 15.939521225000078 ], [ -12.024421521999955, 15.935521519000076 ], [ -12.037420843999939, 15.928522042000111 ], [ -12.054421269999978, 15.921521557000062 ], [ -12.069422648999875, 15.916522920000091 ], [ -12.080023916999949, 15.913335149000034 ], [ -12.091422201999876, 15.908522504000189 ], [ -12.102549477999958, 15.902451958000086 ], [ -12.109896660999937, 15.898950218000039 ], [ -12.116422823999869, 15.896014435000097 ], [ -12.128424127999892, 15.892524685000183 ], [ -12.147424603999923, 15.884524275000103 ], [ -12.156424842999968, 15.887525022000091 ], [ -12.16542407999998, 15.889523848000124 ], [ -12.175425343999905, 15.89152367100013 ], [ -12.188186688999906, 15.898500099000046 ], [ -12.194740850999892, 15.894872371000076 ], [ -12.200650994999933, 15.890604694000046 ], [ -12.205264106999891, 15.886782983999979 ], [ -12.207828167999935, 15.884494159000099 ], [ -12.211308257999974, 15.884192175000123 ], [ -12.214058327999965, 15.883671211000035 ], [ -12.216626394999878, 15.883713203000127 ], [ -12.219455469999843, 15.884589128000016 ], [ -12.222515549999969, 15.884994091000067 ], [ -12.226143642999887, 15.8847821 ], [ -12.230549756999949, 15.884694098000182 ], [ -12.233671835999871, 15.88355918100018 ], [ -12.236303900999872, 15.882108290000133 ], [ -12.238819960999876, 15.879820463999977 ], [ -12.240753005999863, 15.87749764199998 ], [ -12.242086038999958, 15.876444722000087 ], [ -12.244156090999979, 15.875890762000097 ], [ -12.24573412999996, 15.874973830999977 ], [ -12.247875181999916, 15.873252961000048 ], [ -12.249686225999938, 15.871958059000065 ], [ -12.252825301999962, 15.869377256000121 ], [ -12.255902374999948, 15.866192499000135 ], [ -12.258819446999951, 15.864502626000046 ], [ -12.265427613999975, 15.862526768000123 ], [ -12.267973662999964, 15.85481736800017 ], [ -12.213426136999942, 15.800531737000142 ], [ -12.207424956999887, 15.788532691000171 ], [ -12.20513387799997, 15.779066440000179 ], [ -12.172423948999892, 15.73953661000013 ], [ -12.166424782999911, 15.734537015000058 ], [ -12.163424654999858, 15.71053890800016 ], [ -12.157158445999926, 15.687556728000175 ], [ -12.144915071999947, 15.659881930000097 ], [ -12.141105936999963, 15.642471308000154 ], [ -12.133647713999892, 15.627708485000028 ], [ -12.13142960499988, 15.602798451000069 ], [ -12.125423389999924, 15.573548768000137 ], [ -12.096421557999918, 15.533551978000105 ], [ -12.075835953999899, 15.498590776000015 ], [ -12.055421354999964, 15.463558580000097 ], [ -12.065420526999958, 15.420561957000132 ], [ -12.00941901799996, 15.390564434000169 ], [ -11.999418736999871, 15.379564323000125 ], [ -11.952283949999924, 15.342769249000185 ], [ -11.951754839999921, 15.342130980000036 ], [ -11.95161058399998, 15.342018379000081 ], [ -11.951391924999939, 15.341847703000155 ], [ -11.906660159999944, 15.306931980000172 ], [ -11.824653869999963, 15.19387168500009 ], [ -11.823458039999934, 15.192223020000029 ], [ -11.821754771999963, 15.192580459 ], [ -11.818037681999897, 15.195411241000102 ], [ -11.814320590999841, 15.198101035000093 ], [ -11.812053535999951, 15.200315864000117 ], [ -11.807658427999968, 15.203242640000155 ], [ -11.805876386999898, 15.205455468000082 ], [ -11.802840314999969, 15.208940197000061 ], [ -11.802230306999945, 15.213166862999969 ], [ -11.802002306999896, 15.216124629000092 ], [ -11.800191272999882, 15.222655115000066 ], [ -11.799044249999838, 15.225943856000129 ], [ -11.798582246999956, 15.23077947400003 ], [ -11.797874236999917, 15.234959144000186 ], [ -11.796828217999973, 15.239046821999978 ], [ -11.796406213999944, 15.242192574000057 ], [ -11.796524224999871, 15.24674421300017 ], [ -11.797126249999963, 15.251199859000053 ], [ -11.797978283999839, 15.257344371000045 ], [ -11.800046350999878, 15.264375810000161 ], [ -11.800254362999965, 15.267425568000078 ], [ -11.799597353999957, 15.271980209000105 ], [ -11.797922319999827, 15.276585847000149 ], [ -11.797462318999976, 15.281843432000187 ], [ -11.79661330599987, 15.286775043000148 ], [ -11.792168195999977, 15.289279853000096 ], [ -11.788930115999904, 15.290887732000158 ], [ -11.785935041999892, 15.292683595000142 ], [ -11.781303929999979, 15.296925268 ], [ -11.781239942999946, 15.304152696000074 ], [ -11.780012923999834, 15.311103147999972 ], [ -11.775777826999956, 15.317080683000142 ], [ -11.772362748999967, 15.322397269000191 ], [ -11.766826619999904, 15.329974679000088 ], [ -11.761964506999959, 15.336611164000033 ], [ -11.759762460999923, 15.342204725000045 ], [ -11.757364409999923, 15.347470313000144 ], [ -11.755160362999902, 15.352640908000126 ], [ -11.75465936299986, 15.359588360000146 ], [ -11.753744341999891, 15.36085926100003 ], [ -11.753767351999954, 15.365692879000107 ], [ -11.752870338999969, 15.370671487000095 ], [ -11.750800290999962, 15.373495268000056 ], [ -11.749316259999887, 15.377489955000101 ], [ -11.746587202999876, 15.384352417000173 ], [ -11.743675145999873, 15.393562695000185 ], [ -11.742242116999876, 15.397932352000169 ], [ -11.741300103999947, 15.403708898000104 ], [ -11.739141057999973, 15.408316538000122 ], [ -11.737995034999926, 15.41198125000011 ], [ -11.737496035999868, 15.419116688000031 ], [ -11.7382950679999, 15.42441626800013 ], [ -11.739674112999978, 15.429291880000108 ], [ -11.741248163999899, 15.434353477000116 ], [ -11.742920217999938, 15.439697052000042 ], [ -11.741939207999962, 15.447538435000013 ], [ -11.741005197999868, 15.454956851000077 ], [ -11.737263116999941, 15.462856235000174 ], [ -11.732593007999981, 15.469116749000023 ], [ -11.728205903999935, 15.473686397000108 ], [ -11.722359758999971, 15.477182132000053 ], [ -11.717230649999976, 15.48898121000002 ], [ -11.709102442999892, 15.491220049000106 ], [ -11.702338275999864, 15.495188748000089 ], [ -11.7006652419999, 15.499888381 ], [ -11.699672225999961, 15.505100972000093 ], [ -11.699115222999978, 15.510500547 ], [ -11.700935280999943, 15.516312084999981 ], [ -11.700947291999967, 15.521483677000163 ], [ -11.701172305999933, 15.525556356000095 ], [ -11.70075530399987, 15.529829020000079 ], [ -11.697824225999909, 15.528768109000168 ], [ -11.690388034999899, 15.52982304000011 ], [ -11.686852943999952, 15.530025030000161 ], [ -11.682008817999929, 15.530138030000103 ], [ -11.675709654999878, 15.529975055000023 ], [ -11.67217256299989, 15.529849071000058 ], [ -11.661692283999969, 15.526323369000011 ], [ -11.659307237999883, 15.534357740000189 ], [ -11.658036220999975, 15.542153128000166 ], [ -11.658793252999828, 15.54876760500008 ], [ -11.660547313999928, 15.556483994000189 ], [ -11.662737384999957, 15.563534434000189 ], [ -11.666057481999928, 15.56910598900015 ], [ -11.670398606999925, 15.575377486999969 ], [ -11.673567697999943, 15.579823131000126 ], [ -11.685763037999948, 15.591745169000149 ], [ -11.679410888999882, 15.599547567000172 ], [ -11.674410784999907, 15.612547552000137 ], [ -11.671410722999838, 15.62054592800007 ], [ -11.667410641999879, 15.631545070000072 ], [ -11.667410655999959, 15.63854451900005 ], [ -11.667060663999962, 15.64713084400006 ], [ -11.667410689999883, 15.655543182000088 ], [ -11.666411683999911, 15.665542397000081 ], [ -11.661411581999914, 15.67954130600009 ], [ -11.662410619999889, 15.685541832000069 ], [ -11.662410645999898, 15.69853981000017 ], [ -11.661411635999912, 15.706540183000129 ], [ -11.656411530999947, 15.718539250000049 ], [ -11.653410464999979, 15.724537784000063 ], [ -11.649411370999928, 15.729538399000035 ], [ -11.642411206999896, 15.738536705000058 ], [ -11.635411037999972, 15.744537247000039 ], [ -11.627986854999961, 15.749484872000039 ], [ -11.620409667999979, 15.754535489999967 ], [ -11.613409512999965, 15.767535482000028 ], [ -11.609410434999916, 15.780533469000147 ], [ -11.600410225999894, 15.792532544999972 ], [ -11.600410265999926, 15.81253197500007 ], [ -11.596409181999945, 15.822530199000084 ], [ -11.588706009999953, 15.83649111800014 ], [ -11.580408824999836, 15.851527955000051 ], [ -11.571409604999872, 15.858527423000055 ], [ -11.634967345999939, 15.902514856000153 ], [ -11.58499917599994, 15.966035977999979 ], [ -11.667447392999975, 16.002253988000177 ], [ -11.674411594999981, 16.012515172000064 ], [ -11.680412764999915, 16.019514613000013 ], [ -11.694860147999975, 16.022849325000095 ], [ -11.69941328799996, 16.033514482000101 ], [ -11.712412619999952, 16.030514692000054 ], [ -11.726412987999879, 16.032513508000079 ], [ -11.732414153999855, 16.037514106000117 ], [ -11.737414297999919, 16.044513549000044 ], [ -11.74941361599997, 16.047513291000087 ], [ -11.755414777999931, 16.050512046000165 ], [ -11.758414855999888, 16.050512040000172 ], [ -11.761413927999968, 16.047513267999989 ], [ -11.770343175999926, 16.055353637999985 ] ] ] } },
{ "type": "Feature", "properties": { "adm2_name": "Djiguenni", "adm2_name1": null, "adm2_name2": null, "adm2_name3": null, "adm2_pcode": "MR013", "adm1_name": "Hodh Chargui", "adm1_name1": null, "adm1_name2": null, "adm1_name3": null, "adm1_pcode": "MR01", "adm0_name": "Mauritanie", "adm0_name1": null, "adm0_name2": null, "adm0_name3": null, "adm0_pcode": "MR", "valid_on": "2024-03-27", "valid_to": null, "area_sqkm": 5234.2947115799998, "version": "v03", "lang": "fr", "lang1": null, "lang2": null, "lang3": null, "adm2_ref": "None", "center_lat": 16.01855374, "center_lon": -8.78455743 }, "geometry": { "type": "Polygon", "coordinates": [ [ [ -8.356732920999946, 15.50056890400009 ], [ -8.361170050999874, 15.509272214000077 ], [ -8.364475147999883, 15.515659707000054 ], [ -8.368642268999963, 15.522653152000032 ], [ -8.373145400999874, 15.531185476000076 ], [ -8.377409525999894, 15.539995778 ], [ -8.384929744999965, 15.552910754000152 ], [ -8.390678914999967, 15.565404765000153 ], [ -8.397193103999882, 15.576268903000027 ], [ -8.402798270999938, 15.588947901000154 ], [ -8.407399416999965, 15.604794651000191 ], [ -8.409508488999961, 15.615185834000101 ], [ -8.413771614999916, 15.623811151000098 ], [ -8.419224858999939, 15.68724417500016 ], [ -8.435269531999893, 15.843519933000039 ], [ -8.439619702999948, 15.878425202000187 ], [ -8.541672670999958, 16.049703700000066 ], [ -8.567267512999877, 16.15083179800007 ], [ -8.597652514999879, 16.270885436000185 ], [ -8.595641464999915, 16.272979277000104 ], [ -8.588653293999926, 16.280889675000026 ], [ -8.585638226999947, 16.287920134999979 ], [ -8.581378124999901, 16.294529629000124 ], [ -8.580662115999871, 16.300399175999985 ], [ -8.584686235999868, 16.308324556000116 ], [ -8.588997366999877, 16.318486762000191 ], [ -8.592925480999895, 16.325060247000067 ], [ -8.599439665999967, 16.332709644000147 ], [ -8.606145861999892, 16.343667785000093 ], [ -8.611366011999962, 16.351408178000042 ], [ -8.617402187999971, 16.360780443000067 ], [ -8.624586392999959, 16.370387688000108 ], [ -8.633256647999872, 16.385866477000036 ], [ -8.638957820999963, 16.398872462000099 ], [ -8.643077946999881, 16.408987673000127 ], [ -8.645426020999935, 16.416072122000173 ], [ -8.644805013999871, 16.421614694000084 ], [ -8.643134001999897, 16.440387246000114 ], [ -8.647253123999917, 16.448126640999988 ], [ -8.652044268999873, 16.459034790999965 ], [ -8.653674327999909, 16.46802809400009 ], [ -8.657171434999896, 16.476698419000058 ], [ -8.65980752199988, 16.486811633000173 ], [ -8.663256624999974, 16.493944077000037 ], [ -8.667472748999955, 16.501124516000061 ], [ -8.672405890999926, 16.50797997899997 ], [ -8.681504138999969, 16.512651604000098 ], [ -8.689549352999961, 16.513920493000171 ], [ -8.700513643999955, 16.51449443100006 ], [ -8.710090897999919, 16.51525335700012 ], [ -8.717800102999888, 16.516428254000118 ], [ -8.727185353999914, 16.518212101000188 ], [ -8.733553525999866, 16.520502914000076 ], [ -8.742029757999887, 16.525453519000166 ], [ -8.748974953999948, 16.532729946000131 ], [ -8.894340543999931, 16.392491546000088 ], [ -9.022912515999963, 16.153300885000021 ], [ -9.067456530999891, 16.06245187900015 ], [ -9.030778437999857, 15.987403783000047 ], [ -8.967322552999974, 15.859253883000122 ], [ -8.856060556999978, 15.816206421000174 ], [ -8.910533739999948, 15.66679002900014 ], [ -8.940304390999927, 15.587487201000101 ], [ -8.954855701999975, 15.544560548000049 ], [ -8.996743728999945, 15.500575938000168 ], [ -8.726971648999893, 15.500564352000083 ], [ -8.356732920999946, 15.50056890400009 ] ] ] } },
{ "type": "Feature", "properties": { "adm2_name": "Adel Bagrou", "adm2_name1": null, "adm2_name2": null, "adm2_name3": null, "adm2_pcode": "MR018", "adm1_name": "Hodh Chargui", "adm1_name1": null, "adm1_name2": null, "adm1_name3": null, "adm1_pcode": "MR01", "adm0_name": "Mauritanie", "adm0_name1": null, "adm0_name2": null, "adm0_name3": null, "adm0_pcode": "MR", "valid_on": "2024-03-27", "valid_to": null, "area_sqkm": 5317.4680818500001, "version": "v03", "lang": "fr", "lang1": null, "lang2": null, "lang3": null, "adm2_ref": "None", "center_lat": 15.8087085, "center_lon": -6.65320075 }, "geometry": { "type": "Polygon", "coordinates": [ [ [ -6.256503700999872, 15.660732196000083 ], [ -6.255745691999948, 16.000421591000134 ], [ -6.255745131999902, 16.000672712000039 ], [ -6.256856729999981, 16.000761031000025 ], [ -6.567106648999925, 16.025411162000012 ], [ -6.567599973999904, 16.025450358000057 ], [ -6.804461748999927, 16.044269617000111 ], [ -6.86915246999996, 16.049019161 ], [ -7.10802457199992, 16.094379289000017 ], [ -7.125359328999821, 16.097671037000055 ], [ -7.144943177999892, 16.100275750000037 ], [ -7.144278, 16.099152000000117 ], [ -7.20325, 16.069845000000157 ], [ -7.156734, 16.041283 ], [ -7.036704999999813, 15.86147700000015 ], [ -7.049211, 15.817756 ], [ -7.051244999999824, 15.799661000000128 ], [ -7.037519, 15.76493900000014 ], [ -7.027859, 15.622686 ], [ -7.148854, 15.62562400000013 ], [ -7.148854, 15.504646707000063 ], [ -7.148854, 15.503207 ], [ -7.147919999999885, 15.500000000000114 ], [ -6.849417999999844, 15.500000000000114 ], [ -6.54988278299993, 15.500000000000114 ], [ -6.257674522999935, 15.500532729000042 ], [ -6.256503700999872, 15.660732196000083 ] ] ] } },
{ "type": "Feature", "properties": { "adm2_name": "Oualata", "adm2_name1": null, "adm2_name2": null, "adm2_name3": null, "adm2_pcode": "MR015", "adm1_name": "Hodh Chargui", "adm1_name1": null, "adm1_name2": null, "adm1_name3": null, "adm1_pcode": "MR01", "adm0_name": "Mauritanie", "adm0_name1": null, "adm0_name2": null, "adm0_name3": null, "adm0_pcode": "MR", "valid_on": "2024-03-27", "valid_to": null, "area_sqkm": 106804.63489731, "version": "v03", "lang": "fr", "lang1": null, "lang2": null, "lang3": null, "adm2_ref": "None", "center_lat": 19.88738734, "center_lon": -6.92418117 }, "geometry": { "type": "Polygon", "coordinates": [ [ [ -5.99161995399993, 20.021480649000068 ], [ -5.99060594499997, 20.025263514000187 ], [ -6.358324104999895, 23.138838302000067 ], [ -7.449811563999901, 20.698839382000131 ], [ -7.466007471999887, 20.692114011000115 ], [ -7.879917784999975, 19.753294023000137 ], [ -7.997429293999971, 19.486998988000096 ], [ -8.84939, 17.818839 ], [ -9.116605482999944, 17.279040063000082 ], [ -9.117609038999944, 17.277295270000081 ], [ -9.117458571999919, 17.277316748000089 ], [ -8.598333420999893, 17.351417519 ], [ -8.589691969999876, 17.342245718000072 ], [ -8.537195542999939, 17.286527439 ], [ -8.289324647999933, 17.023444008000126 ], [ -7.927353407999874, 16.63730417700009 ], [ -7.928821203999973, 16.630036159000042 ], [ -7.66548884599996, 16.713848595000172 ], [ -7.665339334999942, 16.713896181000166 ], [ -7.654884284999866, 16.717223774999979 ], [ -7.298644197999977, 16.83060653400014 ], [ -7.292936999999881, 16.832423000000119 ], [ -7.22002, 16.986046 ], [ -7.198099274999947, 16.962422254000103 ], [ -6.96239742299997, 16.708408730000087 ], [ -6.96175312399987, 16.707714376000183 ], [ -6.960333999999875, 16.706185000000119 ], [ -6.891, 16.658066 ], [ -6.887604611999905, 16.669671047000065 ], [ -6.769986, 17.071678 ], [ -6.78124014399998, 17.07572178300012 ], [ -5.99161995399993, 20.021480649000068 ] ] ] } },
{ "type": "Feature", "properties": { "adm2_name": "N'Beiket Lehwach", "adm2_name1": null, "adm2_name2": null, "adm2_name3": null, "adm2_pcode": "MR017", "adm1_name": "Hodh Chargui", "adm1_name1": null, "adm1_name2": null, "adm1_name3": null, "adm1_pcode": "MR01", "adm0_name": "Mauritanie", "adm0_name1": null, "adm0_name2": null, "adm0_name3": null, "adm0_pcode": "MR", "valid_on": "2024-03-27", "valid_to": null, "area_sqkm": 27882.054761029998, "version": "v03", "lang": "fr", "lang1": null, "lang2": null, "lang3": null, "adm2_ref": "NBeiket Lehwach", "center_lat": 18.54860122, "center_lon": -6.10749595 }, "geometry": { "type": "Polygon", "coordinates": [ [ [ -5.603762410999934, 16.500066888000106 ], [ -5.99060594499997, 20.025263514000187 ], [ -5.99161995399993, 20.021480649000068 ], [ -6.78124014399998, 17.07572178300012 ], [ -6.769986, 17.071678 ], [ -6.887604611999905, 16.669671047000065 ], [ -6.784133094999959, 16.655065466000167 ], [ -5.956162197999959, 16.297784515000103 ], [ -5.609565584999928, 16.489272732000131 ], [ -5.602718400999947, 16.488305814000057 ], [ -5.603762410999934, 16.500066888000106 ] ] ] } },
{ "type": "Feature", "properties": { "adm2_name": "Timbédra", "adm2_name1": null, "adm2_name2": null, "adm2_name3": null, "adm2_pcode": "MR016", "adm1_name": "Hodh Chargui", "adm1_name1": null, "adm1_name2": null, "adm1_name3": null, "adm1_pcode": "MR01", "adm0_name": "Mauritanie", "adm0_name1": null, "adm0_name2": null, "adm0_name3": null, "adm0_pcode": "MR", "valid_on": "2024-03-27", "valid_to": null, "area_sqkm": 11405.557452970001, "version": "v03", "lang": "fr", "lang1": null, "lang2": null, "lang3": null, "adm2_ref": "Timbedra", "center_lat": 16.21844208, "center_lon": -8.2156154 }, "geometry": { "type": "Polygon", "coordinates": [ [ [ -7.659142866999957, 15.614844238000103 ], [ -7.659023759999968, 15.641289872000073 ], [ -7.672103104999906, 15.652807259000099 ], [ -7.762322621999942, 15.732252611000035 ], [ -7.829716490999942, 15.791853858000025 ], [ -7.809866052999951, 15.848213488000169 ], [ -7.841625384999872, 16.165998718000026 ], [ -7.857047036999916, 16.320754705000127 ], [ -7.865015373999938, 16.400035563000131 ], [ -7.825407578999943, 16.558047432000023 ], [ -7.934789544999887, 16.600482999000121 ], [ -7.928821203999973, 16.630036159000042 ], [ -7.927353407999874, 16.63730417700009 ], [ -8.289324647999933, 17.023444008000126 ], [ -8.748974953999948, 16.532729946000131 ], [ -8.742029757999887, 16.525453519000166 ], [ -8.733553525999866, 16.520502914000076 ], [ -8.727185353999914, 16.518212101000188 ], [ -8.717800102999888, 16.516428254000118 ], [ -8.710090897999919, 16.51525335700012 ], [ -8.700513643999955, 16.51449443100006 ], [ -8.689549352999961, 16.513920493000171 ], [ -8.681504138999969, 16.512651604000098 ], [ -8.672405890999926, 16.50797997899997 ], [ -8.667472748999955, 16.501124516000061 ], [ -8.663256624999974, 16.493944077000037 ], [ -8.65980752199988, 16.486811633000173 ], [ -8.657171434999896, 16.476698419000058 ], [ -8.653674327999909, 16.46802809400009 ], [ -8.652044268999873, 16.459034790999965 ], [ -8.647253123999917, 16.448126640999988 ], [ -8.643134001999897, 16.440387246000114 ], [ -8.644805013999871, 16.421614694000084 ], [ -8.645426020999935, 16.416072122000173 ], [ -8.643077946999881, 16.408987673000127 ], [ -8.638957820999963, 16.398872462000099 ], [ -8.633256647999872, 16.385866477000036 ], [ -8.624586392999959, 16.370387688000108 ], [ -8.617402187999971, 16.360780443000067 ], [ -8.611366011999962, 16.351408178000042 ], [ -8.606145861999892, 16.343667785000093 ], [ -8.599439665999967, 16.332709644000147 ], [ -8.592925480999895, 16.325060247000067 ], [ -8.588997366999877, 16.318486762000191 ], [ -8.584686235999868, 16.308324556000116 ], [ -8.580662115999871, 16.300399175999985 ], [ -8.581378124999901, 16.294529629000124 ], [ -8.585638226999947, 16.287920134999979 ], [ -8.588653293999926, 16.280889675000026 ], [ -8.595641464999915, 16.272979277000104 ], [ -8.597652514999879, 16.270885436000185 ], [ -8.567267512999877, 16.15083179800007 ], [ -8.541672670999958, 16.049703700000066 ], [ -8.439619702999948, 15.878425202000187 ], [ -8.435269531999893, 15.843519933000039 ], [ -8.419224858999939, 15.68724417500016 ], [ -8.413771614999916, 15.623811151000098 ], [ -8.409508488999961, 15.615185834000101 ], [ -8.407399416999965, 15.604794651000191 ], [ -8.402798270999938, 15.588947901000154 ], [ -8.397193103999882, 15.576268903000027 ], [ -8.390678914999967, 15.565404765000153 ], [ -8.384929744999965, 15.552910754000152 ], [ -8.377409525999894, 15.539995778 ], [ -8.373145400999874, 15.531185476000076 ], [ -8.368642268999963, 15.522653152000032 ], [ -8.364475147999883, 15.515659707000054 ], [ -8.361170050999874, 15.509272214000077 ], [ -8.356732920999946, 15.50056890400009 ], [ -7.660783916999947, 15.500562910000156 ], [ -7.659657568999933, 15.500562900000148 ], [ -7.659142866999957, 15.614844238000103 ] ] ] } },
{ "type": "Feature", "properties": { "adm2_name": "Bassiknou", "adm2_name1": null, "adm2_name2": null, "adm2_name3": null, "adm2_pcode": "MR012", "adm1_name": "Hodh Chargui", "adm1_name1": null, "adm1_name2": null, "adm1_name3": null, "adm1_pcode": "MR01", "adm0_name": "Mauritanie", "adm0_name1": null, "adm0_name2": null, "adm0_name3": null, "adm0_pcode": "MR", "valid_on": "2024-03-27", "valid_to": null, "area_sqkm": 12271.542987909999, "version": "v03", "lang": "fr", "lang1": null, "lang2": null, "lang3": null, "adm2_ref": "None", "center_lat": 16.17102707, "center_lon": -6.08606232 }, "geometry": { "type": "Polygon", "coordinates": [ [ [ -6.784133094999959, 16.655065466000167 ], [ -6.803885418999926, 16.518845915000043 ], [ -6.804461748999927, 16.044269617000111 ], [ -6.567599973999904, 16.025450358000057 ], [ -6.567106648999925, 16.025411162000012 ], [ -6.256856729999981, 16.000761031000025 ], [ -6.255745131999902, 16.000672712000039 ], [ -6.255745691999948, 16.000421591000134 ], [ -6.256503700999872, 15.660732196000083 ], [ -6.257674522999935, 15.500532729000042 ], [ -6.25, 15.500533062000159 ], [ -5.500249439999948, 15.500565615000085 ], [ -5.433262063999962, 15.834241641000062 ], [ -5.336308098999893, 16.333173085000055 ], [ -5.603762410999934, 16.500066888000106 ], [ -5.602718400999947, 16.488305814000057 ], [ -5.609565584999928, 16.489272732000131 ], [ -5.956162197999959, 16.297784515000103 ], [ -6.784133094999959, 16.655065466000167 ] ] ] } },
{ "type": "Feature", "properties": { "adm2_name": "Néma", "adm2_name1": null, "adm2_name2": null, "adm2_name3": null, "adm2_pcode": "MR014", "adm1_name": "Hodh Chargui", "adm1_name1": null, "adm1_name2": null, "adm1_name3": null, "adm1_pcode": "MR01", "adm0_name": "Mauritanie", "adm0_name1": null, "adm0_name2": null, "adm0_name3": null, "adm0_pcode": "MR", "valid_on": "2024-03-27", "valid_to": null, "area_sqkm": 9449.4219098699996, "version": "v03", "lang": "fr", "lang1": null, "lang2": null, "lang3": null, "adm2_ref": "Nema", "center_lat": 16.36039513, "center_lon": -7.33255452 }, "geometry": { "type": "Polygon", "coordinates": [ [ [ -6.960333999999875, 16.706185000000119 ], [ -6.96175312399987, 16.707714376000183 ], [ -6.96239742299997, 16.708408730000087 ], [ -7.198099274999947, 16.962422254000103 ], [ -7.22002, 16.986046 ], [ -7.292936999999881, 16.832423000000119 ], [ -7.298644197999977, 16.83060653400014 ], [ -7.654884284999866, 16.717223774999979 ], [ -7.665339334999942, 16.713896181000166 ], [ -7.66548884599996, 16.713848595000172 ], [ -7.928821203999973, 16.630036159000042 ], [ -7.934789544999887, 16.600482999000121 ], [ -7.825407578999943, 16.558047432000023 ], [ -7.865015373999938, 16.400035563000131 ], [ -7.857047036999916, 16.320754705000127 ], [ -7.841625384999872, 16.165998718000026 ], [ -7.809866052999951, 15.848213488000169 ], [ -7.829716490999942, 15.791853858000025 ], [ -7.670742908999898, 15.876791346000175 ], [ -7.664699999999868, 15.878922000000102 ], [ -7.632600581999952, 15.897170288000041 ], [ -7.389758343999915, 16.026917693000087 ], [ -7.380019972999833, 16.032120776000056 ], [ -7.372969330999979, 16.03587769700016 ], [ -7.265859042999978, 16.092951208999978 ], [ -7.282770500999902, 16.100479602 ], [ -7.182030907999888, 16.15046686300019 ], [ -7.149912983999968, 16.100936750000187 ], [ -7.144943177999892, 16.100275750000037 ], [ -7.125359328999821, 16.097671037000055 ], [ -7.10802457199992, 16.094379289000017 ], [ -6.86915246999996, 16.049019161 ], [ -6.804461748999927, 16.044269617000111 ], [ -6.803885418999926, 16.518845915000043 ], [ -6.784133094999959, 16.655065466000167 ], [ -6.887604611999905, 16.669671047000065 ], [ -6.891, 16.658066 ], [ -6.960333999999875, 16.706185000000119 ] ] ] } },
{ "type": "Feature", "properties": { "adm2_name": "Amourj", "adm2_name1": null, "adm2_name2": null, "adm2_name3": null, "adm2_pcode": "MR011", "adm1_name": "Hodh Chargui", "adm1_name1": null, "adm1_name2": null, "adm1_name3": null, "adm1_pcode": "MR01", "adm0_name": "Mauritanie", "adm0_name1": null, "adm0_name2": null, "adm0_name3": null, "adm0_pcode": "MR", "valid_on": "2024-03-27", "valid_to": null, "area_sqkm": 3794.2935614200001, "version": "v03", "lang": "fr", "lang1": null, "lang2": null, "lang3": null, "adm2_ref": "None", "center_lat": 15.8396165, "center_lon": -7.39163968 }, "geometry": { "type": "Polygon", "coordinates": [ [ [ -7.037519, 15.76493900000014 ], [ -7.051244999999824, 15.799661000000128 ], [ -7.049211, 15.817756 ], [ -7.036704999999813, 15.86147700000015 ], [ -7.156734, 16.041283 ], [ -7.20325, 16.069845000000157 ], [ -7.144278, 16.099152000000117 ], [ -7.144943177999892, 16.100275750000037 ], [ -7.149912983999968, 16.100936750000187 ], [ -7.182030907999888, 16.15046686300019 ], [ -7.282770500999902, 16.100479602 ], [ -7.265859042999978, 16.092951208999978 ], [ -7.372969330999979, 16.03587769700016 ], [ -7.380019972999833, 16.032120776000056 ], [ -7.389758343999915, 16.026917693000087 ], [ -7.632600581999952, 15.897170288000041 ], [ -7.664699999999868, 15.878922000000102 ], [ -7.670742908999898, 15.876791346000175 ], [ -7.829716490999942, 15.791853858000025 ], [ -7.762322621999942, 15.732252611000035 ], [ -7.672103104999906, 15.652807259000099 ], [ -7.659023759999968, 15.641289872000073 ], [ -7.659142866999957, 15.614844238000103 ], [ -7.659657568999933, 15.500562900000148 ], [ -7.660783916999947, 15.500562910000156 ], [ -7.660792, 15.500000000000114 ], [ -7.378133, 15.500000000000114 ], [ -7.148854, 15.503207 ], [ -7.148854, 15.504646707000063 ], [ -7.148854, 15.62562400000013 ], [ -7.027859, 15.622686 ], [ -7.037519, 15.76493900000014 ] ] ] } },
{ "type": "Feature", "properties": { "adm2_name": "Tamchekett", "adm2_name1": null, "adm2_name2": null, "adm2_name3": null, "adm2_pcode": "MR023", "adm1_name": "Hodh El Gharbi", "adm1_name1": null, "adm1_name2": null, "adm1_name3": null, "adm1_pcode": "MR02", "adm0_name": "Mauritanie", "adm0_name1": null, "adm0_name2": null, "adm0_name3": null, "adm0_pcode": "MR", "valid_on": "2024-03-27", "valid_to": null, "area_sqkm": 13249.370246799999, "version": "v03", "lang": "fr", "lang1": null, "lang2": null, "lang3": null, "adm2_ref": "None", "center_lat": 17.11697956, "center_lon": -10.44343299 }, "geometry": { "type": "Polygon", "coordinates": [ [ [ -11.000956585999973, 17.70038562600007 ], [ -11.083855817999961, 17.723605701000054 ], [ -11.084854817999826, 17.711739597000076 ], [ -11.087441856999931, 17.698657581000191 ], [ -11.090331910999964, 17.688923312000043 ], [ -11.090693908999981, 17.683428727000091 ], [ -11.092882956999972, 17.679451024000059 ], [ -11.093887971999834, 17.673965437000106 ], [ -11.090839870999957, 17.664743141000031 ], [ -11.088816809999969, 17.661174416000051 ], [ -11.085394710999822, 17.657306716000107 ], [ -11.081912605999946, 17.651201185000048 ], [ -11.079257521999978, 17.644687684000189 ], [ -11.074826389999885, 17.637358248000169 ], [ -11.072543316999884, 17.631827672000156 ], [ -11.070406248999916, 17.626253099000166 ], [ -11.069498216999932, 17.622466387000031 ], [ -11.068703184999947, 17.617608757000085 ], [ -11.067231135999918, 17.61278912500012 ], [ -11.066603104999842, 17.606535601000132 ], [ -11.067468114999826, 17.600722040000051 ], [ -11.068017120999968, 17.596489359000032 ], [ -11.06813711399991, 17.591876709000132 ], [ -11.067546078999953, 17.583294361000071 ], [ -11.069387112999891, 17.576840847000028 ], [ -11.069063088999883, 17.569706389000032 ], [ -11.068195051999908, 17.563356872000043 ], [ -11.067009010999925, 17.558821218999981 ], [ -11.063179890999947, 17.550100888000145 ], [ -11.059542776999933, 17.541430554000044 ], [ -11.057899719999966, 17.535210029000041 ], [ -11.056784683999979, 17.532305252000128 ], [ -11.054093604999878, 17.528075578000085 ], [ -11.050784506999889, 17.523276948999978 ], [ -11.048043418999953, 17.516063503000169 ], [ -11.046140357999946, 17.510957894000057 ], [ -11.044094292999944, 17.505757293000102 ], [ -11.040268179999941, 17.499973741000133 ], [ -11.035177026999975, 17.491067427000019 ], [ -11.034200982999948, 17.48278805800004 ], [ -11.031978910999953, 17.476467543000126 ], [ -11.029927845999964, 17.471592918000113 ], [ -11.026288738999938, 17.466137340000103 ], [ -11.023699660999966, 17.461628688000076 ], [ -11.020180553999921, 17.454731219000053 ], [ -11.016654446999951, 17.448298715000192 ], [ -11.014359376999948, 17.443561080000165 ], [ -11.011747294999907, 17.437420553000038 ], [ -11.010367248999955, 17.43288190100003 ], [ -11.009540213999969, 17.42699835000019 ], [ -11.00835017299994, 17.42269468000012 ], [ -11.006799126999965, 17.41983190000019 ], [ -11.001605978999976, 17.414868289000083 ], [ -10.998273884999946, 17.411467554000183 ], [ -10.994662780999931, 17.407410870000092 ], [ -10.99281272699983, 17.405102049000106 ], [ -10.989833639999972, 17.400774385000148 ], [ -10.988234591999912, 17.397910606000096 ], [ -10.985212501999968, 17.393255966000083 ], [ -10.983048436999979, 17.389405264000118 ], [ -10.981324382999958, 17.385234584000045 ], [ -10.981109366999931, 17.380384954000021 ], [ -10.98077034399995, 17.37422842400008 ], [ -10.980779336999831, 17.370593700000086 ], [ -10.981007330999944, 17.365238108000028 ], [ -10.981880339999975, 17.35886559100004 ], [ -10.981848330999981, 17.354716908000057 ], [ -10.982263330999956, 17.349829279000062 ], [ -10.982794337999906, 17.34676051200006 ], [ -10.985528399999907, 17.341950873000087 ], [ -10.987437439999951, 17.337410215000091 ], [ -10.98873746199996, 17.331509662000144 ], [ -10.98955147099997, 17.325835093000023 ], [ -10.989893472999938, 17.32248434800016 ], [ -10.989673456999981, 17.318006690000061 ], [ -10.987439386999938, 17.312431119000109 ], [ -10.981830218999903, 17.303127840000172 ], [ -10.978571115999898, 17.295068461000085 ], [ -10.97686306099996, 17.289872861000049 ], [ -10.979170102999888, 17.281468497000105 ], [ -10.980590130999872, 17.277200820000076 ], [ -10.983013180999933, 17.270662314000162 ], [ -10.984943218999888, 17.264723763000063 ], [ -10.986747256999877, 17.260647071000051 ], [ -10.989717318999965, 17.253137638 ], [ -10.991755364999904, 17.249576906000073 ], [ -10.993313390999958, 17.242700428000092 ], [ -10.995045418999894, 17.234671038000101 ], [ -10.99600443199995, 17.228872479000017 ], [ -10.9998375159999, 17.221242054000072 ], [ -11.002529563999929, 17.210369879000154 ], [ -11.004437584999948, 17.196858908000024 ], [ -11.009481677999929, 17.178417307000132 ], [ -11.013633758999958, 17.165534284000103 ], [ -11.011665685999901, 17.155261074000066 ], [ -11.011591673999931, 17.150513437000086 ], [ -11.008924592999961, 17.145607817000098 ], [ -11.004144455999949, 17.140068251000059 ], [ -10.999363325999923, 17.137538453 ], [ -10.990597086999912, 17.133502779000025 ], [ -10.985187933999896, 17.128347185000166 ], [ -10.980279789999884, 17.120787773000131 ], [ -10.98025977299983, 17.113171356000123 ], [ -10.98031775599992, 17.104285036000078 ], [ -10.980863750999958, 17.095345719000022 ], [ -10.980407723999974, 17.088017281000134 ], [ -10.981573725999908, 17.074886285000105 ], [ -10.982048723999981, 17.067687835000072 ], [ -10.984576767999954, 17.057267628999966 ], [ -10.985778782999944, 17.049637211000118 ], [ -10.988273828999979, 17.040252925000118 ], [ -10.989316838999855, 17.031871566000063 ], [ -10.99026185199989, 17.026547972000117 ], [ -10.991658872999835, 17.018915554999978 ], [ -10.993744911999954, 17.011510118000047 ], [ -10.995529941999962, 17.003637719000153 ], [ -10.995741922999969, 16.992070606000084 ], [ -10.995465897999964, 16.983752244000186 ], [ -10.993521828999974, 16.975029918000018 ], [ -10.993581818999871, 16.96943434700006 ], [ -10.995141845999967, 16.962833850999971 ], [ -10.994611812999892, 16.95386054100004 ], [ -10.993270754999969, 16.943015376000062 ], [ -10.992602719999923, 16.934608023000123 ], [ -10.991029664999928, 16.927714555000136 ], [ -10.988861591999921, 16.920359125000118 ], [ -10.985042477999968, 16.913679645000116 ], [ -10.985963487999868, 16.906852168000171 ], [ -10.988817551999944, 16.901694559000191 ], [ -10.990651583999977, 16.893869156999983 ], [ -10.989736548999929, 16.888425577000078 ], [ -10.986952462999966, 16.882299053000168 ], [ -10.983539354999948, 16.873452740000175 ], [ -10.983847344999901, 16.864940393999973 ], [ -10.987124417999894, 16.858695868000041 ], [ -10.988167420999957, 16.847118757000032 ], [ -10.987329384999896, 16.840311282000187 ], [ -10.98589033199994, 16.832663873000058 ], [ -10.981544204999977, 16.826697341000056 ], [ -10.981727201999831, 16.822745645000111 ], [ -10.97352397599991, 16.817105095000045 ], [ -10.972747942999945, 16.811190551000095 ], [ -10.973265946999959, 16.806764891000171 ], [ -10.966756762999978, 16.800070419000122 ], [ -10.957993525999939, 16.796175736000066 ], [ -10.94929828599993, 16.79035320100013 ], [ -10.945101163999936, 16.784524658000066 ], [ -10.944408131999978, 16.777669187000129 ], [ -10.942233058999932, 16.769842794000112 ], [ -10.940693001999875, 16.76191540800005 ], [ -10.935279848999926, 16.756524834000061 ], [ -10.926277612999968, 16.756158879000054 ], [ -10.920763469999883, 16.756833838000034 ], [ -10.912579252999876, 16.755612948000135 ], [ -10.905630063999979, 16.752073233999965 ], [ -10.898013852999895, 16.746472680000011 ], [ -10.893424720999974, 16.740602141000068 ], [ -10.888354576999973, 16.735254563000069 ], [ -10.886138503999916, 16.727899134000154 ], [ -10.885148462999894, 16.72081168200009 ], [ -10.88009332199988, 16.716451028000108 ], [ -10.875053188999857, 16.716133062000097 ], [ -10.868595006999897, 16.709579579999968 ], [ -10.869246006999958, 16.701109232000078 ], [ -10.872259069999927, 16.693598806000068 ], [ -10.873291084999892, 16.687616265000031 ], [ -10.875611135999918, 16.68274663699998 ], [ -10.875919138999905, 16.680532807000134 ], [ -10.945395, 16.679915000000108 ], [ -10.963845570999979, 16.675530533000142 ], [ -10.937790472999893, 16.659421582000164 ], [ -10.809557233999897, 16.597571337999966 ], [ -10.804709105999962, 16.597063387000162 ], [ -10.797314910999944, 16.596349456000155 ], [ -10.789839709999967, 16.59356868499998 ], [ -10.785400587999959, 16.591081885000108 ], [ -10.778881415999933, 16.590028979000067 ], [ -10.771618227999909, 16.591429884000036 ], [ -10.764161035999905, 16.592973778999976 ], [ -10.74528145599993, 16.550845133000166 ], [ -10.750073577999956, 16.548332255999981 ], [ -10.754861695999921, 16.544938510000065 ], [ -10.756936746999941, 16.543221639000024 ], [ -10.759369803999959, 16.539603914000054 ], [ -10.760951839999962, 16.537252093000063 ], [ -10.759958799999936, 16.529975658000126 ], [ -10.760701812999969, 16.526689911000119 ], [ -10.565723694999917, 16.519946794000077 ], [ -10.429009103999931, 16.515023425000095 ], [ -10.398728305999953, 16.51265666300003 ], [ -10.097938486999965, 16.54885640700013 ], [ -9.95336872699994, 16.567475226000113 ], [ -10.00031857599987, 16.886660565000057 ], [ -9.95696865799988, 17.000497914000164 ], [ -9.919159831999934, 17.086605393000184 ], [ -9.724001617999818, 17.558424841999965 ], [ -10.339177774999882, 17.519577630000072 ], [ -11.000956585999973, 17.70038562600007 ] ] ] } },
{ "type": "Feature", "properties": { "adm2_name": "Aïoun", "adm2_name1": null, "adm2_name2": null, "adm2_name3": null, "adm2_pcode": "MR021", "adm1_name": "Hodh El Gharbi", "adm1_name1": null, "adm1_name2": null, "adm1_name3": null, "adm1_pcode": "MR02", "adm0_name": "Mauritanie", "adm0_name1": null, "adm0_name2": null, "adm0_name3": null, "adm0_pcode": "MR", "valid_on": "2024-03-27", "valid_to": null, "area_sqkm": 17746.631479809999, "version": "v03", "lang": "fr", "lang1": null, "lang2": null, "lang3": null, "adm2_ref": "Aioun", "center_lat": 16.7270679, "center_lon": -9.27189143 }, "geometry": { "type": "Polygon", "coordinates": [ [ [ -9.501110524999945, 17.456616966000183 ], [ -9.724001617999818, 17.558424841999965 ], [ -9.919159831999934, 17.086605393000184 ], [ -9.95696865799988, 17.000497914000164 ], [ -10.00031857599987, 16.886660565000057 ], [ -9.95336872699994, 16.567475226000113 ], [ -10.097938486999965, 16.54885640700013 ], [ -10.100615356999924, 16.444157500000131 ], [ -10.101347339999847, 16.425149970000064 ], [ -9.967946964999896, 16.491077104000055 ], [ -9.968826952999962, 16.472488541000075 ], [ -9.946398217999956, 16.395034576000171 ], [ -9.943961083999966, 16.35787846 ], [ -9.942367704999981, 16.176506545000166 ], [ -9.828364836999981, 16.242501613000115 ], [ -9.751371823999932, 16.246252454000057 ], [ -9.64035991399993, 16.248500468000032 ], [ -9.500480269999912, 16.265271403000099 ], [ -9.429670418999876, 16.27078209400014 ], [ -9.327350746999855, 16.280499511000073 ], [ -9.159347370999967, 16.305497850000165 ], [ -9.089832580999882, 16.327848232000065 ], [ -8.894340543999931, 16.392491546000088 ], [ -8.748974953999948, 16.532729946000131 ], [ -8.289324647999933, 17.023444008000126 ], [ -8.537195542999939, 17.286527439 ], [ -8.589691969999876, 17.342245718000072 ], [ -8.598333420999893, 17.351417519 ], [ -9.117458571999919, 17.277316748000089 ], [ -9.117609038999944, 17.277295270000081 ], [ -9.501110524999945, 17.456616966000183 ] ] ] } },
{ "type": "Feature", "properties": { "adm2_name": "Kobeni", "adm2_name1": null, "adm2_name2": null, "adm2_name3": null, "adm2_pcode": "MR022", "adm1_name": "Hodh El Gharbi", "adm1_name1": null, "adm1_name2": null, "adm1_name3": null, "adm1_pcode": "MR02", "adm0_name": "Mauritanie", "adm0_name1": null, "adm0_name2": null, "adm0_name3": null, "adm0_pcode": "MR", "valid_on": "2024-03-27", "valid_to": null, "area_sqkm": 8923.6954090700001, "version": "v03", "lang": "fr", "lang1": null, "lang2": null, "lang3": null, "adm2_ref": "None", "center_lat": 15.90237946, "center_lon": -9.45232476 }, "geometry": { "type": "Polygon", "coordinates": [ [ [ -8.856060556999978, 15.816206421000174 ], [ -8.967322552999974, 15.859253883000122 ], [ -9.030778437999857, 15.987403783000047 ], [ -9.067456530999891, 16.06245187900015 ], [ -9.022912515999963, 16.153300885000021 ], [ -8.894340543999931, 16.392491546000088 ], [ -9.089832580999882, 16.327848232000065 ], [ -9.159347370999967, 16.305497850000165 ], [ -9.327350746999855, 16.280499511000073 ], [ -9.429670418999876, 16.27078209400014 ], [ -9.500480269999912, 16.265271403000099 ], [ -9.64035991399993, 16.248500468000032 ], [ -9.751371823999932, 16.246252454000057 ], [ -9.828364836999981, 16.242501613000115 ], [ -9.942367704999981, 16.176506545000166 ], [ -9.941907551999918, 16.100438466000185 ], [ -9.917086809999887, 16.050080432000129 ], [ -9.916536787999974, 16.045869761000176 ], [ -9.916646776999926, 16.038286352000057 ], [ -9.916291760999854, 16.034590641000079 ], [ -9.915545731999941, 16.029444043000012 ], [ -9.914501691999874, 16.022661574000097 ], [ -9.913063637999926, 16.013914259000103 ], [ -9.912496608999902, 16.006052873000158 ], [ -9.911833576999925, 15.998097495000081 ], [ -9.911456551999891, 15.989673151999966 ], [ -9.91054651099995, 15.980408877000059 ], [ -9.910122484999931, 15.972172520000072 ], [ -9.911628509999844, 15.964209139000104 ], [ -9.912127510999937, 15.957278680000172 ], [ -9.913889547999872, 15.952544046000128 ], [ -9.91565158599991, 15.947902406000139 ], [ -9.914339537999979, 15.940393994000033 ], [ -9.914634537999973, 15.936439303000157 ], [ -9.913691502999825, 15.930497768000123 ], [ -9.912608467999917, 15.927188029000092 ], [ -9.912152444999947, 15.920908520000069 ], [ -9.914389492999931, 15.91472099900011 ], [ -9.916711536999969, 15.905863688000125 ], [ -9.915233485999977, 15.898895235000055 ], [ -9.911393372999839, 15.89226475900017 ], [ -9.911391352999942, 15.881217623000055 ], [ -9.911198328999944, 15.870733443000177 ], [ -9.913435376999928, 15.864544923000039 ], [ -9.918823512999893, 15.861902120000138 ], [ -9.922952614999929, 15.858280397000044 ], [ -9.924420642999905, 15.852516845000139 ], [ -9.922996594999859, 15.846952283000178 ], [ -9.917610440999965, 15.839438879000056 ], [ -9.911640268999918, 15.83070957200016 ], [ -9.908226163999871, 15.822251240000185 ], [ -9.904568051999888, 15.81290497800012 ], [ -9.905701071999943, 15.807704383000157 ], [ -9.907547106999914, 15.800440948000187 ], [ -9.909826152999926, 15.792802542 ], [ -9.911099174999833, 15.786431039000149 ], [ -9.91151116899988, 15.776845789000049 ], [ -9.911385157999973, 15.772932096000147 ], [ -9.910849139999925, 15.770759267000017 ], [ -9.911194141999943, 15.766597592000039 ], [ -9.912840177999897, 15.762545907000117 ], [ -9.914666211999929, 15.754960498000173 ], [ -9.914097181999978, 15.746537159000127 ], [ -9.912903135999954, 15.738490791000174 ], [ -9.910151043999974, 15.727127686000131 ], [ -9.908175974999892, 15.717212467000138 ], [ -9.904666867999879, 15.708848128000056 ], [ -9.904317558999935, 15.706548573000134 ], [ -9.903522823999936, 15.701316721000126 ], [ -9.903092795999953, 15.69162948100012 ], [ -9.903534791999959, 15.68287416700008 ], [ -9.904842809999877, 15.673834874000079 ], [ -9.908429892999948, 15.667594358000144 ], [ -9.90689283599994, 15.658426080000083 ], [ -9.905889794999837, 15.650051738000116 ], [ -9.905029756999909, 15.64106744500009 ], [ -9.905601750999892, 15.629222374000108 ], [ -9.908610818999932, 15.62321884000005 ], [ -9.909057816999962, 15.615587439000024 ], [ -9.908680791999927, 15.606976116000112 ], [ -9.910272814999928, 15.596717919000184 ], [ -9.910807811999973, 15.587166668000123 ], [ -9.9093857659999, 15.58202407400006 ], [ -9.906368675999943, 15.575904559999969 ], [ -9.904117604999954, 15.568752126000049 ], [ -9.901234514999942, 15.560384788000022 ], [ -9.900088469999957, 15.552244430000087 ], [ -9.896975378999969, 15.546452891000058 ], [ -9.893143268999893, 15.541226308000034 ], [ -9.885734062999973, 15.534141876999968 ], [ -9.87952688699994, 15.52649148900008 ], [ -9.87411273999993, 15.523189758 ], [ -9.868107572999918, 15.517551211000011 ], [ -9.860538356999882, 15.507003053000176 ], [ -9.860686343999873, 15.497359812000127 ], [ -9.857230240999911, 15.490118387000052 ], [ -9.85444915599993, 15.483014951000143 ], [ -9.85117105199987, 15.47263677300009 ], [ -9.85128204199998, 15.46524135500016 ], [ -9.84853095099993, 15.454205227999978 ], [ -9.846998895999889, 15.445926881999981 ], [ -9.842385762999868, 15.438877445000173 ], [ -9.841786739999861, 15.434432796000067 ], [ -9.836363589999962, 15.429400201000135 ], [ -9.829488398999956, 15.422968719000153 ], [ -9.825891293999973, 15.416571229 ], [ -9.827666605999866, 15.412938091000115 ], [ -9.8281833449999, 15.411880595000014 ], [ -9.750855341999909, 15.422011923000071 ], [ -9.747918255999934, 15.416395370000089 ], [ -9.744013149999944, 15.414432531000159 ], [ -9.739862037999899, 15.412288707000073 ], [ -9.733636870999874, 15.410143886000128 ], [ -9.725489658999834, 15.410135899000124 ], [ -9.718909487999952, 15.411165829000026 ], [ -9.712015310999959, 15.413086689000181 ], [ -9.706084162999957, 15.416895398000122 ], [ -9.700934031999964, 15.419197226000108 ], [ -9.69655492499993, 15.423391902000105 ], [ -9.69097778399987, 15.425935710999966 ], [ -9.687872703999915, 15.427074626000149 ], [ -9.637731395999879, 15.428968558000179 ], [ -9.570207634999974, 15.431710451000129 ], [ -9.500502781999955, 15.414615909000076 ], [ -9.45767469999987, 15.437164202000076 ], [ -9.400231200999883, 15.440103062000048 ], [ -9.442292583999915, 15.605462998000178 ], [ -9.33229586099992, 15.699194824000188 ], [ -9.311028283999974, 15.687322788000188 ], [ -9.329505449999942, 15.500097455000059 ], [ -8.996743728999945, 15.500575938000168 ], [ -8.954855701999975, 15.544560548000049 ], [ -8.940304390999927, 15.587487201000101 ], [ -8.910533739999948, 15.66679002900014 ], [ -8.856060556999978, 15.816206421000174 ] ] ] } },
{ "type": "Feature", "properties": { "adm2_name": "Touil", "adm2_name1": null, "adm2_name2": null, "adm2_name3": null, "adm2_pcode": "MR025", "adm1_name": "Hodh El Gharbi", "adm1_name1": null, "adm1_name2": null, "adm1_name3": null, "adm1_pcode": "MR02", "adm0_name": "Mauritanie", "adm0_name1": null, "adm0_name2": null, "adm0_name3": null, "adm0_pcode": "MR", "valid_on": "2024-03-27", "valid_to": null, "area_sqkm": 2334.5641282699999, "version": "v03", "lang": "fr", "lang1": null, "lang2": null, "lang3": null, "adm2_ref": "None", "center_lat": 15.55631461, "center_lon": -10.25393105 }, "geometry": { "type": "Polygon", "coordinates": [ [ [ -9.903534791999959, 15.68287416700008 ], [ -9.903092795999953, 15.69162948100012 ], [ -9.903522823999936, 15.701316721000126 ], [ -9.904317558999935, 15.706548573000134 ], [ -10.200266579999891, 15.700749263000091 ], [ -10.355014577999896, 15.676847873000099 ], [ -10.628653726999914, 15.682914919999973 ], [ -10.585528887999942, 15.428424264000114 ], [ -10.585268, 15.428548 ], [ -10.515691999999888, 15.425554 ], [ -10.224154999999882, 15.419282 ], [ -10.047197, 15.416291000000172 ], [ -10.047064227999954, 15.417137898000078 ], [ -10.047058999999877, 15.416990000000112 ], [ -9.827666605999866, 15.412938091000115 ], [ -9.825891293999973, 15.416571229 ], [ -9.829488398999956, 15.422968719000153 ], [ -9.836363589999962, 15.429400201000135 ], [ -9.841786739999861, 15.434432796000067 ], [ -9.842385762999868, 15.438877445000173 ], [ -9.846998895999889, 15.445926881999981 ], [ -9.84853095099993, 15.454205227999978 ], [ -9.85128204199998, 15.46524135500016 ], [ -9.85117105199987, 15.47263677300009 ], [ -9.85444915599993, 15.483014951000143 ], [ -9.857230240999911, 15.490118387000052 ], [ -9.860686343999873, 15.497359812000127 ], [ -9.860538356999882, 15.507003053000176 ], [ -9.868107572999918, 15.517551211000011 ], [ -9.87411273999993, 15.523189758 ], [ -9.87952688699994, 15.52649148900008 ], [ -9.885734062999973, 15.534141876999968 ], [ -9.893143268999893, 15.541226308000034 ], [ -9.896975378999969, 15.546452891000058 ], [ -9.900088469999957, 15.552244430000087 ], [ -9.901234514999942, 15.560384788000022 ], [ -9.904117604999954, 15.568752126000049 ], [ -9.906368675999943, 15.575904559999969 ], [ -9.9093857659999, 15.58202407400006 ], [ -9.910807811999973, 15.587166668000123 ], [ -9.910272814999928, 15.596717919000184 ], [ -9.908680791999927, 15.606976116000112 ], [ -9.909057816999962, 15.615587439000024 ], [ -9.908610818999932, 15.62321884000005 ], [ -9.905601750999892, 15.629222374000108 ], [ -9.905029756999909, 15.64106744500009 ], [ -9.905889794999837, 15.650051738000116 ], [ -9.90689283599994, 15.658426080000083 ], [ -9.908429892999948, 15.667594358000144 ], [ -9.904842809999877, 15.673834874000079 ], [ -9.903534791999959, 15.68287416700008 ] ] ] } },
{ "type": "Feature", "properties": { "adm2_name": "Tintane", "adm2_name1": null, "adm2_name2": null, "adm2_name3": null, "adm2_pcode": "MR024", "adm1_name": "Hodh El Gharbi", "adm1_name1": null, "adm1_name2": null, "adm1_name3": null, "adm1_pcode": "MR02", "adm0_name": "Mauritanie", "adm0_name1": null, "adm0_name2": null, "adm0_name3": null, "adm0_pcode": "MR", "valid_on": "2024-03-27", "valid_to": null, "area_sqkm": 7993.7440980199999, "version": "v03", "lang": "fr", "lang1": null, "lang2": null, "lang3": null, "adm2_ref": "None", "center_lat": 16.10972232, "center_lon": -10.34489043 }, "geometry": { "type": "Polygon", "coordinates": [ [ [ -10.097938486999965, 16.54885640700013 ], [ -10.398728305999953, 16.51265666300003 ], [ -10.429009103999931, 16.515023425000095 ], [ -10.565723694999917, 16.519946794000077 ], [ -10.760701812999969, 16.526689911000119 ], [ -10.761047816999906, 16.524510079000095 ], [ -10.765241918999891, 16.520652369000118 ], [ -10.770578040999908, 16.511611059000018 ], [ -10.778693246999978, 16.508366295000144 ], [ -10.783949380999957, 16.506801406000079 ], [ -10.789490514999954, 16.501518805000046 ], [ -10.796230683999966, 16.497914071000082 ], [ -10.801027810999926, 16.498281034000115 ], [ -10.799514777999889, 16.501589780000188 ], [ -10.799435783999911, 16.505963442000052 ], [ -10.802648872999953, 16.508229261 ], [ -10.808177011999931, 16.505250481000076 ], [ -10.815008181999929, 16.501221780000094 ], [ -10.81970029799993, 16.49792302700007 ], [ -10.82775149999992, 16.493739335000157 ], [ -10.835893709999937, 16.49223443700015 ], [ -10.844302936999952, 16.495381177000127 ], [ -10.847264017999976, 16.497133036000037 ], [ -10.852239151999925, 16.499519842000154 ], [ -10.857467294999879, 16.502468604000057 ], [ -10.864855494999972, 16.505955320000055 ], [ -10.869919624999909, 16.504580417000057 ], [ -10.87371172099995, 16.503219515000126 ], [ -10.876403791999962, 16.503423494 ], [ -10.882593957999916, 16.505326335000177 ], [ -10.885068013999899, 16.500878675000024 ], [ -10.888158082999951, 16.495201109000106 ], [ -10.892378201999975, 16.499335781000127 ], [ -10.89668532099995, 16.502812504000076 ], [ -10.903145490999862, 16.503160464000075 ], [ -10.913292752999951, 16.501725556000054 ], [ -10.916906846999836, 16.50149556700012 ], [ -10.923498017999918, 16.500855605000083 ], [ -10.928235141999949, 16.500517622000075 ], [ -10.934430301999953, 16.499552685000083 ], [ -10.938535401999957, 16.496307928000135 ], [ -10.942370498999935, 16.49447706300009 ], [ -10.94500155399993, 16.487582592000081 ], [ -10.949558660999969, 16.481935021000083 ], [ -10.953231744999925, 16.475968476000162 ], [ -10.957051832999923, 16.470093924000082 ], [ -10.961995956999885, 16.467310130000158 ], [ -10.968312122999976, 16.467895072999966 ], [ -10.975330296999971, 16.463299416000154 ], [ -10.980771427999969, 16.457876826000188 ], [ -10.983635493999884, 16.453330173000154 ], [ -10.982775467999943, 16.45150631600012 ], [ -10.979633383999953, 16.450650387999985 ], [ -10.971158166999942, 16.452770239000188 ], [ -10.960933904999877, 16.455569042000036 ], [ -10.954528743999958, 16.45869881100009 ], [ -10.94745656799995, 16.462965494000059 ], [ -10.942841457999918, 16.468049109000106 ], [ -10.939960388999907, 16.471467850000124 ], [ -10.935417281999889, 16.477088423 ], [ -10.930612162999978, 16.480432173000111 ], [ -10.927144073999898, 16.481101127000045 ], [ -10.924432001999946, 16.480507179000085 ], [ -10.921035912999969, 16.480808162000017 ], [ -10.915668774999972, 16.48148212000018 ], [ -10.910113624999951, 16.479525282000111 ], [ -10.91134264599998, 16.473680732000048 ], [ -10.909864598999889, 16.469796036000162 ], [ -10.906058500999904, 16.470263007000142 ], [ -10.903022426999883, 16.473166787000082 ], [ -10.898574316999827, 16.476367548000155 ], [ -10.892477159999828, 16.477285488000064 ], [ -10.887009017999901, 16.477818457000183 ], [ -10.880747853999935, 16.47765648100011 ], [ -10.877940777999925, 16.476372586000025 ], [ -10.871783610999955, 16.473434825000027 ], [ -10.870210561999897, 16.469692118000069 ], [ -10.874424660999978, 16.464001551000081 ], [ -10.875906688999862, 16.458671961000164 ], [ -10.874729651999928, 16.455300225000087 ], [ -10.872470584999974, 16.451471526000091 ], [ -10.8718755619999, 16.447763814000098 ], [ -10.869145484999876, 16.445116024000015 ], [ -10.8642193579999, 16.445925971000179 ], [ -10.859794244999932, 16.44748185800006 ], [ -10.857327177999935, 16.446052974000111 ], [ -10.852869053999939, 16.442343270000151 ], [ -10.850609986999871, 16.438514571000155 ], [ -10.850972986999977, 16.433573953000121 ], [ -10.853450042999953, 16.429313278000109 ], [ -10.858495169999856, 16.426716469999974 ], [ -10.862863279999942, 16.424643623000179 ], [ -10.866881385999875, 16.425208572000088 ], [ -10.871495508999942, 16.426377472000183 ], [ -10.876457641999878, 16.427965340000128 ], [ -10.882361800999888, 16.430294148000087 ], [ -10.88797694699997, 16.429806176 ], [ -10.892004047999933, 16.427831321000156 ], [ -10.892539054999872, 16.424487579000072 ], [ -10.890297990999898, 16.421832789000121 ], [ -10.887392912999871, 16.42055089400003 ], [ -10.883804815999838, 16.419276 ], [ -10.880304720999959, 16.417483145000119 ], [ -10.878367666999907, 16.4155313 ], [ -10.87602359899995, 16.412502540000048 ], [ -10.87379853799996, 16.410929666000129 ], [ -10.868734401999973, 16.409107816000187 ], [ -10.864810297999952, 16.408306886 ], [ -10.860653188999947, 16.408213901000011 ], [ -10.858058120999942, 16.407961925000166 ], [ -10.854890038999883, 16.408609881000132 ], [ -10.851914968999949, 16.412264602999983 ], [ -10.850778949999835, 16.417873170000178 ], [ -10.848315895999974, 16.422978779000061 ], [ -10.844787808999968, 16.425652578000097 ], [ -10.839195666999956, 16.427645434000112 ], [ -10.833458520999898, 16.429733283000132 ], [ -10.828185383999937, 16.430171259000133 ], [ -10.820757183999945, 16.427295496000113 ], [ -10.817143083999895, 16.424375729000019 ], [ -10.815335029999972, 16.42124597500009 ], [ -10.816512054999976, 16.418365196000025 ], [ -10.819975138999894, 16.414657477000105 ], [ -10.824378247999903, 16.411644702000103 ], [ -10.83015539299987, 16.408991897000078 ], [ -10.835260522999874, 16.407146031000138 ], [ -10.841822689999958, 16.404672211000104 ], [ -10.843035713999882, 16.400896501000148 ], [ -10.838910603999977, 16.399722600000075 ], [ -10.833770468999944, 16.399358638000024 ], [ -10.831337405999875, 16.400092585000095 ], [ -10.82787931799993, 16.400931527000012 ], [ -10.823208198999907, 16.402443418000132 ], [ -10.819747108999877, 16.403094374000034 ], [ -10.816551029999914, 16.405059228000027 ], [ -10.81470097599987, 16.402448434000064 ], [ -10.813982946999886, 16.397096850000082 ], [ -10.81474195699991, 16.392433210000036 ], [ -10.814612943999975, 16.387263612000083 ], [ -10.813589910999895, 16.384360839000124 ], [ -10.815764957999932, 16.379586205000123 ], [ -10.818217016999938, 16.376878410000188 ], [ -10.821200101999921, 16.380088156 ], [ -10.825752214999966, 16.377261367000187 ], [ -10.829823316999921, 16.374909542000182 ], [ -10.833072397999899, 16.373179670000013 ], [ -10.834430425999926, 16.369308968000041 ], [ -10.834810427999912, 16.365449266999974 ], [ -10.837618491999933, 16.360526643000185 ], [ -10.840204551999932, 16.357017911000128 ], [ -10.842646602999935, 16.350501411999971 ], [ -10.841612568999892, 16.346893694000073 ], [ -10.841461557999935, 16.343415964000144 ], [ -10.83990651199997, 16.340895163000027 ], [ -10.837519450999878, 16.341487121000114 ], [ -10.834113363999904, 16.342561044000092 ], [ -10.830535269999871, 16.341991095000083 ], [ -10.830230253999957, 16.338045402000034 ], [ -10.834114351999972, 16.33630853 ], [ -10.83865746999993, 16.336020544000178 ], [ -10.842925582999897, 16.336958463000087 ], [ -10.849043743999971, 16.337357421000036 ], [ -10.853844870999922, 16.338006361000055 ], [ -10.85876499699998, 16.336821444000179 ], [ -10.863234109999894, 16.334935582000128 ], [ -10.865224153999975, 16.330821898000067 ], [ -10.862144060999981, 16.324511394000012 ], [ -10.858362959999909, 16.323473482000111 ], [ -10.85365083399995, 16.322258585000043 ], [ -10.849084712999968, 16.321089684000071 ], [ -10.849759722999977, 16.317320975000086 ], [ -10.852941799999883, 16.314416195000092 ], [ -10.857243899999958, 16.308018684 ], [ -10.858581924999839, 16.302879081000128 ], [ -10.854054808999877, 16.304200987000058 ], [ -10.848905678999927, 16.306328831000087 ], [ -10.844918576999873, 16.307785725000031 ], [ -10.841593489999923, 16.307730735000064 ], [ -10.838176395999881, 16.304948958000068 ], [ -10.836727347999897, 16.299794361000124 ], [ -10.836611335999976, 16.295423701000175 ], [ -10.832001200999912, 16.288237268000046 ], [ -10.826790054999947, 16.283219667000083 ], [ -10.834539248999874, 16.279073975000074 ], [ -10.84364447299987, 16.271812523000051 ], [ -10.849180602999922, 16.264739063000093 ], [ -10.847524547999967, 16.258499551000057 ], [ -10.842416402999959, 16.252982989000145 ], [ -10.837106255999913, 16.24868233300009 ], [ -10.831785111999977, 16.245831565000117 ], [ -10.82524893599998, 16.243159785000046 ], [ -10.815218667999829, 16.240274028000101 ], [ -10.805621412999869, 16.237953226000116 ], [ -10.798169210999845, 16.23443151400005 ], [ -10.790660009999897, 16.231985717999976 ], [ -10.782537787999956, 16.22700812000005 ], [ -10.776415615999838, 16.220734619000154 ], [ -10.774268548999828, 16.215287047000061 ], [ -10.771305457999972, 16.208522579000089 ], [ -10.76480627299992, 16.200701199000093 ], [ -10.760036137999975, 16.195373623000023 ], [ -10.755452009999829, 16.191312947000085 ], [ -10.752805934999913, 16.187874220000083 ], [ -10.748565814999893, 16.183160594000128 ], [ -10.746950761999869, 16.178091992000191 ], [ -10.747816773999944, 16.172246445000098 ], [ -10.745977709999977, 16.164507051000157 ], [ -10.743881643999941, 16.158639512000036 ], [ -10.742373591999979, 16.15212002300018 ], [ -10.742300569999941, 16.141819825000084 ], [ -10.740854515999956, 16.133381485000143 ], [ -10.743333565999876, 16.125957059000143 ], [ -10.745267604999867, 16.120119511000098 ], [ -10.747163640999872, 16.112924068000098 ], [ -10.748470661999932, 16.106520565000096 ], [ -10.754100796999921, 16.099869073000036 ], [ -10.764173039999946, 16.089739845000054 ], [ -10.76871115199998, 16.086498089000031 ], [ -10.771040199999959, 16.079727613000102 ], [ -10.773461250999901, 16.073706078000043 ], [ -10.775771303999818, 16.069791379000094 ], [ -10.776729318999969, 16.064601782000125 ], [ -10.774143240999933, 16.059479187000022 ], [ -10.770670143999894, 16.056222447000039 ], [ -10.770523126999876, 16.049479974 ], [ -10.773039181999877, 16.043834410000102 ], [ -10.775420229999895, 16.036642967000034 ], [ -10.773664172999929, 16.030870419999985 ], [ -10.771761112999911, 16.025237862999973 ], [ -10.767357992999962, 16.023004045999983 ], [ -10.762527859999977, 16.019455332000177 ], [ -10.759154764999948, 16.015777625000112 ], [ -10.754039622999926, 16.011290984000027 ], [ -10.748284466999905, 16.008063247000052 ], [ -10.741743291999853, 16.006093413000144 ], [ -10.735889133999876, 16.003098657000123 ], [ -10.728776940999921, 15.9994859520001 ], [ -10.723159789999954, 15.997477119000052 ], [ -10.714813570999922, 15.996757190000096 ], [ -10.708798412999954, 15.995962263000138 ], [ -10.70123721199991, 15.994077424000068 ], [ -10.691189947999931, 15.993579481000154 ], [ -10.684984782999948, 15.991916622000133 ], [ -10.691516942999897, 15.986413040000059 ], [ -10.697616091999976, 15.981238433000101 ], [ -10.69821709799993, 15.975759860000039 ], [ -10.696360037999966, 15.970197298000073 ], [ -10.693502958999886, 15.967540511000038 ], [ -10.688786838999931, 15.969432372000028 ], [ -10.685214743999893, 15.968417457000157 ], [ -10.684470715999964, 15.96402080200005 ], [ -10.684018696999942, 15.960044114000027 ], [ -10.679229564999844, 15.956506399000148 ], [ -10.673717414999942, 15.953064678000032 ], [ -10.671856353999942, 15.946753174000037 ], [ -10.653199649999863, 15.832817122000051 ], [ -10.628653726999914, 15.682914919999973 ], [ -10.355014577999896, 15.676847873000099 ], [ -10.200266579999891, 15.700749263000091 ], [ -9.904317558999935, 15.706548573000134 ], [ -9.904666867999879, 15.708848128000056 ], [ -9.908175974999892, 15.717212467000138 ], [ -9.910151043999974, 15.727127686000131 ], [ -9.912903135999954, 15.738490791000174 ], [ -9.914097181999978, 15.746537159000127 ], [ -9.914666211999929, 15.754960498000173 ], [ -9.912840177999897, 15.762545907000117 ], [ -9.911194141999943, 15.766597592000039 ], [ -9.910849139999925, 15.770759267000017 ], [ -9.911385157999973, 15.772932096000147 ], [ -9.91151116899988, 15.776845789000049 ], [ -9.911099174999833, 15.786431039000149 ], [ -9.909826152999926, 15.792802542 ], [ -9.907547106999914, 15.800440948000187 ], [ -9.905701071999943, 15.807704383000157 ], [ -9.904568051999888, 15.81290497800012 ], [ -9.908226163999871, 15.822251240000185 ], [ -9.911640268999918, 15.83070957200016 ], [ -9.917610440999965, 15.839438879000056 ], [ -9.922996594999859, 15.846952283000178 ], [ -9.924420642999905, 15.852516845000139 ], [ -9.922952614999929, 15.858280397000044 ], [ -9.918823512999893, 15.861902120000138 ], [ -9.913435376999928, 15.864544923000039 ], [ -9.911198328999944, 15.870733443000177 ], [ -9.911391352999942, 15.881217623000055 ], [ -9.911393372999839, 15.89226475900017 ], [ -9.915233485999977, 15.898895235000055 ], [ -9.916711536999969, 15.905863688000125 ], [ -9.914389492999931, 15.91472099900011 ], [ -9.912152444999947, 15.920908520000069 ], [ -9.912608467999917, 15.927188029000092 ], [ -9.913691502999825, 15.930497768000123 ], [ -9.914634537999973, 15.936439303000157 ], [ -9.914339537999979, 15.940393994000033 ], [ -9.91565158599991, 15.947902406000139 ], [ -9.913889547999872, 15.952544046000128 ], [ -9.912127510999937, 15.957278680000172 ], [ -9.911628509999844, 15.964209139000104 ], [ -9.910122484999931, 15.972172520000072 ], [ -9.91054651099995, 15.980408877000059 ], [ -9.911456551999891, 15.989673151999966 ], [ -9.911833576999925, 15.998097495000081 ], [ -9.912496608999902, 16.006052873000158 ], [ -9.913063637999926, 16.013914259000103 ], [ -9.914501691999874, 16.022661574000097 ], [ -9.915545731999941, 16.029444043000012 ], [ -9.916291760999854, 16.034590641000079 ], [ -9.916646776999926, 16.038286352000057 ], [ -9.916536787999974, 16.045869761000176 ], [ -9.917086809999887, 16.050080432000129 ], [ -9.941907551999918, 16.100438466000185 ], [ -9.942367704999981, 16.176506545000166 ], [ -9.943961083999966, 16.35787846 ], [ -9.946398217999956, 16.395034576000171 ], [ -9.968826952999962, 16.472488541000075 ], [ -9.967946964999896, 16.491077104000055 ], [ -10.101347339999847, 16.425149970000064 ], [ -10.100615356999924, 16.444157500000131 ], [ -10.097938486999965, 16.54885640700013 ] ] ] } },
{ "type": "Feature", "properties": { "adm2_name": "Bennechab", "adm2_name1": null, "adm2_name2": null, "adm2_name3": null, "adm2_pcode": "MR122", "adm1_name": "Inchiri", "adm1_name1": null, "adm1_name2": null, "adm1_name3": null, "adm1_pcode": "MR12", "adm0_name": "Mauritanie", "adm0_name1": null, "adm0_name2": null, "adm0_name3": null, "adm0_pcode": "MR", "valid_on": "2024-03-27", "valid_to": null, "area_sqkm": 18158.79179268, "version": "v03", "lang": "fr", "lang1": null, "lang2": null, "lang3": null, "adm2_ref": "None", "center_lat": 19.55010333, "center_lon": -15.15265477 }, "geometry": { "type": "Polygon", "coordinates": [ [ [ -15.107877981999877, 20.311389955999971 ], [ -15.486190455999974, 20.646992442 ], [ -15.574562328999889, 20.006358028000022 ], [ -15.575412191999931, 20.000197116000038 ], [ -15.593686060999971, 19.86772431900016 ], [ -15.61539114899989, 19.710377576000042 ], [ -15.776493099999925, 19.166044044000159 ], [ -15.825569813999891, 19.000222955000027 ], [ -16.253533015999892, 19.052916669000183 ], [ -16.250288003999913, 19.046287671000073 ], [ -16.248612885999933, 19.038946410000051 ], [ -16.245115519999956, 19.033806619000131 ], [ -16.240626838999901, 19.023676175000048 ], [ -16.237798533999921, 19.01629712200014 ], [ -16.235409449999963, 19.009319647000041 ], [ -16.23437340199996, 19.002503156000103 ], [ -16.230562279999901, 18.995089716999985 ], [ -16.224310091999882, 18.986872345000108 ], [ -16.220981055999971, 18.981995784999981 ], [ -16.21689286599991, 18.976007174000188 ], [ -16.211429696999971, 18.966906866000045 ], [ -16.20652754199989, 18.958008541000027 ], [ -16.200066328999981, 18.943444641999974 ], [ -16.188440938999975, 18.915134780000074 ], [ -16.185055811999973, 18.902741712000022 ], [ -16.181950703999973, 18.893934376000118 ], [ -16.181565677999913, 18.888718765000135 ], [ -16.182130668999946, 18.881254319000163 ], [ -16.179166676999955, 18.868016658000101 ], [ -16.175766421999981, 18.855043289000037 ], [ -16.173002873999906, 18.839429562000191 ], [ -16.170429486999979, 18.82406086300017 ], [ -16.170049168999981, 18.821877776000122 ], [ -16.170031859999938, 18.811580170000013 ], [ -16.168795072999956, 18.801608290000047 ], [ -16.169065060999969, 18.795749726000111 ], [ -16.169231026999967, 18.78363163 ], [ -16.166635875999816, 18.776974019000079 ], [ -16.164963875999945, 18.770678608000139 ], [ -16.165901875999907, 18.762819192000165 ], [ -16.15942424799988, 18.756023900000116 ], [ -16.156339594999906, 18.751884034999989 ], [ -16.155481562999967, 18.748611282000184 ], [ -16.154843514999925, 18.738687025 ], [ -16.154039011999885, 18.73294313700012 ], [ -16.152497398999969, 18.726812637000023 ], [ -16.150470353999935, 18.723308186000054 ], [ -16.148541708999971, 18.717961930000172 ], [ -16.146442499999921, 18.712142868000115 ], [ -16.145282175999967, 18.709190255000124 ], [ -16.143141084999968, 18.697571129000153 ], [ -16.142519035999953, 18.687131911000051 ], [ -16.142415017999951, 18.682415264000156 ], [ -16.139938935999965, 18.676425719000065 ], [ -16.139778183999908, 18.671644184000172 ], [ -16.140062908999937, 18.666740442000105 ], [ -16.137997243999905, 18.660163569000133 ], [ -16.135659752999857, 18.653233465000142 ], [ -16.135872746999894, 18.649575738000124 ], [ -16.135044699999924, 18.641345355999988 ], [ -16.133146621999913, 18.631957064 ], [ -16.128889360999949, 18.62468850099998 ], [ -16.12557938599997, 18.618762073000084 ], [ -16.121501266999871, 18.614168428000085 ], [ -16.118877110999904, 18.610344887000167 ], [ -16.098196775999895, 18.570691471000146 ], [ -16.093038368999942, 18.560800506000078 ], [ -16.086533119999956, 18.53431251000012 ], [ -16.075313943999959, 18.508483161000186 ], [ -16.069508544999962, 18.489899890000117 ], [ -16.067303893999963, 18.481333238000104 ], [ -16.062539127999912, 18.46636034800008 ], [ -16.059826199999975, 18.458846249000146 ], [ -16.058338332999881, 18.453248658000177 ], [ -15.966240832999915, 18.45501026800008 ], [ -15.873696060999976, 18.456784961000153 ], [ -15.613254425999912, 18.693213946000128 ], [ -15.590752832999954, 18.727795447000176 ], [ -15.590371679999919, 18.728159400000152 ], [ -15.589081439999859, 18.729259110000044 ], [ -15.587494199999981, 18.73055340000019 ], [ -15.585419879999961, 18.732262409999976 ], [ -15.583068, 18.734185890000163 ], [ -15.579978479999852, 18.73672389 ], [ -15.576628319999941, 18.739472760000069 ], [ -15.57450431999996, 18.74128599 ], [ -15.572982239999874, 18.742806360000031 ], [ -15.570172079999907, 18.745628940000188 ], [ -15.567573599999946, 18.748230300000102 ], [ -15.564988079999978, 18.750846420000016 ], [ -15.562428479999937, 18.753475320000121 ], [ -15.559876799999927, 18.75608316000006 ], [ -15.557355359999917, 18.75866535 ], [ -15.554437199999882, 18.761657669999977 ], [ -15.553929538999967, 18.762176328000066 ], [ -15.5521479599999, 18.763996500000076 ], [ -15.549248159999877, 18.76695543000011 ], [ -15.546544559999916, 18.769703940000113 ], [ -15.543995759999973, 18.772310880000191 ], [ -15.540985079999928, 18.775412100000096 ], [ -15.539514479999923, 18.776914470000065 ], [ -15.538767119999875, 18.777687120000053 ], [ -15.537728519999916, 18.77877315 ], [ -15.535992239999814, 18.780556950000175 ], [ -15.533671679999941, 18.78291774000013 ], [ -15.532151039999974, 18.78441534000001 ], [ -15.530610599999932, 18.785981160000063 ], [ -15.529384079999886, 18.787196430000108 ], [ -15.528112559999954, 18.788464710000028 ], [ -15.525963359999935, 18.790640280000105 ], [ -15.52332131999998, 18.793302750000123 ], [ -15.521814359999837, 18.794919779999987 ], [ -15.519103199999961, 18.798016860000075 ], [ -15.517413, 18.799871310000071 ], [ -15.516265679999833, 18.800938530000053 ], [ -15.513530399999979, 18.80349480000001 ], [ -15.510596399999883, 18.806252850000135 ], [ -15.510230703999923, 18.806642389000103 ], [ -15.509894160999977, 18.806942875000118 ], [ -15.509809046999919, 18.807018869 ], [ -15.509801064999976, 18.807100043000162 ], [ -15.509338919999948, 18.80759232000014 ], [ -15.508399236999821, 18.80864353000004 ], [ -15.504516719999913, 18.81299421000017 ], [ -15.501324239999917, 18.816577020000125 ], [ -15.497341199999937, 18.821047410000176 ], [ -15.494575679999912, 18.824152140000024 ], [ -15.492267359999971, 18.826735410000026 ], [ -15.489615599999979, 18.829723409999986 ], [ -15.487472519999926, 18.832135410000092 ], [ -15.485925599999916, 18.833950980000054 ], [ -15.485063759999946, 18.83517804000013 ], [ -15.483087359999899, 18.838214279999988 ], [ -15.481805759999929, 18.840208140000129 ], [ -15.48072467999998, 18.841870349999965 ], [ -15.479244359999825, 18.844174530000032 ], [ -15.476880599999902, 18.8478369 ], [ -15.475508639999816, 18.849876030000132 ], [ -15.474457439999981, 18.851144940000154 ], [ -15.47179991999991, 18.854323560000068 ], [ -15.469620479999946, 18.856925550000085 ], [ -15.467250239999942, 18.859775490000175 ], [ -15.464476439999942, 18.863087310000083 ], [ -15.461851319999937, 18.866212830000052 ], [ -15.460641, 18.867504690000032 ], [ -15.45770710599993, 18.870644058000039 ], [ -15.457615919999967, 18.870741630000168 ], [ -15.456447, 18.871974449999982 ], [ -15.455560679999905, 18.872888310000121 ], [ -15.454376639999907, 18.873990810000066 ], [ -15.45274835999993, 18.875524680000126 ], [ -15.451174799999933, 18.877000230000192 ], [ -15.449858279999887, 18.878205960000116 ], [ -15.449093639999944, 18.878805810000188 ], [ -15.448116959999936, 18.879461190000029 ], [ -15.44674391999996, 18.880264260000047 ], [ -15.445429199999978, 18.881028720000074 ], [ -15.44466419999992, 18.881479170000034 ], [ -15.443666999999834, 18.882068040000092 ], [ -15.441859799999975, 18.883132740000065 ], [ -15.439870079999821, 18.884302830000081 ], [ -15.438259799999969, 18.885248190000141 ], [ -15.436354679999909, 18.886365540000043 ], [ -15.434179919999906, 18.887658030000068 ], [ -15.433362719999877, 18.888243479999971 ], [ -15.43134383999984, 18.889778160000162 ], [ -15.429700799999978, 18.890999280000074 ], [ -15.428892959999928, 18.891642780000041 ], [ -15.426998279999907, 18.893068830000118 ], [ -15.425283599999943, 18.894301290000101 ], [ -15.423306479999894, 18.895716450000123 ], [ -15.420875759999944, 18.897448050000037 ], [ -15.418501919999926, 18.899133390000031 ], [ -15.416183159999889, 18.900781110000139 ], [ -15.414111719999937, 18.902254590000041 ], [ -15.411861, 18.903843540000025 ], [ -15.409836359999929, 18.905278320000093 ], [ -15.408559799999921, 18.906194430000028 ], [ -15.40698515999992, 18.907305300000132 ], [ -15.403996079999956, 18.909406890000128 ], [ -15.402896639999938, 18.910172069999987 ], [ -15.401669399999946, 18.911039130000177 ], [ -15.40052207999986, 18.911836620000031 ], [ -15.40046936799996, 18.911874064000131 ], [ -15.399489599999981, 18.912570030000154 ], [ -15.399079199999846, 18.912860730000034 ], [ -15.398744399999941, 18.913090500000067 ], [ -15.39849527999985, 18.913260960000116 ], [ -15.398333639999976, 18.91337553 ], [ -15.398289359999865, 18.913408830000094 ], [ -15.39818207999997, 18.913572270000145 ], [ -15.398157239999932, 18.913686750000181 ], [ -15.398108279999974, 18.913756140000089 ], [ -15.39809675999993, 18.91376541000011 ], [ -15.398088839999957, 18.913753260000192 ], [ -15.398091, 18.913757850000025 ], [ -15.39804455999996, 18.913798620000023 ], [ -15.397939799999961, 18.913779630000079 ], [ -15.397837559999971, 18.913745880000135 ], [ -15.397632719999876, 18.913863150000054 ], [ -15.397355879999964, 18.91404558000005 ], [ -15.397045919999925, 18.914232780000077 ], [ -15.396530759999905, 18.914526900000055 ], [ -15.395929199999898, 18.914832540000134 ], [ -15.395227919999968, 18.915142320000029 ], [ -15.394241879999981, 18.915563880000093 ], [ -15.393156119999958, 18.916015320000099 ], [ -15.391574639999931, 18.91667547000003 ], [ -15.389720279999892, 18.917444160000059 ], [ -15.388624079999943, 18.917893260000085 ], [ -15.387115679999965, 18.918555300000151 ], [ -15.385523399999897, 18.919261350000113 ], [ -15.383946599999945, 18.919950120000067 ], [ -15.383181599999944, 18.920281410000143 ], [ -15.382159559999934, 18.920732220000161 ], [ -15.380514359999893, 18.92146788000008 ], [ -15.379716064999911, 18.921813899000028 ], [ -15.379464959999837, 18.92192274000007 ], [ -15.378135839999914, 18.922510980000027 ], [ -15.37671059999991, 18.923136210000109 ], [ -15.375394439999923, 18.923709240000051 ], [ -15.37447261899996, 18.924086779000163 ], [ -15.372693719999916, 18.924816960000044 ], [ -15.369032519999962, 18.92630816999997 ], [ -15.36898283599993, 18.926316529000076 ], [ -15.368930327999919, 18.926337935000049 ], [ -15.368284438999979, 18.926601242000061 ], [ -15.368147639999847, 18.926657010000099 ], [ -15.366149279999945, 18.927512460000173 ], [ -15.364437119999877, 18.928347750000171 ], [ -15.362118719999899, 18.92950551000007 ], [ -15.360415559999922, 18.930485880000163 ], [ -15.356705039999952, 18.932633370000019 ], [ -15.354351221999877, 18.933985309999969 ], [ -15.353017199999897, 18.934751520000134 ], [ -15.349965839999982, 18.936512370000173 ], [ -15.346987919999947, 18.938230650000037 ], [ -15.345167039999922, 18.939274200000057 ], [ -15.344235359999914, 18.93980853000005 ], [ -15.341952599999956, 18.941132160000166 ], [ -15.338252159999968, 18.943256160000033 ], [ -15.335759519999954, 18.944695710000133 ], [ -15.33476807999989, 18.945258120000119 ], [ -15.333859799999971, 18.945791640000039 ], [ -15.332699519999949, 18.946456200000114 ], [ -15.331454279999946, 18.94717251000003 ], [ -15.330125519999967, 18.947939760000111 ], [ -15.328717919999974, 18.948759030000076 ], [ -15.326977319999912, 18.949770720000117 ], [ -15.324884999999881, 18.950985810000077 ], [ -15.321925799999917, 18.952684290000093 ], [ -15.319548719999887, 18.954049410000096 ], [ -15.317262, 18.955373220000183 ], [ -15.314543279999896, 18.956936880000057 ], [ -15.311858039999947, 18.958485330000144 ], [ -15.310125, 18.959479200000089 ], [ -15.307824959999948, 18.9608014800001 ], [ -15.30420947999994, 18.96288309 ], [ -15.301913759999934, 18.964278269999966 ], [ -15.299510759999976, 18.965988450000111 ], [ -15.297996140999885, 18.967059818000109 ], [ -15.297356159999879, 18.967512510000063 ], [ -15.295896719999917, 18.968492879999985 ], [ -15.294854519999944, 18.969047190000026 ], [ -15.29349155999995, 18.96962472000007 ], [ -15.292096199999889, 18.970085520000168 ], [ -15.291401039999926, 18.970310970000185 ], [ -15.290868239999895, 18.970478280000123 ], [ -15.289004519999878, 18.971062200000119 ], [ -15.288034319999895, 18.97135929 ], [ -15.286602599999981, 18.971809560000167 ], [ -15.285438719999888, 18.972198180000191 ], [ -15.283688759999961, 18.972751500000129 ], [ -15.282222839999974, 18.973205820000032 ], [ -15.280828199999974, 18.973619550000024 ], [ -15.27917975999992, 18.974138490000144 ], [ -15.277251959999944, 18.974750670000162 ], [ -15.275009159999968, 18.975458430000117 ], [ -15.272666639999954, 18.976202099999966 ], [ -15.271256519999895, 18.976695570000118 ], [ -15.270176519999893, 18.977182650000088 ], [ -15.268963319999955, 18.977856570000085 ], [ -15.267141359999925, 18.978955020000058 ], [ -15.264854279999895, 18.980348850000098 ], [ -15.262381439999842, 18.981853110000031 ], [ -15.260593679999886, 18.982936350000102 ], [ -15.259275719999891, 18.983735729999978 ], [ -15.257876039999928, 18.984581910000031 ], [ -15.256398239999953, 18.985484160000055 ], [ -15.254220959999941, 18.986805180000147 ], [ -15.252748919999874, 18.987706260000095 ], [ -15.250283279999906, 18.989202420000026 ], [ -15.247634759999869, 18.990811530000144 ], [ -15.245008559999917, 18.992409210000176 ], [ -15.243263999999897, 18.993477690000134 ], [ -15.242024879999974, 18.99414135000012 ], [ -15.240876479999883, 18.994623930000103 ], [ -15.239407319999941, 18.995163840000032 ], [ -15.23740751999992, 18.99588537 ], [ -15.236283959999867, 18.996297120000179 ], [ -15.235279559999981, 18.996662520000029 ], [ -15.23373227999997, 18.997238340000081 ], [ -15.232471919999853, 18.997619849999978 ], [ -15.231328919999953, 18.997840710000162 ], [ -15.230098439999949, 18.997970040000041 ], [ -15.228282239999942, 18.998131500000056 ], [ -15.22638, 18.998293230000115 ], [ -15.223594679999962, 18.998535510000067 ], [ -15.223578693999968, 18.998536887000114 ], [ -15.222724185999937, 18.998610493000172 ], [ -15.215490793999834, 18.99924522900011 ], [ -15.214754159999814, 18.999309870000047 ], [ -15.213726359999953, 18.999402480000072 ], [ -15.211987919999899, 18.999565020000034 ], [ -15.210158399999955, 18.99974547 ], [ -15.209095319999847, 18.999909720000119 ], [ -15.207784919999938, 19.000247490000163 ], [ -15.207591596999862, 19.000314687000127 ], [ -15.206492879999814, 19.000696590000189 ], [ -15.205486679999979, 19.001146680000147 ], [ -15.204526199999975, 19.001682810000091 ], [ -15.203173679999963, 19.002539340000055 ], [ -15.201907559999938, 19.003351770000165 ], [ -15.200025839999967, 19.004560110000114 ], [ -15.198378479999974, 19.005630660000065 ], [ -15.197434559999863, 19.006234470000095 ], [ -15.196256279999886, 19.006996320000098 ], [ -15.194789999999898, 19.007938440000032 ], [ -15.193245239999953, 19.008943650000106 ], [ -15.19139483999993, 19.010142180000116 ], [ -15.190058879999924, 19.011006270000053 ], [ -15.189037559999974, 19.011661740000079 ], [ -15.187914359999979, 19.012389570000096 ], [ -15.187284359999978, 19.012800509999977 ], [ -15.18641243999997, 19.013369670000031 ], [ -15.18548471999992, 19.01395584 ], [ -15.184658519999971, 19.014522030000137 ], [ -15.183738719999951, 19.015107120000039 ], [ -15.183456743999898, 19.015283340000053 ], [ -15.182167679999907, 19.016088930000137 ], [ -15.180156359999955, 19.017393300000037 ], [ -15.177722039999878, 19.018959210000105 ], [ -15.175680119999981, 19.02029283000013 ], [ -15.172346519999905, 19.022443650000127 ], [ -15.169932, 19.023985710000147 ], [ -15.169003919999909, 19.024571790000152 ], [ -15.167784239999889, 19.025357310000118 ], [ -15.166575, 19.026157320000095 ], [ -15.165902519999975, 19.026587250000091 ], [ -15.165333719999921, 19.02694356000012 ], [ -15.164422559999934, 19.027531440000075 ], [ -15.16286195999993, 19.028531430000044 ], [ -15.162410169999873, 19.028845450000063 ], [ -15.162323039999933, 19.028906010000128 ], [ -15.162133332999872, 19.02901833400017 ], [ -15.162051763999955, 19.029071394000141 ], [ -15.161961666999957, 19.02913000000018 ], [ -15.161833519999959, 19.029213358000163 ], [ -15.161723780999921, 19.029284098000119 ], [ -15.161618333999911, 19.029351666000025 ], [ -15.161566595999886, 19.029385322000167 ], [ -15.161492986999917, 19.029433202000064 ], [ -15.160697279999908, 19.029977190000125 ], [ -15.160249999999849, 19.030236667000167 ], [ -15.15991, 19.03045833300007 ], [ -15.15973833299995, 19.030570000000125 ], [ -15.159395, 19.03079 ], [ -15.158949119999932, 19.03110678000013 ], [ -15.15835833299991, 19.031456666000111 ], [ -15.158015, 19.031681666999987 ], [ -15.157909744999927, 19.03174947500014 ], [ -15.156595, 19.0326 ], [ -15.156416666999917, 19.032715000000167 ], [ -15.156238333999909, 19.032831667000153 ], [ -15.15606, 19.032946667000033 ], [ -15.15588166699996, 19.03306 ], [ -15.155705, 19.033173334000082 ], [ -15.15552833299995, 19.033286667000141 ], [ -15.155351666999934, 19.0334 ], [ -15.155173332999823, 19.03351333300003 ], [ -15.154994999999872, 19.033628333000138 ], [ -15.154816666999977, 19.033745000000124 ], [ -15.154638333999969, 19.03386 ], [ -15.15446, 19.033975000000112 ], [ -15.15428166699985, 19.034088334000103 ], [ -15.15410333299991, 19.034203333000107 ], [ -15.153925, 19.034318333000044 ], [ -15.153746666999893, 19.034431666999978 ], [ -15.153571666999881, 19.034545 ], [ -15.153396666999981, 19.034658334000028 ], [ -15.153221666999968, 19.03477 ], [ -15.153046666999899, 19.034883333000039 ], [ -15.152874999999881, 19.034993333000102 ], [ -15.15270166699986, 19.035103334000041 ], [ -15.152528333999896, 19.0352166670001 ], [ -15.152353333999883, 19.035331667000037 ], [ -15.15218, 19.035443333000046 ], [ -15.152004999999861, 19.03555666699998 ], [ -15.15183, 19.03567 ], [ -15.151653333999889, 19.035785000000146 ], [ -15.151478333999876, 19.035901666000029 ], [ -15.151299999999878, 19.036016667000069 ], [ -15.15112166699987, 19.036133333000123 ], [ -15.15094333299993, 19.03625 ], [ -15.150763332999873, 19.03637 ], [ -15.150581665999937, 19.036488334000069 ], [ -15.1504, 19.03660833400005 ], [ -15.150214999999889, 19.03673 ], [ -15.150028332999909, 19.036853333000181 ], [ -15.149841665999929, 19.036978334000139 ], [ -15.149655, 19.037101667000115 ], [ -15.149466665999967, 19.037226667000141 ], [ -15.149276665999878, 19.037350000000117 ], [ -15.149086666999892, 19.03747333300015 ], [ -15.148896666999974, 19.037596667000059 ], [ -15.148706665999896, 19.03772 ], [ -15.148516666999967, 19.037841667000066 ], [ -15.148326666999878, 19.037965 ], [ -15.14813666699996, 19.03808666599997 ], [ -15.147946665999882, 19.038206666000121 ], [ -15.147756666999896, 19.03832333400004 ], [ -15.147566666999978, 19.038436666000166 ], [ -15.147373332999962, 19.038545 ], [ -15.147181666999927, 19.03865 ], [ -15.146983332999923, 19.038750000000164 ], [ -15.146781666999971, 19.038846666000154 ], [ -15.14658, 19.038938333000033 ], [ -15.146376666999913, 19.039021667000156 ], [ -15.14617166599993, 19.03910333400006 ], [ -15.145968332999871, 19.039181666000161 ], [ -15.14576333399998, 19.039258334000124 ], [ -15.145558332999883, 19.039336666000054 ], [ -15.145353333999878, 19.03941333400013 ], [ -15.14515, 19.039490000000114 ], [ -15.144945, 19.039566667000145 ], [ -15.14474, 19.039641667000126 ], [ -15.144535, 19.039718333000053 ], [ -15.144328332999919, 19.039793333000091 ], [ -15.144121666999979, 19.039866667000069 ], [ -15.143914999999822, 19.039941666000175 ], [ -15.14370666699989, 19.040018334000138 ], [ -15.143501665999906, 19.040095 ], [ -15.143295, 19.040171667000095 ], [ -15.14308833299998, 19.040248333000079 ], [ -15.142879999999877, 19.040325000000109 ], [ -15.142671666999888, 19.0404 ], [ -15.142461666999907, 19.040473333000023 ], [ -15.142251665999936, 19.040546666000125 ], [ -15.142044999999882, 19.040623334000088 ], [ -15.141839999999888, 19.0407 ], [ -15.141633332999959, 19.040776667000046 ], [ -15.141428332999965, 19.04085333300003 ], [ -15.141223332999971, 19.04093 ], [ -15.14102, 19.041005 ], [ -15.140815, 19.041081667000071 ], [ -15.140611666999973, 19.041158333000055 ], [ -15.14041, 19.041233333000037 ], [ -15.140206665999926, 19.041308334000121 ], [ -15.140003332999981, 19.041385 ], [ -15.139798333999977, 19.041461665999975 ], [ -15.139589999999885, 19.041538334000109 ], [ -15.139381666999896, 19.041615 ], [ -15.139171665999925, 19.041691667000123 ], [ -15.138959999999827, 19.04177 ], [ -15.138745, 19.041848333000075 ], [ -15.13853, 19.041926666999984 ], [ -15.138313333999974, 19.042006666000134 ], [ -15.138096665999967, 19.042088334000141 ], [ -15.137879999999882, 19.042170000000169 ], [ -15.137661666999975, 19.042251667000073 ], [ -15.137445, 19.042333333000101 ], [ -15.137228332999882, 19.042413333000127 ], [ -15.137011666999911, 19.042493334000085 ], [ -15.136795, 19.04257333400011 ], [ -15.136578333999921, 19.042653334000022 ], [ -15.136361665999971, 19.042733334000047 ], [ -15.136144999999885, 19.042811667000024 ], [ -15.135928332999981, 19.04289 ], [ -15.135711666999896, 19.04297 ], [ -15.135495, 19.043051666999986 ], [ -15.135278332999917, 19.043131667000068 ], [ -15.135061666999945, 19.04321333300004 ], [ -15.134844999999871, 19.043293334 ], [ -15.134625, 19.043375 ], [ -15.134406666999951, 19.043458333000103 ], [ -15.134186666999938, 19.043540000000178 ], [ -15.133968333999974, 19.043623333000085 ], [ -15.133748333999904, 19.043705000000159 ], [ -15.13353, 19.043788333 ], [ -15.133309999999881, 19.04387000000014 ], [ -15.133088333999922, 19.043953333 ], [ -15.132865, 19.044036666000068 ], [ -15.132641665999927, 19.04412166700007 ], [ -15.132416666999973, 19.044206667000026 ], [ -15.13219, 19.04429 ], [ -15.131963332999931, 19.044373333000124 ], [ -15.131736666999927, 19.044456667000077 ], [ -15.131509999999878, 19.0445416660001 ], [ -15.131283332999885, 19.044628333000105 ], [ -15.13105499999989, 19.044713333000175 ], [ -15.130826665999848, 19.04480000000018 ], [ -15.130595, 19.044888333000074 ], [ -15.130363332999877, 19.044976667000128 ], [ -15.13013, 19.045066667000128 ], [ -15.129895, 19.045155 ], [ -15.12966, 19.045243334000077 ], [ -15.129426666999905, 19.045330000000149 ], [ -15.129193332999876, 19.0454183330001 ], [ -15.128961666999885, 19.045506667000097 ], [ -15.128731666999954, 19.045595 ], [ -15.12850166599992, 19.045680000000118 ], [ -15.128271665999932, 19.045765 ], [ -15.12804, 19.045851666000146 ], [ -15.127809999999897, 19.04594 ], [ -15.127576666999971, 19.046028334000027 ], [ -15.127344999999877, 19.046116667000149 ], [ -15.127113332999897, 19.046203334000097 ], [ -15.126881666999907, 19.04629000000017 ], [ -15.126648332999878, 19.046378334 ], [ -15.126418333999936, 19.046465 ], [ -15.126186665999967, 19.046553334000123 ], [ -15.125955, 19.046641667000017 ], [ -15.125723332999939, 19.046731667000017 ], [ -15.125491666999949, 19.046820000000139 ], [ -15.12526, 19.046910000000139 ], [ -15.125028332999875, 19.046996667000087 ], [ -15.124796665999895, 19.04708333300016 ], [ -15.124566665999964, 19.047168333000116 ], [ -15.124336666999852, 19.047255 ], [ -15.124108332999981, 19.04734000000019 ], [ -15.123879999999815, 19.047426666999968 ], [ -15.123651665999944, 19.04751333300004 ], [ -15.123424999999827, 19.047598333000167 ], [ -15.123198333999881, 19.047683334000169 ], [ -15.122973332999948, 19.047768333000022 ], [ -15.122748332999947, 19.047855 ], [ -15.122523332999833, 19.04794 ], [ -15.122298332999947, 19.048025 ], [ -15.122073332999889, 19.048108333000073 ], [ -15.121848332999946, 19.04819 ], [ -15.121625, 19.048271667000108 ], [ -15.12140166699993, 19.04835333300008 ], [ -15.121181666999917, 19.048435 ], [ -15.120965, 19.048516667000115 ], [ -15.120748332999938, 19.0486 ], [ -15.120531666999966, 19.048683333000042 ], [ -15.120316665999951, 19.048766667 ], [ -15.120101665999925, 19.048848333000024 ], [ -15.119885, 19.04893 ], [ -15.11967, 19.049011666000126 ], [ -15.119455, 19.049091667000084 ], [ -15.11924, 19.049173333000056 ], [ -15.119025, 19.049253333000138 ], [ -15.118811665999942, 19.049333333000163 ], [ -15.118596665999917, 19.049413333000018 ], [ -15.11838333399993, 19.0494933330001 ], [ -15.11817166599991, 19.049575000000175 ], [ -15.11796, 19.049655 ], [ -15.117746666999949, 19.049735000000112 ], [ -15.117535, 19.049813333000088 ], [ -15.117326666999929, 19.049888334000173 ], [ -15.11712, 19.0499650000001 ], [ -15.1169133329999, 19.050043334 ], [ -15.11670666599997, 19.050121666000109 ], [ -15.116501666999966, 19.0502 ], [ -15.116295, 19.050278334000097 ], [ -15.11609, 19.050356666000027 ], [ -15.115883332999942, 19.050433334000161 ], [ -15.115676666999889, 19.05051 ], [ -15.115471666999895, 19.050585 ], [ -15.115265, 19.050661667000099 ], [ -15.11506, 19.050736667000137 ], [ -15.114856666999913, 19.050813333000065 ], [ -15.114655, 19.05089 ], [ -15.114456666999956, 19.050965 ], [ -15.114258332999952, 19.051038334000111 ], [ -15.11406166699993, 19.051113334000092 ], [ -15.113866666999968, 19.051186667000024 ], [ -15.113673332999952, 19.051260000000184 ], [ -15.113481666999917, 19.051331666000067 ], [ -15.11329, 19.051403333000053 ], [ -15.1131, 19.051475 ], [ -15.112911666999935, 19.051545 ], [ -15.112724999999841, 19.051615 ], [ -15.11254, 19.051685000000134 ], [ -15.112356665999982, 19.051753333000022 ], [ -15.11217333299993, 19.051823333000129 ], [ -15.11199, 19.05189166700012 ], [ -15.111808332999942, 19.051960000000179 ], [ -15.111626666999825, 19.052026667000064 ], [ -15.111448332999885, 19.052095000000122 ], [ -15.111271666999926, 19.052161667000064 ], [ -15.111096666999913, 19.052226666000024 ], [ -15.110926666999887, 19.052293333000136 ], [ -15.110758333999911, 19.052356667000026 ], [ -15.11059333299994, 19.05242 ], [ -15.110431666999887, 19.05248 ], [ -15.110273333999942, 19.052541665999968 ], [ -15.11011, 19.052603333000036 ], [ -15.109946666999974, 19.052665 ], [ -15.109785, 19.052725 ], [ -15.109623332999888, 19.052786667000078 ], [ -15.109465, 19.052845 ], [ -15.10930999999988, 19.052901667000185 ], [ -15.109158333999972, 19.052958333000106 ], [ -15.10901, 19.053013333000024 ], [ -15.108865, 19.053068334000045 ], [ -15.108724999999879, 19.053121665999981 ], [ -15.108588332999943, 19.053173333000132 ], [ -15.108455, 19.053223334000052 ], [ -15.108325, 19.05327 ], [ -15.108199999999897, 19.053316666000171 ], [ -15.108078332999867, 19.053361667000047 ], [ -15.10796166699987, 19.053406667000047 ], [ -15.107848332999936, 19.053446667000173 ], [ -15.10774, 19.053486667000072 ], [ -15.107635, 19.053521667000155 ], [ -15.107533332999878, 19.053555000000131 ], [ -15.107434999999839, 19.05358333300012 ], [ -15.10734, 19.053610000000106 ], [ -15.107165, 19.05367 ], [ -15.107003332999909, 19.053735000000131 ], [ -15.1068466669999, 19.053795 ], [ -15.106685, 19.053855000000112 ], [ -15.106595, 19.053888334000192 ], [ -15.1065, 19.053923334000103 ], [ -15.106396666999899, 19.05396 ], [ -15.106278332999977, 19.054003334000129 ], [ -15.106148332999965, 19.054051667000124 ], [ -15.106003332999933, 19.054103333000114 ], [ -15.105848332999926, 19.054161667000187 ], [ -15.105681666999885, 19.054221667000149 ], [ -15.105511665999927, 19.054283333000114 ], [ -15.105336665999971, 19.054346667 ], [ -15.105158332999849, 19.054411666000135 ], [ -15.104975, 19.054476667000131 ], [ -15.104788333999977, 19.05454333300014 ], [ -15.104598333999945, 19.054611667000074 ], [ -15.104404999999872, 19.054681666000135 ], [ -15.104211666999959, 19.054755000000171 ], [ -15.104015, 19.05483166700003 ], [ -15.10381, 19.054908333000128 ], [ -15.1036, 19.054986667000037 ], [ -15.103388333999931, 19.055066667000062 ], [ -15.103173333999905, 19.055146667000145 ], [ -15.102956665999955, 19.05522666700017 ], [ -15.102741665999929, 19.055306666000149 ], [ -15.102525, 19.055386666000175 ], [ -15.102309999999875, 19.055466666000029 ], [ -15.102093332999914, 19.055548333000161 ], [ -15.101876666999942, 19.055628333000186 ], [ -15.10166, 19.055708333000041 ], [ -15.101443332999963, 19.055788333000123 ], [ -15.101226666999878, 19.055868333000149 ], [ -15.10101, 19.055948333 ], [ -15.100791665999964, 19.056030000000135 ], [ -15.100576665999938, 19.056113332999985 ], [ -15.100363333999951, 19.056196667000165 ], [ -15.100149999999871, 19.056278332999966 ], [ -15.099936665999905, 19.05636 ], [ -15.099725, 19.056441666000069 ], [ -15.099513332999948, 19.056523332999973 ], [ -15.099303332999909, 19.056605000000104 ], [ -15.099095, 19.056691666000177 ], [ -15.098888332999934, 19.056781667000052 ], [ -15.098684999999819, 19.056875 ], [ -15.098485, 19.056971667000141 ], [ -15.098285, 19.057071667000059 ], [ -15.09809, 19.057173333000151 ], [ -15.097894999999824, 19.057276666000064 ], [ -15.097701666999967, 19.057378334000134 ], [ -15.09751, 19.057481667000047 ], [ -15.097319999999854, 19.057583333000139 ], [ -15.097131666999815, 19.057685000000106 ], [ -15.096944999999891, 19.057788334000122 ], [ -15.09676, 19.057888333000164 ], [ -15.096573332999981, 19.057988333000083 ], [ -15.096385, 19.058088333000171 ], [ -15.096198332999961, 19.058188333000089 ], [ -15.096008332999929, 19.058288333 ], [ -15.095818333999944, 19.05839 ], [ -15.095626665999873, 19.058491667000169 ], [ -15.095435, 19.058593333000033 ], [ -15.095241666999925, 19.058696667000049 ], [ -15.095048332999909, 19.05880000000019 ], [ -15.094854999999825, 19.058903333000103 ], [ -15.09466, 19.059006667000119 ], [ -15.094465, 19.05911 ], [ -15.094271666999873, 19.059213333000173 ], [ -15.094075, 19.059318332999965 ], [ -15.09388, 19.059421666000105 ], [ -15.093685, 19.059526667000171 ], [ -15.093489999999861, 19.05963 ], [ -15.093296666999947, 19.0597333340001 ], [ -15.093103332999931, 19.05983666700007 ], [ -15.09291, 19.059938333000105 ], [ -15.092716665999887, 19.060041667000121 ], [ -15.092523333999964, 19.060145 ], [ -15.09233166599995, 19.060246667000058 ], [ -15.092138332999923, 19.06035 ], [ -15.091943332999961, 19.060451667000109 ], [ -15.091748332999884, 19.060555 ], [ -15.091555, 19.060658333 ], [ -15.091359999999838, 19.060763333000182 ], [ -15.091166666999982, 19.060868334000077 ], [ -15.090971666999963, 19.060973333000106 ], [ -15.090776666999886, 19.061078333000125 ], [ -15.09058, 19.061183333000088 ], [ -15.09038333299992, 19.061286667000104 ], [ -15.090186665999909, 19.06139 ], [ -15.089989999999887, 19.061495 ], [ -15.089795, 19.061596667 ], [ -15.089598333999902, 19.061698333000095 ], [ -15.089401665999958, 19.061801666000179 ], [ -15.08920333299983, 19.061905 ], [ -15.089006666999978, 19.062008333000165 ], [ -15.08881, 19.062111666000078 ], [ -15.088614999999891, 19.062216667000143 ], [ -15.088418332999879, 19.062321667000163 ], [ -15.088221666999971, 19.062428334000174 ], [ -15.088025, 19.062536667000188 ], [ -15.08782333399995, 19.062643334000029 ], [ -15.08762, 19.062751666999986 ], [ -15.087415, 19.062860000000171 ], [ -15.08721, 19.06297 ], [ -15.087001666999981, 19.063078333000021 ], [ -15.086793333999822, 19.063190000000134 ], [ -15.086581666999962, 19.0633 ], [ -15.086371666999923, 19.063411667000082 ], [ -15.086159999999893, 19.063523333000091 ], [ -15.085948332999976, 19.063635 ], [ -15.085736665999946, 19.063746667000089 ], [ -15.085525, 19.063860000000147 ], [ -15.085313332999931, 19.063973333000035 ], [ -15.08510166699989, 19.064086666000094 ], [ -15.08489, 19.0642 ], [ -15.08467666699994, 19.06431166700014 ], [ -15.084465, 19.064425 ], [ -15.084251666999933, 19.064536667000084 ], [ -15.08404, 19.064648334000026 ], [ -15.083828333999975, 19.064758333000157 ], [ -15.083616666999944, 19.06487 ], [ -15.083403332999978, 19.064981666000051 ], [ -15.083188332999953, 19.065095 ], [ -15.082975, 19.06521 ], [ -15.082758332999902, 19.065325 ], [ -15.082539999999881, 19.065443333000132 ], [ -15.082321666999917, 19.065560000000119 ], [ -15.082101666999961, 19.065678333000051 ], [ -15.081879999999899, 19.065796667000086 ], [ -15.08165833299995, 19.065915000000189 ], [ -15.081436666999878, 19.066033334 ], [ -15.08121333399987, 19.066151666000053 ], [ -15.080989999999872, 19.06627 ], [ -15.080766665999874, 19.066388334000067 ], [ -15.08054333299998, 19.066506667 ], [ -15.08032, 19.066623333000052 ], [ -15.080096666999964, 19.06674 ], [ -15.079875, 19.066856667000025 ], [ -15.079653333999943, 19.066975000000127 ], [ -15.079431666999824, 19.067091667000113 ], [ -15.07921, 19.06721 ], [ -15.07899, 19.067328333000148 ], [ -15.07877, 19.067445000000134 ], [ -15.078548332999901, 19.067561667000064 ], [ -15.078326665999953, 19.067676667 ], [ -15.078106666999872, 19.067791666 ], [ -15.077888332999919, 19.067906666000113 ], [ -15.077669999999898, 19.06802166600005 ], [ -15.077451665999945, 19.068138334000082 ], [ -15.077233333999914, 19.068253333000143 ], [ -15.077016666999953, 19.06837 ], [ -15.0768, 19.068483333000131 ], [ -15.076581666999914, 19.068598333000068 ], [ -15.076366666999888, 19.068711667 ], [ -15.076151666999863, 19.068825 ], [ -15.075936666999837, 19.068938334000052 ], [ -15.075721666999982, 19.06905166700011 ], [ -15.075506666999956, 19.069165000000169 ], [ -15.075293332999877, 19.069276667000054 ], [ -15.07508, 19.069390000000112 ], [ -15.074866666999924, 19.069503334000046 ], [ -15.074655, 19.069616667000105 ], [ -15.074441666999974, 19.069728333000114 ], [ -15.07423, 19.069841667000105 ], [ -15.074016665999977, 19.069953334 ], [ -15.073803333999876, 19.070066667000049 ], [ -15.073588333999965, 19.070180000000107 ], [ -15.073373333999939, 19.070295 ], [ -15.07315833399997, 19.070408333000103 ], [ -15.072943333999945, 19.070523332999983 ], [ -15.072728333999919, 19.070636666000041 ], [ -15.072511666999958, 19.07075 ], [ -15.072296666999932, 19.07086500000014 ], [ -15.072083332999966, 19.07098 ], [ -15.071868332999941, 19.071093333000078 ], [ -15.071655, 19.071208333000186 ], [ -15.07144, 19.071321666000074 ], [ -15.071226665999973, 19.071435 ], [ -15.071013333999872, 19.071548333000067 ], [ -15.0708, 19.071660000000179 ], [ -15.070588332999876, 19.071773333000067 ], [ -15.070378332999837, 19.071885000000123 ], [ -15.07016833299997, 19.071996667000064 ], [ -15.069959999999867, 19.072108333000074 ], [ -15.069753332999881, 19.072218334000183 ], [ -15.06954666699994, 19.072325000000149 ], [ -15.069343332999892, 19.072431666000057 ], [ -15.06914, 19.072538333000125 ], [ -15.068938332999949, 19.072645000000136 ], [ -15.068738332999942, 19.072751666999977 ], [ -15.068538333999982, 19.072860000000162 ], [ -15.068336666999926, 19.072966667 ], [ -15.068135, 19.073075000000188 ], [ -15.067931665999879, 19.073185 ], [ -15.067728332999934, 19.073293333000038 ], [ -15.067523333999873, 19.07340500000015 ], [ -15.067316666999886, 19.073515 ], [ -15.067108332999908, 19.073625 ], [ -15.066896665999877, 19.073736666000059 ], [ -15.066685, 19.07385 ], [ -15.06647, 19.073961667000106 ], [ -15.066256665999958, 19.074075000000164 ], [ -15.066039999999873, 19.074188334000098 ], [ -15.065825, 19.074301666000054 ], [ -15.065608332999943, 19.074415 ], [ -15.065391666999972, 19.074528333000103 ], [ -15.065176666999946, 19.074641667000037 ], [ -15.064959999999871, 19.074756667000145 ], [ -15.064743332999967, 19.07487 ], [ -15.064526666999882, 19.07498500000014 ], [ -15.064308333999975, 19.075098332999971 ], [ -15.06409, 19.075213333000079 ], [ -15.063873332999947, 19.075328333000186 ], [ -15.063654999999812, 19.075443333000123 ], [ -15.06344, 19.07555833300006 ], [ -15.063223332999883, 19.075675 ], [ -15.063008332999971, 19.07579 ], [ -15.062793332999945, 19.075905 ], [ -15.062578332999976, 19.076018334000025 ], [ -15.06236, 19.076131667000027 ], [ -15.06214333399987, 19.076246667000134 ], [ -15.061928333999958, 19.076361667000072 ], [ -15.061711665999951, 19.076478333000125 ], [ -15.061495, 19.076595000000111 ], [ -15.06128, 19.07671 ], [ -15.061063332999936, 19.076825000000156 ], [ -15.060846666999964, 19.07693833400009 ], [ -15.06062999999989, 19.077053334000027 ], [ -15.060413332999929, 19.07717 ], [ -15.060196666999843, 19.077285000000188 ], [ -15.059981666999818, 19.077400000000125 ], [ -15.059768332999909, 19.077515 ], [ -15.059555, 19.077630000000113 ], [ -15.059341666999956, 19.077743333000171 ], [ -15.059128332999819, 19.077858333000108 ], [ -15.058914999999843, 19.077973333000045 ], [ -15.058699999999817, 19.078086666000047 ], [ -15.058481666999967, 19.078201665999984 ], [ -15.058265, 19.078315000000146 ], [ -15.058048333999977, 19.078426667000031 ], [ -15.057833333999952, 19.078541667000138 ], [ -15.057618333999926, 19.078656667000075 ], [ -15.057405, 19.078770000000134 ], [ -15.05719, 19.078885 ], [ -15.056976666999958, 19.079000000000121 ], [ -15.056761666999932, 19.079113333 ], [ -15.05655, 19.079228333000117 ], [ -15.056336666999925, 19.079341667000108 ], [ -15.05612333299996, 19.079456666999988 ], [ -15.055909999999812, 19.079568334000101 ], [ -15.055698332999953, 19.079681667000159 ], [ -15.055486666999968, 19.079793333000168 ], [ -15.055276665999884, 19.079905 ], [ -15.055066666999949, 19.080016666000063 ], [ -15.054858332999913, 19.080128333000175 ], [ -15.054648332999932, 19.08024 ], [ -15.054438333999883, 19.080350000000124 ], [ -15.05423, 19.08046000000013 ], [ -15.05402, 19.08057 ], [ -15.05381, 19.080678334000083 ], [ -15.053601665999963, 19.080788333000044 ], [ -15.05339333299986, 19.080896666000058 ], [ -15.053185, 19.081005000000118 ], [ -15.05297666599995, 19.081115000000182 ], [ -15.052768332999904, 19.081225 ], [ -15.05256, 19.081335 ], [ -15.052351665999822, 19.081441666000046 ], [ -15.052145, 19.081551667000156 ], [ -15.05193666699995, 19.081666667000093 ], [ -15.051725, 19.081778333000102 ], [ -15.051513333999935, 19.081891666000104 ], [ -15.0513, 19.082005 ], [ -15.051086666999936, 19.082118333000153 ], [ -15.05087333299997, 19.08223 ], [ -15.05066, 19.082343333000097 ], [ -15.05044666699996, 19.082455 ], [ -15.050235, 19.082568333000097 ], [ -15.050021666999953, 19.082680000000153 ], [ -15.04981, 19.082791667000095 ], [ -15.0496, 19.082905000000153 ], [ -15.049391666999952, 19.083016667000038 ], [ -15.049181666999971, 19.083126667000101 ], [ -15.048973332999878, 19.083236666000062 ], [ -15.048766666999938, 19.083346667000171 ], [ -15.048561666999944, 19.083456667 ], [ -15.04835666699995, 19.083565000000192 ], [ -15.048151666999956, 19.083673333000036 ], [ -15.047948332999908, 19.083781666 ], [ -15.04774666599991, 19.08389000000011 ], [ -15.047544999999843, 19.083995 ], [ -15.047344999999893, 19.084101667000084 ], [ -15.047143333999827, 19.084206667000103 ], [ -15.046943332999888, 19.084311667000065 ], [ -15.046743332999938, 19.084416667000085 ], [ -15.046545, 19.084521666000114 ], [ -15.046346665999977, 19.084625000000131 ], [ -15.04615, 19.084728333000101 ], [ -15.045953333999933, 19.084833334000166 ], [ -15.045756665999932, 19.084936667000079 ], [ -15.045561665999969, 19.085041667000098 ], [ -15.045366665999893, 19.085146666000128 ], [ -15.045173333999969, 19.08525 ], [ -15.044981665999956, 19.085353333000114 ], [ -15.04479, 19.085455 ], [ -15.044596666999951, 19.085556666000173 ], [ -15.044405, 19.08565833300014 ], [ -15.044214999999895, 19.085760000000107 ], [ -15.044025, 19.08586 ], [ -15.043834999999831, 19.085961667000163 ], [ -15.043646666999962, 19.086061666000035 ], [ -15.043456665999884, 19.086165 ], [ -15.043265, 19.086266667000189 ], [ -15.04307, 19.086370000000102 ], [ -15.042871665999883, 19.086475000000121 ], [ -15.042671666999922, 19.086578333000034 ], [ -15.042469999999867, 19.086685 ], [ -15.042266665999932, 19.086791667000114 ], [ -15.04206, 19.086901666000074 ], [ -15.041853332999892, 19.087011667000183 ], [ -15.041643333999957, 19.087121667000076 ], [ -15.041431665999937, 19.087233334000132 ], [ -15.041219999999896, 19.087345000000141 ], [ -15.041008332999979, 19.087456667000083 ], [ -15.040794999999832, 19.08757 ], [ -15.040581666999856, 19.087681666000094 ], [ -15.04036666699983, 19.087793333000036 ], [ -15.040151666999975, 19.08790666699997 ], [ -15.039936666999949, 19.08802 ], [ -15.03972333299987, 19.088131666000038 ], [ -15.039508332999958, 19.088241666999977 ], [ -15.039295, 19.08835166700004 ], [ -15.039081666999891, 19.08846 ], [ -15.03887, 19.08857 ], [ -15.038661665999882, 19.088685000000169 ], [ -15.038456666999878, 19.08880500000015 ], [ -15.038253333999933, 19.08893 ], [ -15.038053332999937, 19.089058333000082 ], [ -15.037856666999971, 19.08919166700008 ], [ -15.037663332999955, 19.089325 ], [ -15.037476666999964, 19.089466667000124 ], [ -15.037295, 19.08961166600011 ], [ -15.037118333999899, 19.089760000000126 ], [ -15.036946665999835, 19.089911667000138 ], [ -15.03678, 19.090065000000152 ], [ -15.036618332999922, 19.090223332999983 ], [ -15.036463332999972, 19.09038500000014 ], [ -15.036313332999896, 19.090550000000121 ], [ -15.036168332999978, 19.090715000000102 ], [ -15.036026665999827, 19.090883333000079 ], [ -15.035888332999946, 19.091051667000158 ], [ -15.035751666999886, 19.091220000000135 ], [ -15.035615, 19.09139000000016 ], [ -15.035476666999955, 19.091560000000186 ], [ -15.03533666699991, 19.09173166700009 ], [ -15.03519666699998, 19.091903333000118 ], [ -15.035054999999886, 19.092075 ], [ -15.034915, 19.092246666000165 ], [ -15.034775, 19.092420000000118 ], [ -15.034633332999931, 19.092593334000071 ], [ -15.034493332999944, 19.092766667000092 ], [ -15.034353333999945, 19.092940000000169 ], [ -15.034211665999919, 19.09311333300019 ], [ -15.034073332999924, 19.093286667000143 ], [ -15.033933332999823, 19.09346 ], [ -15.033793332999949, 19.093633333000071 ], [ -15.033653332999904, 19.093805000000145 ], [ -15.033515, 19.093976667000049 ], [ -15.033375, 19.094146667000075 ], [ -15.033238333999975, 19.094316667000101 ], [ -15.033099999999877, 19.094485 ], [ -15.032964999999876, 19.094653333000053 ], [ -15.03283, 19.094821666000087 ], [ -15.032695, 19.094990000000109 ], [ -15.032559999999876, 19.095158333000143 ], [ -15.032424999999876, 19.095325000000116 ], [ -15.03229, 19.095491666999976 ], [ -15.032155, 19.095656666000025 ], [ -15.03202333299987, 19.095821667000109 ], [ -15.031889999999862, 19.095986665999988 ], [ -15.031755, 19.096153333000188 ], [ -15.031618333999859, 19.09632 ], [ -15.031481665999934, 19.096486667000079 ], [ -15.031343332999938, 19.096655 ], [ -15.031205, 19.096825 ], [ -15.031066666999948, 19.096995000000106 ], [ -15.030641666999941, 19.097515000000158 ], [ -15.0305, 19.09769 ], [ -15.030356666999978, 19.097865000000183 ], [ -15.030214999999828, 19.098041667000132 ], [ -15.030073332999905, 19.098218332999977 ], [ -15.029931666999914, 19.098393333000104 ], [ -15.02979, 19.098568333000173 ], [ -15.02964999999989, 19.098743333000073 ], [ -15.02951, 19.098915 ], [ -15.029371666999964, 19.099085 ], [ -15.029233332999979, 19.099253333000036 ], [ -15.02909499999987, 19.099423334000107 ], [ -15.028958332999935, 19.099591667000141 ], [ -15.028821666999931, 19.099760000000117 ], [ -15.028686666999931, 19.099928333999969 ], [ -15.028549999999825, 19.100096667000173 ], [ -15.028413332999946, 19.1002633330001 ], [ -15.028278332999889, 19.10043166700018 ], [ -15.028139999999894, 19.100600000000156 ], [ -15.028003332999958, 19.100770000000182 ], [ -15.027865, 19.10094 ], [ -15.027726666999911, 19.101111667000112 ], [ -15.027588332999926, 19.101283333000083 ], [ -15.027448333999871, 19.101453333000165 ], [ -15.02730833399994, 19.101625 ], [ -15.027168332999963, 19.101795 ], [ -15.027028332999862, 19.10196666700017 ], [ -15.026886666999928, 19.10214000000019 ], [ -15.026745, 19.102311667000095 ], [ -15.026603332999969, 19.102485000000172 ], [ -15.026461666999978, 19.102658334000125 ], [ -15.026321666999934, 19.102831666000043 ], [ -15.026181665999957, 19.103005 ], [ -15.026041665999912, 19.103175 ], [ -15.025901666999971, 19.103346667000096 ], [ -15.025761666999927, 19.103518334 ], [ -15.025621666999825, 19.103691666000145 ], [ -15.02548, 19.103866666000044 ], [ -15.02534, 19.104043334000096 ], [ -15.025196666999932, 19.104220000000169 ], [ -15.0250516669999, 19.10439833300012 ], [ -15.024905, 19.104578333000063 ], [ -15.02476, 19.104758333000063 ], [ -15.024615, 19.10493833400011 ], [ -15.024468332999959, 19.105118334000053 ], [ -15.02432333299987, 19.105296667000175 ], [ -15.024176666999892, 19.105475 ], [ -15.024031665999871, 19.105653333000191 ], [ -15.023886666999886, 19.105831667000018 ], [ -15.023741665999978, 19.10601000000014 ], [ -15.02359499999983, 19.106188334000137 ], [ -15.023448333999966, 19.106368333000034 ], [ -15.023301666999885, 19.106546667000032 ], [ -15.023151666999979, 19.106728333000149 ], [ -15.023003333999895, 19.10691 ], [ -15.022853332999944, 19.107093333000137 ], [ -15.022705, 19.10728 ], [ -15.022554999999841, 19.107465000000104 ], [ -15.022405, 19.10765 ], [ -15.022256666999851, 19.107836667000186 ], [ -15.022106665999956, 19.108023334000109 ], [ -15.02195666699987, 19.10820833300005 ], [ -15.021808332999967, 19.108391665999989 ], [ -15.021658333999881, 19.108573333000038 ], [ -15.021511666999913, 19.108755 ], [ -15.02136333399983, 19.108936665999977 ], [ -15.021218332999979, 19.109116667000023 ], [ -15.021071665999955, 19.109295000000145 ], [ -15.020928332999972, 19.109471667000093 ], [ -15.020783332999883, 19.109648333000166 ], [ -15.02064166599996, 19.109823333000065 ], [ -15.0205, 19.109998333000192 ], [ -15.020358332999876, 19.110171667000145 ], [ -15.020218332999946, 19.110343334000049 ], [ -15.020076665999966, 19.110516665999967 ], [ -15.019936665999978, 19.110688333000041 ], [ -15.01979666699998, 19.110858333000067 ], [ -15.019658332999882, 19.111028333000149 ], [ -15.019521666999935, 19.1112 ], [ -15.019385, 19.11137 ], [ -15.019248332999894, 19.111538333000055 ], [ -15.019109999999898, 19.111708334000184 ], [ -15.01897, 19.111878333000107 ], [ -15.018826665999825, 19.112050000000181 ], [ -15.018683332999956, 19.112223333000031 ], [ -15.01854, 19.1124 ], [ -15.018394999999884, 19.112576667000155 ], [ -15.018251666999959, 19.112755000000107 ], [ -15.018106665999937, 19.112931667000055 ], [ -15.017961666999838, 19.11311000000012 ], [ -15.01781833299998, 19.113286666000022 ], [ -15.017675, 19.113463334000073 ], [ -15.017533332999903, 19.113640000000146 ], [ -15.017388332999928, 19.113815 ], [ -15.017246665999835, 19.113991666000061 ], [ -15.017103332999966, 19.114166666000187 ], [ -15.01696, 19.114341666000087 ], [ -15.016816665999954, 19.114516665999986 ], [ -15.016675, 19.114691666000112 ], [ -15.01653333299987, 19.114866666000182 ], [ -15.016391665999947, 19.115041666000081 ], [ -15.01625, 19.115216666000038 ], [ -15.016108332999977, 19.115391666000107 ], [ -15.015966666999873, 19.115565 ], [ -15.015826665999953, 19.11574000000013 ], [ -15.015684999999849, 19.115913333000037 ], [ -15.015545, 19.116088333000107 ], [ -15.015403332999881, 19.116260000000182 ], [ -15.015264999999829, 19.116435 ], [ -15.01512833299995, 19.116606666999985 ], [ -15.014989999999898, 19.116776666000135 ], [ -15.014853332999962, 19.116948333000039 ], [ -15.014718332999962, 19.117123333000109 ], [ -15.014583332999905, 19.117296667000062 ], [ -15.014448332999848, 19.11746833300009 ], [ -15.014311666999902, 19.11764333300016 ], [ -15.014173332999917, 19.117816667000113 ], [ -15.014031665999937, 19.117988334000188 ], [ -15.01389166599995, 19.118165 ], [ -15.01375, 19.118338334000043 ], [ -15.013608332999979, 19.118513334000113 ], [ -15.013465, 19.118690000000186 ], [ -15.013323332999846, 19.118866666000031 ], [ -15.013181666999913, 19.119045 ], [ -15.013036665999948, 19.11922333300015 ], [ -15.012891666999906, 19.119401667000147 ], [ -15.012743333999879, 19.11958 ], [ -15.012596666999912, 19.119761665999988 ], [ -15.012451665999947, 19.119943333000037 ], [ -15.012306666999905, 19.120125 ], [ -15.01216166699993, 19.120305 ], [ -15.012016666999898, 19.120485 ], [ -15.011873332999926, 19.120663333000095 ], [ -15.01172833399994, 19.120843333000096 ], [ -15.011583332999919, 19.121021667000093 ], [ -15.01143999999988, 19.121201666000161 ], [ -15.011295, 19.121381666000104 ], [ -15.011151666999922, 19.12156166699998 ], [ -15.011006665999901, 19.121741667000151 ], [ -15.010865, 19.121921667000095 ], [ -15.010721666999871, 19.122098333000167 ], [ -15.01058, 19.122276666000118 ], [ -15.010436666999908, 19.12245 ], [ -15.010295, 19.122625000000141 ], [ -15.010151665999956, 19.122798333 ], [ -15.01001, 19.122971667000115 ], [ -15.009868332999872, 19.123145 ], [ -15.009726666999882, 19.123318333000043 ], [ -15.009583333999899, 19.123493333000113 ], [ -15.009443332999979, 19.123668333000069 ], [ -15.009301666999875, 19.123843333000139 ], [ -15.009159999999895, 19.12402 ], [ -15.009016665999923, 19.124195 ], [ -15.008871666999937, 19.124371667000162 ], [ -15.008725, 19.124551667000105 ], [ -15.008578332999889, 19.124733334000155 ], [ -15.00843, 19.12491666700015 ], [ -15.00828, 19.1251 ], [ -15.008128332999888, 19.125286667000182 ], [ -15.007976666999923, 19.125473334000105 ], [ -15.007823332999976, 19.125661667000145 ], [ -15.00767, 19.125851667000063 ], [ -15.007515, 19.126041666000049 ], [ -15.007359999999892, 19.126233334000062 ], [ -15.007205, 19.126423333000105 ], [ -15.00705, 19.126613333000023 ], [ -15.006893333999926, 19.126803333999987 ], [ -15.006738333999976, 19.126995 ], [ -15.00658333399997, 19.127186666999989 ], [ -15.006428332999917, 19.127378333000081 ], [ -15.006273332999967, 19.12757 ], [ -15.006119999999896, 19.127758334000134 ], [ -15.005968332999942, 19.12794833300012 ], [ -15.00581666699992, 19.128138333000038 ], [ -15.005665, 19.128331667000054 ], [ -15.00551, 19.128525 ], [ -15.005353333999949, 19.128720000000158 ], [ -15.005196665999961, 19.12891500000012 ], [ -15.005036666999956, 19.12911 ], [ -15.004878332999908, 19.129306667000094 ], [ -15.004718332999914, 19.129505 ], [ -15.004558332999977, 19.129701667000063 ], [ -15.004398333999973, 19.1299 ], [ -15.00423666699993, 19.130098334000138 ], [ -15.004074999999887, 19.130296667000096 ], [ -15.0039133329999, 19.13049500000011 ], [ -15.003753333999896, 19.130693333000067 ], [ -15.003593332999912, 19.130891667000128 ], [ -15.003433332999975, 19.131090000000142 ], [ -15.003273332999981, 19.131288334000033 ], [ -15.003111665999938, 19.131485000000112 ], [ -15.002951665999944, 19.131681667000123 ], [ -15.00279, 19.131880000000137 ], [ -15.00263, 19.132076667000149 ], [ -15.0024683339999, 19.132273333000057 ], [ -15.002308333999906, 19.132471667000118 ], [ -15.00214833299998, 19.132668333000083 ], [ -15.001988332999872, 19.132866666000041 ], [ -15.00183, 19.133063334000155 ], [ -15.00167, 19.13326 ], [ -15.001511665999885, 19.133456667000075 ], [ -15.00135333399993, 19.133653333000041 ], [ -15.001191666999887, 19.13385 ], [ -15.00103166699995, 19.134046667000064 ], [ -15.000871666999956, 19.134243332999972 ], [ -15.000711665999972, 19.13444 ], [ -15.000551665999865, 19.134636667000052 ], [ -15.000393332999977, 19.134831667000185 ], [ -15.000236666999911, 19.135026667000147 ], [ -15.000078332999976, 19.13522166700011 ], [ -14.999921666999967, 19.135415 ], [ -14.999765, 19.135608333000107 ], [ -14.999608332999969, 19.135801667000123 ], [ -14.99945166699996, 19.135995 ], [ -14.999295, 19.136188333000177 ], [ -14.999138332999962, 19.136381666999966 ], [ -14.998981666999896, 19.136573334000104 ], [ -14.998826666999946, 19.136766666000142 ], [ -14.99867, 19.136958333000109 ], [ -14.998513332999948, 19.13715 ], [ -14.998358332999942, 19.13734333300016 ], [ -14.998205, 19.137535000000128 ], [ -14.99805, 19.137726667000095 ], [ -14.997896666999907, 19.137915000000135 ], [ -14.997741666999957, 19.138103333000174 ], [ -14.997588333999886, 19.13829 ], [ -14.997436665999942, 19.138476667000134 ], [ -14.997285, 19.138661667000179 ], [ -14.997135, 19.138846667 ], [ -14.996986665999941, 19.13903 ], [ -14.99684, 19.139211667000041 ], [ -14.996691665999947, 19.139391666999984 ], [ -14.996545, 19.139571667000155 ], [ -14.99639999999988, 19.13975 ], [ -14.996256666999955, 19.139928334000103 ], [ -14.996113332999983, 19.140105000000119 ], [ -14.99597, 19.14028333300007 ], [ -14.99582666699996, 19.140460000000189 ], [ -14.995681665999882, 19.140636666999967 ], [ -14.995536666999953, 19.140815 ], [ -14.995393332999924, 19.140991667000037 ], [ -14.995248333999825, 19.14116833300011 ], [ -14.995103332999975, 19.141346667000107 ], [ -14.994958333999875, 19.141523334000055 ], [ -14.994813332999968, 19.141701666000074 ], [ -14.994668333999982, 19.14188 ], [ -14.99452499999984, 19.142058333000023 ], [ -14.994381666999971, 19.142236667000191 ], [ -14.994239999999877, 19.142413333000093 ], [ -14.994098333999887, 19.142588333000162 ], [ -14.993958332999853, 19.142763333000062 ], [ -14.993818332999979, 19.142936667000015 ], [ -14.993678332999934, 19.14310833400009 ], [ -14.993541666999931, 19.143278334000172 ], [ -14.993406666999931, 19.143446667000148 ], [ -14.993271666999874, 19.143613334000179 ], [ -14.993138332999933, 19.143778333000057 ], [ -14.993005, 19.14394 ], [ -14.992875, 19.14410166600004 ], [ -14.992743332999964, 19.144263333000026 ], [ -14.992609999999843, 19.144425000000183 ], [ -14.992476666999892, 19.144588334 ], [ -14.992341665999845, 19.14475333300004 ], [ -14.992206665999959, 19.144921667000119 ], [ -14.992068332999963, 19.145091666000098 ], [ -14.99193, 19.145261667 ], [ -14.99179, 19.145435 ], [ -14.991651666999928, 19.145608333000098 ], [ -14.991511666999827, 19.145783333 ], [ -14.99137, 19.145958333000124 ], [ -14.991228332999924, 19.146133333000023 ], [ -14.991085, 19.146308333000093 ], [ -14.990941665999912, 19.146485 ], [ -14.990796666999927, 19.146663333 ], [ -14.990651666999895, 19.146841667 ], [ -14.990505, 19.147023334000039 ], [ -14.99035833399995, 19.147205000000156 ], [ -14.99021, 19.147386666999978 ], [ -14.990061665999917, 19.147568334000027 ], [ -14.989913332999834, 19.147750000000144 ], [ -14.989765, 19.147935000000132 ], [ -14.989615, 19.148120000000176 ], [ -14.98946333299989, 19.148306667000099 ], [ -14.98931, 19.148496667000188 ], [ -14.989155, 19.148685 ], [ -14.989, 19.148876666000092 ], [ -14.988845, 19.149068333000059 ], [ -14.98868833299997, 19.14926 ], [ -14.988531666999904, 19.14945333300011 ], [ -14.98837333299997, 19.149646667000127 ], [ -14.988215, 19.149841667000089 ], [ -14.988056665999864, 19.150036667000052 ], [ -14.987898333999908, 19.150231667000185 ], [ -14.98774, 19.15042833300015 ], [ -14.98758, 19.150625000000161 ], [ -14.98741833299988, 19.150823333000119 ], [ -14.987255, 19.151023334000058 ], [ -14.987093332999905, 19.151223333000189 ], [ -14.98693, 19.151421667000079 ], [ -14.986768333999919, 19.151621667000086 ], [ -14.986606666999876, 19.151821666000046 ], [ -14.986446666999882, 19.152020000000107 ], [ -14.986284999999896, 19.152216667000118 ], [ -14.986123333999956, 19.152413333000027 ], [ -14.985963332999859, 19.15261 ], [ -14.985803332999922, 19.152806667000107 ], [ -14.985645, 19.153003333000186 ], [ -14.985484999999869, 19.1532 ], [ -14.985324999999875, 19.153396667000038 ], [ -14.985166665999941, 19.153593333000174 ], [ -14.985006666999936, 19.153788333000136 ], [ -14.984846666999942, 19.153985000000148 ], [ -14.984688332999951, 19.15418000000011 ], [ -14.984529999999836, 19.154376666000076 ], [ -14.984371666999948, 19.154571666000038 ], [ -14.984215, 19.154765 ], [ -14.984056665999901, 19.154960000000187 ], [ -14.9839, 19.155153333000101 ], [ -14.983741665999958, 19.155348333000063 ], [ -14.983584999999891, 19.155543333000026 ], [ -14.983428332999893, 19.155738332999988 ], [ -14.983271666999883, 19.155933333000178 ], [ -14.983113332999949, 19.156126666999967 ], [ -14.982956666999939, 19.156321667000157 ], [ -14.982798332999891, 19.156516667000119 ], [ -14.982641666999825, 19.156711667000081 ], [ -14.982483332999948, 19.156906667000044 ], [ -14.982324999999889, 19.157101667000177 ], [ -14.982166665999955, 19.157295 ], [ -14.98201, 19.15749 ], [ -14.981851665999898, 19.157685 ], [ -14.981694999999831, 19.15788 ], [ -14.981536666999943, 19.158075000000167 ], [ -14.98138, 19.158266667000134 ], [ -14.981221666999943, 19.15846 ], [ -14.981065, 19.158653333000132 ], [ -14.980906666999886, 19.158846667000148 ], [ -14.980748332999951, 19.159038334000115 ], [ -14.980591666999942, 19.159233334000078 ], [ -14.980433332999894, 19.159426666000115 ], [ -14.980275, 19.159621666000078 ], [ -14.980116665999958, 19.159815 ], [ -14.979958333999946, 19.160008333000178 ], [ -14.9798, 19.160201667000024 ], [ -14.97964, 19.160395000000108 ], [ -14.97948, 19.16059 ], [ -14.97932, 19.160785 ], [ -14.97915833299993, 19.160983333 ], [ -14.978998332999822, 19.161181666000175 ], [ -14.978838332999885, 19.16138 ], [ -14.978678332999891, 19.16158 ], [ -14.978518333999887, 19.161773332999985 ], [ -14.97836, 19.161971667000103 ], [ -14.978199999999845, 19.16217 ], [ -14.978041666999957, 19.162365 ], [ -14.977883332999909, 19.16256 ], [ -14.977725, 19.162755000000118 ], [ -14.977566666999849, 19.162948333000088 ], [ -14.977408333999961, 19.16314333300005 ], [ -14.977251665999972, 19.163338333000183 ], [ -14.977095, 19.163533333000146 ], [ -14.976936665999858, 19.163728333000108 ], [ -14.97677833299997, 19.163923333000071 ], [ -14.976619999999855, 19.164118333000033 ], [ -14.97646, 19.164315000000101 ], [ -14.976301666999973, 19.164511667000113 ], [ -14.976141666999979, 19.164708333000192 ], [ -14.97598333399992, 19.164905 ], [ -14.975824999999872, 19.165101666000169 ], [ -14.975664999999879, 19.165298334000056 ], [ -14.975506666999934, 19.16549666700007 ], [ -14.97534666699994, 19.165693332999979 ], [ -14.975186666999832, 19.165891667000039 ], [ -14.975026665999906, 19.16609 ], [ -14.974866666999901, 19.166288333000182 ], [ -14.974708332999967, 19.166486665999969 ], [ -14.97455, 19.166683334000084 ], [ -14.97439, 19.16688 ], [ -14.97423166699997, 19.16707666700006 ], [ -14.974073333999911, 19.167271667000023 ], [ -14.973913333999974, 19.167466667000156 ], [ -14.973755, 19.167661667000118 ], [ -14.973596666999981, 19.167856667000081 ], [ -14.973438332999933, 19.1680516670001 ], [ -14.973281666999867, 19.16825 ], [ -14.973123332999819, 19.168446667000069 ], [ -14.972965, 19.168643332999977 ], [ -14.972806665999883, 19.16884 ], [ -14.972646665999889, 19.169035000000179 ], [ -14.972488332999944, 19.16923166700019 ], [ -14.972329999999886, 19.169426667000153 ], [ -14.972169999999892, 19.169623333000061 ], [ -14.972009999999898, 19.16981833300008 ], [ -14.971851666999953, 19.170015 ], [ -14.971691665999913, 19.170211666000171 ], [ -14.971531666999908, 19.170406666000133 ], [ -14.971371666999914, 19.170603334000077 ], [ -14.971209999999871, 19.1708 ], [ -14.97105, 19.170995000000175 ], [ -14.970891665999886, 19.171193333000133 ], [ -14.970731666999882, 19.171391667000023 ], [ -14.97057, 19.17159 ], [ -14.970408333999956, 19.17179 ], [ -14.970246665999923, 19.1719916670001 ], [ -14.97008333299982, 19.172191667000163 ], [ -14.969919999999888, 19.17239166700017 ], [ -14.969758332999845, 19.172593334000055 ], [ -14.969595, 19.172795 ], [ -14.969431665999878, 19.17299666700012 ], [ -14.969268332999889, 19.173198334 ], [ -14.969103332999907, 19.173400000000186 ], [ -14.96894, 19.173601667000071 ], [ -14.968778332999932, 19.173803334000183 ], [ -14.968615, 19.174003333000087 ], [ -14.968453333999946, 19.174205 ], [ -14.968291666999903, 19.174405 ], [ -14.96813, 19.174605 ], [ -14.96797, 19.174803333000057 ], [ -14.96780833299988, 19.175003333000063 ], [ -14.967646666999826, 19.175203334 ], [ -14.967486666999889, 19.175403333000133 ], [ -14.967325, 19.175601667000024 ], [ -14.967161666999914, 19.1758 ], [ -14.966999999999871, 19.175998333000166 ], [ -14.966836665999949, 19.176196666000124 ], [ -14.96667333299996, 19.176396666000187 ], [ -14.96651, 19.176596667000126 ], [ -14.966346665999822, 19.176795 ], [ -14.96618333299989, 19.176995 ], [ -14.96602, 19.177195000000154 ], [ -14.965855, 19.177395000000161 ], [ -14.965691666999874, 19.177595 ], [ -14.965528333999885, 19.177795 ], [ -14.965366666999898, 19.177998333000062 ], [ -14.965205, 19.178200000000174 ], [ -14.965041665999934, 19.178403334000109 ], [ -14.964876666999942, 19.178605000000118 ], [ -14.964711665999971, 19.178810000000169 ], [ -14.964544999999873, 19.179013333000057 ], [ -14.964379999999892, 19.179218333000108 ], [ -14.964215, 19.179421667000099 ], [ -14.964048333999926, 19.179625000000101 ], [ -14.963881666999953, 19.179828334000035 ], [ -14.963715, 19.180031667000094 ], [ -14.963551666999933, 19.180236666000098 ], [ -14.963388332999898, 19.180441667000082 ], [ -14.96322333299986, 19.18064500000014 ], [ -14.96306, 19.18085 ], [ -14.962896665999892, 19.181055000000129 ], [ -14.962733332999903, 19.181258333000187 ], [ -14.96257, 19.181461666000189 ], [ -14.962403332999941, 19.181665000000123 ], [ -14.962235, 19.18187 ], [ -14.962068332999934, 19.182076667 ], [ -14.961903333999885, 19.182281666 ], [ -14.961738332999914, 19.182486667000035 ], [ -14.961571665999884, 19.18269 ], [ -14.961401666999961, 19.182893333000095 ], [ -14.961231666999822, 19.183096667000029 ], [ -14.96106, 19.1833 ], [ -14.960888333999947, 19.183501667000144 ], [ -14.960716666999929, 19.183705 ], [ -14.960544999999854, 19.183908333000034 ], [ -14.96037166699989, 19.184110000000146 ], [ -14.960198332999937, 19.184310000000153 ], [ -14.960026666999966, 19.184513332999984 ], [ -14.959855, 19.184715 ], [ -14.959683332999873, 19.184916666000049 ], [ -14.959511666999958, 19.185118333000162 ], [ -14.959341666999933, 19.185318333000168 ], [ -14.959169999999858, 19.18552 ], [ -14.958999999999889, 19.185720000000117 ], [ -14.958828332999929, 19.185920000000124 ], [ -14.958656666999843, 19.186120000000187 ], [ -14.958485, 19.18632 ], [ -14.958315, 19.18652 ], [ -14.958143332999896, 19.18672 ], [ -14.95797333299987, 19.1869200000001 ], [ -14.957801666999956, 19.187120000000107 ], [ -14.957631665999941, 19.18732000000017 ], [ -14.95746, 19.187521667000055 ], [ -14.957286666999892, 19.187723334000111 ], [ -14.957115, 19.187925000000121 ], [ -14.956943332999913, 19.188126667 ], [ -14.95677, 19.18833 ], [ -14.956598333999978, 19.188533333000066 ], [ -14.95642666699996, 19.188736666000125 ], [ -14.95625333299995, 19.18893833300001 ], [ -14.956078332999937, 19.189141667000172 ], [ -14.955905, 19.189345 ], [ -14.95573, 19.189548333000062 ], [ -14.955556666999939, 19.189755 ], [ -14.955381666999926, 19.18996 ], [ -14.955206666999914, 19.190163334000033 ], [ -14.955031666999844, 19.190368333000038 ], [ -14.954856666999945, 19.190575 ], [ -14.954681666999932, 19.19078 ], [ -14.954506666999919, 19.190986667000061 ], [ -14.95433, 19.191193334 ], [ -14.954153332999908, 19.191401667000093 ], [ -14.953975, 19.19161 ], [ -14.953798332999952, 19.191818334 ], [ -14.95362, 19.192026667000107 ], [ -14.95344166599989, 19.192233333000161 ], [ -14.953261665999946, 19.192440000000147 ], [ -14.953083332999938, 19.192648333000022 ], [ -14.952906666999979, 19.192855000000179 ], [ -14.952728332999868, 19.193063333000111 ], [ -14.952553332999969, 19.19327 ], [ -14.952379999999891, 19.193478334000076 ], [ -14.95220833399992, 19.193686667000179 ], [ -14.952036665999913, 19.193895 ], [ -14.951865, 19.19410333400009 ], [ -14.951691666999977, 19.194311667000022 ], [ -14.951518332999854, 19.194518333000019 ], [ -14.951346666999939, 19.194725000000176 ], [ -14.951174999999864, 19.194930000000113 ], [ -14.951004999999896, 19.195135000000164 ], [ -14.95083499999987, 19.195336667000049 ], [ -14.950668333999943, 19.195538333000059 ], [ -14.950501666999912, 19.195738334000168 ], [ -14.950336665999941, 19.195938333000129 ], [ -14.950173332999952, 19.196136667000189 ], [ -14.95001, 19.196333333000098 ], [ -14.949848333999967, 19.19652833300006 ], [ -14.94968833299987, 19.19672 ], [ -14.94953, 19.196911666000119 ], [ -14.94937166699998, 19.1971 ], [ -14.94922, 19.197291667000172 ], [ -14.94907, 19.19748 ], [ -14.948919999999873, 19.197665 ], [ -14.948773332999906, 19.197848334000128 ], [ -14.948626666999871, 19.19803 ], [ -14.94848, 19.19821 ], [ -14.948336666999921, 19.198388333000139 ], [ -14.948195, 19.19856666600009 ], [ -14.948056665999957, 19.19874166600016 ], [ -14.947918333999951, 19.198913333000064 ], [ -14.94778, 19.199085000000139 ], [ -14.947645, 19.199255 ], [ -14.94751, 19.199423334000073 ], [ -14.947376665999911, 19.19959 ], [ -14.947246666999888, 19.199755000000152 ], [ -14.947116666999875, 19.199920000000134 ], [ -14.946986666999976, 19.20008166700012 ], [ -14.946858332999909, 19.200243334000049 ], [ -14.946728333999829, 19.200401666 ], [ -14.946596666999937, 19.200558334 ], [ -14.94621, 19.201030000000117 ], [ -14.946083332999933, 19.201186667000059 ], [ -14.94595333399991, 19.20134 ], [ -14.945826666999835, 19.201496667000129 ], [ -14.9457, 19.201653333000138 ], [ -14.945573332999913, 19.201811667000072 ], [ -14.945446666999942, 19.201968333000082 ], [ -14.94532, 19.202125000000137 ], [ -14.945193332999906, 19.202281667000079 ], [ -14.945066666999935, 19.20244 ], [ -14.944938333999971, 19.202600000000189 ], [ -14.944808332999969, 19.202763334000053 ], [ -14.944674999999847, 19.202930000000151 ], [ -14.944541666999896, 19.203100000000177 ], [ -14.944405, 19.203271667000081 ], [ -14.944265, 19.203445000000102 ], [ -14.944121666999877, 19.20362 ], [ -14.943979999999897, 19.203796666000073 ], [ -14.943835, 19.203975 ], [ -14.943691666999939, 19.204155 ], [ -14.943546666999907, 19.204335 ], [ -14.943401666999932, 19.204516666000131 ], [ -14.943255, 19.204696667 ], [ -14.943108332999884, 19.204878333000124 ], [ -14.94296, 19.20506166600012 ], [ -14.942813333999823, 19.205243333000169 ], [ -14.942666666999855, 19.205425000000162 ], [ -14.942519999999888, 19.205606666000108 ], [ -14.942373332999921, 19.20579 ], [ -14.942228333999822, 19.20597000000015 ], [ -14.942083332999971, 19.206151666000096 ], [ -14.941936666999936, 19.206333333000089 ], [ -14.941791666999904, 19.206515000000138 ], [ -14.941643333999934, 19.206696666000028 ], [ -14.941496666999967, 19.206880000000126 ], [ -14.941346665999959, 19.207065000000171 ], [ -14.941196666999815, 19.207251667000037 ], [ -14.94104666699991, 19.20744 ], [ -14.940893332999963, 19.207630000000165 ], [ -14.94074, 19.207821667000132 ], [ -14.940585, 19.208013333 ], [ -14.940429999999878, 19.20820833300013 ], [ -14.940275, 19.208405 ], [ -14.940118333999919, 19.208601667000039 ], [ -14.939961665999931, 19.208796667000172 ], [ -14.939804999999865, 19.20899333300008 ], [ -14.93965, 19.209188333000043 ], [ -14.939493333999906, 19.209383333 ], [ -14.939338333999956, 19.209576667000022 ], [ -14.939183333999949, 19.209770000000162 ], [ -14.939028333999886, 19.209963333000076 ], [ -14.938875, 19.210155 ], [ -14.938719999999876, 19.210350000000176 ], [ -14.938563332999877, 19.210543334000022 ], [ -14.938406666999981, 19.210738334000155 ], [ -14.938246665999884, 19.210933334000117 ], [ -14.938088333999929, 19.21112833400008 ], [ -14.937929999999881, 19.211321666000117 ], [ -14.937773332999882, 19.21151666600008 ], [ -14.937618332999932, 19.211713333999967 ], [ -14.937463332999982, 19.211908334000157 ], [ -14.93731, 19.212103334000119 ], [ -14.937155, 19.2122966660001 ], [ -14.936998333999895, 19.212490000000116 ], [ -14.936843333999946, 19.212685 ], [ -14.936688333999939, 19.212878333 ], [ -14.93653, 19.213073333000182 ], [ -14.9363716659999, 19.213268333000144 ], [ -14.936213332999955, 19.213463333000107 ], [ -14.936054999999897, 19.213658333000069 ], [ -14.935896666999952, 19.213851667000085 ], [ -14.935736666999958, 19.214046667000048 ], [ -14.935576665999974, 19.214240000000132 ], [ -14.935415, 19.214433333000045 ], [ -14.935253332999935, 19.214625 ], [ -14.935094999999876, 19.214818333000153 ], [ -14.934936666999931, 19.215013333000115 ], [ -14.934778333999873, 19.215210000000127 ], [ -14.93462, 19.215408333000084 ], [ -14.934463333999929, 19.215605 ], [ -14.934303332999946, 19.2158 ], [ -14.934144999999887, 19.215996667000127 ], [ -14.933988332999888, 19.216193333000035 ], [ -14.93383, 19.216391666 ], [ -14.933671666999885, 19.216588334000107 ], [ -14.933513332999951, 19.216786667000122 ], [ -14.933353333999946, 19.216985 ], [ -14.93319166699996, 19.217183333000037 ], [ -14.933028332999868, 19.217381667000097 ], [ -14.932865, 19.217580000000112 ], [ -14.932701666999947, 19.21777666600002 ], [ -14.93254, 19.217975 ], [ -14.932378333999907, 19.218173333000095 ], [ -14.93221833399997, 19.218373333000102 ], [ -14.932058332999816, 19.218571667000163 ], [ -14.931896666999933, 19.218771666000123 ], [ -14.931736666999939, 19.218971667000062 ], [ -14.931576665999842, 19.219175 ], [ -14.931413332999909, 19.219375000000127 ], [ -14.931253332999972, 19.219575000000134 ], [ -14.93108999999987, 19.219775 ], [ -14.93092833299994, 19.219973333000155 ], [ -14.930764999999894, 19.220173334000094 ], [ -14.930601665999973, 19.220373334000101 ], [ -14.93043833299987, 19.220573333000061 ], [ -14.93027666699993, 19.220775000000117 ], [ -14.930115, 19.22097500000018 ], [ -14.929953332999901, 19.221173334000071 ], [ -14.929791666999961, 19.221371667000028 ], [ -14.92963166699991, 19.221571667000035 ], [ -14.929473333999965, 19.221771666000166 ], [ -14.929315, 19.22197 ], [ -14.929155, 19.22216833300007 ], [ -14.916566666999927, 19.23785 ], [ -14.916511666999895, 19.237931667000112 ], [ -14.916426665999893, 19.238038334000123 ], [ -14.916363333999982, 19.238115000000107 ], [ -14.916286665999962, 19.2382066670001 ], [ -14.916196666999952, 19.238316667000163 ], [ -14.916093333999925, 19.238443333000191 ], [ -14.915981666999926, 19.238580000000184 ], [ -14.915861665999955, 19.238728333000097 ], [ -14.91573499999987, 19.238886667000088 ], [ -14.915598332999934, 19.239056667000114 ], [ -14.915455, 19.239235 ], [ -14.915308332999928, 19.239416667000057 ], [ -14.91516166699995, 19.239601666000169 ], [ -14.91501, 19.239790000000141 ], [ -14.91485833299987, 19.239978333000181 ], [ -14.914703332999864, 19.24016666600005 ], [ -14.91455, 19.240355 ], [ -14.914396665999959, 19.240543333 ], [ -14.914241665999953, 19.24073 ], [ -14.91409166699998, 19.240920000000187 ], [ -14.913941666999904, 19.241110000000106 ], [ -14.91379, 19.241298334000021 ], [ -14.913638333999927, 19.241486667000061 ], [ -14.913484999999866, 19.2416750000001 ], [ -14.91333, 19.241866667000068 ], [ -14.913175, 19.24206 ], [ -14.913016666999908, 19.242255000000171 ], [ -14.91286, 19.242451667000182 ], [ -14.912701665999975, 19.242648333000091 ], [ -14.912543333999906, 19.242845000000102 ], [ -14.912385, 19.243041667000114 ], [ -14.912228332999973, 19.243238333000079 ], [ -14.91207, 19.24343666700014 ], [ -14.911913332999916, 19.243635 ], [ -14.911758332999909, 19.243833333999987 ], [ -14.9116, 19.244031667000172 ], [ -14.911441666999906, 19.244228333000081 ], [ -14.911283332999972, 19.244426666999971 ], [ -14.911123333999967, 19.244623333000106 ], [ -14.910963333999916, 19.244818333000069 ], [ -14.910805, 19.245015 ], [ -14.910644999999874, 19.24521 ], [ -14.910488332999876, 19.245406667000054 ], [ -14.91033, 19.245603334000066 ], [ -14.910173332999932, 19.245798334000028 ], [ -14.910016666999866, 19.245993334000048 ], [ -14.909859999999867, 19.24618833400018 ], [ -14.909703332999982, 19.246383334000143 ], [ -14.909546666999972, 19.24658 ], [ -14.90939, 19.246776666000187 ], [ -14.909235, 19.24697 ], [ -14.90908, 19.247165000000166 ], [ -14.908923332999905, 19.247356667000133 ], [ -14.908768332999955, 19.247548333000168 ], [ -14.908613332999835, 19.247741667000184 ], [ -14.908456666999939, 19.247931667000103 ], [ -14.908303332999935, 19.24812333400007 ], [ -14.90815, 19.248313333000056 ], [ -14.907998333999842, 19.248503333000144 ], [ -14.907845, 19.24869166700006 ], [ -14.907693332999941, 19.24888 ], [ -14.907541666999975, 19.249068332999968 ], [ -14.907391666999899, 19.249256667000111 ], [ -14.907241665999948, 19.249445000000151 ], [ -14.907091666999975, 19.249631667000074 ], [ -14.906943332999958, 19.249820000000113 ], [ -14.906793333999872, 19.250005000000101 ], [ -14.906643332999977, 19.250190000000146 ], [ -14.906493332999844, 19.25037500000019 ], [ -14.906345, 19.25056 ], [ -14.906198332999963, 19.250745 ], [ -14.906051665999883, 19.25092833400015 ], [ -14.905903332999969, 19.251113333000092 ], [ -14.905756665999888, 19.251296667000133 ], [ -14.905609999999854, 19.251480000000129 ], [ -14.905463333999876, 19.251665000000173 ], [ -14.905313332999981, 19.25185 ], [ -14.905163332999905, 19.252038334000133 ], [ -14.90501, 19.25223 ], [ -14.904853332999949, 19.252423333000138 ], [ -14.90469499999989, 19.25262000000015 ], [ -14.904536666999945, 19.252816667000161 ], [ -14.904378332999897, 19.253016666000065 ], [ -14.904221666999888, 19.253215000000182 ], [ -14.904063333999943, 19.253415000000189 ], [ -14.903904999999895, 19.25361166700003 ], [ -14.903746665999961, 19.25381 ], [ -14.903588332999902, 19.254006667 ], [ -14.903428332999908, 19.254203334000067 ], [ -14.903268332999971, 19.254400000000146 ], [ -14.903109999999856, 19.2546 ], [ -14.90295, 19.2548 ], [ -14.90279, 19.255001667000101 ], [ -14.90263, 19.2552 ], [ -14.90247, 19.255400000000122 ], [ -14.90230833399994, 19.25559833300008 ], [ -14.902148333999946, 19.255798333000143 ], [ -14.901986666999903, 19.255998334000083 ], [ -14.901826666999966, 19.256198332999986 ], [ -14.901666666999972, 19.256396667000047 ], [ -14.901506665999875, 19.25659666700011 ], [ -14.90134833399992, 19.256795 ], [ -14.901189999999872, 19.256995 ], [ -14.901031666999927, 19.257193333000089 ], [ -14.900876666999977, 19.2573900000001 ], [ -14.90072, 19.257588333000058 ], [ -14.90056333299998, 19.25778333300002 ], [ -14.900408332999973, 19.25797833300004 ], [ -14.90025333299991, 19.258173333000173 ], [ -14.900096666999843, 19.258368333000135 ], [ -14.899941666999894, 19.258561667000151 ], [ -14.899786665999954, 19.258755 ], [ -14.899633333999873, 19.25895 ], [ -14.899478333999923, 19.259143333000111 ], [ -14.899321665999935, 19.259338333000073 ], [ -14.899165, 19.259535000000142 ], [ -14.899006665999877, 19.259731667000153 ], [ -14.898848332999933, 19.259928333000062 ], [ -14.898688332999939, 19.260126667000122 ], [ -14.898528332999945, 19.260325000000137 ], [ -14.898364999999899, 19.260525000000143 ], [ -14.898203332999969, 19.260726667000029 ], [ -14.898038332999874, 19.260926667000092 ], [ -14.897875, 19.261126666 ], [ -14.897711666999953, 19.261326666000059 ], [ -14.89754833399985, 19.26152500000012 ], [ -14.897386666999978, 19.261723333000077 ], [ -14.897225, 19.261921667000138 ], [ -14.897064999999827, 19.262120000000152 ], [ -14.89690499999989, 19.262318334000042 ], [ -14.896743332999961, 19.26251666700017 ], [ -14.896585, 19.262713333000079 ], [ -14.896425, 19.262908333000098 ], [ -14.896265, 19.263103333000061 ], [ -14.896105, 19.263298333000023 ], [ -14.89594499999987, 19.263493333000156 ], [ -14.895786666999925, 19.263686667000172 ], [ -14.89563, 19.263881667000135 ], [ -14.895473332999927, 19.264075 ], [ -14.895315, 19.26427 ], [ -14.89515833299987, 19.264461666000102 ], [ -14.895, 19.264655 ], [ -14.894843332999926, 19.264848333000032 ], [ -14.89468666699986, 19.265041667 ], [ -14.89453166699991, 19.265235000000132 ], [ -14.894375, 19.265428333000045 ], [ -14.894218332999912, 19.265620000000183 ], [ -14.894063332999963, 19.265810000000101 ], [ -14.893906666999897, 19.266001666000136 ], [ -14.893749999999898, 19.266191667000157 ], [ -14.893591666999953, 19.266383333000022 ], [ -14.893435, 19.266576667000038 ], [ -14.893275, 19.266771667000171 ], [ -14.893114999999852, 19.266968333000079 ], [ -14.89295166699992, 19.267165 ], [ -14.892788333999931, 19.267361667000102 ], [ -14.892626666999945, 19.267560000000117 ], [ -14.892465, 19.267758334000177 ], [ -14.892303333999905, 19.267956666000089 ], [ -14.892141666999976, 19.2681533330001 ], [ -14.891979999999819, 19.268351667000161 ], [ -14.891815, 19.268548333000069 ], [ -14.891651666999906, 19.26874666700013 ], [ -14.891488332999927, 19.268945000000144 ], [ -14.891324999999881, 19.269143334000034 ], [ -14.891161666999949, 19.269341666000059 ], [ -14.890996665999978, 19.269543333000172 ], [ -14.890831666999929, 19.269746666 ], [ -14.890666666999948, 19.269948333000116 ], [ -14.890501666999967, 19.270150000000172 ], [ -14.890338332999875, 19.270351666000181 ], [ -14.890173333999883, 19.270553333000066 ], [ -14.890006666999966, 19.270755000000122 ], [ -14.88984, 19.270955000000185 ], [ -14.889673332999905, 19.271156667000071 ], [ -14.889506666999978, 19.27135833300008 ], [ -14.88934, 19.271558333000087 ], [ -14.889173332999917, 19.271758334000026 ], [ -14.889008333999982, 19.27196 ], [ -14.888843332999897, 19.272163333000037 ], [ -14.888676665999981, 19.272366666999972 ], [ -14.888511666999818, 19.27257 ], [ -14.888346666999951, 19.272773334000135 ], [ -14.888181666999969, 19.272975000000145 ], [ -14.888016666999874, 19.27317666700003 ], [ -14.88785, 19.273378334000142 ], [ -14.887685, 19.27358 ], [ -14.88752, 19.273781667000037 ], [ -14.887356666999892, 19.273981666000111 ], [ -14.88719333399996, 19.27418166700005 ], [ -14.887031666999917, 19.274381667000114 ], [ -14.886868332999939, 19.27458166700012 ], [ -14.886706665999952, 19.274781666000081 ], [ -14.88654333299985, 19.274981667000191 ], [ -14.88638, 19.275181667000027 ], [ -14.886218333999977, 19.27538 ], [ -14.886053332999893, 19.275578334000102 ], [ -14.88589, 19.275776666000127 ], [ -14.885726665999869, 19.275973332999968 ], [ -14.885563332999936, 19.276168333000157 ], [ -14.885401666999883, 19.276365000000169 ], [ -14.885241665999956, 19.27656166700018 ], [ -14.885081666999952, 19.276758333000089 ], [ -14.884923332999904, 19.276953333000051 ], [ -14.88476333299991, 19.27715 ], [ -14.884605, 19.277345 ], [ -14.884446666999906, 19.27754 ], [ -14.884288333999962, 19.277735000000177 ], [ -14.884128333999968, 19.27793000000014 ], [ -14.883968332999871, 19.278125000000102 ], [ -14.883808332999934, 19.27832 ], [ -14.88364833299994, 19.278515 ], [ -14.883486665999897, 19.27871 ], [ -14.883326666999892, 19.278905000000179 ], [ -14.883166666999955, 19.279101667000191 ], [ -14.883005, 19.279296667000153 ], [ -14.882845, 19.279491667000116 ], [ -14.88268666599987, 19.27969000000013 ], [ -14.882526666999865, 19.279888334000191 ], [ -14.882364999999879, 19.280088333000094 ], [ -14.882204999999885, 19.280285000000106 ], [ -14.882044999999891, 19.280481667000174 ], [ -14.881881666999959, 19.280680000000132 ], [ -14.88172, 19.280878333000089 ], [ -14.881556665999881, 19.281076666000104 ], [ -14.881395, 19.281275000000164 ], [ -14.881231666999895, 19.281473333000122 ], [ -14.88107, 19.281671667000012 ], [ -14.88090666699992, 19.28187 ], [ -14.880744999999877, 19.282068333000154 ], [ -14.880581665999955, 19.282266666000112 ], [ -14.88042, 19.282465 ], [ -14.880258332999858, 19.282663333000187 ], [ -14.880095, 19.282861667000077 ], [ -14.87993333299994, 19.283058332999985 ], [ -14.879771666999886, 19.283255 ], [ -14.87961, 19.283450000000187 ], [ -14.87944833399996, 19.283646667000028 ], [ -14.879286666999917, 19.283841667000161 ], [ -14.879126666999923, 19.284038333000069 ], [ -14.878968332999875, 19.284235 ], [ -14.878808333999871, 19.2844300000001 ], [ -14.878648333999934, 19.284625 ], [ -14.878489999999829, 19.28482 ], [ -14.878331666999941, 19.285015000000158 ], [ -14.878173332999893, 19.28521000000012 ], [ -14.878013332999899, 19.285403333000033 ], [ -14.877853333999894, 19.28559666700005 ], [ -14.8776933339999, 19.285788333000085 ], [ -14.877535, 19.28598 ], [ -14.877378332999967, 19.286171666000143 ], [ -14.877223332999904, 19.286363334000157 ], [ -14.877068333999944, 19.286553332999972 ], [ -14.876914999999883, 19.286743333000061 ], [ -14.876761666999982, 19.2869316660001 ], [ -14.87661, 19.287118333000024 ], [ -14.876459999999895, 19.287305000000117 ], [ -14.87631, 19.287491666999983 ], [ -14.876156665999929, 19.28768 ], [ -14.876001666999912, 19.287866666000014 ], [ -14.875845, 19.288056667000035 ], [ -14.875688333999904, 19.288246667000124 ], [ -14.87553, 19.288438333000158 ], [ -14.875371665999921, 19.28862833400018 ], [ -14.875211666999917, 19.288821666 ], [ -14.875053332999869, 19.289015000000177 ], [ -14.874893332999932, 19.28921 ], [ -14.874733333999927, 19.289405000000102 ], [ -14.874573333999933, 19.289601666000067 ], [ -14.87441333299995, 19.289796666000029 ], [ -14.874251666999953, 19.289991666000162 ], [ -14.874091666999959, 19.290188334000106 ], [ -14.873933333999901, 19.290383334000069 ], [ -14.873776665999912, 19.290578334000031 ], [ -14.873618333999957, 19.290773334 ], [ -14.87346, 19.290965 ], [ -14.873301666999964, 19.291156667 ], [ -14.873143332999916, 19.291348333000087 ], [ -14.87298666699985, 19.291538333000176 ], [ -14.8728316669999, 19.291730000000143 ], [ -14.872676666999951, 19.291923334000103 ], [ -14.87252, 19.29212 ], [ -14.872361666999893, 19.29231666700008 ], [ -14.872201666999899, 19.292516667000086 ], [ -14.872039999999856, 19.29271666700015 ], [ -14.871876666999924, 19.29292 ], [ -14.871711666999943, 19.29312333300004 ], [ -14.871546666999961, 19.293328334000023 ], [ -14.871379999999874, 19.293535 ], [ -14.871213332999957, 19.293741667 ], [ -14.871043333999978, 19.293950000000109 ], [ -14.870874999999899, 19.294158333000041 ], [ -14.870704999999873, 19.294365 ], [ -14.870536665999907, 19.294573334000177 ], [ -14.870368332999931, 19.294781667000109 ], [ -14.869866666999883, 19.2954 ], [ -14.869701665999912, 19.295605 ], [ -14.86953666699992, 19.295808333000139 ], [ -14.869371666999882, 19.296011667000073 ], [ -14.869206666999901, 19.296215000000132 ], [ -14.869043332999979, 19.29641833300019 ], [ -14.86887833399993, 19.29662 ], [ -14.868714999999895, 19.296823333000077 ], [ -14.868551666999963, 19.29702500000019 ], [ -14.868386666999982, 19.297228334000124 ], [ -14.868221666999943, 19.297430000000134 ], [ -14.868058333999841, 19.297633334000068 ], [ -14.867893332999927, 19.297836667000126 ], [ -14.867728333999878, 19.298040000000128 ], [ -14.867565, 19.298241666000138 ], [ -14.8674, 19.298443333000023 ], [ -14.867236666999872, 19.298646667000128 ], [ -14.867071666999891, 19.298850000000186 ], [ -14.866905, 19.299055000000124 ], [ -14.86674, 19.299258333000125 ], [ -14.866571666999846, 19.299463333000062 ], [ -14.866405, 19.29967 ], [ -14.866238332999956, 19.2998750000001 ], [ -14.866071665999925, 19.300081667000029 ], [ -14.865905, 19.300288334000186 ], [ -14.8657383339999, 19.30049333300019 ], [ -14.86557166699987, 19.300698334000174 ], [ -14.865403332999961, 19.300903333000178 ], [ -14.865235, 19.301110000000108 ], [ -14.865068332999954, 19.301315 ], [ -14.8649, 19.301521666999975 ], [ -14.864733332999947, 19.301726667000082 ], [ -14.864563332999921, 19.301933333000136 ], [ -14.864396665999891, 19.30214 ], [ -14.864228332999915, 19.302346667000052 ], [ -14.864058332999889, 19.302551666000056 ], [ -14.86389, 19.30275666700004 ], [ -14.863721666999936, 19.302961666000044 ], [ -14.86355333399996, 19.303166667000028 ], [ -14.863383333999934, 19.303371666000032 ], [ -14.863215, 19.303578333000189 ], [ -14.863044999999886, 19.303783333000069 ], [ -14.862875, 19.303991666000172 ], [ -14.862706666999884, 19.304196666999985 ], [ -14.862541665999913, 19.304403334000142 ], [ -14.862376666999921, 19.304611667000074 ], [ -14.862211665999951, 19.304818333000071 ], [ -14.862046666999902, 19.305025 ], [ -14.861881666999921, 19.305231666999987 ], [ -14.86171499999989, 19.305435 ], [ -14.861546665999981, 19.305641667000032 ], [ -14.861381666999932, 19.305846665999979 ], [ -14.861216665999962, 19.30605166700019 ], [ -14.86105, 19.306256666000024 ], [ -14.860884999999882, 19.306463333000124 ], [ -14.860723332999896, 19.306666666000183 ], [ -14.86056, 19.306871667000166 ], [ -14.860393332999877, 19.307076666000171 ], [ -14.860226666999949, 19.307281667000154 ], [ -14.86006, 19.307485 ], [ -14.859891665999953, 19.307688333000044 ], [ -14.859723332999977, 19.307891666000103 ], [ -14.859554999999887, 19.308095 ], [ -14.859383333999972, 19.308300000000145 ], [ -14.859214999999892, 19.308506667000074 ], [ -14.859043332999931, 19.308711666000079 ], [ -14.858871666999903, 19.308918333000065 ], [ -14.858698333999882, 19.309121666000067 ], [ -14.858528332999924, 19.309330000000102 ], [ -14.858356666999953, 19.309535 ], [ -14.858186666999927, 19.309743333000085 ], [ -14.858015, 19.309948333000023 ], [ -14.857843333999938, 19.310155000000123 ], [ -14.85767166699992, 19.31036 ], [ -14.857498332999967, 19.310566666000113 ], [ -14.857326666999882, 19.31077 ], [ -14.857153332999928, 19.310976666000101 ], [ -14.856981665999967, 19.311181667000085 ], [ -14.856808333999822, 19.311386666000089 ], [ -14.856634999999869, 19.311588332999975 ], [ -14.856463332999965, 19.311793334000185 ], [ -14.85629166699988, 19.311998333000133 ], [ -14.85612333399996, 19.312203334000174 ], [ -14.855951665999896, 19.312406667 ], [ -14.85578333299992, 19.31262 ], [ -14.855613332999951, 19.312821667000094 ], [ -14.855443333999858, 19.313025 ], [ -14.855268333999959, 19.313233333000028 ], [ -14.855094999999892, 19.313441667 ], [ -14.854921666999928, 19.313656667000032 ], [ -14.854746666999858, 19.31387 ], [ -14.854571666999959, 19.31408 ], [ -14.854396666999946, 19.314286667000147 ], [ -14.854221666999933, 19.314496667000128 ], [ -14.85404833299998, 19.314703333000125 ], [ -14.853873332999967, 19.314913334000039 ], [ -14.853698332999954, 19.31512 ], [ -14.853525, 19.315326666000146 ], [ -14.85335166699997, 19.315533333000076 ], [ -14.853179999999895, 19.315738333000184 ], [ -14.853008333999981, 19.315945000000113 ], [ -14.852836666999906, 19.316151667000099 ], [ -14.852665, 19.316356666000104 ], [ -14.852493332999927, 19.316563333000033 ], [ -14.85232, 19.316766666000092 ], [ -14.852148333999878, 19.316971667000075 ], [ -14.851978332999863, 19.317175000000134 ], [ -14.851808332999894, 19.31737666700019 ], [ -14.85164, 19.31758 ], [ -14.851471666999942, 19.31778166600003 ], [ -14.851303332999976, 19.317985000000135 ], [ -14.85113333399994, 19.318186667000077 ], [ -14.850965, 19.318388334000133 ], [ -14.850796666999884, 19.318591667000192 ], [ -14.850626665999926, 19.318793334000077 ], [ -14.850456666999889, 19.318995 ], [ -14.850286666999978, 19.319198333000088 ], [ -14.850116665999906, 19.3194 ], [ -14.84994666699987, 19.319603333000032 ], [ -14.849776666999958, 19.31980666600009 ], [ -14.849606666999932, 19.32001 ], [ -14.849436665999974, 19.320215000000132 ], [ -14.849264999999889, 19.320420000000183 ], [ -14.849093332999814, 19.320625000000121 ], [ -14.8489216669999, 19.32083 ], [ -14.848749999999825, 19.321033333000059 ], [ -14.84857833399991, 19.321236667000164 ], [ -14.848406666999949, 19.321441667000101 ], [ -14.848233332999882, 19.321646666999982 ], [ -14.848061666999968, 19.32185 ], [ -14.847889999999893, 19.322055 ], [ -14.847718333999978, 19.32225833300015 ], [ -14.847546665999914, 19.322463334000133 ], [ -14.847375, 19.322668333000138 ], [ -14.847205, 19.322871666000026 ], [ -14.847033332999899, 19.32307666700018 ], [ -14.846861665999882, 19.32328 ], [ -14.846693332999905, 19.32348333300007 ], [ -14.84652333299988, 19.323683333000133 ], [ -14.846353333999957, 19.323883334000072 ], [ -14.846183332999885, 19.324085 ], [ -14.846015, 19.324283333000039 ], [ -14.845843332999948, 19.324483333000046 ], [ -14.845673333999969, 19.32468 ], [ -14.845503332999954, 19.324881666000067 ], [ -14.845335, 19.325081667000177 ], [ -14.845168333999936, 19.325283333000129 ], [ -14.845001666999906, 19.325483334000069 ], [ -14.844834999999819, 19.325685 ], [ -14.84467, 19.325885 ], [ -14.844505, 19.326083333000099 ], [ -14.844339999999875, 19.326283334000038 ], [ -14.844174999999893, 19.326483333000169 ], [ -14.844009999999855, 19.326681667000059 ], [ -14.843844999999874, 19.326878333000138 ], [ -14.843681665999952, 19.32707500000015 ], [ -14.843518332999963, 19.327270000000112 ], [ -14.843353333999971, 19.327468333000127 ], [ -14.84319, 19.327665000000138 ], [ -14.843028332999893, 19.327860000000101 ], [ -14.842865, 19.328055 ], [ -14.842703332999918, 19.32825 ], [ -14.842541666999978, 19.328443333000109 ], [ -14.84238333299993, 19.328635 ], [ -14.842224999999871, 19.328825 ], [ -14.842066665999823, 19.329013334000138 ], [ -14.841905, 19.329211666000049 ], [ -14.841743332999897, 19.329410000000109 ], [ -14.84158333299996, 19.329608333000067 ], [ -14.841423333999956, 19.329806667000128 ], [ -14.841263333999962, 19.330005000000142 ], [ -14.841103332999978, 19.33020166600005 ], [ -14.840941666999981, 19.330398334000165 ], [ -14.840783332999933, 19.330595 ], [ -14.840623333999929, 19.330791667000085 ], [ -14.840464999999881, 19.330986667000047 ], [ -14.840308333999928, 19.331181667000067 ], [ -14.84015, 19.331375000000151 ], [ -14.839993332999939, 19.331568334000167 ], [ -14.839836666999872, 19.331761666000148 ], [ -14.839679999999873, 19.331951667000169 ], [ -14.839525, 19.332143333000033 ], [ -14.839368332999925, 19.332331666000073 ], [ -14.839215, 19.33252 ], [ -14.839061665999964, 19.332706667000082 ], [ -14.83891, 19.332891666000023 ], [ -14.83876, 19.333076667000171 ], [ -14.83861, 19.333261666999988 ], [ -14.838463332999936, 19.333445 ], [ -14.838316666999958, 19.333626667000033 ], [ -14.838173332999929, 19.33380833300015 ], [ -14.838028333999887, 19.333986666000044 ], [ -14.837886666999907, 19.334165 ], [ -14.837746666999976, 19.334341667000047 ], [ -14.837604999999883, 19.334516667000116 ], [ -14.837465, 19.334685 ], [ -14.837326665999854, 19.334851667000123 ], [ -14.837191665999967, 19.335016667000104 ], [ -14.837056666999899, 19.335185 ], [ -14.836926666999886, 19.33535 ], [ -14.836795, 19.335515 ], [ -14.836665, 19.335678333000146 ], [ -14.836531666999974, 19.335836665999977 ], [ -14.836396666999974, 19.335996666000085 ], [ -14.83626, 19.336165000000165 ], [ -14.836118333999877, 19.336336667000069 ], [ -14.835975, 19.33651 ], [ -14.835828332999938, 19.336688333000041 ], [ -14.835681666999903, 19.33687 ], [ -14.835533333999877, 19.337051667000082 ], [ -14.835383332999982, 19.337236667000127 ], [ -14.83523166699996, 19.337421666000068 ], [ -14.83508, 19.337608333000105 ], [ -14.834928333999926, 19.337796667000077 ], [ -14.834775, 19.337985000000117 ], [ -14.834621666999965, 19.338175 ], [ -14.834468332999961, 19.338363333000075 ], [ -14.834313332999841, 19.338551666000114 ], [ -14.83416, 19.338738332999981 ], [ -14.83400499999982, 19.338926667000123 ], [ -14.83385166599993, 19.339115000000163 ], [ -14.833698333999848, 19.339305 ], [ -14.833545, 19.339496667000049 ], [ -14.833389999999895, 19.339688333000083 ], [ -14.833235, 19.3398816670001 ], [ -14.83308, 19.340075 ], [ -14.83292333299994, 19.34027 ], [ -14.832768332999819, 19.340461666000067 ], [ -14.832611666999981, 19.340655 ], [ -14.832455, 19.34085 ], [ -14.8323, 19.34104333300013 ], [ -14.832145, 19.341235 ], [ -14.83199, 19.341426667000064 ], [ -14.831836666999891, 19.341616667000153 ], [ -14.831683332999944, 19.341805 ], [ -14.83153, 19.341991667000059 ], [ -14.831378333999908, 19.342178334000153 ], [ -14.831226666999953, 19.342366667000022 ], [ -14.831076666999934, 19.342555 ], [ -14.830926665999925, 19.342743333999977 ], [ -14.830776666999952, 19.342931667000016 ], [ -14.830626666999876, 19.343121667000105 ], [ -14.830478333999963, 19.34331 ], [ -14.830328332999898, 19.3435 ], [ -14.830178332999935, 19.343688333000102 ], [ -14.83002666699997, 19.343876665999971 ], [ -14.829876665999905, 19.34406666600006 ], [ -14.829724999999883, 19.344258333000028 ], [ -14.829571666999982, 19.344448333000116 ], [ -14.82942, 19.34464 ], [ -14.829266666999899, 19.344831666000118 ], [ -14.829115, 19.345023334000189 ], [ -14.828963332999933, 19.345216667000102 ], [ -14.828811666999911, 19.345408333000137 ], [ -14.828661666999949, 19.345601667000153 ], [ -14.82851166599994, 19.345793333000017 ], [ -14.828363332999857, 19.345985000000155 ], [ -14.828215, 19.346176666000019 ], [ -14.828066666999973, 19.346366667000041 ], [ -14.827918332999957, 19.346555 ], [ -14.827768333999927, 19.346743334000053 ], [ -14.827616665999869, 19.346933334000141 ], [ -14.827465, 19.347126667000055 ], [ -14.827309999999898, 19.347321667000188 ], [ -14.827153332999899, 19.347518334000029 ], [ -14.826996666999946, 19.34771666600011 ], [ -14.82684, 19.34791666700005 ], [ -14.826683332999949, 19.348116667000056 ], [ -14.82652499999989, 19.348316667000063 ], [ -14.826368333999881, 19.348516666000023 ], [ -14.82621, 19.348716667000133 ], [ -14.826053333999937, 19.348915000000147 ], [ -14.825896665999949, 19.349113333000105 ], [ -14.82573833299989, 19.349313334000044 ], [ -14.825581666999824, 19.349513334000051 ], [ -14.825425, 19.349713333000182 ], [ -14.82526833299994, 19.349911667000072 ], [ -14.825113332999877, 19.35010833299998 ], [ -14.824956666999981, 19.350306666000165 ], [ -14.824801666999861, 19.350505 ], [ -14.824644999999862, 19.350705 ], [ -14.824488332999977, 19.350905000000125 ], [ -14.824331666999967, 19.351105000000132 ], [ -14.824173332999919, 19.351305 ], [ -14.82401666699991, 19.351503333000153 ], [ -14.823858332999976, 19.35170333300016 ], [ -14.823701666999966, 19.351903333 ], [ -14.823543332999918, 19.352101666000181 ], [ -14.823385, 19.352301666000017 ], [ -14.823228333999964, 19.352501667000126 ], [ -14.823071665999976, 19.35270166700019 ], [ -14.82291333399985, 19.352903334000075 ], [ -14.822755, 19.353103333000035 ], [ -14.822595, 19.353305 ], [ -14.82243666699992, 19.353506666000101 ], [ -14.822278332999872, 19.353708333000156 ], [ -14.822118332999878, 19.35391 ], [ -14.82196, 19.354111666000051 ], [ -14.821801665999885, 19.354313333000107 ], [ -14.82164333299994, 19.35451333300017 ], [ -14.821486666999931, 19.354711667000061 ], [ -14.821328332999883, 19.354910000000189 ], [ -14.821171666999874, 19.355106666000097 ], [ -14.821014999999875, 19.355303334000041 ], [ -14.82086, 19.355498334 ], [ -14.820705, 19.355693333999966 ], [ -14.820553333999953, 19.355886666000174 ], [ -14.820399999999893, 19.35608000000019 ], [ -14.82025, 19.356271667000158 ], [ -14.8201, 19.356463333000022 ], [ -14.819951665999952, 19.356653333000111 ], [ -14.819803332999982, 19.356843334000132 ], [ -14.819654999999898, 19.357031667000172 ], [ -14.819508332999931, 19.35722 ], [ -14.819361666999953, 19.357408334000127 ], [ -14.819215, 19.357596667000166 ], [ -14.819068332999962, 19.357781666000108 ], [ -14.81892, 19.357966667000085 ], [ -14.818773332999967, 19.358151666000026 ], [ -14.818626665999886, 19.358338333000063 ], [ -14.818479999999852, 19.358525000000157 ], [ -14.818331665999835, 19.35871166700008 ], [ -14.818183332999979, 19.358900000000119 ], [ -14.818035, 19.359088334000035 ], [ -14.817886666999982, 19.359276667000074 ], [ -14.817738332999966, 19.359465000000114 ], [ -14.81759, 19.359653334000086 ], [ -14.817439999999863, 19.35984 ], [ -14.817291666999949, 19.360028333000116 ], [ -14.817141665999941, 19.360221667000133 ], [ -14.816993332999857, 19.360415 ], [ -14.816845, 19.360608334000062 ], [ -14.816693333999979, 19.360801666000043 ], [ -14.816541666999967, 19.36099333300001 ], [ -14.81639, 19.361186667000027 ], [ -14.816236666999941, 19.361380000000111 ], [ -14.816081666999935, 19.361575 ], [ -14.815926666999871, 19.36177 ], [ -14.815771666999922, 19.361966667000104 ], [ -14.815615, 19.362165 ], [ -14.81546, 19.362363334000122 ], [ -14.815303332999974, 19.36256 ], [ -14.815148332999968, 19.362756667000099 ], [ -14.814993332999904, 19.362951667000061 ], [ -14.81484, 19.363146667000024 ], [ -14.814683333999938, 19.36335 ], [ -14.81452499999989, 19.363551666000035 ], [ -14.814366666999945, 19.36375 ], [ -14.814208332999897, 19.363950000000159 ], [ -14.814053332999947, 19.364148333000117 ], [ -14.813898332999941, 19.364346667000177 ], [ -14.813743332999877, 19.364541666999969 ], [ -14.81359, 19.364738333999981 ], [ -14.813436665999916, 19.36493333400017 ], [ -14.813283333999948, 19.365126667000084 ], [ -14.81313, 19.365321667000046 ], [ -14.812978332999933, 19.36551500000013 ], [ -14.812826666999968, 19.365706667000097 ], [ -14.812675, 19.365898333000132 ], [ -14.812523332999945, 19.36609 ], [ -14.81237, 19.366283334000116 ], [ -14.812218332999919, 19.36647500000015 ], [ -14.812066666999897, 19.366666667000118 ], [ -14.811915, 19.36686 ], [ -14.811765, 19.367051667000169 ], [ -14.811615, 19.367241667000087 ], [ -14.811465, 19.367431666000073 ], [ -14.811316666999915, 19.367621667000094 ], [ -14.811171665999893, 19.367808333000085 ], [ -14.811026666999908, 19.367993333000129 ], [ -14.810883333999925, 19.36818 ], [ -14.810738332999961, 19.368363333000161 ], [ -14.81059166599988, 19.368548333000035 ], [ -14.810443332999967, 19.368735000000129 ], [ -14.810295, 19.368921667 ], [ -14.810146666999913, 19.369108334000089 ], [ -14.80999666699995, 19.369296667000128 ], [ -14.809846665999885, 19.369485000000168 ], [ -14.809696666999912, 19.36967333400014 ], [ -14.80954666699995, 19.369863333000126 ], [ -14.809394999999881, 19.370053333000044 ], [ -14.809243333999973, 19.370243334 ], [ -14.809091666999961, 19.3704350000001 ], [ -14.808938332999958, 19.37062666700001 ], [ -14.808786666999936, 19.370818333000102 ], [ -14.808635, 19.37101 ], [ -14.808483333999959, 19.37120166699998 ], [ -14.808331666999948, 19.371393334000118 ], [ -14.80818, 19.371586666000155 ], [ -14.808026666999922, 19.371780000000172 ], [ -14.807875, 19.371973334000188 ], [ -14.80772, 19.372166667000101 ], [ -14.80756499999984, 19.372361667000064 ], [ -14.807409999999891, 19.372558334000075 ], [ -14.807253333999881, 19.372755 ], [ -14.807098333999932, 19.37295166600012 ], [ -14.806941665999943, 19.373148334000064 ], [ -14.806786665999937, 19.373345000000143 ], [ -14.80663, 19.373540000000105 ], [ -14.806475, 19.373738333000119 ], [ -14.806318333999968, 19.373935000000131 ], [ -14.806163333999962, 19.374133333000088 ], [ -14.806006665999973, 19.374331666999979 ], [ -14.80585, 19.374530000000163 ], [ -14.805693333999955, 19.374728334000054 ], [ -14.805535, 19.374928333000128 ], [ -14.805375, 19.375126667000018 ], [ -14.805215, 19.375326667000081 ], [ -14.805053333999922, 19.375526665999985 ], [ -14.804893333999928, 19.375726667000151 ], [ -14.804731666999885, 19.375928333000104 ], [ -14.804569999999899, 19.376131666000163 ], [ -14.804406665999977, 19.376335 ], [ -14.804243332999874, 19.376536666000106 ], [ -14.804078333999939, 19.376738333000162 ], [ -14.803915, 19.37694 ], [ -14.803751666999972, 19.377141666000057 ], [ -14.803588333999869, 19.377343333000113 ], [ -14.803425, 19.377546667000104 ], [ -14.803261666999958, 19.377750000000106 ], [ -14.803098333999912, 19.377953333000164 ], [ -14.802933332999942, 19.378158334000148 ], [ -14.80276833399995, 19.378363333000152 ], [ -14.802599999999813, 19.378566665999983 ], [ -14.802433332999954, 19.378770000000145 ], [ -14.802268332999972, 19.378973332999976 ], [ -14.802103333999924, 19.379176667000138 ], [ -14.801939999999831, 19.37938 ], [ -14.801776665999967, 19.379583334000131 ], [ -14.801613332999978, 19.379786667000133 ], [ -14.801448332999826, 19.379988333000142 ], [ -14.801284999999893, 19.38019 ], [ -14.801121666999961, 19.380391667000083 ], [ -14.80096, 19.380593334000025 ], [ -14.800798333999978, 19.380793334000032 ], [ -14.800636666999878, 19.380993333000163 ], [ -14.800473332999957, 19.381195 ], [ -14.80031, 19.381396666000057 ], [ -14.800144999999816, 19.381601667000041 ], [ -14.79998, 19.381806666000045 ], [ -14.799811666999858, 19.382015 ], [ -14.799645, 19.382221667000181 ], [ -14.799475, 19.382426666000185 ], [ -14.799306666999883, 19.382631667000169 ], [ -14.799138332999917, 19.382836666000173 ], [ -14.798971666999876, 19.383041667000157 ], [ -14.798806666999837, 19.383245 ], [ -14.79864166699997, 19.383448333000047 ], [ -14.79847999999987, 19.38364833300011 ], [ -14.798321665999936, 19.383848333000117 ], [ -14.798163332999877, 19.384045000000128 ], [ -14.798005, 19.38424 ], [ -14.797848332999934, 19.384435 ], [ -14.797691666999924, 19.384628333000023 ], [ -14.797534999999868, 19.384821666999983 ], [ -14.79737666699998, 19.385015000000124 ], [ -14.79722, 19.385208333000037 ], [ -14.797063332999926, 19.38540333300017 ], [ -14.796908332999976, 19.385596667000186 ], [ -14.796751666999967, 19.3857900000001 ], [ -14.79659666699996, 19.385983333000013 ], [ -14.79644, 19.386175000000151 ], [ -14.796284999999898, 19.386368334000167 ], [ -14.79613, 19.38656 ], [ -14.795976666999877, 19.386753333000115 ], [ -14.795823332999817, 19.386945 ], [ -14.795671665999976, 19.387138333 ], [ -14.795518332999961, 19.387330000000134 ], [ -14.795366666999939, 19.387521666000055 ], [ -14.795216666999977, 19.387715 ], [ -14.795065, 19.387906666000106 ], [ -14.794914999999889, 19.388088333000098 ], [ -14.794765, 19.388268333000099 ], [ -14.794616665999968, 19.388448333000042 ], [ -14.794468332999884, 19.388628334000089 ], [ -14.794323333999955, 19.388806666000107 ], [ -14.794178332999934, 19.388985000000162 ], [ -14.794031665999967, 19.38916166700011 ], [ -14.793885, 19.38934 ], [ -14.793736666999905, 19.389518333000126 ], [ -14.793588332999889, 19.389700000000119 ], [ -14.79344, 19.389881667000168 ], [ -14.793288332999964, 19.390066667000042 ], [ -14.793136665999896, 19.39025 ], [ -14.792984999999874, 19.390435 ], [ -14.792831666999973, 19.390621666000186 ], [ -14.792678332999913, 19.390808333000109 ], [ -14.792525, 19.390998333000027 ], [ -14.792364999999847, 19.391191667000044 ], [ -14.792205, 19.391388333000123 ], [ -14.792041665999932, 19.391586667000183 ], [ -14.791878332999886, 19.391786666000144 ], [ -14.791713333999837, 19.391988333000029 ], [ -14.791546666999977, 19.392191667000134 ], [ -14.79138166599995, 19.392396665999968 ], [ -14.791216666999958, 19.39260000000013 ], [ -14.791051666999977, 19.392801666000082 ], [ -14.790888332999941, 19.393003332999967 ], [ -14.790723332999903, 19.393205 ], [ -14.790556666999976, 19.393408334000185 ], [ -14.79039, 19.393611667000073 ], [ -14.790228333999892, 19.393813333000026 ], [ -14.790068332999965, 19.394013333999965 ], [ -14.789908332999971, 19.394213333000096 ], [ -14.789748332999977, 19.394413333000102 ], [ -14.789588333999973, 19.394610000000171 ], [ -14.789428333999979, 19.394808333000128 ], [ -14.78927, 19.395006666000086 ], [ -14.789113332999932, 19.395205 ], [ -14.788956666999923, 19.395401666999987 ], [ -14.788801666999973, 19.395598333000123 ], [ -14.788645, 19.395795000000135 ], [ -14.788488332999975, 19.39599 ], [ -14.788331666999966, 19.396185 ], [ -14.788173332999861, 19.39638 ], [ -14.788015, 19.396575 ], [ -14.787853333999919, 19.396773333000169 ], [ -14.787693333999925, 19.396970000000181 ], [ -14.787534999999878, 19.397165 ], [ -14.787378332999879, 19.397360000000106 ], [ -14.787221666999812, 19.397555000000125 ], [ -14.787064999999814, 19.39775 ], [ -14.786906666999926, 19.397945 ], [ -14.78675, 19.398140000000183 ], [ -14.786591666999982, 19.398333333000096 ], [ -14.786435, 19.398525 ], [ -14.786276666999868, 19.398718332999977 ], [ -14.786118332999934, 19.39891333300011 ], [ -14.78596, 19.399106667000126 ], [ -14.785805, 19.399298334000093 ], [ -14.785651666999911, 19.399490000000128 ], [ -14.785498332999964, 19.39968 ], [ -14.785346666999942, 19.399870000000135 ], [ -14.785193332999938, 19.40006 ], [ -14.785039999999867, 19.400246667000147 ], [ -14.784888333999902, 19.400433333000137 ], [ -14.784733333999895, 19.400623334000159 ], [ -14.784579999999892, 19.400813333000144 ], [ -14.78442833299988, 19.40100166700006 ], [ -14.784276666999858, 19.401188334000153 ], [ -14.784125, 19.401376667000022 ], [ -14.783973332999892, 19.401563334000116 ], [ -14.78382333299993, 19.401748333000057 ], [ -14.783675, 19.401935000000151 ], [ -14.783526666999876, 19.402118333000089 ], [ -14.783378332999973, 19.402303334000067 ], [ -14.78323, 19.402486667 ], [ -14.78307999999987, 19.40267 ], [ -14.782931666999957, 19.40285166700005 ], [ -14.782783332999941, 19.403035 ], [ -14.782635, 19.403218334000087 ], [ -14.782486665999897, 19.403403333000028 ], [ -14.782336666999925, 19.403586666000024 ], [ -14.782188332999908, 19.40377 ], [ -14.782038333999935, 19.403953333000061 ], [ -14.78189, 19.404136666000056 ], [ -14.78174, 19.40432 ], [ -14.78159, 19.404505000000142 ], [ -14.78144, 19.404688333000138 ], [ -14.781291666999948, 19.40487166700018 ], [ -14.781143333999864, 19.405053334000058 ], [ -14.780994999999848, 19.405235000000118 ], [ -14.78084833399987, 19.405415000000119 ], [ -14.780701666999903, 19.405595 ], [ -14.780558333999863, 19.405775 ], [ -14.78041666699994, 19.405953333000184 ], [ -14.780275, 19.406131667000182 ], [ -14.780131666999978, 19.406306667000081 ], [ -14.779988332999949, 19.40648166699998 ], [ -14.779846666999958, 19.406655 ], [ -14.779705, 19.406828334000181 ], [ -14.779565, 19.407000000000153 ], [ -14.779426665999949, 19.40717 ], [ -14.779288333999943, 19.40734 ], [ -14.77915, 19.407508334000113 ], [ -14.779013332999909, 19.407675 ], [ -14.778878333999955, 19.407841665999968 ], [ -14.778744999999844, 19.408006667000052 ], [ -14.778611666999893, 19.408170000000155 ], [ -14.77848166699988, 19.408333333000087 ], [ -14.778351665999878, 19.408493333000024 ], [ -14.778225, 19.408653333000075 ], [ -14.778098333999878, 19.408811666000133 ], [ -14.777971666999974, 19.408966667000072 ], [ -14.777845, 19.409123333000082 ], [ -14.777714999999887, 19.409278333000088 ], [ -14.777581666999936, 19.409430000000157 ], [ -14.777446666999879, 19.409581667000168 ], [ -14.777316665999876, 19.409735000000126 ], [ -14.77719166699984, 19.409895 ], [ -14.777065, 19.410056667000049 ], [ -14.776938332999919, 19.410221666000098 ], [ -14.77680666699996, 19.410391666000123 ], [ -14.77667, 19.410561667000081 ], [ -14.77653, 19.410736667000151 ], [ -14.77638666699994, 19.410913333000053 ], [ -14.776238332999981, 19.411093333 ], [ -14.776089999999897, 19.411273334000043 ], [ -14.77594166699987, 19.411456667000039 ], [ -14.775793332999967, 19.411638333000155 ], [ -14.775645, 19.411821667000027 ], [ -14.775495, 19.412005 ], [ -14.775346666999951, 19.41218833400012 ], [ -14.775196665999886, 19.412373333000062 ], [ -14.775048332999972, 19.412556666 ], [ -14.7749, 19.41274 ], [ -14.774751666999919, 19.412921667000091 ], [ -14.774603332999902, 19.413103334000141 ], [ -14.774456666999924, 19.413283334000084 ], [ -14.774313332999895, 19.413461667000036 ], [ -14.77417, 19.413640000000157 ], [ -14.774025, 19.413816667000106 ], [ -14.773881666999955, 19.413991667000175 ], [ -14.773741666999911, 19.414163332999976 ], [ -14.773603332999926, 19.414335000000108 ], [ -14.77346666699998, 19.414501667000081 ], [ -14.773333332999982, 19.414668334000112 ], [ -14.7732, 19.414833333 ], [ -14.773071666999897, 19.414991667000152 ], [ -14.772945, 19.415146666999988 ], [ -14.772818332999918, 19.415301667000051 ], [ -14.772695, 19.415451667000184 ], [ -14.772571666999852, 19.415596667000102 ], [ -14.77245333299993, 19.415735 ], [ -14.772336666999934, 19.415871666000044 ], [ -14.772225, 19.416003333 ], [ -14.77211833299998, 19.416138333000163 ], [ -14.772021666999819, 19.416271667 ], [ -14.771926666999946, 19.416401666000183 ], [ -14.771834999999896, 19.416528333000088 ], [ -14.771741665999912, 19.416651666000121 ], [ -14.77164, 19.416775 ], [ -14.771533332999979, 19.416906666000045 ], [ -14.771418332999815, 19.417051667000067 ], [ -14.771294999999895, 19.417205 ], [ -14.771166666999932, 19.417361667000137 ], [ -14.771036666999919, 19.417521667000074 ], [ -14.770901665999872, 19.417683333000127 ], [ -14.770765, 19.417850000000101 ], [ -14.77062833399998, 19.418020000000183 ], [ -14.770488332999946, 19.41819 ], [ -14.77035, 19.418363333000059 ], [ -14.770214999999894, 19.418535000000134 ], [ -14.770079999999837, 19.418706667000038 ], [ -14.769945, 19.418878334000112 ], [ -14.769806666999955, 19.419048333000092 ], [ -14.76966833299997, 19.419220000000166 ], [ -14.76952666699998, 19.41939166700007 ], [ -14.769386666999935, 19.419565 ], [ -14.769245, 19.41974 ], [ -14.769103332999919, 19.419916667000166 ], [ -14.768958332999944, 19.420093333000011 ], [ -14.768815, 19.420273333000182 ], [ -14.768668332999937, 19.420453333000125 ], [ -14.76852166599997, 19.420633334 ], [ -14.768374999999878, 19.420815000000118 ], [ -14.768226666999965, 19.420996667000168 ], [ -14.768079999999884, 19.421180000000163 ], [ -14.76793, 19.421365 ], [ -14.76777833299991, 19.42155 ], [ -14.76762333299996, 19.421740000000113 ], [ -14.767466666999951, 19.421931667000081 ], [ -14.767308332999903, 19.422125000000165 ], [ -14.767148332999909, 19.422320000000127 ], [ -14.76699, 19.422516666999968 ], [ -14.76683, 19.422711667000101 ], [ -14.766671665999979, 19.422908333000066 ], [ -14.766511666999975, 19.423105 ], [ -14.766353332999927, 19.423301665999986 ], [ -14.766193332999933, 19.423498334000101 ], [ -14.766033332999939, 19.423695 ], [ -14.765871665999953, 19.423891666000145 ], [ -14.765711666999948, 19.424088333000157 ], [ -14.765551666999954, 19.424285 ], [ -14.76539166699996, 19.424483333000182 ], [ -14.765233332999912, 19.424681667000073 ], [ -14.765071665999869, 19.42488 ], [ -14.764911666999865, 19.42508 ], [ -14.764749999999879, 19.4252800000001 ], [ -14.764588332999949, 19.425478333000058 ], [ -14.764428333999945, 19.425676667000118 ], [ -14.764268332999904, 19.425873333000084 ], [ -14.764108332999911, 19.426071666000041 ], [ -14.763946666999971, 19.426271667000151 ], [ -14.763783333999925, 19.42647333300016 ], [ -14.76362, 19.426676666 ], [ -14.763461666999945, 19.426873334000106 ], [ -14.763301666999951, 19.42707 ], [ -14.763143333999835, 19.427265 ], [ -14.762983333999898, 19.427461667000046 ], [ -14.762825, 19.427658333000124 ], [ -14.762665, 19.427855 ], [ -14.762503332999813, 19.428051666999977 ], [ -14.762343333999979, 19.428250000000162 ], [ -14.762179999999887, 19.428451666000171 ], [ -14.762018332999901, 19.428651667000111 ], [ -14.761858332999907, 19.428851667000117 ], [ -14.761698333999902, 19.429053333000127 ], [ -14.761536666999859, 19.429255000000182 ], [ -14.761374999999873, 19.429456667000068 ], [ -14.761213333999933, 19.429656667000131 ], [ -14.761048332999962, 19.429861667000182 ], [ -14.760885, 19.430065 ], [ -14.760721665999938, 19.430270000000121 ], [ -14.760558332999892, 19.430475 ], [ -14.760395, 19.430676666000011 ], [ -14.76023, 19.430878333000123 ], [ -14.760065, 19.431080000000179 ], [ -14.7599, 19.431281666000189 ], [ -14.75973666699997, 19.431485000000123 ], [ -14.759571665999886, 19.431686667 ], [ -14.759408332999953, 19.431891667000116 ], [ -14.759245, 19.43209 ], [ -14.759081666999919, 19.432293334000065 ], [ -14.758919999999875, 19.432495 ], [ -14.758758332999946, 19.432695 ], [ -14.758598333999942, 19.432895 ], [ -14.758436666999955, 19.433093334000148 ], [ -14.758276666999961, 19.433293333000108 ], [ -14.758115, 19.433493333000115 ], [ -14.757955, 19.433691667000176 ], [ -14.757793332999938, 19.433891666000136 ], [ -14.757631666999941, 19.434091666000143 ], [ -14.757469999999898, 19.434291667000082 ], [ -14.757306666999966, 19.434491667000145 ], [ -14.757143332999874, 19.434691666000049 ], [ -14.756981665999831, 19.434893333000161 ], [ -14.75682, 19.435095 ], [ -14.756658332999962, 19.435296666 ], [ -14.756496666999908, 19.435498333000112 ], [ -14.756333333999919, 19.435698333000119 ], [ -14.756171666999933, 19.4359 ], [ -14.75600999999989, 19.436103333000062 ], [ -14.75584833399995, 19.436306667 ], [ -14.755686666999964, 19.436503333000132 ], [ -14.755525, 19.43670166600009 ], [ -14.755366666999976, 19.436898334000034 ], [ -14.755208332999928, 19.437093334000167 ], [ -14.755051666999918, 19.437288334000129 ], [ -14.754895, 19.437483334000092 ], [ -14.75473833399991, 19.437676666000129 ], [ -14.754581665999922, 19.437871666000092 ], [ -14.754423333999966, 19.438065000000108 ], [ -14.754266665999978, 19.43826 ], [ -14.75411, 19.438453332999984 ], [ -14.75395333299997, 19.438645000000122 ], [ -14.753796666999904, 19.438836667000089 ], [ -14.75364, 19.439028333000124 ], [ -14.753485, 19.439218334000145 ], [ -14.753333333999933, 19.439408333000131 ], [ -14.753183332999981, 19.439598333000049 ], [ -14.753031666999959, 19.439788333000138 ], [ -14.752881665999951, 19.439978334000159 ], [ -14.752731666999978, 19.440166667000028 ], [ -14.752583332999961, 19.440355 ], [ -14.752433333999818, 19.440541666000058 ], [ -14.75228, 19.440728333000095 ], [ -14.752128332999973, 19.440915000000189 ], [ -14.751975, 19.441103333000058 ], [ -14.75182, 19.441296667000074 ], [ -14.751665, 19.441490000000158 ], [ -14.751506666999887, 19.44168666700017 ], [ -14.75134666699995, 19.44188666600013 ], [ -14.751185, 19.44209 ], [ -14.751021666999975, 19.44229 ], [ -14.750856665999947, 19.442490000000134 ], [ -14.750691666999955, 19.442691666000087 ], [ -14.750526665999871, 19.442895 ], [ -14.750363332999939, 19.443101667 ], [ -14.750198332999901, 19.44331000000011 ], [ -14.750033332999919, 19.443513333000169 ], [ -14.749868332999938, 19.443718333000049 ], [ -14.749703333999889, 19.443923333000157 ], [ -14.749538332999919, 19.44413 ], [ -14.749371665999888, 19.444336667000073 ], [ -14.749205, 19.444543334 ], [ -14.74903833299993, 19.44475 ], [ -14.74887, 19.444956667000042 ], [ -14.7487, 19.445163333999972 ], [ -14.748531666999952, 19.44537 ], [ -14.748363332999929, 19.445578334000061 ], [ -14.748196666999945, 19.44578666600006 ], [ -14.748028333999855, 19.445995 ], [ -14.74786, 19.446203333000142 ], [ -14.74769166699997, 19.446410000000128 ], [ -14.747525, 19.446618333 ], [ -14.747358332999909, 19.44682500000016 ], [ -14.747191665999821, 19.44703 ], [ -14.747025, 19.447236667000027 ], [ -14.746858333999967, 19.447443333000081 ], [ -14.746691666999936, 19.447648333000132 ], [ -14.746526665999966, 19.447851667000123 ], [ -14.746361666999974, 19.448056667 ], [ -14.746198332999938, 19.448258333000183 ], [ -14.7460333329999, 19.44846 ], [ -14.745868332999919, 19.448660000000132 ], [ -14.745705, 19.448860000000138 ], [ -14.745543332999944, 19.44906 ], [ -14.74538333299995, 19.44926 ], [ -14.745223332999956, 19.449458334000099 ], [ -14.74506166599997, 19.449658333 ], [ -14.7449, 19.449858333000066 ], [ -14.74474, 19.450056667000126 ], [ -14.744578333999925, 19.450255 ], [ -14.744418333999931, 19.450451666000049 ], [ -14.744258332999948, 19.45065000000011 ], [ -14.744098332999954, 19.450848333000067 ], [ -14.743938332999846, 19.451046667000128 ], [ -14.743778333999842, 19.451245000000142 ], [ -14.74362, 19.451441667000154 ], [ -14.74346, 19.451638334000165 ], [ -14.743301666999912, 19.451833334000128 ], [ -14.743143332999978, 19.45202833400009 ], [ -14.742985, 19.452223334000053 ], [ -14.74282833299992, 19.452416666999966 ], [ -14.742671666999911, 19.452611667000156 ], [ -14.742515, 19.452805 ], [ -14.742358332999856, 19.452998333000153 ], [ -14.7422, 19.453193333000115 ], [ -14.74204166599992, 19.453388333000078 ], [ -14.741885, 19.453581667000094 ], [ -14.741726665999977, 19.453775 ], [ -14.741568332999861, 19.453971667000019 ], [ -14.741411666999966, 19.454166666999981 ], [ -14.741255, 19.454360000000122 ], [ -14.741096666999908, 19.454553333000035 ], [ -14.740941666999959, 19.454746667000052 ], [ -14.74079, 19.45493833400019 ], [ -14.740636665999943, 19.45513166600017 ], [ -14.740485, 19.45532333400007 ], [ -14.740331666999964, 19.455515000000105 ], [ -14.740179999999896, 19.455706667000072 ], [ -14.74003, 19.455891666000184 ], [ -14.739878333999911, 19.456078333000107 ], [ -14.739726666999957, 19.456263334000027 ], [ -14.739576666999824, 19.456448333000139 ], [ -14.739426665999929, 19.45663333400006 ], [ -14.739278332999902, 19.456816667000055 ], [ -14.739131666999867, 19.457 ], [ -14.738985, 19.457183333000046 ], [ -14.738836666999873, 19.457365 ], [ -14.73868833399996, 19.457546666000155 ], [ -14.738541666999879, 19.457728332999977 ], [ -14.738395, 19.45791 ], [ -14.738248332999945, 19.45809 ], [ -14.738101665999977, 19.458270000000141 ], [ -14.737955, 19.458450000000141 ], [ -14.73781, 19.458628333000036 ], [ -14.737663332999944, 19.45881 ], [ -14.737518333999958, 19.45899 ], [ -14.737373332999937, 19.459171667000078 ], [ -14.737228332999962, 19.459353332999967 ], [ -14.73708166699987, 19.459535000000187 ], [ -14.736938332999841, 19.459715000000131 ], [ -14.736793333999913, 19.459895000000131 ], [ -14.736648332999891, 19.460073333000025 ], [ -14.736505, 19.46025166700008 ], [ -14.736361666999926, 19.46043 ], [ -14.736218332999954, 19.460608333999971 ], [ -14.736073333999968, 19.46079 ], [ -14.735929999999883, 19.460971667000138 ], [ -14.735786666999957, 19.461151667000081 ], [ -14.735641665999935, 19.46133333400013 ], [ -14.735495, 19.461515 ], [ -14.735346666999931, 19.4617 ], [ -14.735196665999979, 19.461885000000109 ], [ -14.735048332999952, 19.462070000000153 ], [ -14.73489666699993, 19.46225666700002 ], [ -14.734746665999978, 19.462445 ], [ -14.734596666999892, 19.462631667000153 ], [ -14.734445, 19.46282 ], [ -14.734291666999979, 19.463006666000183 ], [ -14.734138332999976, 19.463195000000155 ], [ -14.733986665999964, 19.463383334000071 ], [ -14.733831665999901, 19.463575000000162 ], [ -14.733678332999943, 19.463765 ], [ -14.733525, 19.463955000000169 ], [ -14.733373332999918, 19.464143334000084 ], [ -14.73322, 19.464331667000124 ], [ -14.733068333999825, 19.464520000000164 ], [ -14.732915, 19.464708334000136 ], [ -14.73276333299998, 19.464896667000176 ], [ -14.732611666999958, 19.465083333000166 ], [ -14.732461666999882, 19.465271666000035 ], [ -14.73230999999987, 19.465460000000121 ], [ -14.73216, 19.465646667000044 ], [ -14.732008332999953, 19.465833333000035 ], [ -14.731854999999882, 19.466021667000177 ], [ -14.73170333399986, 19.46621 ], [ -14.73155, 19.466400000000135 ], [ -14.731396666999956, 19.466586667 ], [ -14.731245, 19.466775 ], [ -14.731093332999933, 19.466963333000081 ], [ -14.73094, 19.467151667000053 ], [ -14.730786665999972, 19.46734 ], [ -14.730636666999885, 19.467525000000137 ], [ -14.73048666699998, 19.467711666000127 ], [ -14.730338333999896, 19.467896667000048 ], [ -14.73018999999988, 19.468083334000141 ], [ -14.730041666999966, 19.468270000000132 ], [ -14.729891665999958, 19.468456667 ], [ -14.729743332999874, 19.46864 ], [ -14.729595, 19.468825 ], [ -14.72944833299988, 19.469008333000033 ], [ -14.729301666999902, 19.469193334000124 ], [ -14.729153333999818, 19.46937666700012 ], [ -14.729005, 19.469558333000066 ], [ -14.728856665999956, 19.469741667000108 ], [ -14.72871, 19.469921667000108 ], [ -14.728563333999944, 19.4701 ], [ -14.72842, 19.470278333000124 ], [ -14.728274999999883, 19.470456666000018 ], [ -14.7281316669999, 19.47063333400007 ], [ -14.727988332999871, 19.470810000000142 ], [ -14.727844999999832, 19.470985 ], [ -14.727703332999909, 19.471161666000114 ], [ -14.727561666999918, 19.471338334000166 ], [ -14.727421666999874, 19.471513334000065 ], [ -14.727279999999894, 19.471688334000135 ], [ -14.727136666999911, 19.471861666000109 ], [ -14.72699666699998, 19.472036666 ], [ -14.726854999999887, 19.472210000000132 ], [ -14.726716666999891, 19.472381667000036 ], [ -14.726578333999896, 19.472555000000114 ], [ -14.72644, 19.472726667000188 ], [ -14.726303333999908, 19.472898334000092 ], [ -14.72616666599987, 19.47307 ], [ -14.72603, 19.473241666999968 ], [ -14.725893333999977, 19.473410000000172 ], [ -14.725756665999882, 19.473578334000024 ], [ -14.72562, 19.473745000000179 ], [ -14.725486665999938, 19.473911666000106 ], [ -14.725353332999816, 19.474075 ], [ -14.72522, 19.474241666000012 ], [ -14.725086666999971, 19.474405 ], [ -14.724955, 19.47456833300015 ], [ -14.72482333399995, 19.474731666000082 ], [ -14.724689999999896, 19.474895000000117 ], [ -14.724556666999888, 19.475058333 ], [ -14.724423332999947, 19.475221667000028 ], [ -14.724291665999885, 19.475381667000136 ], [ -14.72416, 19.475545 ], [ -14.724031666999963, 19.475701667000124 ], [ -14.723903333999942, 19.475860000000182 ], [ -14.723778332999871, 19.476015 ], [ -14.723653333999948, 19.47617 ], [ -14.723531665999815, 19.476321667000093 ], [ -14.72341, 19.476473333000058 ], [ -14.723293332999901, 19.476621666000142 ], [ -14.723176666999905, 19.476766667000163 ], [ -14.723061666999911, 19.47691 ], [ -14.722943332999876, 19.477055000000121 ], [ -14.722823332999894, 19.477205 ], [ -14.722698333999972, 19.477360000000147 ], [ -14.722564999999861, 19.47752666700012 ], [ -14.722425, 19.477701667000076 ], [ -14.722279999999898, 19.47788 ], [ -14.722133332999931, 19.478060000000141 ], [ -14.721986666999953, 19.47824 ], [ -14.72184, 19.478421667000134 ], [ -14.721693332999962, 19.47860500000013 ], [ -14.721545, 19.478791667 ], [ -14.721396666999908, 19.478975000000162 ], [ -14.721248332999892, 19.479158334000033 ], [ -14.721101666999914, 19.47934 ], [ -14.720953332999898, 19.479521667000029 ], [ -14.720804999999871, 19.479703334000021 ], [ -14.720656666999957, 19.479886667000187 ], [ -14.720508332999941, 19.480071666000129 ], [ -14.720358333999968, 19.480255 ], [ -14.720208332999903, 19.480438333 ], [ -14.720059999999876, 19.48062333300004 ], [ -14.71991, 19.480808333000084 ], [ -14.719763332999946, 19.480993334000175 ], [ -14.719616665999979, 19.48117666700017 ], [ -14.71947, 19.481358334 ], [ -14.719321665999928, 19.481541667000158 ], [ -14.719171666999955, 19.481728333000149 ], [ -14.719018332999951, 19.481916667000121 ], [ -14.718861666999942, 19.48211 ], [ -14.718703332999894, 19.482306667000046 ], [ -14.71854, 19.482506667000052 ], [ -14.718376666999973, 19.482706666000183 ], [ -14.718211665999888, 19.482908333000069 ], [ -14.718048332999956, 19.483110000000181 ], [ -14.717885, 19.483310000000188 ], [ -14.717721665999932, 19.483511667000073 ], [ -14.717556666999883, 19.483715000000132 ], [ -14.717393333999951, 19.483918334000066 ], [ -14.71722833299998, 19.48412333300007 ], [ -14.717064999999877, 19.484326666000129 ], [ -14.716899999999896, 19.484531667000113 ], [ -14.716733332999979, 19.484736666000117 ], [ -14.716564999999889, 19.484943333000047 ], [ -14.716398333999962, 19.48515 ], [ -14.716231666999931, 19.485358334000011 ], [ -14.716063333999955, 19.485566667000114 ], [ -14.715896666999924, 19.485773333000168 ], [ -14.715731665999954, 19.485980000000154 ], [ -14.715564999999856, 19.486185 ], [ -14.715399999999875, 19.486390000000142 ], [ -14.715236666999942, 19.486593332999973 ], [ -14.715071665999972, 19.486796667000135 ], [ -14.714908332999869, 19.486998334000191 ], [ -14.714745, 19.487201667000079 ], [ -14.714581665999958, 19.487403333000032 ], [ -14.71442, 19.487606666999966 ], [ -14.714258332999918, 19.487808333000146 ], [ -14.714096665999932, 19.488011666000034 ], [ -14.713936665999938, 19.488211667000144 ], [ -14.713774999999885, 19.488413333000096 ], [ -14.713611666999952, 19.488615 ], [ -14.713446666999914, 19.488816667000094 ], [ -14.713279999999884, 19.489020000000153 ], [ -14.713111666999907, 19.489223332999984 ], [ -14.712943333999931, 19.489428333000092 ], [ -14.7127766669999, 19.489633332999972 ], [ -14.71260999999987, 19.489840000000129 ], [ -14.712444999999889, 19.490045 ], [ -14.712278332999972, 19.490251666000063 ], [ -14.712111666999931, 19.49046 ], [ -14.71194666699995, 19.490666667000028 ], [ -14.71178, 19.490873333000081 ], [ -14.711613332999832, 19.49108 ], [ -14.711446666999962, 19.491286666000121 ], [ -14.711281666999923, 19.491491667000105 ], [ -14.711114999999893, 19.491696666000109 ], [ -14.71095, 19.491901667000093 ], [ -14.710785, 19.492105000000151 ], [ -14.710621665999952, 19.49231 ], [ -14.71045666699996, 19.492516666000085 ], [ -14.710291665999875, 19.492721667000069 ], [ -14.71012666699994, 19.492925000000128 ], [ -14.70996166599997, 19.493128333000129 ], [ -14.709796666999978, 19.493331666000188 ], [ -14.709633332999942, 19.493535000000122 ], [ -14.70947, 19.493738333000181 ], [ -14.709306666999851, 19.493941666000012 ], [ -14.709141665999937, 19.494146667000052 ], [ -14.708976666999888, 19.494351666000057 ], [ -14.708811665999917, 19.49455666700004 ], [ -14.708648332999928, 19.494763333000094 ], [ -14.708484999999882, 19.494968332999974 ], [ -14.70832, 19.495171667000136 ], [ -14.708156666999912, 19.495375000000138 ], [ -14.70799333399998, 19.495578334000072 ], [ -14.70783, 19.49578 ], [ -14.707666666999955, 19.49598 ], [ -14.707503333999853, 19.496181666000098 ], [ -14.70734, 19.496383332999983 ], [ -14.707176666999828, 19.496586667000145 ], [ -14.707013332999963, 19.49679 ], [ -14.70685166699991, 19.496993333000034 ], [ -14.706686665999939, 19.497196666000036 ], [ -14.70652333299995, 19.497401667000076 ], [ -14.706358332999969, 19.497606666000081 ], [ -14.706195, 19.497810000000186 ], [ -14.706029999999885, 19.498015 ], [ -14.705865, 19.498218333000125 ], [ -14.705701666999971, 19.498423334000108 ], [ -14.705536665999944, 19.498628333000113 ], [ -14.705371666999952, 19.498835 ], [ -14.70520666699997, 19.499041667000029 ], [ -14.70504, 19.499248333000082 ], [ -14.704875, 19.499455 ], [ -14.70471, 19.499661667000169 ], [ -14.704546666999931, 19.499868334000155 ], [ -14.704383333999886, 19.500073333000159 ], [ -14.704218332999915, 19.500276666000161 ], [ -14.704053333999923, 19.500481666999974 ], [ -14.70389, 19.500685 ], [ -14.703726666999898, 19.500888333000091 ], [ -14.703565, 19.501091667000026 ], [ -14.703403332999812, 19.501293334000081 ], [ -14.703241666999929, 19.501495 ], [ -14.703081666999935, 19.501695 ], [ -14.70292, 19.501895000000161 ], [ -14.70276, 19.502091666000069 ], [ -14.702598332999912, 19.50229000000013 ], [ -14.702436666999859, 19.502486667000142 ], [ -14.702273332999937, 19.502683333000107 ], [ -14.70211166699994, 19.502881667000167 ], [ -14.701948333999951, 19.503080000000125 ], [ -14.701786665999975, 19.503278334000186 ], [ -14.701623332999873, 19.503476666000097 ], [ -14.70146, 19.503675000000158 ], [ -14.701295, 19.503873333000115 ], [ -14.701133332999916, 19.504070000000127 ], [ -14.700971665999873, 19.504266666999968 ], [ -14.700811665999936, 19.504463333000103 ], [ -14.700649999999882, 19.504658333000066 ], [ -14.700486666999893, 19.504855 ], [ -14.700323332999972, 19.505053333999967 ], [ -14.70015833299982, 19.505253334000031 ], [ -14.699991666999949, 19.505451667000159 ], [ -14.699824999999862, 19.505651667 ], [ -14.699656666999942, 19.50585000000018 ], [ -14.699491666999904, 19.50604833400007 ], [ -14.699324999999874, 19.506243334000033 ], [ -14.699165, 19.506440000000111 ], [ -14.699001665999958, 19.506636666000077 ], [ -14.698838332999912, 19.50682333300017 ], [ -14.698678332999918, 19.507013333000032 ], [ -14.698523332999969, 19.507201666000071 ], [ -14.698366666999902, 19.507388333000165 ], [ -14.698215, 19.50757 ], [ -14.698064999999872, 19.507760000000133 ], [ -14.697916666999959, 19.50794 ], [ -14.697768332999942, 19.508116666000149 ], [ -14.697623332999967, 19.508291666000048 ], [ -14.697479999999814, 19.508466666000118 ], [ -14.697338332999891, 19.508645000000172 ], [ -14.69719833299996, 19.508825000000115 ], [ -14.697058332999916, 19.509001667000064 ], [ -14.696918332999871, 19.509180000000185 ], [ -14.69677833399993, 19.50935833300008 ], [ -14.69664, 19.509533333000036 ], [ -14.696501665999961, 19.509710000000155 ], [ -14.696365, 19.509883333 ], [ -14.69623, 19.510056667000129 ], [ -14.696095, 19.51023 ], [ -14.69596, 19.5104 ], [ -14.695826666999949, 19.510566667000091 ], [ -14.695696666999936, 19.510733334000122 ], [ -14.695566665999934, 19.510898333000171 ], [ -14.69544, 19.511061666000103 ], [ -14.695313333999934, 19.511223333000032 ], [ -14.695183332999932, 19.511378333000096 ], [ -14.695051666999973, 19.511535 ], [ -14.69492, 19.511693333000039 ], [ -14.69478666599997, 19.511853333000147 ], [ -14.694653333999952, 19.512015 ], [ -14.694516665999913, 19.512183333000053 ], [ -14.694376665999982, 19.512353333000135 ], [ -14.694234999999878, 19.512526666000156 ], [ -14.694091666999952, 19.512701666000055 ], [ -14.693946666999921, 19.51288 ], [ -14.693801666999946, 19.513056667000058 ], [ -14.693656665999924, 19.513233333000073 ], [ -14.693511666999939, 19.51341 ], [ -14.693365, 19.513586667000027 ], [ -14.693218332999891, 19.51376666699997 ], [ -14.693071665999923, 19.513953333000131 ], [ -14.69292, 19.514141666 ], [ -14.692765, 19.514331667000022 ], [ -14.692603333999898, 19.51452166700011 ], [ -14.692436666999981, 19.514711667000029 ], [ -14.692265, 19.51489833300019 ], [ -14.692085, 19.515088333000108 ], [ -14.691901665999922, 19.515275 ], [ -14.691721666999968, 19.515456667000024 ], [ -14.691538332999869, 19.515636666999967 ], [ -14.691351666999878, 19.515825 ], [ -14.691166666999948, 19.516013334000149 ], [ -14.690978332999919, 19.516203333000135 ], [ -14.690786666999941, 19.516395000000102 ], [ -14.690595, 19.516588333000016 ], [ -14.690404999999885, 19.51678 ], [ -14.690213332999861, 19.516971666000074 ], [ -14.690024999999821, 19.517161667000039 ], [ -14.68983833399983, 19.517351667000128 ], [ -14.689651666999907, 19.517540000000167 ], [ -14.689465, 19.517725 ], [ -14.689281666999932, 19.517908334000083 ], [ -14.689093333999892, 19.518096667000123 ], [ -14.688908332999972, 19.518285 ], [ -14.688725, 19.518471665999982 ], [ -14.68854333299987, 19.518655 ], [ -14.688363332999927, 19.518838333000019 ], [ -14.688183332999927, 19.519021667000118 ], [ -14.687999999999874, 19.519205000000113 ], [ -14.687815, 19.519391666000104 ], [ -14.687626666999961, 19.519581666000022 ], [ -14.687433332999944, 19.519775 ], [ -14.687236666999866, 19.519970000000171 ], [ -14.687038332999975, 19.520168334000061 ], [ -14.68684, 19.520368332999965 ], [ -14.686641666999947, 19.520568333000028 ], [ -14.686443333999932, 19.520768333000035 ], [ -14.686246665999931, 19.520966666 ], [ -14.686051665999969, 19.521163334000107 ], [ -14.685855, 19.521361667000122 ], [ -14.68566166599993, 19.52155833300003 ], [ -14.68547, 19.521755 ], [ -14.685276666999982, 19.521951667000053 ], [ -14.685083332999966, 19.522151667000117 ], [ -14.684891666999818, 19.52235166600002 ], [ -14.684696666999912, 19.522548334000135 ], [ -14.68450166699995, 19.5227450000001 ], [ -14.683914999999899, 19.523335 ], [ -14.683718332999888, 19.523533333000046 ], [ -14.683523332999926, 19.52373 ], [ -14.683328332999963, 19.523928333000185 ], [ -14.683133332999887, 19.524125 ], [ -14.68294, 19.524321666000162 ], [ -14.682746666999947, 19.524516666000125 ], [ -14.682556666999972, 19.524713334000069 ], [ -14.68236666599995, 19.524910000000148 ], [ -14.68217333399997, 19.525101666000012 ], [ -14.68198, 19.525290000000155 ], [ -14.681784999999877, 19.525476667000078 ], [ -14.68159, 19.525658332999967 ], [ -14.681393333999893, 19.525833333000094 ], [ -14.681193333999943, 19.526003333000119 ], [ -14.680991666999887, 19.526168333000101 ], [ -14.680791666999937, 19.526331666000033 ], [ -14.680588332999889, 19.526490000000138 ], [ -14.680388332999883, 19.5266400000001 ], [ -14.680181665999839, 19.526786667000067 ], [ -14.679968333999966, 19.526928333000058 ], [ -14.679756666999936, 19.527068333000102 ], [ -14.679545, 19.527203333000102 ], [ -14.679331666999929, 19.527330000000177 ], [ -14.679118332999963, 19.527455 ], [ -14.678903332999937, 19.527580000000114 ], [ -14.678691666999839, 19.52770333300009 ], [ -14.67848, 19.527825000000121 ], [ -14.678271665999887, 19.52794833400003 ], [ -14.678065, 19.528071667000177 ], [ -14.677861665999899, 19.528195 ], [ -14.677661666999882, 19.528311667000139 ], [ -14.677454999999895, 19.52843166700012 ], [ -14.67725, 19.528551666 ], [ -14.677045, 19.52867 ], [ -14.67686, 19.528781667000146 ], [ -14.676669999999888, 19.528895 ], [ -14.67648, 19.52900666700009 ], [ -14.676278332999971, 19.529118334000032 ], [ -14.676073332999977, 19.52923 ], [ -14.67587, 19.529348333000144 ], [ -14.675663332999932, 19.529466667000122 ], [ -14.67545333299995, 19.529590000000155 ], [ -14.67525333299983, 19.529708334000134 ], [ -14.675063332999912, 19.529821666000089 ], [ -14.674873332999937, 19.529935 ], [ -14.674683333999894, 19.530050000000188 ], [ -14.674486665999893, 19.53016833300012 ], [ -14.674283332999948, 19.530288333999977 ], [ -14.674081666999939, 19.530406666000033 ], [ -14.673879999999883, 19.530526666000185 ], [ -14.67367333299984, 19.53065 ], [ -14.673466666999957, 19.530775000000119 ], [ -14.67326, 19.530901667000023 ], [ -14.673051666999982, 19.531028333000052 ], [ -14.672841666999943, 19.531153333000077 ], [ -14.67263, 19.531280000000152 ], [ -14.672418333999929, 19.531406667000056 ], [ -14.672206665999965, 19.531535000000133 ], [ -14.671995, 19.531663332999983 ], [ -14.671781666999891, 19.531793333999985 ], [ -14.671568332999925, 19.531925 ], [ -14.671356666999827, 19.532055000000184 ], [ -14.671143332999918, 19.532186667000133 ], [ -14.670928332999893, 19.532318334000081 ], [ -14.670715, 19.532448333000104 ], [ -14.67050166699994, 19.532578333 ], [ -14.670286666999914, 19.532708334000063 ], [ -14.670071666999888, 19.532838333000029 ], [ -14.669858332999922, 19.532968333000156 ], [ -14.669651665999879, 19.533096666 ], [ -14.66944, 19.533226667 ], [ -14.66923, 19.533356667000135 ], [ -14.669018332999883, 19.533486666000158 ], [ -14.668808332999902, 19.53361666700016 ], [ -14.668601666999962, 19.533746667000059 ], [ -14.668396666999968, 19.533876666000083 ], [ -14.668191666999974, 19.534008333000031 ], [ -14.66799, 19.534135000000106 ], [ -14.667785, 19.534260000000188 ], [ -14.667581665999933, 19.534383334000097 ], [ -14.667378332999817, 19.534505 ], [ -14.667176665999932, 19.534626667000055 ], [ -14.666971666999927, 19.53475 ], [ -14.661403333999885, 19.538240000000144 ], [ -14.661195, 19.53837 ], [ -14.660988332999921, 19.53850000000017 ], [ -14.66078, 19.53863 ], [ -14.660571666999829, 19.538761667000074 ], [ -14.660363332999907, 19.538893334000022 ], [ -14.660155, 19.539026666000041 ], [ -14.659948332999932, 19.53916 ], [ -14.659741665999888, 19.53929333300016 ], [ -14.659536666999884, 19.539425000000108 ], [ -14.65933, 19.539556667000113 ], [ -14.659121665999919, 19.539688334000061 ], [ -14.658915, 19.539820000000134 ], [ -14.658709999999871, 19.539951667000082 ], [ -14.658506666999926, 19.540081666000106 ], [ -14.658303333999982, 19.540213333000054 ], [ -14.658101666999926, 19.54034333300018 ], [ -14.6579, 19.54047 ], [ -14.657695, 19.540598333000162 ], [ -14.65749, 19.540726667000115 ], [ -14.657283332999953, 19.540855000000136 ], [ -14.657076666999842, 19.540988333000087 ], [ -14.65687, 19.54112 ], [ -14.656665, 19.541255 ], [ -14.65646, 19.541386666000108 ], [ -14.656253333999928, 19.541521666000051 ], [ -14.656046666999885, 19.541655000000105 ], [ -14.655831666999859, 19.541786667000054 ], [ -14.655616666999833, 19.541921667000054 ], [ -14.655403332999924, 19.542056667 ], [ -14.647661666999966, 19.547005 ], [ -14.647455, 19.547131666999974 ], [ -14.647248332999936, 19.54726 ], [ -14.64704, 19.547386667000126 ], [ -14.646833333999894, 19.547511666000048 ], [ -14.646625, 19.547635000000128 ], [ -14.646421665999924, 19.54776 ], [ -14.646211665999942, 19.547885 ], [ -14.646009999999876, 19.548006667000095 ], [ -14.645806666999931, 19.54813 ], [ -14.645603333999816, 19.548251666 ], [ -14.6454, 19.548373333000029 ], [ -14.645196665999833, 19.548496667000109 ], [ -14.644993332999945, 19.54861666700009 ], [ -14.644791666999879, 19.54873833400012 ], [ -14.64458999999988, 19.548858334000101 ], [ -14.644386666999935, 19.548976667000034 ], [ -14.644186666999929, 19.549096667000015 ], [ -14.643986665999876, 19.549215000000117 ], [ -14.643785, 19.54933333300005 ], [ -14.643583332999924, 19.549451667000085 ], [ -14.64338, 19.54957 ], [ -14.64317833299998, 19.54969 ], [ -14.642978332999974, 19.549808333000101 ], [ -14.64278, 19.549926666000033 ], [ -14.642581665999899, 19.550045 ], [ -14.642384999999877, 19.550161666000122 ], [ -14.64219, 19.550278334000041 ], [ -14.641996665999898, 19.55039666600004 ], [ -14.641806666999912, 19.550513334000073 ], [ -14.64161833299994, 19.550635 ], [ -14.641434999999888, 19.550756667000087 ], [ -14.641251666999892, 19.550878333000185 ], [ -14.641065, 19.551003334000143 ], [ -14.640878332999932, 19.551131667 ], [ -14.640689999999893, 19.551261667000119 ], [ -14.640501666999853, 19.551400000000115 ], [ -14.640309999999886, 19.551540000000159 ], [ -14.64012, 19.551683334000074 ], [ -14.639926666999884, 19.551831667000044 ], [ -14.639731666999978, 19.551981667000177 ], [ -14.639535, 19.552133334000189 ], [ -14.639335, 19.5522866660001 ], [ -14.639133333999951, 19.552441666000107 ], [ -14.638929999999846, 19.5526 ], [ -14.638726666999958, 19.552758334000032 ], [ -14.638521666999964, 19.552918333000036 ], [ -14.638315, 19.553078333000144 ], [ -14.638108332999877, 19.553236667000078 ], [ -14.637901665999948, 19.553398334000065 ], [ -14.637695, 19.553560000000118 ], [ -14.637488332999908, 19.55372 ], [ -14.637281666999968, 19.553881666999985 ], [ -14.637073332999876, 19.554043334000141 ], [ -14.636865, 19.55420833300019 ], [ -14.6366583329999, 19.554376666 ], [ -14.63645166699996, 19.554545 ], [ -14.636245, 19.554711667000106 ], [ -14.636038332999931, 19.554878333000033 ], [ -14.635831666999877, 19.555046667000113 ], [ -14.635626666999883, 19.555213334000143 ], [ -14.63542, 19.55538 ], [ -14.635215, 19.555546666000168 ], [ -14.63501, 19.555715 ], [ -14.634806666999907, 19.555881667000108 ], [ -14.634603332999973, 19.556048333000035 ], [ -14.6344, 19.556213333000187 ], [ -14.634198333999962, 19.556378333000168 ], [ -14.633996666999963, 19.55654333300015 ], [ -14.633793332999915, 19.556708333000131 ], [ -14.63359, 19.556875000000105 ], [ -14.633388332999971, 19.55704 ], [ -14.633184999999855, 19.557206667000116 ], [ -14.63298, 19.557373333000044 ], [ -14.632775, 19.55754 ], [ -14.63257, 19.557706666 ], [ -14.632366665999825, 19.557873333000032 ], [ -14.632161666999934, 19.558041666 ], [ -14.631956665999894, 19.558208333000039 ], [ -14.631753332999949, 19.558373334000123 ], [ -14.63155, 19.55854 ], [ -14.631346666999889, 19.558703334000086 ], [ -14.631143332999955, 19.558868333000134 ], [ -14.630943333999937, 19.559031667000113 ], [ -14.630741666999938, 19.559196667000094 ], [ -14.630541666999875, 19.55936 ], [ -14.630341666999982, 19.559523334000062 ], [ -14.630139999999869, 19.559686667000165 ], [ -14.62994, 19.55985 ], [ -14.629743332999908, 19.56001166600015 ], [ -14.629545, 19.560175000000129 ], [ -14.629349999999874, 19.560336667000115 ], [ -14.629155, 19.560498334000101 ], [ -14.628961666999885, 19.560658333000106 ], [ -14.628766666999923, 19.560818332999986 ], [ -14.628573332999906, 19.560976667000148 ], [ -14.628381666999871, 19.561135 ], [ -14.62819, 19.561293333000037 ], [ -14.627996665999888, 19.561451666000096 ], [ -14.627803333999907, 19.56161 ], [ -14.627608333999945, 19.561768334000192 ], [ -14.62741, 19.561928333000026 ], [ -14.627213333999919, 19.562088333000077 ], [ -14.627016666999907, 19.562248333000184 ], [ -14.62681833299996, 19.56241000000017 ], [ -14.626618332999897, 19.562573333000103 ], [ -14.611748333999969, 19.575023333000104 ], [ -14.611556665999899, 19.575188333000085 ], [ -14.61136666699997, 19.575351667000064 ], [ -14.611175, 19.575515000000166 ], [ -14.610984999999857, 19.575673334000157 ], [ -14.610796665999885, 19.57583000000011 ], [ -14.610608332999959, 19.575993333000042 ], [ -14.61041833299987, 19.57615333300015 ], [ -14.610228333999942, 19.57632000000018 ], [ -14.610036665999928, 19.57648 ], [ -14.609841665999852, 19.576646666000045 ], [ -14.609648332999939, 19.57681 ], [ -14.609451665999927, 19.576975000000175 ], [ -14.6092583329999, 19.577135000000112 ], [ -14.609061665999945, 19.577298333000044 ], [ -14.608868332999975, 19.577458333000095 ], [ -14.608675, 19.57762 ], [ -14.608481666999921, 19.577778334000016 ], [ -14.608286666999959, 19.577936667000074 ], [ -14.608093332999943, 19.578093333000083 ], [ -14.607901666999908, 19.578251667000018 ], [ -14.60771, 19.57841 ], [ -14.607516665999924, 19.578568333000135 ], [ -14.607324999999889, 19.578726667000069 ], [ -14.607133332999922, 19.578885000000128 ], [ -14.606941666999887, 19.579043334000062 ], [ -14.606748332999871, 19.579205000000115 ], [ -14.606556666999893, 19.579363333000174 ], [ -14.60636333299982, 19.579523333000111 ], [ -14.606171665999966, 19.579680000000167 ], [ -14.605978333999929, 19.579838333000055 ], [ -14.605786666999961, 19.57999500000011 ], [ -14.605595, 19.580151667000052 ], [ -14.60540333299997, 19.580306667000059 ], [ -14.605211666999935, 19.580465000000117 ], [ -14.605021665999914, 19.580621666000127 ], [ -14.604833332999874, 19.580776667000066 ], [ -14.604643332999956, 19.580931667000073 ], [ -14.604453332999981, 19.581086667000136 ], [ -14.604265, 19.581241666999972 ], [ -14.604075, 19.581395000000157 ], [ -14.60388666699987, 19.581546667000168 ], [ -14.603698333999944, 19.581701667 ], [ -14.603511666999964, 19.581855000000189 ], [ -14.60332499999987, 19.582008334000079 ], [ -14.603141666999875, 19.582158333000166 ], [ -14.602954999999895, 19.582311667000056 ], [ -14.60277, 19.582461667000018 ], [ -14.602585, 19.582610000000159 ], [ -14.602401666999924, 19.582758333000072 ], [ -14.60222, 19.582905 ], [ -14.60204, 19.583048333000079 ], [ -14.601861665999934, 19.583195 ], [ -14.601685, 19.58334333300013 ], [ -14.601508332999913, 19.583488334000151 ], [ -14.601335, 19.583628334000025 ], [ -14.601165, 19.583770000000186 ], [ -14.600994999999898, 19.583913333000055 ], [ -14.600824999999872, 19.584053333000099 ], [ -14.600658332999956, 19.584186667000097 ], [ -14.600491666999915, 19.58432 ], [ -14.60033, 19.584450000000118 ], [ -14.60017, 19.58458 ], [ -14.600013333999868, 19.584705 ], [ -14.599856665999937, 19.584830000000125 ], [ -14.599705, 19.584950000000106 ], [ -14.599555, 19.58507 ], [ -14.599406665999936, 19.585188334000122 ], [ -14.599256666999963, 19.585308333 ], [ -14.59910333299996, 19.585428332999982 ], [ -14.598953332999827, 19.585546667000187 ], [ -14.598805, 19.585661667000124 ], [ -14.598659999999882, 19.585781667000106 ], [ -14.59852, 19.585896667000043 ], [ -14.598383332999902, 19.586010000000101 ], [ -14.598248332999844, 19.586120000000108 ], [ -14.598116665999953, 19.586226667000176 ], [ -14.597988332999932, 19.586331667000138 ], [ -14.597863333999953, 19.586433334000105 ], [ -14.597743332999869, 19.586531666000099 ], [ -14.597625, 19.586628334000068 ], [ -14.59751, 19.58672 ], [ -14.597396665999895, 19.586813333 ], [ -14.597279999999841, 19.586905 ], [ -14.5971683329999, 19.58699333300018 ], [ -14.597063333999927, 19.587080000000128 ], [ -14.59696166699996, 19.58716 ], [ -14.596866666999915, 19.587238334000119 ], [ -14.596775, 19.587311666000119 ], [ -14.59669, 19.587381667000159 ], [ -14.596609999999828, 19.587445000000173 ], [ -14.596536665999963, 19.587508334000063 ], [ -14.596396666999851, 19.587635 ], [ -14.59627833299993, 19.587738333000175 ], [ -14.59618666599988, 19.587823334000177 ], [ -14.596093333999875, 19.587931667000191 ], [ -14.596013333999906, 19.588008333000118 ], [ -14.595911666999939, 19.588068333000137 ], [ -14.595793332999847, 19.588131666000095 ], [ -14.595695, 19.588196667000091 ], [ -14.595606666999856, 19.588268334000077 ], [ -14.595511666999812, 19.588343333000125 ], [ -14.595406665999917, 19.588425 ], [ -14.595331665999936, 19.588486667000097 ], [ -14.595221666999976, 19.58857333300017 ], [ -14.5951, 19.588625 ], [ -14.595011666999937, 19.588666667000041 ], [ -14.594913332999965, 19.588735 ], [ -14.594801665999967, 19.588811666000083 ], [ -14.594721666999817, 19.588866667000104 ], [ -14.59464, 19.588923332999968 ], [ -14.594551665999973, 19.588985 ], [ -14.594461666999962, 19.58904333300012 ], [ -14.594373333999954, 19.589098333000095 ], [ -14.594256665999978, 19.589166666000153 ], [ -14.594168332999971, 19.589215 ], [ -14.59406, 19.589278333000038 ], [ -14.59393, 19.589351667000074 ], [ -14.593778332999932, 19.589438334000079 ], [ -14.593686666999872, 19.589493333000064 ], [ -14.593586666999954, 19.589555000000132 ], [ -14.593486666999922, 19.58961666600004 ], [ -14.593383333999839, 19.589678333000109 ], [ -14.593275, 19.589753334000022 ], [ -14.593173332999868, 19.58982 ], [ -14.593055, 19.589901667000106 ], [ -14.59293833299995, 19.589998333000096 ], [ -14.59282, 19.590095 ], [ -14.5927, 19.590195000000108 ], [ -14.592578333999938, 19.590296666000029 ], [ -14.592451666999921, 19.5904 ], [ -14.592323332999968, 19.590505 ], [ -14.592191665999906, 19.590615 ], [ -14.592058332999898, 19.590725000000134 ], [ -14.591921666999951, 19.590838332999965 ], [ -14.591785, 19.590951667000127 ], [ -14.591648332999966, 19.591065000000185 ], [ -14.591513332999909, 19.591180000000122 ], [ -14.591375, 19.591293334000056 ], [ -14.59124, 19.591401667000071 ], [ -14.59111, 19.591511667000077 ], [ -14.590981665999891, 19.591615 ], [ -14.59084833299994, 19.591723334000108 ], [ -14.590711666999937, 19.591835000000117 ], [ -14.59057, 19.591948333000175 ], [ -14.59042166699993, 19.592066666999983 ], [ -14.59027, 19.592188334000014 ], [ -14.59011, 19.592316667000091 ], [ -14.589949999999874, 19.592445000000112 ], [ -14.58978999999988, 19.592575 ], [ -14.58959, 19.593163334000053 ], [ -14.589494999999886, 19.593238333000158 ], [ -14.589401665999901, 19.59331333300014 ], [ -14.58930666599997, 19.593388333000121 ], [ -14.589211666999972, 19.593463333000102 ], [ -14.589114999999879, 19.593540000000132 ], [ -14.589016666999953, 19.593616667 ], [ -14.588918332999981, 19.593695 ], [ -14.5888166659999, 19.5937766670001 ], [ -14.588713332999873, 19.593860000000177 ], [ -14.58861, 19.59394333400013 ], [ -14.588503333999938, 19.594028333000153 ], [ -14.588395, 19.594115000000102 ], [ -14.588284999999871, 19.594201667000107 ], [ -14.588173333999976, 19.594291666000174 ], [ -14.588058333999868, 19.59438166700005 ], [ -14.587941665999892, 19.594473334000099 ], [ -14.587821665999911, 19.594566666 ], [ -14.587701666999919, 19.59466 ], [ -14.587581666999938, 19.594755000000134 ], [ -14.58746, 19.594851667000057 ], [ -14.587338332999877, 19.594946667000102 ], [ -14.587215, 19.595043333000092 ], [ -14.58709, 19.595141667000064 ], [ -14.586963333999961, 19.595238333000054 ], [ -14.586836666999943, 19.595338332999972 ], [ -14.586708333999979, 19.595436667000115 ], [ -14.586576665999928, 19.595536667000033 ], [ -14.586445, 19.595638334000057 ], [ -14.58631, 19.59574 ], [ -14.586175, 19.595843333 ], [ -14.586041666999961, 19.595955000000117 ], [ -14.585906666999904, 19.596066666000127 ], [ -14.585771665999914, 19.59618 ], [ -14.585636665999971, 19.596293333000119 ], [ -14.585501665999971, 19.59640666700011 ], [ -14.585365, 19.596521667000047 ], [ -14.58523, 19.596635 ], [ -14.585095, 19.59675 ], [ -14.58496, 19.596863333000044 ], [ -14.584823332999974, 19.596976667000035 ], [ -14.584686666999971, 19.597091667000086 ], [ -14.58455, 19.597206667000023 ], [ -14.584414999999865, 19.59732 ], [ -14.584278332999929, 19.597436666000135 ], [ -14.584143332999929, 19.597553334000054 ], [ -14.584005, 19.597670000000107 ], [ -14.583864999999832, 19.597786666000161 ], [ -14.583723332999909, 19.597905 ], [ -14.58357999999987, 19.598023333000128 ], [ -14.583435, 19.598145000000159 ], [ -14.583291666999912, 19.59826500000014 ], [ -14.58314833299994, 19.59838666700017 ], [ -14.583005, 19.598506666000048 ], [ -14.582861666999861, 19.598628333000079 ], [ -14.58272, 19.59874833300006 ], [ -14.582575, 19.59887 ], [ -14.58243, 19.598991666000188 ], [ -14.582284999999843, 19.599113334000151 ], [ -14.58214, 19.599235 ], [ -14.581996666999942, 19.599358333000055 ], [ -14.581851665999977, 19.599478333000036 ], [ -14.581706666999935, 19.5996 ], [ -14.581561665999857, 19.599721667000097 ], [ -14.581418332999874, 19.59984500000013 ], [ -14.581271665999907, 19.599968333999982 ], [ -14.581126666999921, 19.600093333000132 ], [ -14.580983332999949, 19.600210000000118 ], [ -14.580841665999969, 19.600325 ], [ -14.58069833299993, 19.60043833400016 ], [ -14.580556666999939, 19.600553334000097 ], [ -14.580416666999952, 19.600666667000155 ], [ -14.580276665999918, 19.600778333000164 ], [ -14.580136665999817, 19.60089 ], [ -14.579996666999932, 19.60100333400004 ], [ -14.579855, 19.601115 ], [ -14.579715, 19.601228333000051 ], [ -14.579576666999913, 19.601340000000164 ], [ -14.579438333999917, 19.601453334000155 ], [ -14.579301665999935, 19.60156666600011 ], [ -14.579164999999875, 19.601678333 ], [ -14.579028333999929, 19.601790000000108 ], [ -14.578891665999834, 19.601900000000114 ], [ -14.578754999999887, 19.602010000000178 ], [ -14.578619999999887, 19.60212 ], [ -14.578485, 19.60223 ], [ -14.57835, 19.602341667000189 ], [ -14.578216666999936, 19.602451667000025 ], [ -14.578081666999935, 19.602563334000138 ], [ -14.577946666999878, 19.602673333000098 ], [ -14.57781, 19.602783333000104 ], [ -14.577674999999886, 19.6028933340001 ], [ -14.577541666999934, 19.603001667000058 ], [ -14.577406665999888, 19.603108334000126 ], [ -14.577275, 19.603215 ], [ -14.577143332999924, 19.60332166600017 ], [ -14.577013332999911, 19.603428333000011 ], [ -14.576881665999963, 19.603535 ], [ -14.57675166699994, 19.60364166700009 ], [ -14.576619999999878, 19.603750000000105 ], [ -14.57648666699987, 19.603856667000116 ], [ -14.576355, 19.603963333000081 ], [ -14.576225, 19.60407 ], [ -14.576094999999896, 19.604176667000104 ], [ -14.575966665999943, 19.60428166600019 ], [ -14.575836666999919, 19.604388333000031 ], [ -14.575705, 19.604496666000045 ], [ -14.57557, 19.604605000000106 ], [ -14.57543, 19.604716667000048 ], [ -14.575289999999882, 19.604830000000106 ], [ -14.575148333999891, 19.604945 ], [ -14.575006665999979, 19.605058334000148 ], [ -14.574866666999867, 19.605171667000036 ], [ -14.574726666999936, 19.605283333000045 ], [ -14.574588332999951, 19.605395000000101 ], [ -14.574448332999964, 19.60550666600011 ], [ -14.57431, 19.605616667000106 ], [ -14.574171665999927, 19.605728333000059 ], [ -14.574031665999883, 19.605838334000055 ], [ -14.573893332999887, 19.60595 ], [ -14.573753332999956, 19.606063333000066 ], [ -14.573611666999966, 19.606178333 ], [ -14.573471665999818, 19.606295000000159 ], [ -14.573331665999945, 19.606411667000145 ], [ -14.57319, 19.606528333000028 ], [ -14.573046666999915, 19.606645000000185 ], [ -14.572905, 19.606761667000114 ], [ -14.572765, 19.606876667000051 ], [ -14.572348332999866, 19.607216667000102 ], [ -14.569676605999973, 19.608899886000017 ], [ -14.569669639999915, 19.608904274000054 ], [ -14.551340923999874, 19.623784301000114 ], [ -14.550471666999954, 19.624490000000151 ], [ -14.550344999999879, 19.624585 ], [ -14.550219999999854, 19.624675 ], [ -14.550096666999934, 19.624765 ], [ -14.549963332999937, 19.624861667000118 ], [ -14.549815, 19.624971666000022 ], [ -14.549669999999821, 19.62507833300009 ], [ -14.54953, 19.625183334000155 ], [ -14.54939499999989, 19.625280000000146 ], [ -14.549271666999971, 19.625371667000024 ], [ -14.549153333999982, 19.625458333999973 ], [ -14.549041666999869, 19.625535000000127 ], [ -14.548945, 19.625601667000012 ], [ -14.548858333999874, 19.625658333000104 ], [ -14.548758333999956, 19.625721667 ], [ -14.548643333999962, 19.625803333000022 ], [ -14.548508333999962, 19.625898333000066 ], [ -14.548363332999884, 19.626 ], [ -14.54822166699995, 19.626100000000122 ], [ -14.548145, 19.626163334000069 ], [ -14.548066666999944, 19.626228333000029 ], [ -14.54799, 19.626293333000092 ], [ -14.54791166699988, 19.62636 ], [ -14.547833332999971, 19.626425 ], [ -14.547754999999825, 19.626490000000103 ], [ -14.547676666999905, 19.626553334000164 ], [ -14.547596666999937, 19.626616667000178 ], [ -14.547518332999971, 19.626678333000143 ], [ -14.547436665999953, 19.626738333000105 ], [ -14.547355, 19.626796667000121 ], [ -14.547271666999961, 19.626856667000141 ], [ -14.547188332999895, 19.626916667000103 ], [ -14.547101665999946, 19.626978334000171 ], [ -14.547011666999936, 19.627040000000136 ], [ -14.546921666999879, 19.6271 ], [ -14.546831665999889, 19.627161667000166 ], [ -14.54674, 19.627223333000074 ], [ -14.546646666999948, 19.627285000000143 ], [ -14.54655, 19.627346666999983 ], [ -14.546451666999872, 19.627408334000052 ], [ -14.54635, 19.627468334000014 ], [ -14.546246665999888, 19.627530000000149 ], [ -14.546141666999915, 19.627591667000047 ], [ -14.546035, 19.627653333000126 ], [ -14.545928332999949, 19.627713333000145 ], [ -14.54582, 19.627773333000107 ], [ -14.545711666999864, 19.627833333000126 ], [ -14.545605, 19.627891667000142 ], [ -14.545496666999838, 19.627951666000058 ], [ -14.545388333999938, 19.62801 ], [ -14.545278332999885, 19.628068333000044 ], [ -14.545168332999936, 19.62812666700006 ], [ -14.545058333999975, 19.628185 ], [ -14.54495, 19.628243333000114 ], [ -14.544844999999896, 19.6283 ], [ -14.54474, 19.628355 ], [ -14.544636666999907, 19.628410000000144 ], [ -14.544531666999944, 19.628466667000112 ], [ -14.544423332999941, 19.628523333000032 ], [ -14.544311665999942, 19.628583333 ], [ -14.544196665999834, 19.628645 ], [ -14.544078333999892, 19.628706667000074 ], [ -14.543956666999975, 19.628773334000186 ], [ -14.543833332999952, 19.62884 ], [ -14.543706665999878, 19.628908334000187 ], [ -14.543578332999914, 19.628976667000018 ], [ -14.543448332999901, 19.629045 ], [ -14.54332, 19.629113333000134 ], [ -14.54319, 19.629181666000022 ], [ -14.54306, 19.629248333000135 ], [ -14.542929999999899, 19.629316666000022 ], [ -14.542798332999951, 19.629385000000184 ], [ -14.542668332999938, 19.629455000000121 ], [ -14.542538333999914, 19.629525 ], [ -14.542408332999912, 19.629595000000108 ], [ -14.542276666999953, 19.629665 ], [ -14.542144999999891, 19.629735 ], [ -14.542011665999951, 19.629806666000036 ], [ -14.541878333999932, 19.62988 ], [ -14.541745, 19.629955 ], [ -14.54161, 19.63003 ], [ -14.541473332999942, 19.630105 ], [ -14.541336666999882, 19.63018 ], [ -14.5412, 19.63025666599998 ], [ -14.54106499999989, 19.630331666000131 ], [ -14.540929999999889, 19.630403333000118 ], [ -14.540796666999881, 19.630473334000158 ], [ -14.540663332999941, 19.630545 ], [ -14.54053, 19.630615000000148 ], [ -14.540398332999871, 19.630683334000139 ], [ -14.540268332999972, 19.630751667000027 ], [ -14.540139999999894, 19.63082 ], [ -14.540013332999933, 19.63089 ], [ -14.539888333999954, 19.630956665999975 ], [ -14.53976166699988, 19.631025000000136 ], [ -14.539635, 19.631091666000145 ], [ -14.539508332999958, 19.631160000000136 ], [ -14.53938166599994, 19.63122833400007 ], [ -14.539256666999904, 19.631296667000129 ], [ -14.53913, 19.631365 ], [ -14.539005, 19.631433333000075 ], [ -14.538881666999885, 19.631501666000133 ], [ -14.538756665999927, 19.631568333000075 ], [ -14.538631666999891, 19.631635000000188 ], [ -14.538504999999816, 19.631703333000075 ], [ -14.538378332999969, 19.631773333000183 ], [ -14.538255, 19.631841667000117 ], [ -14.538126666999972, 19.631911666000121 ], [ -14.538, 19.631981667000161 ], [ -14.537873332999936, 19.632051666 ], [ -14.537753332999955, 19.632120000000157 ], [ -14.537631666999857, 19.632186666000166 ], [ -14.537511666999876, 19.632251667000105 ], [ -14.537393333999944, 19.632316667000168 ], [ -14.537273333999963, 19.63238333400011 ], [ -14.537155, 19.632450000000119 ], [ -14.537038333999874, 19.632515000000126 ], [ -14.536924999999826, 19.632578334000073 ], [ -14.536811666999938, 19.63264 ], [ -14.5367, 19.632703333 ], [ -14.536589999999819, 19.632765 ], [ -14.53647999999987, 19.632828334000124 ], [ -14.53637, 19.63289 ], [ -14.536264999999844, 19.632953333000103 ], [ -14.536161665999884, 19.633015000000114 ], [ -14.53606, 19.633073333000084 ], [ -14.53595833299994, 19.633133333000046 ], [ -14.535858332999965, 19.633195000000114 ], [ -14.535758332999933, 19.633255 ], [ -14.535658333999891, 19.633315 ], [ -14.535558333999973, 19.633376666000061 ], [ -14.535458333999884, 19.633438333000072 ], [ -14.535356666999917, 19.63350000000014 ], [ -14.535266665999927, 19.633553334000112 ], [ -14.535176666999917, 19.63360833400003 ], [ -14.535088333999909, 19.633658332999971 ], [ -14.53500166699996, 19.633706665999966 ], [ -14.53492, 19.633761666999987 ], [ -14.534764999999879, 19.633866667000177 ], [ -14.53462166599985, 19.633965 ], [ -14.534496666999814, 19.634053333000168 ], [ -14.534388333999971, 19.634140000000116 ], [ -14.534314999999879, 19.634218333000149 ], [ -14.534215, 19.634281667000039 ], [ -14.534126666999839, 19.63433166599998 ], [ -14.534016665999957, 19.634400000000142 ], [ -14.533896666999908, 19.63445333300001 ], [ -14.528891666999925, 19.63697000000019 ], [ -14.528788333999898, 19.636998333000122 ], [ -14.52868, 19.637055 ], [ -14.528565, 19.637115000000108 ], [ -14.528439999999875, 19.637181667 ], [ -14.528303333999929, 19.637256666000098 ], [ -14.528144999999881, 19.637343333000047 ], [ -14.528054999999824, 19.637391666000042 ], [ -14.52796, 19.637443333000135 ], [ -14.527854999999875, 19.63749833300011 ], [ -14.52774, 19.637560000000121 ], [ -14.52761833399984, 19.637626666000131 ], [ -14.527493332999882, 19.637695000000122 ], [ -14.527365, 19.637765 ], [ -14.527233333999959, 19.637835000000166 ], [ -14.52709666599992, 19.637906667000152 ], [ -14.526948332999893, 19.637983333000079 ], [ -14.526791666999941, 19.638065 ], [ -14.526625, 19.63815000000011 ], [ -14.526453333999882, 19.638238333000061 ], [ -14.52628, 19.638328334000107 ], [ -14.526106666999908, 19.63842 ], [ -14.525933332999955, 19.63851 ], [ -14.525758332999942, 19.6386 ], [ -14.525583332999929, 19.63869 ], [ -14.52540666699997, 19.638780000000168 ], [ -14.525229999999851, 19.638871667000046 ], [ -14.52505, 19.638963333000163 ], [ -14.524868333999962, 19.639056667000091 ], [ -14.524683332999928, 19.639151667000135 ], [ -14.524498333999873, 19.639248334 ], [ -14.524311666999893, 19.639345 ], [ -14.52412333299992, 19.639443334000191 ], [ -14.523934999999881, 19.63954166700006 ], [ -14.523748332999901, 19.63964 ], [ -14.52356, 19.639736667000022 ], [ -14.523373332999881, 19.639835 ], [ -14.52318833299995, 19.639931667000155 ], [ -14.523003332999906, 19.640028334000078 ], [ -14.52282166599997, 19.640123334000123 ], [ -14.52264, 19.640216667000118 ], [ -14.52246, 19.640310000000113 ], [ -14.52228, 19.640401667000162 ], [ -14.522101665999912, 19.640490000000113 ], [ -14.521925, 19.64058 ], [ -14.521753333999868, 19.640668334000111 ], [ -14.521581666999964, 19.640755000000183 ], [ -14.521415, 19.64084 ], [ -14.521251666999945, 19.640923334000036 ], [ -14.52109, 19.641005 ], [ -14.52093166599991, 19.641086666999968 ], [ -14.520773333999955, 19.641168333000167 ], [ -14.520611666999912, 19.64125 ], [ -14.52045, 19.64133333400008 ], [ -14.520285, 19.641418333000047 ], [ -14.520116666999968, 19.641505 ], [ -14.519946666999942, 19.641591667 ], [ -14.519775, 19.641680000000122 ], [ -14.519603333999953, 19.641768333000073 ], [ -14.51943, 19.641856666000024 ], [ -14.519255, 19.64194666700007 ], [ -14.519078333999971, 19.642036665999967 ], [ -14.518903333999958, 19.64212666700007 ], [ -14.518728333999945, 19.642218333000187 ], [ -14.518551665999894, 19.64231 ], [ -14.518375, 19.6424 ], [ -14.518198332999873, 19.642491667000058 ], [ -14.518021666999914, 19.642581666000126 ], [ -14.517846666999901, 19.642671667000059 ], [ -14.51767, 19.642761667 ], [ -14.517493332999891, 19.642850000000124 ], [ -14.517318332999821, 19.642941667000173 ], [ -14.517145, 19.64303166600007 ], [ -14.51697, 19.643121667000116 ], [ -14.516796665999891, 19.643211667000116 ], [ -14.51662, 19.643303334000166 ], [ -14.516443332999813, 19.643395000000112 ], [ -14.516266666999911, 19.643486667000161 ], [ -14.516088332999914, 19.643580000000156 ], [ -14.51591, 19.643671666000103 ], [ -14.515731666999898, 19.643765 ], [ -14.515553332999957, 19.643856667000023 ], [ -14.515375, 19.643948334000072 ], [ -14.515196665999952, 19.644040000000189 ], [ -14.515018332999944, 19.644131667000067 ], [ -14.51484, 19.644223333000184 ], [ -14.514663332999874, 19.644315 ], [ -14.514486666999915, 19.644408333 ], [ -14.514311666999902, 19.6445 ], [ -14.514135, 19.644593333000046 ], [ -14.513958332999891, 19.644686666000041 ], [ -14.513781666999932, 19.64477833300009 ], [ -14.51360499999987, 19.644871667000189 ], [ -14.51343, 19.644963333000135 ], [ -14.513253332999909, 19.64505666600013 ], [ -14.513078332999896, 19.645148333000122 ], [ -14.51290333299994, 19.645240000000172 ], [ -14.512728332999927, 19.6453333340001 ], [ -14.512555, 19.645423333000167 ], [ -14.512381666999943, 19.645511667 ], [ -14.51220666699993, 19.645600000000115 ], [ -14.512033332999977, 19.645688333000066 ], [ -14.511859999999899, 19.645776666000188 ], [ -14.511685, 19.645865000000185 ], [ -14.511511665999876, 19.645953334000069 ], [ -14.511336665999977, 19.646043333000136 ], [ -14.511163333999946, 19.646131666000031 ], [ -14.510988333999933, 19.64622 ], [ -14.510815, 19.64631 ], [ -14.510641666999902, 19.646398332999979 ], [ -14.510468332999949, 19.646486667000033 ], [ -14.510295, 19.646575000000155 ], [ -14.51012, 19.646665000000155 ], [ -14.509946666999952, 19.646753334000152 ], [ -14.509774999999877, 19.646843333000049 ], [ -14.509601665999924, 19.646931666000171 ], [ -14.50943, 19.64702 ], [ -14.509256666999818, 19.647108334000052 ], [ -14.509086666999963, 19.647196667000173 ], [ -14.508915, 19.647285 ], [ -14.508745, 19.647373333000019 ], [ -14.508574999999894, 19.64746 ], [ -14.508405, 19.647546666999972 ], [ -14.508234999999843, 19.647633334000147 ], [ -14.508066666999923, 19.64772 ], [ -14.507896666999898, 19.647806666000065 ], [ -14.50773, 19.64789333300007 ], [ -14.507561666999891, 19.647981666000192 ], [ -14.507395, 19.648068332999969 ], [ -14.507229999999822, 19.648155000000145 ], [ -14.507066665999957, 19.648241667000093 ], [ -14.506903332999968, 19.648328333000165 ], [ -14.506741666999915, 19.648413334 ], [ -14.50658, 19.64849833300002 ], [ -14.506418332999885, 19.648583333000147 ], [ -14.506258332999892, 19.648666666 ], [ -14.506096666999838, 19.648751667000056 ], [ -14.505935, 19.648836667000126 ], [ -14.505771666999863, 19.64892 ], [ -14.505606666999881, 19.649006666999981 ], [ -14.50544333299996, 19.64909 ], [ -14.505276666999919, 19.649173334000182 ], [ -14.505111666999937, 19.649258333000034 ], [ -14.50494499999985, 19.649345 ], [ -14.504778332999933, 19.649431667000158 ], [ -14.50461166599996, 19.64951833300006 ], [ -14.504443332999926, 19.649603334000062 ], [ -14.504276665999953, 19.649690000000135 ], [ -14.504108332999976, 19.649776666000037 ], [ -14.503938332999951, 19.649863332999985 ], [ -14.50377, 19.64995000000016 ], [ -14.503601666999884, 19.650038333000111 ], [ -14.503435, 19.650126666 ], [ -14.503266666999878, 19.650213333000181 ], [ -14.5031, 19.650301666000132 ], [ -14.502931665999881, 19.65038833300008 ], [ -14.502765, 19.650475 ], [ -14.502596666999978, 19.650561667000034 ], [ -14.50243, 19.650648333000106 ], [ -14.502261666999971, 19.650735000000111 ], [ -14.502095, 19.650821667000059 ], [ -14.501926666999964, 19.650910000000181 ], [ -14.50176, 19.650996667000129 ], [ -14.501593332999903, 19.651083334000134 ], [ -14.501425, 19.651171667000085 ], [ -14.501258332999896, 19.651258334000033 ], [ -14.50109, 19.651346667000155 ], [ -14.500923333999879, 19.651435000000106 ], [ -14.500756666999962, 19.651521667000054 ], [ -14.500588332999882, 19.651610000000176 ], [ -14.50042, 19.651695000000132 ], [ -14.50025166699993, 19.651783334000129 ], [ -14.500084999999899, 19.65187 ], [ -14.499916666999979, 19.651958334000028 ], [ -14.499748332999843, 19.652046666999979 ], [ -14.49958, 19.652136666000047 ], [ -14.499413332999836, 19.652225000000101 ], [ -14.499246665999976, 19.652315000000101 ], [ -14.499079999999879, 19.652403333 ], [ -14.498914999999897, 19.652491667000049 ], [ -14.498751666999965, 19.652580000000171 ], [ -14.498586666999927, 19.652666667000119 ], [ -14.498421666999946, 19.652753333000192 ], [ -14.49825833299991, 19.65284 ], [ -14.498095, 19.652926667000145 ], [ -14.497931666999875, 19.65301333400015 ], [ -14.49777, 19.653101667000044 ], [ -14.497606665999911, 19.653188334000049 ], [ -14.497443332999978, 19.653275000000122 ], [ -14.497281666999925, 19.65336 ], [ -14.497111666999899, 19.653448333000142 ], [ -14.496941665999941, 19.653536666999969 ], [ -14.496773332999965, 19.653623333000041 ], [ -14.496605, 19.653711667000096 ], [ -14.496436665999909, 19.653798333000168 ], [ -14.496266666999873, 19.653885000000116 ], [ -14.496098332999907, 19.653971666000189 ], [ -14.49593, 19.65405666700002 ], [ -14.4957633329999, 19.654141667000147 ], [ -14.495596665999869, 19.654228333000049 ], [ -14.49543, 19.654313333000118 ], [ -14.495265, 19.654400000000123 ], [ -14.49509833299993, 19.654486667000072 ], [ -14.494935, 19.654571666000095 ], [ -14.494771666999895, 19.654655 ], [ -14.494608332999974, 19.654740000000174 ], [ -14.494446665999931, 19.654823333000024 ], [ -14.494284999999877, 19.654906666000102 ], [ -14.494124999999883, 19.654988333 ], [ -14.493966666999938, 19.655071667000186 ], [ -14.493806665999898, 19.655153332999987 ], [ -14.493648333999943, 19.655233333000069 ], [ -14.493491665999954, 19.655313334000027 ], [ -14.493334999999888, 19.655393334000053 ], [ -14.493178333999879, 19.655473334000078 ], [ -14.493023333999929, 19.655553333000057 ], [ -14.49287, 19.655631667000137 ], [ -14.492715, 19.655710000000113 ], [ -14.492561666999961, 19.655788333000146 ], [ -14.492409999999893, 19.655868333000171 ], [ -14.49226, 19.65594666700008 ], [ -14.49211, 19.656025000000113 ], [ -14.491961666999941, 19.65610333300009 ], [ -14.491813333999914, 19.656181667000169 ], [ -14.491664999999898, 19.65625666700015 ], [ -14.491516666999871, 19.656331666000085 ], [ -14.491368333999958, 19.656406666000066 ], [ -14.49122, 19.656481667000151 ], [ -14.49107, 19.656556667000132 ], [ -14.49092, 19.656633333000059 ], [ -14.49077, 19.65671 ], [ -14.490618332999929, 19.656788333000122 ], [ -14.490466666999964, 19.656866667000031 ], [ -14.490315, 19.656943333000129 ], [ -14.490164999999877, 19.657021667000038 ], [ -14.490013332999922, 19.6571 ], [ -14.4898616669999, 19.657178333000047 ], [ -14.489711665999948, 19.657256667000127 ], [ -14.489561666999975, 19.657335000000103 ], [ -14.489411666999899, 19.657411667000133 ], [ -14.489261665999834, 19.657490000000166 ], [ -14.489113332999978, 19.657568333000143 ], [ -14.488961666999955, 19.657646667000051 ], [ -14.488808332999895, 19.657725 ], [ -14.488654999999824, 19.65780500000011 ], [ -14.488499999999874, 19.657886666000138 ], [ -14.488343333999978, 19.657966666000164 ], [ -14.488185, 19.658050000000117 ], [ -14.488025, 19.658133333000023 ], [ -14.487861666999891, 19.658218334000026 ], [ -14.487695, 19.658303333000049 ], [ -14.487526665999894, 19.65839 ], [ -14.487355, 19.65847666600007 ], [ -14.487181666999959, 19.658565000000124 ], [ -14.487008332999892, 19.658653333000018 ], [ -14.486834999999871, 19.658741667000072 ], [ -14.486661666999908, 19.65883 ], [ -14.486489999999833, 19.65892 ], [ -14.486318333999918, 19.65901 ], [ -14.486145, 19.659100000000137 ], [ -14.48597333299989, 19.659190000000137 ], [ -14.485801666999976, 19.659280000000138 ], [ -14.485628332999966, 19.65937 ], [ -14.485453332999953, 19.65946 ], [ -14.48527833299994, 19.65955 ], [ -14.485103332999927, 19.65964 ], [ -14.484928332999914, 19.659731667000074 ], [ -14.484754999999893, 19.659823334000123 ], [ -14.48457999999988, 19.659915 ], [ -14.484403333999921, 19.660006667000118 ], [ -14.48422666599987, 19.660098333000064 ], [ -14.48405, 19.660188334000111 ], [ -14.483873332999963, 19.66028 ], [ -14.483695, 19.660371667000106 ], [ -14.483518332999893, 19.660463334000156 ], [ -14.483339999999885, 19.660555000000102 ], [ -14.483163332999936, 19.660648333000097 ], [ -14.482985, 19.660741666999968 ], [ -14.482805, 19.660835000000191 ], [ -14.482624999999871, 19.66093 ], [ -14.482443332999935, 19.661021667000057 ], [ -14.482261665999943, 19.661115 ], [ -14.482079999999883, 19.661208333000047 ], [ -14.4819, 19.6613 ], [ -14.48172, 19.661393333000092 ], [ -14.481541666999931, 19.661485000000141 ], [ -14.481363333999923, 19.661580000000185 ], [ -14.481185, 19.661673334000056 ], [ -14.481006666999974, 19.661765 ], [ -14.48083, 19.661858333 ], [ -14.480651666999847, 19.66195 ], [ -14.480475, 19.66204 ], [ -14.480299999999886, 19.662131667000097 ], [ -14.480123332999938, 19.662225 ], [ -14.479946666999979, 19.662316666000038 ], [ -14.47977, 19.66240833300003 ], [ -14.479593332999855, 19.66249833300003 ], [ -14.479416666999896, 19.662588334000134 ], [ -14.47924, 19.662678333000031 ], [ -14.479063333999875, 19.662768332999974 ], [ -14.478888333999976, 19.662858333000145 ], [ -14.478713333999963, 19.662948333000145 ], [ -14.47853833399995, 19.663038334000021 ], [ -14.478365, 19.66313 ], [ -14.47819, 19.663218333000088 ], [ -14.478016666999963, 19.663308334000192 ], [ -14.477843332999896, 19.663398333000089 ], [ -14.477671666999925, 19.663486665999983 ], [ -14.47749999999985, 19.663575 ], [ -14.477328333999935, 19.663663334000034 ], [ -14.477156666999861, 19.663751666999985 ], [ -14.476983332999907, 19.663838334000161 ], [ -14.47681, 19.663928333000058 ], [ -14.47663666699998, 19.664016667000055 ], [ -14.47646333299997, 19.664106667000055 ], [ -14.476288332999957, 19.664196667000056 ], [ -14.476115, 19.664285000000177 ], [ -14.47594, 19.664375000000121 ], [ -14.47576666599997, 19.664463334000175 ], [ -14.475593333999939, 19.664551667000126 ], [ -14.475421666999921, 19.66464 ], [ -14.475249999999846, 19.664728332999971 ], [ -14.475078332999942, 19.664816667000025 ], [ -14.474905, 19.664905000000147 ], [ -14.474735, 19.664991667000095 ], [ -14.474563332999935, 19.665078333000167 ], [ -14.474395, 19.665165000000115 ], [ -14.474226665999879, 19.665251667000121 ], [ -14.47406, 19.665338334000069 ], [ -14.473891665999872, 19.66542666700002 ], [ -14.473725, 19.665515000000141 ], [ -14.473555, 19.665603333000092 ], [ -14.473386665999953, 19.66569 ], [ -14.473216666999917, 19.665778333000162 ], [ -14.473046666999949, 19.665866666000113 ], [ -14.472876665999934, 19.665953333000061 ], [ -14.472706665999908, 19.666041666000012 ], [ -14.472536666999872, 19.666128333000188 ], [ -14.472365, 19.666215 ], [ -14.472195, 19.666303333000087 ], [ -14.472023333999857, 19.666391666000038 ], [ -14.471853332999899, 19.666478332999986 ], [ -14.471681666999928, 19.66656833400009 ], [ -14.47151, 19.666656667000041 ], [ -14.471338333999938, 19.666745000000105 ], [ -14.47116666699992, 19.666833333000056 ], [ -14.470993332999967, 19.666921667000111 ], [ -14.47082, 19.667008333000183 ], [ -14.470648332999929, 19.667096666000077 ], [ -14.470476666999957, 19.66718666700018 ], [ -14.470305, 19.667275000000132 ], [ -14.470135, 19.667365 ], [ -14.469963332999953, 19.667455 ], [ -14.469793332999927, 19.667543334000129 ], [ -14.469623333999948, 19.667631667000023 ], [ -14.469451666999873, 19.667720000000145 ], [ -14.46928, 19.66780666700015 ], [ -14.46911, 19.667895 ], [ -14.46894, 19.667981667000049 ], [ -14.46877, 19.668068334 ], [ -14.468598332999875, 19.668156667000119 ], [ -14.46842666699996, 19.668243334000124 ], [ -14.468256665999945, 19.668331667000075 ], [ -14.468085, 19.66842 ], [ -14.467913332999956, 19.668508333000091 ], [ -14.467741666999871, 19.668596666000042 ], [ -14.46757, 19.668688333000091 ], [ -14.4674, 19.668778333000034 ], [ -14.467226665999817, 19.668866665999985 ], [ -14.467055, 19.668955 ], [ -14.466884999999877, 19.669040000000109 ], [ -14.466715, 19.669126667000114 ], [ -14.466544999999883, 19.669215 ], [ -14.466373332999979, 19.669301667000184 ], [ -14.466201666999893, 19.669390000000135 ], [ -14.46602833299994, 19.669478333000086 ], [ -14.465855, 19.669566667000083 ], [ -14.465681665999966, 19.669655 ], [ -14.465508333999935, 19.669743333000156 ], [ -14.465335, 19.669833333000156 ], [ -14.46516, 19.66992166600005 ], [ -14.464986666999948, 19.670010000000104 ], [ -14.464813332999881, 19.670098334000102 ], [ -14.46464, 19.670186667000053 ], [ -14.464466666999954, 19.670276667000053 ], [ -14.464293332999944, 19.670368334000102 ], [ -14.464118332999931, 19.670461667000097 ], [ -14.463943332999918, 19.670551667000041 ], [ -14.463766666999959, 19.670641666000108 ], [ -14.463589999999897, 19.670730000000162 ], [ -14.463413332999949, 19.670821666000109 ], [ -14.46324, 19.670911666999984 ], [ -14.463065, 19.671003333000101 ], [ -14.462891665999962, 19.671093334000034 ], [ -14.462716665999949, 19.67118500000015 ], [ -14.462543333999918, 19.671275000000151 ], [ -14.46237, 19.671365 ], [ -14.46219666699983, 19.671455 ], [ -14.462025, 19.671546667000143 ], [ -14.461851666999962, 19.67163666600004 ], [ -14.461678332999952, 19.671726667000087 ], [ -14.461504999999875, 19.671818333000033 ], [ -14.461331665999921, 19.671908334000136 ], [ -14.46115833399989, 19.671998333000033 ], [ -14.460985, 19.67208833400008 ], [ -14.460811666999973, 19.672178332999977 ], [ -14.460639999999898, 19.672266667000031 ], [ -14.460466666999935, 19.672355000000152 ], [ -14.460295, 19.672441667000101 ], [ -14.460123333999945, 19.672528333000173 ], [ -14.459951665999881, 19.672616667000057 ], [ -14.45978, 19.672703333000072 ], [ -14.45961, 19.672791667000126 ], [ -14.459438332999866, 19.67288 ], [ -14.459266665999962, 19.672968332999972 ], [ -14.459094999999877, 19.673055000000147 ], [ -14.458923332999973, 19.673143333000098 ], [ -14.458751666999888, 19.673233333000098 ], [ -14.458581666999862, 19.673321667000096 ], [ -14.45841, 19.67341 ], [ -14.45823833299994, 19.673496667 ], [ -14.458065, 19.673585000000116 ], [ -14.457893332999845, 19.673673333000067 ], [ -14.457719999999881, 19.673761666000189 ], [ -14.457548332999977, 19.67385 ], [ -14.457373333999897, 19.67393833400007 ], [ -14.4572, 19.674028333000138 ], [ -14.457025, 19.674118333000138 ], [ -14.45685, 19.674208333000081 ], [ -14.456673333999959, 19.67430000000013 ], [ -14.456496665999907, 19.674388334000184 ], [ -14.45632, 19.674476667000079 ], [ -14.45614166699994, 19.674565 ], [ -14.455966666999927, 19.674653333000151 ], [ -14.45579, 19.674743333000151 ], [ -14.455616666999958, 19.674833333000095 ], [ -14.455443333999881, 19.674923333000095 ], [ -14.45527, 19.675013334000027 ], [ -14.455094999999858, 19.675103333000095 ], [ -14.454921666999894, 19.675191667000092 ], [ -14.454746666999881, 19.675281667000093 ], [ -14.454573332999928, 19.675371667000093 ], [ -14.4544, 19.67546166600016 ], [ -14.454226666999944, 19.675551667000036 ], [ -14.45405333299982, 19.675641667000036 ], [ -14.453881666999905, 19.675731666000104 ], [ -14.45371, 19.675820000000158 ], [ -14.453536665999877, 19.675908334000155 ], [ -14.453365, 19.675996667000106 ], [ -14.453191666999942, 19.676085 ], [ -14.45302, 19.676173333000122 ], [ -14.452846666999903, 19.676263333000122 ], [ -14.452674999999886, 19.676351667000176 ], [ -14.452501665999932, 19.67644 ], [ -14.45233, 19.67653 ], [ -14.45215666699994, 19.676618333000022 ], [ -14.451985, 19.676708334000068 ], [ -14.451813332999848, 19.676796667000019 ], [ -14.451639999999884, 19.676885000000141 ], [ -14.451468333999969, 19.676973333000092 ], [ -14.451295, 19.677061666000043 ], [ -14.451123332999941, 19.67715 ], [ -14.45095, 19.67724 ], [ -14.450776666999957, 19.677328333000162 ], [ -14.450601666999944, 19.677418333000105 ], [ -14.450428332999934, 19.677508334000038 ], [ -14.450253332999978, 19.677596667000159 ], [ -14.45008, 19.677685 ], [ -14.44990666599989, 19.677773333 ], [ -14.449733333999973, 19.677861666000126 ], [ -14.44955833399996, 19.67795000000018 ], [ -14.449384999999893, 19.678040000000124 ], [ -14.449213332999932, 19.678128333000075 ], [ -14.44904, 19.678216667000129 ], [ -14.448868332999893, 19.678305 ], [ -14.448695, 19.678393333000145 ], [ -14.448521665999976, 19.678481666000096 ], [ -14.448349999999891, 19.67857 ], [ -14.448176666999927, 19.678656666 ], [ -14.448006666999902, 19.67874333300017 ], [ -14.447835, 19.678831666000121 ], [ -14.447665, 19.678920000000119 ], [ -14.447496666999882, 19.679008334000173 ], [ -14.447328332999916, 19.679096667000067 ], [ -14.44716, 19.679185000000189 ], [ -14.446991666999963, 19.679271667000023 ], [ -14.446823333999873, 19.679356667000093 ], [ -14.446658332999903, 19.679441666000116 ], [ -14.446493333999911, 19.679526667000118 ], [ -14.44633, 19.679611666000142 ], [ -14.446166666999886, 19.679696666999973 ], [ -14.446003332999965, 19.6797816670001 ], [ -14.445838332999926, 19.679866666000123 ], [ -14.445673333999935, 19.679951667000125 ], [ -14.445508332999964, 19.680035 ], [ -14.445343333999972, 19.680120000000102 ], [ -14.445178332999944, 19.680205 ], [ -14.445013333999952, 19.680290000000127 ], [ -14.444844999999873, 19.680373334000137 ], [ -14.444678333999946, 19.680458333000104 ], [ -14.444511666999915, 19.68054333300006 ], [ -14.444344999999885, 19.68063 ], [ -14.444176666999908, 19.680716667000183 ], [ -14.444009999999878, 19.680803334000188 ], [ -14.443843333999951, 19.68089 ], [ -14.44367833299998, 19.68097500000016 ], [ -14.443513333999931, 19.68106 ], [ -14.443349999999896, 19.681145000000186 ], [ -14.443186666999964, 19.681230000000141 ], [ -14.443025, 19.681313334000095 ], [ -14.442863332999877, 19.681396667000115 ], [ -14.442701666999938, 19.681481667000071 ], [ -14.442538333999892, 19.681565000000148 ], [ -14.442376665999916, 19.681648333000169 ], [ -14.442213332999927, 19.68173 ], [ -14.442051666999873, 19.68181333300015 ], [ -14.441888332999952, 19.681896666000057 ], [ -14.441726666999955, 19.681978333000131 ], [ -14.441563333999966, 19.68206 ], [ -14.4414, 19.682143333000113 ], [ -14.441236666999941, 19.682226666000133 ], [ -14.441073333999839, 19.682310000000143 ], [ -14.44091, 19.682391667000047 ], [ -14.440748332999931, 19.682475000000125 ], [ -14.440589999999816, 19.682558334000078 ], [ -14.440431665999938, 19.682643333000101 ], [ -14.440273333999812, 19.682726667000054 ], [ -14.440113332999886, 19.682808333000082 ], [ -14.439955, 19.682890000000157 ], [ -14.439795, 19.68297 ], [ -14.439635, 19.683051667000143 ], [ -14.439475, 19.683131667000168 ], [ -14.439316665999968, 19.683215 ], [ -14.439156666999963, 19.68329666700015 ], [ -14.438996666999969, 19.68338 ], [ -14.438838332999921, 19.683463333000077 ], [ -14.43868, 19.68354666700003 ], [ -14.438521666999918, 19.683630000000107 ], [ -14.438361665999935, 19.683713333000128 ], [ -14.438203333999979, 19.683796667000138 ], [ -14.438043332999939, 19.683876667000163 ], [ -14.437884999999824, 19.683958333000191 ], [ -14.437726666999936, 19.684038334000149 ], [ -14.43757, 19.684118334000175 ], [ -14.437413332999938, 19.68419833400003 ], [ -14.437256666999872, 19.68428 ], [ -14.437099999999873, 19.684361667000132 ], [ -14.436943332999874, 19.684443333000161 ], [ -14.436788332999924, 19.684523333000016 ], [ -14.436633332999975, 19.684603333000098 ], [ -14.436478332999968, 19.684681666000074 ], [ -14.436325, 19.684761666000099 ], [ -14.436171666999883, 19.68484 ], [ -14.436016666999933, 19.684918334000088 ], [ -14.435863333999976, 19.684996666000188 ], [ -14.435711665999918, 19.685075 ], [ -14.435559999999896, 19.685153334 ], [ -14.43541, 19.685231666000107 ], [ -14.43526, 19.685308334000069 ], [ -14.435111666999944, 19.685385000000167 ], [ -14.434963332999928, 19.68546 ], [ -14.434815, 19.685536667 ], [ -14.434665, 19.685611666999989 ], [ -14.434515, 19.68569 ], [ -14.434365, 19.685766667000053 ], [ -14.434216666999873, 19.685845 ], [ -14.434066666999968, 19.685921667000059 ], [ -14.433918333999884, 19.685998333000043 ], [ -14.43377, 19.686075 ], [ -14.433621665999965, 19.686151667000104 ], [ -14.433471666999878, 19.686228334000134 ], [ -14.433321666999973, 19.686305000000118 ], [ -14.433168332999912, 19.686383334000027 ], [ -14.433016665999958, 19.686461666000071 ], [ -14.432863333999819, 19.68654 ], [ -14.432708333999869, 19.68662 ], [ -14.43255333399992, 19.686698333000038 ], [ -14.432398332999981, 19.686778333000063 ], [ -14.432241666999971, 19.68686 ], [ -14.432085, 19.68694 ], [ -14.431928333999906, 19.68702 ], [ -14.431771665999975, 19.687101666000103 ], [ -14.431615, 19.68718333400011 ], [ -14.431458333999899, 19.687263333000089 ], [ -14.431301665999911, 19.687343333000115 ], [ -14.431146665999961, 19.687421667000024 ], [ -14.430991665999954, 19.6875 ], [ -14.43084, 19.687576667000087 ], [ -14.430686666999918, 19.687655 ], [ -14.430535, 19.68773333300004 ], [ -14.430383333999941, 19.687811667000119 ], [ -14.430231665999941, 19.687890000000152 ], [ -14.43008, 19.687966667000182 ], [ -14.429928332999964, 19.68804333300011 ], [ -14.429776666999942, 19.688121667000019 ], [ -14.429625, 19.6882 ], [ -14.429471665999927, 19.688276667000082 ], [ -14.429318332999969, 19.688353334000112 ], [ -14.429166666999947, 19.68843 ], [ -14.429013332999943, 19.688505 ], [ -14.428859999999872, 19.68858 ], [ -14.428706665999982, 19.688655 ], [ -14.428555, 19.688730000000191 ], [ -14.428401666999946, 19.688805000000173 ], [ -14.428248332999885, 19.688880000000154 ], [ -14.428094999999814, 19.688955000000135 ], [ -14.427941666999914, 19.689031666000119 ], [ -14.42778833299991, 19.689108333000149 ], [ -14.427635, 19.68918500000018 ], [ -14.427483332999827, 19.689265 ], [ -14.427331666999976, 19.689346666000063 ], [ -14.427178332999972, 19.689431667000065 ], [ -14.427025, 19.689520000000186 ], [ -14.426871666999943, 19.689610000000187 ], [ -14.426719999999818, 19.689705 ], [ -14.426571666999962, 19.689801667000154 ], [ -14.426425, 19.689901667000072 ], [ -14.426278332999971, 19.690003333000107 ], [ -14.426133333999928, 19.690108334 ], [ -14.425991666999948, 19.690215000000137 ], [ -14.425851666999904, 19.690325 ], [ -14.425715, 19.690438334000135 ], [ -14.42558166699996, 19.690553334000072 ], [ -14.425451665999958, 19.690670000000125 ], [ -14.425323332999881, 19.690790000000106 ], [ -14.425198333999958, 19.69091 ], [ -14.425075, 19.691033333000064 ], [ -14.424955, 19.691158334000022 ], [ -14.424835, 19.691286667000099 ], [ -14.42471833299993, 19.69141500000012 ], [ -14.424604999999872, 19.691546666000022 ], [ -14.424496665999982, 19.691681667000069 ], [ -14.42439, 19.691818333000185 ], [ -14.424281665999956, 19.691956666000181 ], [ -14.424175, 19.692095 ], [ -14.424068333999969, 19.69223333400015 ], [ -14.423961666999958, 19.692373333000091 ], [ -14.42385499999989, 19.692513333000136 ], [ -14.42375, 19.69265333300018 ], [ -14.423643332999973, 19.692793333000054 ], [ -14.423536666999951, 19.692933333999974 ], [ -14.42343, 19.693073334000189 ], [ -14.423321666999925, 19.693215 ], [ -14.423215, 19.693355 ], [ -14.423108332999959, 19.693496666000044 ], [ -14.423, 19.693636666000089 ], [ -14.422891666999874, 19.693778333000182 ], [ -14.42278333299987, 19.693920000000105 ], [ -14.422673332999921, 19.69406333400002 ], [ -14.42256333399996, 19.694205 ], [ -14.422455, 19.694348333000107 ], [ -14.422346666999886, 19.694491666000147 ], [ -14.42224, 19.694633334000116 ], [ -14.42213333299992, 19.694773333000057 ], [ -14.422028332999957, 19.694911667000156 ], [ -14.421923333999871, 19.695048333000102 ], [ -14.421818332999976, 19.695185000000151 ], [ -14.421715, 19.69532 ], [ -14.421613332999982, 19.695453333000046 ], [ -14.42151, 19.695588334000092 ], [ -14.42141, 19.695721666000111 ], [ -14.421309999999835, 19.695855000000165 ], [ -14.421211666999966, 19.695988333000059 ], [ -14.421116666999978, 19.696125000000109 ], [ -14.421021666999934, 19.696261667000101 ], [ -14.42093, 19.696398333000047 ], [ -14.42084, 19.696538333000092 ], [ -14.420751665999887, 19.696676666000087 ], [ -14.420665, 19.696816666000132 ], [ -14.42058, 19.696956667000052 ], [ -14.420495, 19.697098333000099 ], [ -14.42040999999989, 19.69724 ], [ -14.420326666999927, 19.697385 ], [ -14.420246665999969, 19.69753 ], [ -14.42016666599983, 19.697676667000167 ], [ -14.42009, 19.697823333000031 ], [ -14.420015, 19.697973333000164 ], [ -14.419944999999871, 19.698125 ], [ -14.419875, 19.698278334000122 ], [ -14.419806666999875, 19.698433334000129 ], [ -14.419739999999877, 19.698590000000138 ], [ -14.419673332999935, 19.698746666000147 ], [ -14.419606666999925, 19.698906667000131 ], [ -14.419538332999878, 19.699066667000068 ], [ -14.41947, 19.699226667000119 ], [ -14.419401666999931, 19.699386666000123 ], [ -14.419335, 19.69954666600006 ], [ -14.419266665999942, 19.699706667000044 ], [ -14.419198332999883, 19.699866667000151 ], [ -14.419131665999885, 19.700025 ], [ -14.41906333299994, 19.700183333000041 ], [ -14.418996665999941, 19.700341666000099 ], [ -14.41892833299994, 19.7005 ], [ -14.418861665999941, 19.700656666000043 ], [ -14.418795, 19.700813334000031 ], [ -14.41873, 19.70097 ], [ -14.418663333999973, 19.701125000000104 ], [ -14.418596666999974, 19.701280000000111 ], [ -14.418531666999968, 19.701433333000125 ], [ -14.418465, 19.701585000000136 ], [ -14.418401666999898, 19.701738333000094 ], [ -14.418336666999949, 19.701890000000162 ], [ -14.417574999999886, 19.703678334000131 ], [ -14.417740706999894, 19.703865984000061 ], [ -14.417513333999921, 19.703821667 ], [ -14.417453333999958, 19.703966667000088 ], [ -14.41739166699989, 19.704111667 ], [ -14.41733, 19.704256667000095 ], [ -14.417268332999981, 19.704401666000138 ], [ -14.417206666999959, 19.704548333000105 ], [ -14.417146665999951, 19.704695 ], [ -14.417085, 19.704841667000039 ], [ -14.417023332999975, 19.704988334000177 ], [ -14.41696, 19.705133333 ], [ -14.416896666999889, 19.705278334000184 ], [ -14.41683166599995, 19.705425 ], [ -14.416766666999877, 19.705571666000139 ], [ -14.416703332999873, 19.705720000000156 ], [ -14.416638333999913, 19.705870000000118 ], [ -14.416573332999974, 19.706021666000026 ], [ -14.416508332999911, 19.706173333999971 ], [ -14.416444999999896, 19.706325000000106 ], [ -14.41638, 19.706476667000118 ], [ -14.416314999999884, 19.706628333000083 ], [ -14.41625, 19.70678 ], [ -14.41618666599993, 19.706931667000106 ], [ -14.416123332999859, 19.707083333000071 ], [ -14.41606, 19.707235 ], [ -14.415996666999945, 19.707385 ], [ -14.41593499999982, 19.707533333000185 ], [ -14.415873332999865, 19.707680000000153 ], [ -14.41581, 19.707823333000022 ], [ -14.415748332999897, 19.707968333999986 ], [ -14.415686666999875, 19.708115 ], [ -14.41562666699997, 19.708263334000094 ], [ -14.415564999999845, 19.708413333000124 ], [ -14.415501666999944, 19.708561666999969 ], [ -14.41543833299994, 19.708711666000056 ], [ -14.415376666999975, 19.70886 ], [ -14.415313333999961, 19.709008333000156 ], [ -14.41525, 19.709153333000074 ], [ -14.415189999999882, 19.709296666000114 ], [ -14.415128332999927, 19.709438333000037 ], [ -14.415068332999965, 19.709576667000135 ], [ -14.415008332999946, 19.709715000000131 ], [ -14.414951666999968, 19.709851667000123 ], [ -14.414893332999952, 19.709988333000069 ], [ -14.414836666999975, 19.710125000000119 ], [ -14.414778332999958, 19.710261667000111 ], [ -14.41472, 19.710401667000156 ], [ -14.414661666999962, 19.710543334000079 ], [ -14.4146, 19.710686667000118 ], [ -14.414536666999936, 19.710830000000158 ], [ -14.414473333999922, 19.71097333400013 ], [ -14.414411665999978, 19.711118333000115 ], [ -14.41435, 19.711263334000137 ], [ -14.414288332999888, 19.71141166700005 ], [ -14.414224999999817, 19.71156000000019 ], [ -14.414161665999927, 19.711713334000081 ], [ -14.414096666999967, 19.711866667000038 ], [ -14.414039711999919, 19.711997246000124 ], [ -14.415769443999977, 19.713672043000031 ], [ -14.41777650299997, 19.715876877000028 ], [ -14.419636558999912, 19.718195703000049 ], [ -14.421341610999946, 19.720619522000163 ], [ -14.422885658999974, 19.723141334000047 ], [ -14.424262702999897, 19.725749141000108 ], [ -14.425466742999959, 19.72843294200004 ], [ -14.426493777999951, 19.731183739000187 ], [ -14.427339808999932, 19.73398953300017 ], [ -14.428000834999921, 19.736841324000125 ], [ -14.42847485599998, 19.739725113000077 ], [ -14.428759871999944, 19.74263290100015 ], [ -14.428855883999972, 19.745551688000148 ], [ -14.428759889999924, 19.748469475999968 ], [ -14.428474891999883, 19.751377266000077 ], [ -14.428000887999929, 19.754261057000178 ], [ -14.427339879999863, 19.757112852000148 ], [ -14.42649386599993, 19.759918650000145 ], [ -14.425466847999871, 19.762669453000115 ], [ -14.424262824999971, 19.765353262000019 ], [ -14.422885796999935, 19.767961076000176 ], [ -14.421341763999976, 19.770482897000022 ], [ -14.419636726999954, 19.772906726000087 ], [ -14.417776684999978, 19.775225562000116 ], [ -14.415769639999894, 19.7774304080001 ], [ -14.413621589999877, 19.779510263000134 ], [ -14.411343535999947, 19.781460127000173 ], [ -14.408941478999907, 19.783270002000108 ], [ -14.406427417999907, 19.78493488800018 ], [ -14.40380835499991, 19.786446786000056 ], [ -14.40109728799996, 19.787800695000044 ], [ -14.398302217999969, 19.788990616000035 ], [ -14.395435145999897, 19.790013550000083 ], [ -14.39250707199983, 19.7908634960001 ], [ -14.389528996999957, 19.791538456000183 ], [ -14.386512918999927, 19.792035428000077 ], [ -14.392737139999952, 19.803372774000024 ], [ -14.395165919999897, 19.811402460000068 ], [ -14.500800556999934, 20.000209032000157 ], [ -14.75685670199988, 19.999997596000071 ], [ -15.107877981999877, 20.311389955999971 ] ] ] } },
{ "type": "Feature", "properties": { "adm2_name": "Akjoujt", "adm2_name1": null, "adm2_name2": null, "adm2_name3": null, "adm2_pcode": "MR121", "adm1_name": "Inchiri", "adm1_name1": null, "adm1_name2": null, "adm1_name3": null, "adm1_pcode": "MR12", "adm0_name": "Mauritanie", "adm0_name1": null, "adm0_name2": null, "adm0_name3": null, "adm0_pcode": "MR", "valid_on": "2024-03-27", "valid_to": null, "area_sqkm": 13419.58838264, "version": "v03", "lang": "fr", "lang1": null, "lang2": null, "lang3": null, "adm2_ref": "None", "center_lat": 19.90570003, "center_lon": -14.240971 }, "geometry": { "type": "Polygon", "coordinates": [ [ [ -14.113975650999976, 20.711849179000183 ], [ -14.115555735999976, 20.927017555000134 ], [ -15.107877981999877, 20.311389955999971 ], [ -14.75685670199988, 19.999997596000071 ], [ -14.500800556999934, 20.000209032000157 ], [ -14.395165919999897, 19.811402460000068 ], [ -14.392737139999952, 19.803372774000024 ], [ -14.386512918999927, 19.792035428000077 ], [ -14.389528996999957, 19.791538456000183 ], [ -14.39250707199983, 19.7908634960001 ], [ -14.395435145999897, 19.790013550000083 ], [ -14.398302217999969, 19.788990616000035 ], [ -14.40109728799996, 19.787800695000044 ], [ -14.40380835499991, 19.786446786000056 ], [ -14.406427417999907, 19.78493488800018 ], [ -14.408941478999907, 19.783270002000108 ], [ -14.411343535999947, 19.781460127000173 ], [ -14.413621589999877, 19.779510263000134 ], [ -14.415769639999894, 19.7774304080001 ], [ -14.417776684999978, 19.775225562000116 ], [ -14.419636726999954, 19.772906726000087 ], [ -14.421341763999976, 19.770482897000022 ], [ -14.422885796999935, 19.767961076000176 ], [ -14.424262824999971, 19.765353262000019 ], [ -14.425466847999871, 19.762669453000115 ], [ -14.42649386599993, 19.759918650000145 ], [ -14.427339879999863, 19.757112852000148 ], [ -14.428000887999929, 19.754261057000178 ], [ -14.428474891999883, 19.751377266000077 ], [ -14.428759889999924, 19.748469475999968 ], [ -14.428855883999972, 19.745551688000148 ], [ -14.428759871999944, 19.74263290100015 ], [ -14.42847485599998, 19.739725113000077 ], [ -14.428000834999921, 19.736841324000125 ], [ -14.427339808999932, 19.73398953300017 ], [ -14.426493777999951, 19.731183739000187 ], [ -14.425466742999959, 19.72843294200004 ], [ -14.424262702999897, 19.725749141000108 ], [ -14.422885658999974, 19.723141334000047 ], [ -14.421341610999946, 19.720619522000163 ], [ -14.419636558999912, 19.718195703000049 ], [ -14.41777650299997, 19.715876877000028 ], [ -14.415769443999977, 19.713672043000031 ], [ -14.414039711999919, 19.711997246000124 ], [ -14.414096666999967, 19.711866667000038 ], [ -14.414161665999927, 19.711713334000081 ], [ -14.414224999999817, 19.71156000000019 ], [ -14.414288332999888, 19.71141166700005 ], [ -14.41435, 19.711263334000137 ], [ -14.414411665999978, 19.711118333000115 ], [ -14.414473333999922, 19.71097333400013 ], [ -14.414536666999936, 19.710830000000158 ], [ -14.4146, 19.710686667000118 ], [ -14.414661666999962, 19.710543334000079 ], [ -14.41472, 19.710401667000156 ], [ -14.414778332999958, 19.710261667000111 ], [ -14.414836666999975, 19.710125000000119 ], [ -14.414893332999952, 19.709988333000069 ], [ -14.414951666999968, 19.709851667000123 ], [ -14.415008332999946, 19.709715000000131 ], [ -14.415068332999965, 19.709576667000135 ], [ -14.415128332999927, 19.709438333000037 ], [ -14.415189999999882, 19.709296666000114 ], [ -14.41525, 19.709153333000074 ], [ -14.415313333999961, 19.709008333000156 ], [ -14.415376666999975, 19.70886 ], [ -14.41543833299994, 19.708711666000056 ], [ -14.415501666999944, 19.708561666999969 ], [ -14.415564999999845, 19.708413333000124 ], [ -14.41562666699997, 19.708263334000094 ], [ -14.415686666999875, 19.708115 ], [ -14.415748332999897, 19.707968333999986 ], [ -14.41581, 19.707823333000022 ], [ -14.415873332999865, 19.707680000000153 ], [ -14.41593499999982, 19.707533333000185 ], [ -14.415996666999945, 19.707385 ], [ -14.41606, 19.707235 ], [ -14.416123332999859, 19.707083333000071 ], [ -14.41618666599993, 19.706931667000106 ], [ -14.41625, 19.70678 ], [ -14.416314999999884, 19.706628333000083 ], [ -14.41638, 19.706476667000118 ], [ -14.416444999999896, 19.706325000000106 ], [ -14.416508332999911, 19.706173333999971 ], [ -14.416573332999974, 19.706021666000026 ], [ -14.416638333999913, 19.705870000000118 ], [ -14.416703332999873, 19.705720000000156 ], [ -14.416766666999877, 19.705571666000139 ], [ -14.41683166599995, 19.705425 ], [ -14.416896666999889, 19.705278334000184 ], [ -14.41696, 19.705133333 ], [ -14.417023332999975, 19.704988334000177 ], [ -14.417085, 19.704841667000039 ], [ -14.417146665999951, 19.704695 ], [ -14.417206666999959, 19.704548333000105 ], [ -14.417268332999981, 19.704401666000138 ], [ -14.41733, 19.704256667000095 ], [ -14.41739166699989, 19.704111667 ], [ -14.417453333999958, 19.703966667000088 ], [ -14.417513333999921, 19.703821667 ], [ -14.417740706999894, 19.703865984000061 ], [ -14.417574999999886, 19.703678334000131 ], [ -14.418336666999949, 19.701890000000162 ], [ -14.418401666999898, 19.701738333000094 ], [ -14.418465, 19.701585000000136 ], [ -14.418531666999968, 19.701433333000125 ], [ -14.418596666999974, 19.701280000000111 ], [ -14.418663333999973, 19.701125000000104 ], [ -14.41873, 19.70097 ], [ -14.418795, 19.700813334000031 ], [ -14.418861665999941, 19.700656666000043 ], [ -14.41892833299994, 19.7005 ], [ -14.418996665999941, 19.700341666000099 ], [ -14.41906333299994, 19.700183333000041 ], [ -14.419131665999885, 19.700025 ], [ -14.419198332999883, 19.699866667000151 ], [ -14.419266665999942, 19.699706667000044 ], [ -14.419335, 19.69954666600006 ], [ -14.419401666999931, 19.699386666000123 ], [ -14.41947, 19.699226667000119 ], [ -14.419538332999878, 19.699066667000068 ], [ -14.419606666999925, 19.698906667000131 ], [ -14.419673332999935, 19.698746666000147 ], [ -14.419739999999877, 19.698590000000138 ], [ -14.419806666999875, 19.698433334000129 ], [ -14.419875, 19.698278334000122 ], [ -14.419944999999871, 19.698125 ], [ -14.420015, 19.697973333000164 ], [ -14.42009, 19.697823333000031 ], [ -14.42016666599983, 19.697676667000167 ], [ -14.420246665999969, 19.69753 ], [ -14.420326666999927, 19.697385 ], [ -14.42040999999989, 19.69724 ], [ -14.420495, 19.697098333000099 ], [ -14.42058, 19.696956667000052 ], [ -14.420665, 19.696816666000132 ], [ -14.420751665999887, 19.696676666000087 ], [ -14.42084, 19.696538333000092 ], [ -14.42093, 19.696398333000047 ], [ -14.421021666999934, 19.696261667000101 ], [ -14.421116666999978, 19.696125000000109 ], [ -14.421211666999966, 19.695988333000059 ], [ -14.421309999999835, 19.695855000000165 ], [ -14.42141, 19.695721666000111 ], [ -14.42151, 19.695588334000092 ], [ -14.421613332999982, 19.695453333000046 ], [ -14.421715, 19.69532 ], [ -14.421818332999976, 19.695185000000151 ], [ -14.421923333999871, 19.695048333000102 ], [ -14.422028332999957, 19.694911667000156 ], [ -14.42213333299992, 19.694773333000057 ], [ -14.42224, 19.694633334000116 ], [ -14.422346666999886, 19.694491666000147 ], [ -14.422455, 19.694348333000107 ], [ -14.42256333399996, 19.694205 ], [ -14.422673332999921, 19.69406333400002 ], [ -14.42278333299987, 19.693920000000105 ], [ -14.422891666999874, 19.693778333000182 ], [ -14.423, 19.693636666000089 ], [ -14.423108332999959, 19.693496666000044 ], [ -14.423215, 19.693355 ], [ -14.423321666999925, 19.693215 ], [ -14.42343, 19.693073334000189 ], [ -14.423536666999951, 19.692933333999974 ], [ -14.423643332999973, 19.692793333000054 ], [ -14.42375, 19.69265333300018 ], [ -14.42385499999989, 19.692513333000136 ], [ -14.423961666999958, 19.692373333000091 ], [ -14.424068333999969, 19.69223333400015 ], [ -14.424175, 19.692095 ], [ -14.424281665999956, 19.691956666000181 ], [ -14.42439, 19.691818333000185 ], [ -14.424496665999982, 19.691681667000069 ], [ -14.424604999999872, 19.691546666000022 ], [ -14.42471833299993, 19.69141500000012 ], [ -14.424835, 19.691286667000099 ], [ -14.424955, 19.691158334000022 ], [ -14.425075, 19.691033333000064 ], [ -14.425198333999958, 19.69091 ], [ -14.425323332999881, 19.690790000000106 ], [ -14.425451665999958, 19.690670000000125 ], [ -14.42558166699996, 19.690553334000072 ], [ -14.425715, 19.690438334000135 ], [ -14.425851666999904, 19.690325 ], [ -14.425991666999948, 19.690215000000137 ], [ -14.426133333999928, 19.690108334 ], [ -14.426278332999971, 19.690003333000107 ], [ -14.426425, 19.689901667000072 ], [ -14.426571666999962, 19.689801667000154 ], [ -14.426719999999818, 19.689705 ], [ -14.426871666999943, 19.689610000000187 ], [ -14.427025, 19.689520000000186 ], [ -14.427178332999972, 19.689431667000065 ], [ -14.427331666999976, 19.689346666000063 ], [ -14.427483332999827, 19.689265 ], [ -14.427635, 19.68918500000018 ], [ -14.42778833299991, 19.689108333000149 ], [ -14.427941666999914, 19.689031666000119 ], [ -14.428094999999814, 19.688955000000135 ], [ -14.428248332999885, 19.688880000000154 ], [ -14.428401666999946, 19.688805000000173 ], [ -14.428555, 19.688730000000191 ], [ -14.428706665999982, 19.688655 ], [ -14.428859999999872, 19.68858 ], [ -14.429013332999943, 19.688505 ], [ -14.429166666999947, 19.68843 ], [ -14.429318332999969, 19.688353334000112 ], [ -14.429471665999927, 19.688276667000082 ], [ -14.429625, 19.6882 ], [ -14.429776666999942, 19.688121667000019 ], [ -14.429928332999964, 19.68804333300011 ], [ -14.43008, 19.687966667000182 ], [ -14.430231665999941, 19.687890000000152 ], [ -14.430383333999941, 19.687811667000119 ], [ -14.430535, 19.68773333300004 ], [ -14.430686666999918, 19.687655 ], [ -14.43084, 19.687576667000087 ], [ -14.430991665999954, 19.6875 ], [ -14.431146665999961, 19.687421667000024 ], [ -14.431301665999911, 19.687343333000115 ], [ -14.431458333999899, 19.687263333000089 ], [ -14.431615, 19.68718333400011 ], [ -14.431771665999975, 19.687101666000103 ], [ -14.431928333999906, 19.68702 ], [ -14.432085, 19.68694 ], [ -14.432241666999971, 19.68686 ], [ -14.432398332999981, 19.686778333000063 ], [ -14.43255333399992, 19.686698333000038 ], [ -14.432708333999869, 19.68662 ], [ -14.432863333999819, 19.68654 ], [ -14.433016665999958, 19.686461666000071 ], [ -14.433168332999912, 19.686383334000027 ], [ -14.433321666999973, 19.686305000000118 ], [ -14.433471666999878, 19.686228334000134 ], [ -14.433621665999965, 19.686151667000104 ], [ -14.43377, 19.686075 ], [ -14.433918333999884, 19.685998333000043 ], [ -14.434066666999968, 19.685921667000059 ], [ -14.434216666999873, 19.685845 ], [ -14.434365, 19.685766667000053 ], [ -14.434515, 19.68569 ], [ -14.434665, 19.685611666999989 ], [ -14.434815, 19.685536667 ], [ -14.434963332999928, 19.68546 ], [ -14.435111666999944, 19.685385000000167 ], [ -14.43526, 19.685308334000069 ], [ -14.43541, 19.685231666000107 ], [ -14.435559999999896, 19.685153334 ], [ -14.435711665999918, 19.685075 ], [ -14.435863333999976, 19.684996666000188 ], [ -14.436016666999933, 19.684918334000088 ], [ -14.436171666999883, 19.68484 ], [ -14.436325, 19.684761666000099 ], [ -14.436478332999968, 19.684681666000074 ], [ -14.436633332999975, 19.684603333000098 ], [ -14.436788332999924, 19.684523333000016 ], [ -14.436943332999874, 19.684443333000161 ], [ -14.437099999999873, 19.684361667000132 ], [ -14.437256666999872, 19.68428 ], [ -14.437413332999938, 19.68419833400003 ], [ -14.43757, 19.684118334000175 ], [ -14.437726666999936, 19.684038334000149 ], [ -14.437884999999824, 19.683958333000191 ], [ -14.438043332999939, 19.683876667000163 ], [ -14.438203333999979, 19.683796667000138 ], [ -14.438361665999935, 19.683713333000128 ], [ -14.438521666999918, 19.683630000000107 ], [ -14.43868, 19.68354666700003 ], [ -14.438838332999921, 19.683463333000077 ], [ -14.438996666999969, 19.68338 ], [ -14.439156666999963, 19.68329666700015 ], [ -14.439316665999968, 19.683215 ], [ -14.439475, 19.683131667000168 ], [ -14.439635, 19.683051667000143 ], [ -14.439795, 19.68297 ], [ -14.439955, 19.682890000000157 ], [ -14.440113332999886, 19.682808333000082 ], [ -14.440273333999812, 19.682726667000054 ], [ -14.440431665999938, 19.682643333000101 ], [ -14.440589999999816, 19.682558334000078 ], [ -14.440748332999931, 19.682475000000125 ], [ -14.44091, 19.682391667000047 ], [ -14.441073333999839, 19.682310000000143 ], [ -14.441236666999941, 19.682226666000133 ], [ -14.4414, 19.682143333000113 ], [ -14.441563333999966, 19.68206 ], [ -14.441726666999955, 19.681978333000131 ], [ -14.441888332999952, 19.681896666000057 ], [ -14.442051666999873, 19.68181333300015 ], [ -14.442213332999927, 19.68173 ], [ -14.442376665999916, 19.681648333000169 ], [ -14.442538333999892, 19.681565000000148 ], [ -14.442701666999938, 19.681481667000071 ], [ -14.442863332999877, 19.681396667000115 ], [ -14.443025, 19.681313334000095 ], [ -14.443186666999964, 19.681230000000141 ], [ -14.443349999999896, 19.681145000000186 ], [ -14.443513333999931, 19.68106 ], [ -14.44367833299998, 19.68097500000016 ], [ -14.443843333999951, 19.68089 ], [ -14.444009999999878, 19.680803334000188 ], [ -14.444176666999908, 19.680716667000183 ], [ -14.444344999999885, 19.68063 ], [ -14.444511666999915, 19.68054333300006 ], [ -14.444678333999946, 19.680458333000104 ], [ -14.444844999999873, 19.680373334000137 ], [ -14.445013333999952, 19.680290000000127 ], [ -14.445178332999944, 19.680205 ], [ -14.445343333999972, 19.680120000000102 ], [ -14.445508332999964, 19.680035 ], [ -14.445673333999935, 19.679951667000125 ], [ -14.445838332999926, 19.679866666000123 ], [ -14.446003332999965, 19.6797816670001 ], [ -14.446166666999886, 19.679696666999973 ], [ -14.44633, 19.679611666000142 ], [ -14.446493333999911, 19.679526667000118 ], [ -14.446658332999903, 19.679441666000116 ], [ -14.446823333999873, 19.679356667000093 ], [ -14.446991666999963, 19.679271667000023 ], [ -14.44716, 19.679185000000189 ], [ -14.447328332999916, 19.679096667000067 ], [ -14.447496666999882, 19.679008334000173 ], [ -14.447665, 19.678920000000119 ], [ -14.447835, 19.678831666000121 ], [ -14.448006666999902, 19.67874333300017 ], [ -14.448176666999927, 19.678656666 ], [ -14.448349999999891, 19.67857 ], [ -14.448521665999976, 19.678481666000096 ], [ -14.448695, 19.678393333000145 ], [ -14.448868332999893, 19.678305 ], [ -14.44904, 19.678216667000129 ], [ -14.449213332999932, 19.678128333000075 ], [ -14.449384999999893, 19.678040000000124 ], [ -14.44955833399996, 19.67795000000018 ], [ -14.449733333999973, 19.677861666000126 ], [ -14.44990666599989, 19.677773333 ], [ -14.45008, 19.677685 ], [ -14.450253332999978, 19.677596667000159 ], [ -14.450428332999934, 19.677508334000038 ], [ -14.450601666999944, 19.677418333000105 ], [ -14.450776666999957, 19.677328333000162 ], [ -14.45095, 19.67724 ], [ -14.451123332999941, 19.67715 ], [ -14.451295, 19.677061666000043 ], [ -14.451468333999969, 19.676973333000092 ], [ -14.451639999999884, 19.676885000000141 ], [ -14.451813332999848, 19.676796667000019 ], [ -14.451985, 19.676708334000068 ], [ -14.45215666699994, 19.676618333000022 ], [ -14.45233, 19.67653 ], [ -14.452501665999932, 19.67644 ], [ -14.452674999999886, 19.676351667000176 ], [ -14.452846666999903, 19.676263333000122 ], [ -14.45302, 19.676173333000122 ], [ -14.453191666999942, 19.676085 ], [ -14.453365, 19.675996667000106 ], [ -14.453536665999877, 19.675908334000155 ], [ -14.45371, 19.675820000000158 ], [ -14.453881666999905, 19.675731666000104 ], [ -14.45405333299982, 19.675641667000036 ], [ -14.454226666999944, 19.675551667000036 ], [ -14.4544, 19.67546166600016 ], [ -14.454573332999928, 19.675371667000093 ], [ -14.454746666999881, 19.675281667000093 ], [ -14.454921666999894, 19.675191667000092 ], [ -14.455094999999858, 19.675103333000095 ], [ -14.45527, 19.675013334000027 ], [ -14.455443333999881, 19.674923333000095 ], [ -14.455616666999958, 19.674833333000095 ], [ -14.45579, 19.674743333000151 ], [ -14.455966666999927, 19.674653333000151 ], [ -14.45614166699994, 19.674565 ], [ -14.45632, 19.674476667000079 ], [ -14.456496665999907, 19.674388334000184 ], [ -14.456673333999959, 19.67430000000013 ], [ -14.45685, 19.674208333000081 ], [ -14.457025, 19.674118333000138 ], [ -14.4572, 19.674028333000138 ], [ -14.457373333999897, 19.67393833400007 ], [ -14.457548332999977, 19.67385 ], [ -14.457719999999881, 19.673761666000189 ], [ -14.457893332999845, 19.673673333000067 ], [ -14.458065, 19.673585000000116 ], [ -14.45823833299994, 19.673496667 ], [ -14.45841, 19.67341 ], [ -14.458581666999862, 19.673321667000096 ], [ -14.458751666999888, 19.673233333000098 ], [ -14.458923332999973, 19.673143333000098 ], [ -14.459094999999877, 19.673055000000147 ], [ -14.459266665999962, 19.672968332999972 ], [ -14.459438332999866, 19.67288 ], [ -14.45961, 19.672791667000126 ], [ -14.45978, 19.672703333000072 ], [ -14.459951665999881, 19.672616667000057 ], [ -14.460123333999945, 19.672528333000173 ], [ -14.460295, 19.672441667000101 ], [ -14.460466666999935, 19.672355000000152 ], [ -14.460639999999898, 19.672266667000031 ], [ -14.460811666999973, 19.672178332999977 ], [ -14.460985, 19.67208833400008 ], [ -14.46115833399989, 19.671998333000033 ], [ -14.461331665999921, 19.671908334000136 ], [ -14.461504999999875, 19.671818333000033 ], [ -14.461678332999952, 19.671726667000087 ], [ -14.461851666999962, 19.67163666600004 ], [ -14.462025, 19.671546667000143 ], [ -14.46219666699983, 19.671455 ], [ -14.46237, 19.671365 ], [ -14.462543333999918, 19.671275000000151 ], [ -14.462716665999949, 19.67118500000015 ], [ -14.462891665999962, 19.671093334000034 ], [ -14.463065, 19.671003333000101 ], [ -14.46324, 19.670911666999984 ], [ -14.463413332999949, 19.670821666000109 ], [ -14.463589999999897, 19.670730000000162 ], [ -14.463766666999959, 19.670641666000108 ], [ -14.463943332999918, 19.670551667000041 ], [ -14.464118332999931, 19.670461667000097 ], [ -14.464293332999944, 19.670368334000102 ], [ -14.464466666999954, 19.670276667000053 ], [ -14.46464, 19.670186667000053 ], [ -14.464813332999881, 19.670098334000102 ], [ -14.464986666999948, 19.670010000000104 ], [ -14.46516, 19.66992166600005 ], [ -14.465335, 19.669833333000156 ], [ -14.465508333999935, 19.669743333000156 ], [ -14.465681665999966, 19.669655 ], [ -14.465855, 19.669566667000083 ], [ -14.46602833299994, 19.669478333000086 ], [ -14.466201666999893, 19.669390000000135 ], [ -14.466373332999979, 19.669301667000184 ], [ -14.466544999999883, 19.669215 ], [ -14.466715, 19.669126667000114 ], [ -14.466884999999877, 19.669040000000109 ], [ -14.467055, 19.668955 ], [ -14.467226665999817, 19.668866665999985 ], [ -14.4674, 19.668778333000034 ], [ -14.46757, 19.668688333000091 ], [ -14.467741666999871, 19.668596666000042 ], [ -14.467913332999956, 19.668508333000091 ], [ -14.468085, 19.66842 ], [ -14.468256665999945, 19.668331667000075 ], [ -14.46842666699996, 19.668243334000124 ], [ -14.468598332999875, 19.668156667000119 ], [ -14.46877, 19.668068334 ], [ -14.46894, 19.667981667000049 ], [ -14.46911, 19.667895 ], [ -14.46928, 19.66780666700015 ], [ -14.469451666999873, 19.667720000000145 ], [ -14.469623333999948, 19.667631667000023 ], [ -14.469793332999927, 19.667543334000129 ], [ -14.469963332999953, 19.667455 ], [ -14.470135, 19.667365 ], [ -14.470305, 19.667275000000132 ], [ -14.470476666999957, 19.66718666700018 ], [ -14.470648332999929, 19.667096666000077 ], [ -14.47082, 19.667008333000183 ], [ -14.470993332999967, 19.666921667000111 ], [ -14.47116666699992, 19.666833333000056 ], [ -14.471338333999938, 19.666745000000105 ], [ -14.47151, 19.666656667000041 ], [ -14.471681666999928, 19.66656833400009 ], [ -14.471853332999899, 19.666478332999986 ], [ -14.472023333999857, 19.666391666000038 ], [ -14.472195, 19.666303333000087 ], [ -14.472365, 19.666215 ], [ -14.472536666999872, 19.666128333000188 ], [ -14.472706665999908, 19.666041666000012 ], [ -14.472876665999934, 19.665953333000061 ], [ -14.473046666999949, 19.665866666000113 ], [ -14.473216666999917, 19.665778333000162 ], [ -14.473386665999953, 19.66569 ], [ -14.473555, 19.665603333000092 ], [ -14.473725, 19.665515000000141 ], [ -14.473891665999872, 19.66542666700002 ], [ -14.47406, 19.665338334000069 ], [ -14.474226665999879, 19.665251667000121 ], [ -14.474395, 19.665165000000115 ], [ -14.474563332999935, 19.665078333000167 ], [ -14.474735, 19.664991667000095 ], [ -14.474905, 19.664905000000147 ], [ -14.475078332999942, 19.664816667000025 ], [ -14.475249999999846, 19.664728332999971 ], [ -14.475421666999921, 19.66464 ], [ -14.475593333999939, 19.664551667000126 ], [ -14.47576666599997, 19.664463334000175 ], [ -14.47594, 19.664375000000121 ], [ -14.476115, 19.664285000000177 ], [ -14.476288332999957, 19.664196667000056 ], [ -14.47646333299997, 19.664106667000055 ], [ -14.47663666699998, 19.664016667000055 ], [ -14.47681, 19.663928333000058 ], [ -14.476983332999907, 19.663838334000161 ], [ -14.477156666999861, 19.663751666999985 ], [ -14.477328333999935, 19.663663334000034 ], [ -14.47749999999985, 19.663575 ], [ -14.477671666999925, 19.663486665999983 ], [ -14.477843332999896, 19.663398333000089 ], [ -14.478016666999963, 19.663308334000192 ], [ -14.47819, 19.663218333000088 ], [ -14.478365, 19.66313 ], [ -14.47853833399995, 19.663038334000021 ], [ -14.478713333999963, 19.662948333000145 ], [ -14.478888333999976, 19.662858333000145 ], [ -14.479063333999875, 19.662768332999974 ], [ -14.47924, 19.662678333000031 ], [ -14.479416666999896, 19.662588334000134 ], [ -14.479593332999855, 19.66249833300003 ], [ -14.47977, 19.66240833300003 ], [ -14.479946666999979, 19.662316666000038 ], [ -14.480123332999938, 19.662225 ], [ -14.480299999999886, 19.662131667000097 ], [ -14.480475, 19.66204 ], [ -14.480651666999847, 19.66195 ], [ -14.48083, 19.661858333 ], [ -14.481006666999974, 19.661765 ], [ -14.481185, 19.661673334000056 ], [ -14.481363333999923, 19.661580000000185 ], [ -14.481541666999931, 19.661485000000141 ], [ -14.48172, 19.661393333000092 ], [ -14.4819, 19.6613 ], [ -14.482079999999883, 19.661208333000047 ], [ -14.482261665999943, 19.661115 ], [ -14.482443332999935, 19.661021667000057 ], [ -14.482624999999871, 19.66093 ], [ -14.482805, 19.660835000000191 ], [ -14.482985, 19.660741666999968 ], [ -14.483163332999936, 19.660648333000097 ], [ -14.483339999999885, 19.660555000000102 ], [ -14.483518332999893, 19.660463334000156 ], [ -14.483695, 19.660371667000106 ], [ -14.483873332999963, 19.66028 ], [ -14.48405, 19.660188334000111 ], [ -14.48422666599987, 19.660098333000064 ], [ -14.484403333999921, 19.660006667000118 ], [ -14.48457999999988, 19.659915 ], [ -14.484754999999893, 19.659823334000123 ], [ -14.484928332999914, 19.659731667000074 ], [ -14.485103332999927, 19.65964 ], [ -14.48527833299994, 19.65955 ], [ -14.485453332999953, 19.65946 ], [ -14.485628332999966, 19.65937 ], [ -14.485801666999976, 19.659280000000138 ], [ -14.48597333299989, 19.659190000000137 ], [ -14.486145, 19.659100000000137 ], [ -14.486318333999918, 19.65901 ], [ -14.486489999999833, 19.65892 ], [ -14.486661666999908, 19.65883 ], [ -14.486834999999871, 19.658741667000072 ], [ -14.487008332999892, 19.658653333000018 ], [ -14.487181666999959, 19.658565000000124 ], [ -14.487355, 19.65847666600007 ], [ -14.487526665999894, 19.65839 ], [ -14.487695, 19.658303333000049 ], [ -14.487861666999891, 19.658218334000026 ], [ -14.488025, 19.658133333000023 ], [ -14.488185, 19.658050000000117 ], [ -14.488343333999978, 19.657966666000164 ], [ -14.488499999999874, 19.657886666000138 ], [ -14.488654999999824, 19.65780500000011 ], [ -14.488808332999895, 19.657725 ], [ -14.488961666999955, 19.657646667000051 ], [ -14.489113332999978, 19.657568333000143 ], [ -14.489261665999834, 19.657490000000166 ], [ -14.489411666999899, 19.657411667000133 ], [ -14.489561666999975, 19.657335000000103 ], [ -14.489711665999948, 19.657256667000127 ], [ -14.4898616669999, 19.657178333000047 ], [ -14.490013332999922, 19.6571 ], [ -14.490164999999877, 19.657021667000038 ], [ -14.490315, 19.656943333000129 ], [ -14.490466666999964, 19.656866667000031 ], [ -14.490618332999929, 19.656788333000122 ], [ -14.49077, 19.65671 ], [ -14.49092, 19.656633333000059 ], [ -14.49107, 19.656556667000132 ], [ -14.49122, 19.656481667000151 ], [ -14.491368333999958, 19.656406666000066 ], [ -14.491516666999871, 19.656331666000085 ], [ -14.491664999999898, 19.65625666700015 ], [ -14.491813333999914, 19.656181667000169 ], [ -14.491961666999941, 19.65610333300009 ], [ -14.49211, 19.656025000000113 ], [ -14.49226, 19.65594666700008 ], [ -14.492409999999893, 19.655868333000171 ], [ -14.492561666999961, 19.655788333000146 ], [ -14.492715, 19.655710000000113 ], [ -14.49287, 19.655631667000137 ], [ -14.493023333999929, 19.655553333000057 ], [ -14.493178333999879, 19.655473334000078 ], [ -14.493334999999888, 19.655393334000053 ], [ -14.493491665999954, 19.655313334000027 ], [ -14.493648333999943, 19.655233333000069 ], [ -14.493806665999898, 19.655153332999987 ], [ -14.493966666999938, 19.655071667000186 ], [ -14.494124999999883, 19.654988333 ], [ -14.494284999999877, 19.654906666000102 ], [ -14.494446665999931, 19.654823333000024 ], [ -14.494608332999974, 19.654740000000174 ], [ -14.494771666999895, 19.654655 ], [ -14.494935, 19.654571666000095 ], [ -14.49509833299993, 19.654486667000072 ], [ -14.495265, 19.654400000000123 ], [ -14.49543, 19.654313333000118 ], [ -14.495596665999869, 19.654228333000049 ], [ -14.4957633329999, 19.654141667000147 ], [ -14.49593, 19.65405666700002 ], [ -14.496098332999907, 19.653971666000189 ], [ -14.496266666999873, 19.653885000000116 ], [ -14.496436665999909, 19.653798333000168 ], [ -14.496605, 19.653711667000096 ], [ -14.496773332999965, 19.653623333000041 ], [ -14.496941665999941, 19.653536666999969 ], [ -14.497111666999899, 19.653448333000142 ], [ -14.497281666999925, 19.65336 ], [ -14.497443332999978, 19.653275000000122 ], [ -14.497606665999911, 19.653188334000049 ], [ -14.49777, 19.653101667000044 ], [ -14.497931666999875, 19.65301333400015 ], [ -14.498095, 19.652926667000145 ], [ -14.49825833299991, 19.65284 ], [ -14.498421666999946, 19.652753333000192 ], [ -14.498586666999927, 19.652666667000119 ], [ -14.498751666999965, 19.652580000000171 ], [ -14.498914999999897, 19.652491667000049 ], [ -14.499079999999879, 19.652403333 ], [ -14.499246665999976, 19.652315000000101 ], [ -14.499413332999836, 19.652225000000101 ], [ -14.49958, 19.652136666000047 ], [ -14.499748332999843, 19.652046666999979 ], [ -14.499916666999979, 19.651958334000028 ], [ -14.500084999999899, 19.65187 ], [ -14.50025166699993, 19.651783334000129 ], [ -14.50042, 19.651695000000132 ], [ -14.500588332999882, 19.651610000000176 ], [ -14.500756666999962, 19.651521667000054 ], [ -14.500923333999879, 19.651435000000106 ], [ -14.50109, 19.651346667000155 ], [ -14.501258332999896, 19.651258334000033 ], [ -14.501425, 19.651171667000085 ], [ -14.501593332999903, 19.651083334000134 ], [ -14.50176, 19.650996667000129 ], [ -14.501926666999964, 19.650910000000181 ], [ -14.502095, 19.650821667000059 ], [ -14.502261666999971, 19.650735000000111 ], [ -14.50243, 19.650648333000106 ], [ -14.502596666999978, 19.650561667000034 ], [ -14.502765, 19.650475 ], [ -14.502931665999881, 19.65038833300008 ], [ -14.5031, 19.650301666000132 ], [ -14.503266666999878, 19.650213333000181 ], [ -14.503435, 19.650126666 ], [ -14.503601666999884, 19.650038333000111 ], [ -14.50377, 19.64995000000016 ], [ -14.503938332999951, 19.649863332999985 ], [ -14.504108332999976, 19.649776666000037 ], [ -14.504276665999953, 19.649690000000135 ], [ -14.504443332999926, 19.649603334000062 ], [ -14.50461166599996, 19.64951833300006 ], [ -14.504778332999933, 19.649431667000158 ], [ -14.50494499999985, 19.649345 ], [ -14.505111666999937, 19.649258333000034 ], [ -14.505276666999919, 19.649173334000182 ], [ -14.50544333299996, 19.64909 ], [ -14.505606666999881, 19.649006666999981 ], [ -14.505771666999863, 19.64892 ], [ -14.505935, 19.648836667000126 ], [ -14.506096666999838, 19.648751667000056 ], [ -14.506258332999892, 19.648666666 ], [ -14.506418332999885, 19.648583333000147 ], [ -14.50658, 19.64849833300002 ], [ -14.506741666999915, 19.648413334 ], [ -14.506903332999968, 19.648328333000165 ], [ -14.507066665999957, 19.648241667000093 ], [ -14.507229999999822, 19.648155000000145 ], [ -14.507395, 19.648068332999969 ], [ -14.507561666999891, 19.647981666000192 ], [ -14.50773, 19.64789333300007 ], [ -14.507896666999898, 19.647806666000065 ], [ -14.508066666999923, 19.64772 ], [ -14.508234999999843, 19.647633334000147 ], [ -14.508405, 19.647546666999972 ], [ -14.508574999999894, 19.64746 ], [ -14.508745, 19.647373333000019 ], [ -14.508915, 19.647285 ], [ -14.509086666999963, 19.647196667000173 ], [ -14.509256666999818, 19.647108334000052 ], [ -14.50943, 19.64702 ], [ -14.509601665999924, 19.646931666000171 ], [ -14.509774999999877, 19.646843333000049 ], [ -14.509946666999952, 19.646753334000152 ], [ -14.51012, 19.646665000000155 ], [ -14.510295, 19.646575000000155 ], [ -14.510468332999949, 19.646486667000033 ], [ -14.510641666999902, 19.646398332999979 ], [ -14.510815, 19.64631 ], [ -14.510988333999933, 19.64622 ], [ -14.511163333999946, 19.646131666000031 ], [ -14.511336665999977, 19.646043333000136 ], [ -14.511511665999876, 19.645953334000069 ], [ -14.511685, 19.645865000000185 ], [ -14.511859999999899, 19.645776666000188 ], [ -14.512033332999977, 19.645688333000066 ], [ -14.51220666699993, 19.645600000000115 ], [ -14.512381666999943, 19.645511667 ], [ -14.512555, 19.645423333000167 ], [ -14.512728332999927, 19.6453333340001 ], [ -14.51290333299994, 19.645240000000172 ], [ -14.513078332999896, 19.645148333000122 ], [ -14.513253332999909, 19.64505666600013 ], [ -14.51343, 19.644963333000135 ], [ -14.51360499999987, 19.644871667000189 ], [ -14.513781666999932, 19.64477833300009 ], [ -14.513958332999891, 19.644686666000041 ], [ -14.514135, 19.644593333000046 ], [ -14.514311666999902, 19.6445 ], [ -14.514486666999915, 19.644408333 ], [ -14.514663332999874, 19.644315 ], [ -14.51484, 19.644223333000184 ], [ -14.515018332999944, 19.644131667000067 ], [ -14.515196665999952, 19.644040000000189 ], [ -14.515375, 19.643948334000072 ], [ -14.515553332999957, 19.643856667000023 ], [ -14.515731666999898, 19.643765 ], [ -14.51591, 19.643671666000103 ], [ -14.516088332999914, 19.643580000000156 ], [ -14.516266666999911, 19.643486667000161 ], [ -14.516443332999813, 19.643395000000112 ], [ -14.51662, 19.643303334000166 ], [ -14.516796665999891, 19.643211667000116 ], [ -14.51697, 19.643121667000116 ], [ -14.517145, 19.64303166600007 ], [ -14.517318332999821, 19.642941667000173 ], [ -14.517493332999891, 19.642850000000124 ], [ -14.51767, 19.642761667 ], [ -14.517846666999901, 19.642671667000059 ], [ -14.518021666999914, 19.642581666000126 ], [ -14.518198332999873, 19.642491667000058 ], [ -14.518375, 19.6424 ], [ -14.518551665999894, 19.64231 ], [ -14.518728333999945, 19.642218333000187 ], [ -14.518903333999958, 19.64212666700007 ], [ -14.519078333999971, 19.642036665999967 ], [ -14.519255, 19.64194666700007 ], [ -14.51943, 19.641856666000024 ], [ -14.519603333999953, 19.641768333000073 ], [ -14.519775, 19.641680000000122 ], [ -14.519946666999942, 19.641591667 ], [ -14.520116666999968, 19.641505 ], [ -14.520285, 19.641418333000047 ], [ -14.52045, 19.64133333400008 ], [ -14.520611666999912, 19.64125 ], [ -14.520773333999955, 19.641168333000167 ], [ -14.52093166599991, 19.641086666999968 ], [ -14.52109, 19.641005 ], [ -14.521251666999945, 19.640923334000036 ], [ -14.521415, 19.64084 ], [ -14.521581666999964, 19.640755000000183 ], [ -14.521753333999868, 19.640668334000111 ], [ -14.521925, 19.64058 ], [ -14.522101665999912, 19.640490000000113 ], [ -14.52228, 19.640401667000162 ], [ -14.52246, 19.640310000000113 ], [ -14.52264, 19.640216667000118 ], [ -14.52282166599997, 19.640123334000123 ], [ -14.523003332999906, 19.640028334000078 ], [ -14.52318833299995, 19.639931667000155 ], [ -14.523373332999881, 19.639835 ], [ -14.52356, 19.639736667000022 ], [ -14.523748332999901, 19.63964 ], [ -14.523934999999881, 19.63954166700006 ], [ -14.52412333299992, 19.639443334000191 ], [ -14.524311666999893, 19.639345 ], [ -14.524498333999873, 19.639248334 ], [ -14.524683332999928, 19.639151667000135 ], [ -14.524868333999962, 19.639056667000091 ], [ -14.52505, 19.638963333000163 ], [ -14.525229999999851, 19.638871667000046 ], [ -14.52540666699997, 19.638780000000168 ], [ -14.525583332999929, 19.63869 ], [ -14.525758332999942, 19.6386 ], [ -14.525933332999955, 19.63851 ], [ -14.526106666999908, 19.63842 ], [ -14.52628, 19.638328334000107 ], [ -14.526453333999882, 19.638238333000061 ], [ -14.526625, 19.63815000000011 ], [ -14.526791666999941, 19.638065 ], [ -14.526948332999893, 19.637983333000079 ], [ -14.52709666599992, 19.637906667000152 ], [ -14.527233333999959, 19.637835000000166 ], [ -14.527365, 19.637765 ], [ -14.527493332999882, 19.637695000000122 ], [ -14.52761833399984, 19.637626666000131 ], [ -14.52774, 19.637560000000121 ], [ -14.527854999999875, 19.63749833300011 ], [ -14.52796, 19.637443333000135 ], [ -14.528054999999824, 19.637391666000042 ], [ -14.528144999999881, 19.637343333000047 ], [ -14.528303333999929, 19.637256666000098 ], [ -14.528439999999875, 19.637181667 ], [ -14.528565, 19.637115000000108 ], [ -14.52868, 19.637055 ], [ -14.528788333999898, 19.636998333000122 ], [ -14.528891666999925, 19.63697000000019 ], [ -14.533896666999908, 19.63445333300001 ], [ -14.534016665999957, 19.634400000000142 ], [ -14.534126666999839, 19.63433166599998 ], [ -14.534215, 19.634281667000039 ], [ -14.534314999999879, 19.634218333000149 ], [ -14.534388333999971, 19.634140000000116 ], [ -14.534496666999814, 19.634053333000168 ], [ -14.53462166599985, 19.633965 ], [ -14.534764999999879, 19.633866667000177 ], [ -14.53492, 19.633761666999987 ], [ -14.53500166699996, 19.633706665999966 ], [ -14.535088333999909, 19.633658332999971 ], [ -14.535176666999917, 19.63360833400003 ], [ -14.535266665999927, 19.633553334000112 ], [ -14.535356666999917, 19.63350000000014 ], [ -14.535458333999884, 19.633438333000072 ], [ -14.535558333999973, 19.633376666000061 ], [ -14.535658333999891, 19.633315 ], [ -14.535758332999933, 19.633255 ], [ -14.535858332999965, 19.633195000000114 ], [ -14.53595833299994, 19.633133333000046 ], [ -14.53606, 19.633073333000084 ], [ -14.536161665999884, 19.633015000000114 ], [ -14.536264999999844, 19.632953333000103 ], [ -14.53637, 19.63289 ], [ -14.53647999999987, 19.632828334000124 ], [ -14.536589999999819, 19.632765 ], [ -14.5367, 19.632703333 ], [ -14.536811666999938, 19.63264 ], [ -14.536924999999826, 19.632578334000073 ], [ -14.537038333999874, 19.632515000000126 ], [ -14.537155, 19.632450000000119 ], [ -14.537273333999963, 19.63238333400011 ], [ -14.537393333999944, 19.632316667000168 ], [ -14.537511666999876, 19.632251667000105 ], [ -14.537631666999857, 19.632186666000166 ], [ -14.537753332999955, 19.632120000000157 ], [ -14.537873332999936, 19.632051666 ], [ -14.538, 19.631981667000161 ], [ -14.538126666999972, 19.631911666000121 ], [ -14.538255, 19.631841667000117 ], [ -14.538378332999969, 19.631773333000183 ], [ -14.538504999999816, 19.631703333000075 ], [ -14.538631666999891, 19.631635000000188 ], [ -14.538756665999927, 19.631568333000075 ], [ -14.538881666999885, 19.631501666000133 ], [ -14.539005, 19.631433333000075 ], [ -14.53913, 19.631365 ], [ -14.539256666999904, 19.631296667000129 ], [ -14.53938166599994, 19.63122833400007 ], [ -14.539508332999958, 19.631160000000136 ], [ -14.539635, 19.631091666000145 ], [ -14.53976166699988, 19.631025000000136 ], [ -14.539888333999954, 19.630956665999975 ], [ -14.540013332999933, 19.63089 ], [ -14.540139999999894, 19.63082 ], [ -14.540268332999972, 19.630751667000027 ], [ -14.540398332999871, 19.630683334000139 ], [ -14.54053, 19.630615000000148 ], [ -14.540663332999941, 19.630545 ], [ -14.540796666999881, 19.630473334000158 ], [ -14.540929999999889, 19.630403333000118 ], [ -14.54106499999989, 19.630331666000131 ], [ -14.5412, 19.63025666599998 ], [ -14.541336666999882, 19.63018 ], [ -14.541473332999942, 19.630105 ], [ -14.54161, 19.63003 ], [ -14.541745, 19.629955 ], [ -14.541878333999932, 19.62988 ], [ -14.542011665999951, 19.629806666000036 ], [ -14.542144999999891, 19.629735 ], [ -14.542276666999953, 19.629665 ], [ -14.542408332999912, 19.629595000000108 ], [ -14.542538333999914, 19.629525 ], [ -14.542668332999938, 19.629455000000121 ], [ -14.542798332999951, 19.629385000000184 ], [ -14.542929999999899, 19.629316666000022 ], [ -14.54306, 19.629248333000135 ], [ -14.54319, 19.629181666000022 ], [ -14.54332, 19.629113333000134 ], [ -14.543448332999901, 19.629045 ], [ -14.543578332999914, 19.628976667000018 ], [ -14.543706665999878, 19.628908334000187 ], [ -14.543833332999952, 19.62884 ], [ -14.543956666999975, 19.628773334000186 ], [ -14.544078333999892, 19.628706667000074 ], [ -14.544196665999834, 19.628645 ], [ -14.544311665999942, 19.628583333 ], [ -14.544423332999941, 19.628523333000032 ], [ -14.544531666999944, 19.628466667000112 ], [ -14.544636666999907, 19.628410000000144 ], [ -14.54474, 19.628355 ], [ -14.544844999999896, 19.6283 ], [ -14.54495, 19.628243333000114 ], [ -14.545058333999975, 19.628185 ], [ -14.545168332999936, 19.62812666700006 ], [ -14.545278332999885, 19.628068333000044 ], [ -14.545388333999938, 19.62801 ], [ -14.545496666999838, 19.627951666000058 ], [ -14.545605, 19.627891667000142 ], [ -14.545711666999864, 19.627833333000126 ], [ -14.54582, 19.627773333000107 ], [ -14.545928332999949, 19.627713333000145 ], [ -14.546035, 19.627653333000126 ], [ -14.546141666999915, 19.627591667000047 ], [ -14.546246665999888, 19.627530000000149 ], [ -14.54635, 19.627468334000014 ], [ -14.546451666999872, 19.627408334000052 ], [ -14.54655, 19.627346666999983 ], [ -14.546646666999948, 19.627285000000143 ], [ -14.54674, 19.627223333000074 ], [ -14.546831665999889, 19.627161667000166 ], [ -14.546921666999879, 19.6271 ], [ -14.547011666999936, 19.627040000000136 ], [ -14.547101665999946, 19.626978334000171 ], [ -14.547188332999895, 19.626916667000103 ], [ -14.547271666999961, 19.626856667000141 ], [ -14.547355, 19.626796667000121 ], [ -14.547436665999953, 19.626738333000105 ], [ -14.547518332999971, 19.626678333000143 ], [ -14.547596666999937, 19.626616667000178 ], [ -14.547676666999905, 19.626553334000164 ], [ -14.547754999999825, 19.626490000000103 ], [ -14.547833332999971, 19.626425 ], [ -14.54791166699988, 19.62636 ], [ -14.54799, 19.626293333000092 ], [ -14.548066666999944, 19.626228333000029 ], [ -14.548145, 19.626163334000069 ], [ -14.54822166699995, 19.626100000000122 ], [ -14.548363332999884, 19.626 ], [ -14.548508333999962, 19.625898333000066 ], [ -14.548643333999962, 19.625803333000022 ], [ -14.548758333999956, 19.625721667 ], [ -14.548858333999874, 19.625658333000104 ], [ -14.548945, 19.625601667000012 ], [ -14.549041666999869, 19.625535000000127 ], [ -14.549153333999982, 19.625458333999973 ], [ -14.549271666999971, 19.625371667000024 ], [ -14.54939499999989, 19.625280000000146 ], [ -14.54953, 19.625183334000155 ], [ -14.549669999999821, 19.62507833300009 ], [ -14.549815, 19.624971666000022 ], [ -14.549963332999937, 19.624861667000118 ], [ -14.550096666999934, 19.624765 ], [ -14.550219999999854, 19.624675 ], [ -14.550344999999879, 19.624585 ], [ -14.550471666999954, 19.624490000000151 ], [ -14.551340923999874, 19.623784301000114 ], [ -14.569669639999915, 19.608904274000054 ], [ -14.569676605999973, 19.608899886000017 ], [ -14.572348332999866, 19.607216667000102 ], [ -14.572765, 19.606876667000051 ], [ -14.572905, 19.606761667000114 ], [ -14.573046666999915, 19.606645000000185 ], [ -14.57319, 19.606528333000028 ], [ -14.573331665999945, 19.606411667000145 ], [ -14.573471665999818, 19.606295000000159 ], [ -14.573611666999966, 19.606178333 ], [ -14.573753332999956, 19.606063333000066 ], [ -14.573893332999887, 19.60595 ], [ -14.574031665999883, 19.605838334000055 ], [ -14.574171665999927, 19.605728333000059 ], [ -14.57431, 19.605616667000106 ], [ -14.574448332999964, 19.60550666600011 ], [ -14.574588332999951, 19.605395000000101 ], [ -14.574726666999936, 19.605283333000045 ], [ -14.574866666999867, 19.605171667000036 ], [ -14.575006665999979, 19.605058334000148 ], [ -14.575148333999891, 19.604945 ], [ -14.575289999999882, 19.604830000000106 ], [ -14.57543, 19.604716667000048 ], [ -14.57557, 19.604605000000106 ], [ -14.575705, 19.604496666000045 ], [ -14.575836666999919, 19.604388333000031 ], [ -14.575966665999943, 19.60428166600019 ], [ -14.576094999999896, 19.604176667000104 ], [ -14.576225, 19.60407 ], [ -14.576355, 19.603963333000081 ], [ -14.57648666699987, 19.603856667000116 ], [ -14.576619999999878, 19.603750000000105 ], [ -14.57675166699994, 19.60364166700009 ], [ -14.576881665999963, 19.603535 ], [ -14.577013332999911, 19.603428333000011 ], [ -14.577143332999924, 19.60332166600017 ], [ -14.577275, 19.603215 ], [ -14.577406665999888, 19.603108334000126 ], [ -14.577541666999934, 19.603001667000058 ], [ -14.577674999999886, 19.6028933340001 ], [ -14.57781, 19.602783333000104 ], [ -14.577946666999878, 19.602673333000098 ], [ -14.578081666999935, 19.602563334000138 ], [ -14.578216666999936, 19.602451667000025 ], [ -14.57835, 19.602341667000189 ], [ -14.578485, 19.60223 ], [ -14.578619999999887, 19.60212 ], [ -14.578754999999887, 19.602010000000178 ], [ -14.578891665999834, 19.601900000000114 ], [ -14.579028333999929, 19.601790000000108 ], [ -14.579164999999875, 19.601678333 ], [ -14.579301665999935, 19.60156666600011 ], [ -14.579438333999917, 19.601453334000155 ], [ -14.579576666999913, 19.601340000000164 ], [ -14.579715, 19.601228333000051 ], [ -14.579855, 19.601115 ], [ -14.579996666999932, 19.60100333400004 ], [ -14.580136665999817, 19.60089 ], [ -14.580276665999918, 19.600778333000164 ], [ -14.580416666999952, 19.600666667000155 ], [ -14.580556666999939, 19.600553334000097 ], [ -14.58069833299993, 19.60043833400016 ], [ -14.580841665999969, 19.600325 ], [ -14.580983332999949, 19.600210000000118 ], [ -14.581126666999921, 19.600093333000132 ], [ -14.581271665999907, 19.599968333999982 ], [ -14.581418332999874, 19.59984500000013 ], [ -14.581561665999857, 19.599721667000097 ], [ -14.581706666999935, 19.5996 ], [ -14.581851665999977, 19.599478333000036 ], [ -14.581996666999942, 19.599358333000055 ], [ -14.58214, 19.599235 ], [ -14.582284999999843, 19.599113334000151 ], [ -14.58243, 19.598991666000188 ], [ -14.582575, 19.59887 ], [ -14.58272, 19.59874833300006 ], [ -14.582861666999861, 19.598628333000079 ], [ -14.583005, 19.598506666000048 ], [ -14.58314833299994, 19.59838666700017 ], [ -14.583291666999912, 19.59826500000014 ], [ -14.583435, 19.598145000000159 ], [ -14.58357999999987, 19.598023333000128 ], [ -14.583723332999909, 19.597905 ], [ -14.583864999999832, 19.597786666000161 ], [ -14.584005, 19.597670000000107 ], [ -14.584143332999929, 19.597553334000054 ], [ -14.584278332999929, 19.597436666000135 ], [ -14.584414999999865, 19.59732 ], [ -14.58455, 19.597206667000023 ], [ -14.584686666999971, 19.597091667000086 ], [ -14.584823332999974, 19.596976667000035 ], [ -14.58496, 19.596863333000044 ], [ -14.585095, 19.59675 ], [ -14.58523, 19.596635 ], [ -14.585365, 19.596521667000047 ], [ -14.585501665999971, 19.59640666700011 ], [ -14.585636665999971, 19.596293333000119 ], [ -14.585771665999914, 19.59618 ], [ -14.585906666999904, 19.596066666000127 ], [ -14.586041666999961, 19.595955000000117 ], [ -14.586175, 19.595843333 ], [ -14.58631, 19.59574 ], [ -14.586445, 19.595638334000057 ], [ -14.586576665999928, 19.595536667000033 ], [ -14.586708333999979, 19.595436667000115 ], [ -14.586836666999943, 19.595338332999972 ], [ -14.586963333999961, 19.595238333000054 ], [ -14.58709, 19.595141667000064 ], [ -14.587215, 19.595043333000092 ], [ -14.587338332999877, 19.594946667000102 ], [ -14.58746, 19.594851667000057 ], [ -14.587581666999938, 19.594755000000134 ], [ -14.587701666999919, 19.59466 ], [ -14.587821665999911, 19.594566666 ], [ -14.587941665999892, 19.594473334000099 ], [ -14.588058333999868, 19.59438166700005 ], [ -14.588173333999976, 19.594291666000174 ], [ -14.588284999999871, 19.594201667000107 ], [ -14.588395, 19.594115000000102 ], [ -14.588503333999938, 19.594028333000153 ], [ -14.58861, 19.59394333400013 ], [ -14.588713332999873, 19.593860000000177 ], [ -14.5888166659999, 19.5937766670001 ], [ -14.588918332999981, 19.593695 ], [ -14.589016666999953, 19.593616667 ], [ -14.589114999999879, 19.593540000000132 ], [ -14.589211666999972, 19.593463333000102 ], [ -14.58930666599997, 19.593388333000121 ], [ -14.589401665999901, 19.59331333300014 ], [ -14.589494999999886, 19.593238333000158 ], [ -14.58959, 19.593163334000053 ], [ -14.58978999999988, 19.592575 ], [ -14.589949999999874, 19.592445000000112 ], [ -14.59011, 19.592316667000091 ], [ -14.59027, 19.592188334000014 ], [ -14.59042166699993, 19.592066666999983 ], [ -14.59057, 19.591948333000175 ], [ -14.590711666999937, 19.591835000000117 ], [ -14.59084833299994, 19.591723334000108 ], [ -14.590981665999891, 19.591615 ], [ -14.59111, 19.591511667000077 ], [ -14.59124, 19.591401667000071 ], [ -14.591375, 19.591293334000056 ], [ -14.591513332999909, 19.591180000000122 ], [ -14.591648332999966, 19.591065000000185 ], [ -14.591785, 19.590951667000127 ], [ -14.591921666999951, 19.590838332999965 ], [ -14.592058332999898, 19.590725000000134 ], [ -14.592191665999906, 19.590615 ], [ -14.592323332999968, 19.590505 ], [ -14.592451666999921, 19.5904 ], [ -14.592578333999938, 19.590296666000029 ], [ -14.5927, 19.590195000000108 ], [ -14.59282, 19.590095 ], [ -14.59293833299995, 19.589998333000096 ], [ -14.593055, 19.589901667000106 ], [ -14.593173332999868, 19.58982 ], [ -14.593275, 19.589753334000022 ], [ -14.593383333999839, 19.589678333000109 ], [ -14.593486666999922, 19.58961666600004 ], [ -14.593586666999954, 19.589555000000132 ], [ -14.593686666999872, 19.589493333000064 ], [ -14.593778332999932, 19.589438334000079 ], [ -14.59393, 19.589351667000074 ], [ -14.59406, 19.589278333000038 ], [ -14.594168332999971, 19.589215 ], [ -14.594256665999978, 19.589166666000153 ], [ -14.594373333999954, 19.589098333000095 ], [ -14.594461666999962, 19.58904333300012 ], [ -14.594551665999973, 19.588985 ], [ -14.59464, 19.588923332999968 ], [ -14.594721666999817, 19.588866667000104 ], [ -14.594801665999967, 19.588811666000083 ], [ -14.594913332999965, 19.588735 ], [ -14.595011666999937, 19.588666667000041 ], [ -14.5951, 19.588625 ], [ -14.595221666999976, 19.58857333300017 ], [ -14.595331665999936, 19.588486667000097 ], [ -14.595406665999917, 19.588425 ], [ -14.595511666999812, 19.588343333000125 ], [ -14.595606666999856, 19.588268334000077 ], [ -14.595695, 19.588196667000091 ], [ -14.595793332999847, 19.588131666000095 ], [ -14.595911666999939, 19.588068333000137 ], [ -14.596013333999906, 19.588008333000118 ], [ -14.596093333999875, 19.587931667000191 ], [ -14.59618666599988, 19.587823334000177 ], [ -14.59627833299993, 19.587738333000175 ], [ -14.596396666999851, 19.587635 ], [ -14.596536665999963, 19.587508334000063 ], [ -14.596609999999828, 19.587445000000173 ], [ -14.59669, 19.587381667000159 ], [ -14.596775, 19.587311666000119 ], [ -14.596866666999915, 19.587238334000119 ], [ -14.59696166699996, 19.58716 ], [ -14.597063333999927, 19.587080000000128 ], [ -14.5971683329999, 19.58699333300018 ], [ -14.597279999999841, 19.586905 ], [ -14.597396665999895, 19.586813333 ], [ -14.59751, 19.58672 ], [ -14.597625, 19.586628334000068 ], [ -14.597743332999869, 19.586531666000099 ], [ -14.597863333999953, 19.586433334000105 ], [ -14.597988332999932, 19.586331667000138 ], [ -14.598116665999953, 19.586226667000176 ], [ -14.598248332999844, 19.586120000000108 ], [ -14.598383332999902, 19.586010000000101 ], [ -14.59852, 19.585896667000043 ], [ -14.598659999999882, 19.585781667000106 ], [ -14.598805, 19.585661667000124 ], [ -14.598953332999827, 19.585546667000187 ], [ -14.59910333299996, 19.585428332999982 ], [ -14.599256666999963, 19.585308333 ], [ -14.599406665999936, 19.585188334000122 ], [ -14.599555, 19.58507 ], [ -14.599705, 19.584950000000106 ], [ -14.599856665999937, 19.584830000000125 ], [ -14.600013333999868, 19.584705 ], [ -14.60017, 19.58458 ], [ -14.60033, 19.584450000000118 ], [ -14.600491666999915, 19.58432 ], [ -14.600658332999956, 19.584186667000097 ], [ -14.600824999999872, 19.584053333000099 ], [ -14.600994999999898, 19.583913333000055 ], [ -14.601165, 19.583770000000186 ], [ -14.601335, 19.583628334000025 ], [ -14.601508332999913, 19.583488334000151 ], [ -14.601685, 19.58334333300013 ], [ -14.601861665999934, 19.583195 ], [ -14.60204, 19.583048333000079 ], [ -14.60222, 19.582905 ], [ -14.602401666999924, 19.582758333000072 ], [ -14.602585, 19.582610000000159 ], [ -14.60277, 19.582461667000018 ], [ -14.602954999999895, 19.582311667000056 ], [ -14.603141666999875, 19.582158333000166 ], [ -14.60332499999987, 19.582008334000079 ], [ -14.603511666999964, 19.581855000000189 ], [ -14.603698333999944, 19.581701667 ], [ -14.60388666699987, 19.581546667000168 ], [ -14.604075, 19.581395000000157 ], [ -14.604265, 19.581241666999972 ], [ -14.604453332999981, 19.581086667000136 ], [ -14.604643332999956, 19.580931667000073 ], [ -14.604833332999874, 19.580776667000066 ], [ -14.605021665999914, 19.580621666000127 ], [ -14.605211666999935, 19.580465000000117 ], [ -14.60540333299997, 19.580306667000059 ], [ -14.605595, 19.580151667000052 ], [ -14.605786666999961, 19.57999500000011 ], [ -14.605978333999929, 19.579838333000055 ], [ -14.606171665999966, 19.579680000000167 ], [ -14.60636333299982, 19.579523333000111 ], [ -14.606556666999893, 19.579363333000174 ], [ -14.606748332999871, 19.579205000000115 ], [ -14.606941666999887, 19.579043334000062 ], [ -14.607133332999922, 19.578885000000128 ], [ -14.607324999999889, 19.578726667000069 ], [ -14.607516665999924, 19.578568333000135 ], [ -14.60771, 19.57841 ], [ -14.607901666999908, 19.578251667000018 ], [ -14.608093332999943, 19.578093333000083 ], [ -14.608286666999959, 19.577936667000074 ], [ -14.608481666999921, 19.577778334000016 ], [ -14.608675, 19.57762 ], [ -14.608868332999975, 19.577458333000095 ], [ -14.609061665999945, 19.577298333000044 ], [ -14.6092583329999, 19.577135000000112 ], [ -14.609451665999927, 19.576975000000175 ], [ -14.609648332999939, 19.57681 ], [ -14.609841665999852, 19.576646666000045 ], [ -14.610036665999928, 19.57648 ], [ -14.610228333999942, 19.57632000000018 ], [ -14.61041833299987, 19.57615333300015 ], [ -14.610608332999959, 19.575993333000042 ], [ -14.610796665999885, 19.57583000000011 ], [ -14.610984999999857, 19.575673334000157 ], [ -14.611175, 19.575515000000166 ], [ -14.61136666699997, 19.575351667000064 ], [ -14.611556665999899, 19.575188333000085 ], [ -14.611748333999969, 19.575023333000104 ], [ -14.626618332999897, 19.562573333000103 ], [ -14.62681833299996, 19.56241000000017 ], [ -14.627016666999907, 19.562248333000184 ], [ -14.627213333999919, 19.562088333000077 ], [ -14.62741, 19.561928333000026 ], [ -14.627608333999945, 19.561768334000192 ], [ -14.627803333999907, 19.56161 ], [ -14.627996665999888, 19.561451666000096 ], [ -14.62819, 19.561293333000037 ], [ -14.628381666999871, 19.561135 ], [ -14.628573332999906, 19.560976667000148 ], [ -14.628766666999923, 19.560818332999986 ], [ -14.628961666999885, 19.560658333000106 ], [ -14.629155, 19.560498334000101 ], [ -14.629349999999874, 19.560336667000115 ], [ -14.629545, 19.560175000000129 ], [ -14.629743332999908, 19.56001166600015 ], [ -14.62994, 19.55985 ], [ -14.630139999999869, 19.559686667000165 ], [ -14.630341666999982, 19.559523334000062 ], [ -14.630541666999875, 19.55936 ], [ -14.630741666999938, 19.559196667000094 ], [ -14.630943333999937, 19.559031667000113 ], [ -14.631143332999955, 19.558868333000134 ], [ -14.631346666999889, 19.558703334000086 ], [ -14.63155, 19.55854 ], [ -14.631753332999949, 19.558373334000123 ], [ -14.631956665999894, 19.558208333000039 ], [ -14.632161666999934, 19.558041666 ], [ -14.632366665999825, 19.557873333000032 ], [ -14.63257, 19.557706666 ], [ -14.632775, 19.55754 ], [ -14.63298, 19.557373333000044 ], [ -14.633184999999855, 19.557206667000116 ], [ -14.633388332999971, 19.55704 ], [ -14.63359, 19.556875000000105 ], [ -14.633793332999915, 19.556708333000131 ], [ -14.633996666999963, 19.55654333300015 ], [ -14.634198333999962, 19.556378333000168 ], [ -14.6344, 19.556213333000187 ], [ -14.634603332999973, 19.556048333000035 ], [ -14.634806666999907, 19.555881667000108 ], [ -14.63501, 19.555715 ], [ -14.635215, 19.555546666000168 ], [ -14.63542, 19.55538 ], [ -14.635626666999883, 19.555213334000143 ], [ -14.635831666999877, 19.555046667000113 ], [ -14.636038332999931, 19.554878333000033 ], [ -14.636245, 19.554711667000106 ], [ -14.63645166699996, 19.554545 ], [ -14.6366583329999, 19.554376666 ], [ -14.636865, 19.55420833300019 ], [ -14.637073332999876, 19.554043334000141 ], [ -14.637281666999968, 19.553881666999985 ], [ -14.637488332999908, 19.55372 ], [ -14.637695, 19.553560000000118 ], [ -14.637901665999948, 19.553398334000065 ], [ -14.638108332999877, 19.553236667000078 ], [ -14.638315, 19.553078333000144 ], [ -14.638521666999964, 19.552918333000036 ], [ -14.638726666999958, 19.552758334000032 ], [ -14.638929999999846, 19.5526 ], [ -14.639133333999951, 19.552441666000107 ], [ -14.639335, 19.5522866660001 ], [ -14.639535, 19.552133334000189 ], [ -14.639731666999978, 19.551981667000177 ], [ -14.639926666999884, 19.551831667000044 ], [ -14.64012, 19.551683334000074 ], [ -14.640309999999886, 19.551540000000159 ], [ -14.640501666999853, 19.551400000000115 ], [ -14.640689999999893, 19.551261667000119 ], [ -14.640878332999932, 19.551131667 ], [ -14.641065, 19.551003334000143 ], [ -14.641251666999892, 19.550878333000185 ], [ -14.641434999999888, 19.550756667000087 ], [ -14.64161833299994, 19.550635 ], [ -14.641806666999912, 19.550513334000073 ], [ -14.641996665999898, 19.55039666600004 ], [ -14.64219, 19.550278334000041 ], [ -14.642384999999877, 19.550161666000122 ], [ -14.642581665999899, 19.550045 ], [ -14.64278, 19.549926666000033 ], [ -14.642978332999974, 19.549808333000101 ], [ -14.64317833299998, 19.54969 ], [ -14.64338, 19.54957 ], [ -14.643583332999924, 19.549451667000085 ], [ -14.643785, 19.54933333300005 ], [ -14.643986665999876, 19.549215000000117 ], [ -14.644186666999929, 19.549096667000015 ], [ -14.644386666999935, 19.548976667000034 ], [ -14.64458999999988, 19.548858334000101 ], [ -14.644791666999879, 19.54873833400012 ], [ -14.644993332999945, 19.54861666700009 ], [ -14.645196665999833, 19.548496667000109 ], [ -14.6454, 19.548373333000029 ], [ -14.645603333999816, 19.548251666 ], [ -14.645806666999931, 19.54813 ], [ -14.646009999999876, 19.548006667000095 ], [ -14.646211665999942, 19.547885 ], [ -14.646421665999924, 19.54776 ], [ -14.646625, 19.547635000000128 ], [ -14.646833333999894, 19.547511666000048 ], [ -14.64704, 19.547386667000126 ], [ -14.647248332999936, 19.54726 ], [ -14.647455, 19.547131666999974 ], [ -14.647661666999966, 19.547005 ], [ -14.655403332999924, 19.542056667 ], [ -14.655616666999833, 19.541921667000054 ], [ -14.655831666999859, 19.541786667000054 ], [ -14.656046666999885, 19.541655000000105 ], [ -14.656253333999928, 19.541521666000051 ], [ -14.65646, 19.541386666000108 ], [ -14.656665, 19.541255 ], [ -14.65687, 19.54112 ], [ -14.657076666999842, 19.540988333000087 ], [ -14.657283332999953, 19.540855000000136 ], [ -14.65749, 19.540726667000115 ], [ -14.657695, 19.540598333000162 ], [ -14.6579, 19.54047 ], [ -14.658101666999926, 19.54034333300018 ], [ -14.658303333999982, 19.540213333000054 ], [ -14.658506666999926, 19.540081666000106 ], [ -14.658709999999871, 19.539951667000082 ], [ -14.658915, 19.539820000000134 ], [ -14.659121665999919, 19.539688334000061 ], [ -14.65933, 19.539556667000113 ], [ -14.659536666999884, 19.539425000000108 ], [ -14.659741665999888, 19.53929333300016 ], [ -14.659948332999932, 19.53916 ], [ -14.660155, 19.539026666000041 ], [ -14.660363332999907, 19.538893334000022 ], [ -14.660571666999829, 19.538761667000074 ], [ -14.66078, 19.53863 ], [ -14.660988332999921, 19.53850000000017 ], [ -14.661195, 19.53837 ], [ -14.661403333999885, 19.538240000000144 ], [ -14.666971666999927, 19.53475 ], [ -14.667176665999932, 19.534626667000055 ], [ -14.667378332999817, 19.534505 ], [ -14.667581665999933, 19.534383334000097 ], [ -14.667785, 19.534260000000188 ], [ -14.66799, 19.534135000000106 ], [ -14.668191666999974, 19.534008333000031 ], [ -14.668396666999968, 19.533876666000083 ], [ -14.668601666999962, 19.533746667000059 ], [ -14.668808332999902, 19.53361666700016 ], [ -14.669018332999883, 19.533486666000158 ], [ -14.66923, 19.533356667000135 ], [ -14.66944, 19.533226667 ], [ -14.669651665999879, 19.533096666 ], [ -14.669858332999922, 19.532968333000156 ], [ -14.670071666999888, 19.532838333000029 ], [ -14.670286666999914, 19.532708334000063 ], [ -14.67050166699994, 19.532578333 ], [ -14.670715, 19.532448333000104 ], [ -14.670928332999893, 19.532318334000081 ], [ -14.671143332999918, 19.532186667000133 ], [ -14.671356666999827, 19.532055000000184 ], [ -14.671568332999925, 19.531925 ], [ -14.671781666999891, 19.531793333999985 ], [ -14.671995, 19.531663332999983 ], [ -14.672206665999965, 19.531535000000133 ], [ -14.672418333999929, 19.531406667000056 ], [ -14.67263, 19.531280000000152 ], [ -14.672841666999943, 19.531153333000077 ], [ -14.673051666999982, 19.531028333000052 ], [ -14.67326, 19.530901667000023 ], [ -14.673466666999957, 19.530775000000119 ], [ -14.67367333299984, 19.53065 ], [ -14.673879999999883, 19.530526666000185 ], [ -14.674081666999939, 19.530406666000033 ], [ -14.674283332999948, 19.530288333999977 ], [ -14.674486665999893, 19.53016833300012 ], [ -14.674683333999894, 19.530050000000188 ], [ -14.674873332999937, 19.529935 ], [ -14.675063332999912, 19.529821666000089 ], [ -14.67525333299983, 19.529708334000134 ], [ -14.67545333299995, 19.529590000000155 ], [ -14.675663332999932, 19.529466667000122 ], [ -14.67587, 19.529348333000144 ], [ -14.676073332999977, 19.52923 ], [ -14.676278332999971, 19.529118334000032 ], [ -14.67648, 19.52900666700009 ], [ -14.676669999999888, 19.528895 ], [ -14.67686, 19.528781667000146 ], [ -14.677045, 19.52867 ], [ -14.67725, 19.528551666 ], [ -14.677454999999895, 19.52843166700012 ], [ -14.677661666999882, 19.528311667000139 ], [ -14.677861665999899, 19.528195 ], [ -14.678065, 19.528071667000177 ], [ -14.678271665999887, 19.52794833400003 ], [ -14.67848, 19.527825000000121 ], [ -14.678691666999839, 19.52770333300009 ], [ -14.678903332999937, 19.527580000000114 ], [ -14.679118332999963, 19.527455 ], [ -14.679331666999929, 19.527330000000177 ], [ -14.679545, 19.527203333000102 ], [ -14.679756666999936, 19.527068333000102 ], [ -14.679968333999966, 19.526928333000058 ], [ -14.680181665999839, 19.526786667000067 ], [ -14.680388332999883, 19.5266400000001 ], [ -14.680588332999889, 19.526490000000138 ], [ -14.680791666999937, 19.526331666000033 ], [ -14.680991666999887, 19.526168333000101 ], [ -14.681193333999943, 19.526003333000119 ], [ -14.681393333999893, 19.525833333000094 ], [ -14.68159, 19.525658332999967 ], [ -14.681784999999877, 19.525476667000078 ], [ -14.68198, 19.525290000000155 ], [ -14.68217333399997, 19.525101666000012 ], [ -14.68236666599995, 19.524910000000148 ], [ -14.682556666999972, 19.524713334000069 ], [ -14.682746666999947, 19.524516666000125 ], [ -14.68294, 19.524321666000162 ], [ -14.683133332999887, 19.524125 ], [ -14.683328332999963, 19.523928333000185 ], [ -14.683523332999926, 19.52373 ], [ -14.683718332999888, 19.523533333000046 ], [ -14.683914999999899, 19.523335 ], [ -14.68450166699995, 19.5227450000001 ], [ -14.684696666999912, 19.522548334000135 ], [ -14.684891666999818, 19.52235166600002 ], [ -14.685083332999966, 19.522151667000117 ], [ -14.685276666999982, 19.521951667000053 ], [ -14.68547, 19.521755 ], [ -14.68566166599993, 19.52155833300003 ], [ -14.685855, 19.521361667000122 ], [ -14.686051665999969, 19.521163334000107 ], [ -14.686246665999931, 19.520966666 ], [ -14.686443333999932, 19.520768333000035 ], [ -14.686641666999947, 19.520568333000028 ], [ -14.68684, 19.520368332999965 ], [ -14.687038332999975, 19.520168334000061 ], [ -14.687236666999866, 19.519970000000171 ], [ -14.687433332999944, 19.519775 ], [ -14.687626666999961, 19.519581666000022 ], [ -14.687815, 19.519391666000104 ], [ -14.687999999999874, 19.519205000000113 ], [ -14.688183332999927, 19.519021667000118 ], [ -14.688363332999927, 19.518838333000019 ], [ -14.68854333299987, 19.518655 ], [ -14.688725, 19.518471665999982 ], [ -14.688908332999972, 19.518285 ], [ -14.689093333999892, 19.518096667000123 ], [ -14.689281666999932, 19.517908334000083 ], [ -14.689465, 19.517725 ], [ -14.689651666999907, 19.517540000000167 ], [ -14.68983833399983, 19.517351667000128 ], [ -14.690024999999821, 19.517161667000039 ], [ -14.690213332999861, 19.516971666000074 ], [ -14.690404999999885, 19.51678 ], [ -14.690595, 19.516588333000016 ], [ -14.690786666999941, 19.516395000000102 ], [ -14.690978332999919, 19.516203333000135 ], [ -14.691166666999948, 19.516013334000149 ], [ -14.691351666999878, 19.515825 ], [ -14.691538332999869, 19.515636666999967 ], [ -14.691721666999968, 19.515456667000024 ], [ -14.691901665999922, 19.515275 ], [ -14.692085, 19.515088333000108 ], [ -14.692265, 19.51489833300019 ], [ -14.692436666999981, 19.514711667000029 ], [ -14.692603333999898, 19.51452166700011 ], [ -14.692765, 19.514331667000022 ], [ -14.69292, 19.514141666 ], [ -14.693071665999923, 19.513953333000131 ], [ -14.693218332999891, 19.51376666699997 ], [ -14.693365, 19.513586667000027 ], [ -14.693511666999939, 19.51341 ], [ -14.693656665999924, 19.513233333000073 ], [ -14.693801666999946, 19.513056667000058 ], [ -14.693946666999921, 19.51288 ], [ -14.694091666999952, 19.512701666000055 ], [ -14.694234999999878, 19.512526666000156 ], [ -14.694376665999982, 19.512353333000135 ], [ -14.694516665999913, 19.512183333000053 ], [ -14.694653333999952, 19.512015 ], [ -14.69478666599997, 19.511853333000147 ], [ -14.69492, 19.511693333000039 ], [ -14.695051666999973, 19.511535 ], [ -14.695183332999932, 19.511378333000096 ], [ -14.695313333999934, 19.511223333000032 ], [ -14.69544, 19.511061666000103 ], [ -14.695566665999934, 19.510898333000171 ], [ -14.695696666999936, 19.510733334000122 ], [ -14.695826666999949, 19.510566667000091 ], [ -14.69596, 19.5104 ], [ -14.696095, 19.51023 ], [ -14.69623, 19.510056667000129 ], [ -14.696365, 19.509883333 ], [ -14.696501665999961, 19.509710000000155 ], [ -14.69664, 19.509533333000036 ], [ -14.69677833399993, 19.50935833300008 ], [ -14.696918332999871, 19.509180000000185 ], [ -14.697058332999916, 19.509001667000064 ], [ -14.69719833299996, 19.508825000000115 ], [ -14.697338332999891, 19.508645000000172 ], [ -14.697479999999814, 19.508466666000118 ], [ -14.697623332999967, 19.508291666000048 ], [ -14.697768332999942, 19.508116666000149 ], [ -14.697916666999959, 19.50794 ], [ -14.698064999999872, 19.507760000000133 ], [ -14.698215, 19.50757 ], [ -14.698366666999902, 19.507388333000165 ], [ -14.698523332999969, 19.507201666000071 ], [ -14.698678332999918, 19.507013333000032 ], [ -14.698838332999912, 19.50682333300017 ], [ -14.699001665999958, 19.506636666000077 ], [ -14.699165, 19.506440000000111 ], [ -14.699324999999874, 19.506243334000033 ], [ -14.699491666999904, 19.50604833400007 ], [ -14.699656666999942, 19.50585000000018 ], [ -14.699824999999862, 19.505651667 ], [ -14.699991666999949, 19.505451667000159 ], [ -14.70015833299982, 19.505253334000031 ], [ -14.700323332999972, 19.505053333999967 ], [ -14.700486666999893, 19.504855 ], [ -14.700649999999882, 19.504658333000066 ], [ -14.700811665999936, 19.504463333000103 ], [ -14.700971665999873, 19.504266666999968 ], [ -14.701133332999916, 19.504070000000127 ], [ -14.701295, 19.503873333000115 ], [ -14.70146, 19.503675000000158 ], [ -14.701623332999873, 19.503476666000097 ], [ -14.701786665999975, 19.503278334000186 ], [ -14.701948333999951, 19.503080000000125 ], [ -14.70211166699994, 19.502881667000167 ], [ -14.702273332999937, 19.502683333000107 ], [ -14.702436666999859, 19.502486667000142 ], [ -14.702598332999912, 19.50229000000013 ], [ -14.70276, 19.502091666000069 ], [ -14.70292, 19.501895000000161 ], [ -14.703081666999935, 19.501695 ], [ -14.703241666999929, 19.501495 ], [ -14.703403332999812, 19.501293334000081 ], [ -14.703565, 19.501091667000026 ], [ -14.703726666999898, 19.500888333000091 ], [ -14.70389, 19.500685 ], [ -14.704053333999923, 19.500481666999974 ], [ -14.704218332999915, 19.500276666000161 ], [ -14.704383333999886, 19.500073333000159 ], [ -14.704546666999931, 19.499868334000155 ], [ -14.70471, 19.499661667000169 ], [ -14.704875, 19.499455 ], [ -14.70504, 19.499248333000082 ], [ -14.70520666699997, 19.499041667000029 ], [ -14.705371666999952, 19.498835 ], [ -14.705536665999944, 19.498628333000113 ], [ -14.705701666999971, 19.498423334000108 ], [ -14.705865, 19.498218333000125 ], [ -14.706029999999885, 19.498015 ], [ -14.706195, 19.497810000000186 ], [ -14.706358332999969, 19.497606666000081 ], [ -14.70652333299995, 19.497401667000076 ], [ -14.706686665999939, 19.497196666000036 ], [ -14.70685166699991, 19.496993333000034 ], [ -14.707013332999963, 19.49679 ], [ -14.707176666999828, 19.496586667000145 ], [ -14.70734, 19.496383332999983 ], [ -14.707503333999853, 19.496181666000098 ], [ -14.707666666999955, 19.49598 ], [ -14.70783, 19.49578 ], [ -14.70799333399998, 19.495578334000072 ], [ -14.708156666999912, 19.495375000000138 ], [ -14.70832, 19.495171667000136 ], [ -14.708484999999882, 19.494968332999974 ], [ -14.708648332999928, 19.494763333000094 ], [ -14.708811665999917, 19.49455666700004 ], [ -14.708976666999888, 19.494351666000057 ], [ -14.709141665999937, 19.494146667000052 ], [ -14.709306666999851, 19.493941666000012 ], [ -14.70947, 19.493738333000181 ], [ -14.709633332999942, 19.493535000000122 ], [ -14.709796666999978, 19.493331666000188 ], [ -14.70996166599997, 19.493128333000129 ], [ -14.71012666699994, 19.492925000000128 ], [ -14.710291665999875, 19.492721667000069 ], [ -14.71045666699996, 19.492516666000085 ], [ -14.710621665999952, 19.49231 ], [ -14.710785, 19.492105000000151 ], [ -14.71095, 19.491901667000093 ], [ -14.711114999999893, 19.491696666000109 ], [ -14.711281666999923, 19.491491667000105 ], [ -14.711446666999962, 19.491286666000121 ], [ -14.711613332999832, 19.49108 ], [ -14.71178, 19.490873333000081 ], [ -14.71194666699995, 19.490666667000028 ], [ -14.712111666999931, 19.49046 ], [ -14.712278332999972, 19.490251666000063 ], [ -14.712444999999889, 19.490045 ], [ -14.71260999999987, 19.489840000000129 ], [ -14.7127766669999, 19.489633332999972 ], [ -14.712943333999931, 19.489428333000092 ], [ -14.713111666999907, 19.489223332999984 ], [ -14.713279999999884, 19.489020000000153 ], [ -14.713446666999914, 19.488816667000094 ], [ -14.713611666999952, 19.488615 ], [ -14.713774999999885, 19.488413333000096 ], [ -14.713936665999938, 19.488211667000144 ], [ -14.714096665999932, 19.488011666000034 ], [ -14.714258332999918, 19.487808333000146 ], [ -14.71442, 19.487606666999966 ], [ -14.714581665999958, 19.487403333000032 ], [ -14.714745, 19.487201667000079 ], [ -14.714908332999869, 19.486998334000191 ], [ -14.715071665999972, 19.486796667000135 ], [ -14.715236666999942, 19.486593332999973 ], [ -14.715399999999875, 19.486390000000142 ], [ -14.715564999999856, 19.486185 ], [ -14.715731665999954, 19.485980000000154 ], [ -14.715896666999924, 19.485773333000168 ], [ -14.716063333999955, 19.485566667000114 ], [ -14.716231666999931, 19.485358334000011 ], [ -14.716398333999962, 19.48515 ], [ -14.716564999999889, 19.484943333000047 ], [ -14.716733332999979, 19.484736666000117 ], [ -14.716899999999896, 19.484531667000113 ], [ -14.717064999999877, 19.484326666000129 ], [ -14.71722833299998, 19.48412333300007 ], [ -14.717393333999951, 19.483918334000066 ], [ -14.717556666999883, 19.483715000000132 ], [ -14.717721665999932, 19.483511667000073 ], [ -14.717885, 19.483310000000188 ], [ -14.718048332999956, 19.483110000000181 ], [ -14.718211665999888, 19.482908333000069 ], [ -14.718376666999973, 19.482706666000183 ], [ -14.71854, 19.482506667000052 ], [ -14.718703332999894, 19.482306667000046 ], [ -14.718861666999942, 19.48211 ], [ -14.719018332999951, 19.481916667000121 ], [ -14.719171666999955, 19.481728333000149 ], [ -14.719321665999928, 19.481541667000158 ], [ -14.71947, 19.481358334 ], [ -14.719616665999979, 19.48117666700017 ], [ -14.719763332999946, 19.480993334000175 ], [ -14.71991, 19.480808333000084 ], [ -14.720059999999876, 19.48062333300004 ], [ -14.720208332999903, 19.480438333 ], [ -14.720358333999968, 19.480255 ], [ -14.720508332999941, 19.480071666000129 ], [ -14.720656666999957, 19.479886667000187 ], [ -14.720804999999871, 19.479703334000021 ], [ -14.720953332999898, 19.479521667000029 ], [ -14.721101666999914, 19.47934 ], [ -14.721248332999892, 19.479158334000033 ], [ -14.721396666999908, 19.478975000000162 ], [ -14.721545, 19.478791667 ], [ -14.721693332999962, 19.47860500000013 ], [ -14.72184, 19.478421667000134 ], [ -14.721986666999953, 19.47824 ], [ -14.722133332999931, 19.478060000000141 ], [ -14.722279999999898, 19.47788 ], [ -14.722425, 19.477701667000076 ], [ -14.722564999999861, 19.47752666700012 ], [ -14.722698333999972, 19.477360000000147 ], [ -14.722823332999894, 19.477205 ], [ -14.722943332999876, 19.477055000000121 ], [ -14.723061666999911, 19.47691 ], [ -14.723176666999905, 19.476766667000163 ], [ -14.723293332999901, 19.476621666000142 ], [ -14.72341, 19.476473333000058 ], [ -14.723531665999815, 19.476321667000093 ], [ -14.723653333999948, 19.47617 ], [ -14.723778332999871, 19.476015 ], [ -14.723903333999942, 19.475860000000182 ], [ -14.724031666999963, 19.475701667000124 ], [ -14.72416, 19.475545 ], [ -14.724291665999885, 19.475381667000136 ], [ -14.724423332999947, 19.475221667000028 ], [ -14.724556666999888, 19.475058333 ], [ -14.724689999999896, 19.474895000000117 ], [ -14.72482333399995, 19.474731666000082 ], [ -14.724955, 19.47456833300015 ], [ -14.725086666999971, 19.474405 ], [ -14.72522, 19.474241666000012 ], [ -14.725353332999816, 19.474075 ], [ -14.725486665999938, 19.473911666000106 ], [ -14.72562, 19.473745000000179 ], [ -14.725756665999882, 19.473578334000024 ], [ -14.725893333999977, 19.473410000000172 ], [ -14.72603, 19.473241666999968 ], [ -14.72616666599987, 19.47307 ], [ -14.726303333999908, 19.472898334000092 ], [ -14.72644, 19.472726667000188 ], [ -14.726578333999896, 19.472555000000114 ], [ -14.726716666999891, 19.472381667000036 ], [ -14.726854999999887, 19.472210000000132 ], [ -14.72699666699998, 19.472036666 ], [ -14.727136666999911, 19.471861666000109 ], [ -14.727279999999894, 19.471688334000135 ], [ -14.727421666999874, 19.471513334000065 ], [ -14.727561666999918, 19.471338334000166 ], [ -14.727703332999909, 19.471161666000114 ], [ -14.727844999999832, 19.470985 ], [ -14.727988332999871, 19.470810000000142 ], [ -14.7281316669999, 19.47063333400007 ], [ -14.728274999999883, 19.470456666000018 ], [ -14.72842, 19.470278333000124 ], [ -14.728563333999944, 19.4701 ], [ -14.72871, 19.469921667000108 ], [ -14.728856665999956, 19.469741667000108 ], [ -14.729005, 19.469558333000066 ], [ -14.729153333999818, 19.46937666700012 ], [ -14.729301666999902, 19.469193334000124 ], [ -14.72944833299988, 19.469008333000033 ], [ -14.729595, 19.468825 ], [ -14.729743332999874, 19.46864 ], [ -14.729891665999958, 19.468456667 ], [ -14.730041666999966, 19.468270000000132 ], [ -14.73018999999988, 19.468083334000141 ], [ -14.730338333999896, 19.467896667000048 ], [ -14.73048666699998, 19.467711666000127 ], [ -14.730636666999885, 19.467525000000137 ], [ -14.730786665999972, 19.46734 ], [ -14.73094, 19.467151667000053 ], [ -14.731093332999933, 19.466963333000081 ], [ -14.731245, 19.466775 ], [ -14.731396666999956, 19.466586667 ], [ -14.73155, 19.466400000000135 ], [ -14.73170333399986, 19.46621 ], [ -14.731854999999882, 19.466021667000177 ], [ -14.732008332999953, 19.465833333000035 ], [ -14.73216, 19.465646667000044 ], [ -14.73230999999987, 19.465460000000121 ], [ -14.732461666999882, 19.465271666000035 ], [ -14.732611666999958, 19.465083333000166 ], [ -14.73276333299998, 19.464896667000176 ], [ -14.732915, 19.464708334000136 ], [ -14.733068333999825, 19.464520000000164 ], [ -14.73322, 19.464331667000124 ], [ -14.733373332999918, 19.464143334000084 ], [ -14.733525, 19.463955000000169 ], [ -14.733678332999943, 19.463765 ], [ -14.733831665999901, 19.463575000000162 ], [ -14.733986665999964, 19.463383334000071 ], [ -14.734138332999976, 19.463195000000155 ], [ -14.734291666999979, 19.463006666000183 ], [ -14.734445, 19.46282 ], [ -14.734596666999892, 19.462631667000153 ], [ -14.734746665999978, 19.462445 ], [ -14.73489666699993, 19.46225666700002 ], [ -14.735048332999952, 19.462070000000153 ], [ -14.735196665999979, 19.461885000000109 ], [ -14.735346666999931, 19.4617 ], [ -14.735495, 19.461515 ], [ -14.735641665999935, 19.46133333400013 ], [ -14.735786666999957, 19.461151667000081 ], [ -14.735929999999883, 19.460971667000138 ], [ -14.736073333999968, 19.46079 ], [ -14.736218332999954, 19.460608333999971 ], [ -14.736361666999926, 19.46043 ], [ -14.736505, 19.46025166700008 ], [ -14.736648332999891, 19.460073333000025 ], [ -14.736793333999913, 19.459895000000131 ], [ -14.736938332999841, 19.459715000000131 ], [ -14.73708166699987, 19.459535000000187 ], [ -14.737228332999962, 19.459353332999967 ], [ -14.737373332999937, 19.459171667000078 ], [ -14.737518333999958, 19.45899 ], [ -14.737663332999944, 19.45881 ], [ -14.73781, 19.458628333000036 ], [ -14.737955, 19.458450000000141 ], [ -14.738101665999977, 19.458270000000141 ], [ -14.738248332999945, 19.45809 ], [ -14.738395, 19.45791 ], [ -14.738541666999879, 19.457728332999977 ], [ -14.73868833399996, 19.457546666000155 ], [ -14.738836666999873, 19.457365 ], [ -14.738985, 19.457183333000046 ], [ -14.739131666999867, 19.457 ], [ -14.739278332999902, 19.456816667000055 ], [ -14.739426665999929, 19.45663333400006 ], [ -14.739576666999824, 19.456448333000139 ], [ -14.739726666999957, 19.456263334000027 ], [ -14.739878333999911, 19.456078333000107 ], [ -14.74003, 19.455891666000184 ], [ -14.740179999999896, 19.455706667000072 ], [ -14.740331666999964, 19.455515000000105 ], [ -14.740485, 19.45532333400007 ], [ -14.740636665999943, 19.45513166600017 ], [ -14.74079, 19.45493833400019 ], [ -14.740941666999959, 19.454746667000052 ], [ -14.741096666999908, 19.454553333000035 ], [ -14.741255, 19.454360000000122 ], [ -14.741411666999966, 19.454166666999981 ], [ -14.741568332999861, 19.453971667000019 ], [ -14.741726665999977, 19.453775 ], [ -14.741885, 19.453581667000094 ], [ -14.74204166599992, 19.453388333000078 ], [ -14.7422, 19.453193333000115 ], [ -14.742358332999856, 19.452998333000153 ], [ -14.742515, 19.452805 ], [ -14.742671666999911, 19.452611667000156 ], [ -14.74282833299992, 19.452416666999966 ], [ -14.742985, 19.452223334000053 ], [ -14.743143332999978, 19.45202833400009 ], [ -14.743301666999912, 19.451833334000128 ], [ -14.74346, 19.451638334000165 ], [ -14.74362, 19.451441667000154 ], [ -14.743778333999842, 19.451245000000142 ], [ -14.743938332999846, 19.451046667000128 ], [ -14.744098332999954, 19.450848333000067 ], [ -14.744258332999948, 19.45065000000011 ], [ -14.744418333999931, 19.450451666000049 ], [ -14.744578333999925, 19.450255 ], [ -14.74474, 19.450056667000126 ], [ -14.7449, 19.449858333000066 ], [ -14.74506166599997, 19.449658333 ], [ -14.745223332999956, 19.449458334000099 ], [ -14.74538333299995, 19.44926 ], [ -14.745543332999944, 19.44906 ], [ -14.745705, 19.448860000000138 ], [ -14.745868332999919, 19.448660000000132 ], [ -14.7460333329999, 19.44846 ], [ -14.746198332999938, 19.448258333000183 ], [ -14.746361666999974, 19.448056667 ], [ -14.746526665999966, 19.447851667000123 ], [ -14.746691666999936, 19.447648333000132 ], [ -14.746858333999967, 19.447443333000081 ], [ -14.747025, 19.447236667000027 ], [ -14.747191665999821, 19.44703 ], [ -14.747358332999909, 19.44682500000016 ], [ -14.747525, 19.446618333 ], [ -14.74769166699997, 19.446410000000128 ], [ -14.74786, 19.446203333000142 ], [ -14.748028333999855, 19.445995 ], [ -14.748196666999945, 19.44578666600006 ], [ -14.748363332999929, 19.445578334000061 ], [ -14.748531666999952, 19.44537 ], [ -14.7487, 19.445163333999972 ], [ -14.74887, 19.444956667000042 ], [ -14.74903833299993, 19.44475 ], [ -14.749205, 19.444543334 ], [ -14.749371665999888, 19.444336667000073 ], [ -14.749538332999919, 19.44413 ], [ -14.749703333999889, 19.443923333000157 ], [ -14.749868332999938, 19.443718333000049 ], [ -14.750033332999919, 19.443513333000169 ], [ -14.750198332999901, 19.44331000000011 ], [ -14.750363332999939, 19.443101667 ], [ -14.750526665999871, 19.442895 ], [ -14.750691666999955, 19.442691666000087 ], [ -14.750856665999947, 19.442490000000134 ], [ -14.751021666999975, 19.44229 ], [ -14.751185, 19.44209 ], [ -14.75134666699995, 19.44188666600013 ], [ -14.751506666999887, 19.44168666700017 ], [ -14.751665, 19.441490000000158 ], [ -14.75182, 19.441296667000074 ], [ -14.751975, 19.441103333000058 ], [ -14.752128332999973, 19.440915000000189 ], [ -14.75228, 19.440728333000095 ], [ -14.752433333999818, 19.440541666000058 ], [ -14.752583332999961, 19.440355 ], [ -14.752731666999978, 19.440166667000028 ], [ -14.752881665999951, 19.439978334000159 ], [ -14.753031666999959, 19.439788333000138 ], [ -14.753183332999981, 19.439598333000049 ], [ -14.753333333999933, 19.439408333000131 ], [ -14.753485, 19.439218334000145 ], [ -14.75364, 19.439028333000124 ], [ -14.753796666999904, 19.438836667000089 ], [ -14.75395333299997, 19.438645000000122 ], [ -14.75411, 19.438453332999984 ], [ -14.754266665999978, 19.43826 ], [ -14.754423333999966, 19.438065000000108 ], [ -14.754581665999922, 19.437871666000092 ], [ -14.75473833399991, 19.437676666000129 ], [ -14.754895, 19.437483334000092 ], [ -14.755051666999918, 19.437288334000129 ], [ -14.755208332999928, 19.437093334000167 ], [ -14.755366666999976, 19.436898334000034 ], [ -14.755525, 19.43670166600009 ], [ -14.755686666999964, 19.436503333000132 ], [ -14.75584833399995, 19.436306667 ], [ -14.75600999999989, 19.436103333000062 ], [ -14.756171666999933, 19.4359 ], [ -14.756333333999919, 19.435698333000119 ], [ -14.756496666999908, 19.435498333000112 ], [ -14.756658332999962, 19.435296666 ], [ -14.75682, 19.435095 ], [ -14.756981665999831, 19.434893333000161 ], [ -14.757143332999874, 19.434691666000049 ], [ -14.757306666999966, 19.434491667000145 ], [ -14.757469999999898, 19.434291667000082 ], [ -14.757631666999941, 19.434091666000143 ], [ -14.757793332999938, 19.433891666000136 ], [ -14.757955, 19.433691667000176 ], [ -14.758115, 19.433493333000115 ], [ -14.758276666999961, 19.433293333000108 ], [ -14.758436666999955, 19.433093334000148 ], [ -14.758598333999942, 19.432895 ], [ -14.758758332999946, 19.432695 ], [ -14.758919999999875, 19.432495 ], [ -14.759081666999919, 19.432293334000065 ], [ -14.759245, 19.43209 ], [ -14.759408332999953, 19.431891667000116 ], [ -14.759571665999886, 19.431686667 ], [ -14.75973666699997, 19.431485000000123 ], [ -14.7599, 19.431281666000189 ], [ -14.760065, 19.431080000000179 ], [ -14.76023, 19.430878333000123 ], [ -14.760395, 19.430676666000011 ], [ -14.760558332999892, 19.430475 ], [ -14.760721665999938, 19.430270000000121 ], [ -14.760885, 19.430065 ], [ -14.761048332999962, 19.429861667000182 ], [ -14.761213333999933, 19.429656667000131 ], [ -14.761374999999873, 19.429456667000068 ], [ -14.761536666999859, 19.429255000000182 ], [ -14.761698333999902, 19.429053333000127 ], [ -14.761858332999907, 19.428851667000117 ], [ -14.762018332999901, 19.428651667000111 ], [ -14.762179999999887, 19.428451666000171 ], [ -14.762343333999979, 19.428250000000162 ], [ -14.762503332999813, 19.428051666999977 ], [ -14.762665, 19.427855 ], [ -14.762825, 19.427658333000124 ], [ -14.762983333999898, 19.427461667000046 ], [ -14.763143333999835, 19.427265 ], [ -14.763301666999951, 19.42707 ], [ -14.763461666999945, 19.426873334000106 ], [ -14.76362, 19.426676666 ], [ -14.763783333999925, 19.42647333300016 ], [ -14.763946666999971, 19.426271667000151 ], [ -14.764108332999911, 19.426071666000041 ], [ -14.764268332999904, 19.425873333000084 ], [ -14.764428333999945, 19.425676667000118 ], [ -14.764588332999949, 19.425478333000058 ], [ -14.764749999999879, 19.4252800000001 ], [ -14.764911666999865, 19.42508 ], [ -14.765071665999869, 19.42488 ], [ -14.765233332999912, 19.424681667000073 ], [ -14.76539166699996, 19.424483333000182 ], [ -14.765551666999954, 19.424285 ], [ -14.765711666999948, 19.424088333000157 ], [ -14.765871665999953, 19.423891666000145 ], [ -14.766033332999939, 19.423695 ], [ -14.766193332999933, 19.423498334000101 ], [ -14.766353332999927, 19.423301665999986 ], [ -14.766511666999975, 19.423105 ], [ -14.766671665999979, 19.422908333000066 ], [ -14.76683, 19.422711667000101 ], [ -14.76699, 19.422516666999968 ], [ -14.767148332999909, 19.422320000000127 ], [ -14.767308332999903, 19.422125000000165 ], [ -14.767466666999951, 19.421931667000081 ], [ -14.76762333299996, 19.421740000000113 ], [ -14.76777833299991, 19.42155 ], [ -14.76793, 19.421365 ], [ -14.768079999999884, 19.421180000000163 ], [ -14.768226666999965, 19.420996667000168 ], [ -14.768374999999878, 19.420815000000118 ], [ -14.76852166599997, 19.420633334 ], [ -14.768668332999937, 19.420453333000125 ], [ -14.768815, 19.420273333000182 ], [ -14.768958332999944, 19.420093333000011 ], [ -14.769103332999919, 19.419916667000166 ], [ -14.769245, 19.41974 ], [ -14.769386666999935, 19.419565 ], [ -14.76952666699998, 19.41939166700007 ], [ -14.76966833299997, 19.419220000000166 ], [ -14.769806666999955, 19.419048333000092 ], [ -14.769945, 19.418878334000112 ], [ -14.770079999999837, 19.418706667000038 ], [ -14.770214999999894, 19.418535000000134 ], [ -14.77035, 19.418363333000059 ], [ -14.770488332999946, 19.41819 ], [ -14.77062833399998, 19.418020000000183 ], [ -14.770765, 19.417850000000101 ], [ -14.770901665999872, 19.417683333000127 ], [ -14.771036666999919, 19.417521667000074 ], [ -14.771166666999932, 19.417361667000137 ], [ -14.771294999999895, 19.417205 ], [ -14.771418332999815, 19.417051667000067 ], [ -14.771533332999979, 19.416906666000045 ], [ -14.77164, 19.416775 ], [ -14.771741665999912, 19.416651666000121 ], [ -14.771834999999896, 19.416528333000088 ], [ -14.771926666999946, 19.416401666000183 ], [ -14.772021666999819, 19.416271667 ], [ -14.77211833299998, 19.416138333000163 ], [ -14.772225, 19.416003333 ], [ -14.772336666999934, 19.415871666000044 ], [ -14.77245333299993, 19.415735 ], [ -14.772571666999852, 19.415596667000102 ], [ -14.772695, 19.415451667000184 ], [ -14.772818332999918, 19.415301667000051 ], [ -14.772945, 19.415146666999988 ], [ -14.773071666999897, 19.414991667000152 ], [ -14.7732, 19.414833333 ], [ -14.773333332999982, 19.414668334000112 ], [ -14.77346666699998, 19.414501667000081 ], [ -14.773603332999926, 19.414335000000108 ], [ -14.773741666999911, 19.414163332999976 ], [ -14.773881666999955, 19.413991667000175 ], [ -14.774025, 19.413816667000106 ], [ -14.77417, 19.413640000000157 ], [ -14.774313332999895, 19.413461667000036 ], [ -14.774456666999924, 19.413283334000084 ], [ -14.774603332999902, 19.413103334000141 ], [ -14.774751666999919, 19.412921667000091 ], [ -14.7749, 19.41274 ], [ -14.775048332999972, 19.412556666 ], [ -14.775196665999886, 19.412373333000062 ], [ -14.775346666999951, 19.41218833400012 ], [ -14.775495, 19.412005 ], [ -14.775645, 19.411821667000027 ], [ -14.775793332999967, 19.411638333000155 ], [ -14.77594166699987, 19.411456667000039 ], [ -14.776089999999897, 19.411273334000043 ], [ -14.776238332999981, 19.411093333 ], [ -14.77638666699994, 19.410913333000053 ], [ -14.77653, 19.410736667000151 ], [ -14.77667, 19.410561667000081 ], [ -14.77680666699996, 19.410391666000123 ], [ -14.776938332999919, 19.410221666000098 ], [ -14.777065, 19.410056667000049 ], [ -14.77719166699984, 19.409895 ], [ -14.777316665999876, 19.409735000000126 ], [ -14.777446666999879, 19.409581667000168 ], [ -14.777581666999936, 19.409430000000157 ], [ -14.777714999999887, 19.409278333000088 ], [ -14.777845, 19.409123333000082 ], [ -14.777971666999974, 19.408966667000072 ], [ -14.778098333999878, 19.408811666000133 ], [ -14.778225, 19.408653333000075 ], [ -14.778351665999878, 19.408493333000024 ], [ -14.77848166699988, 19.408333333000087 ], [ -14.778611666999893, 19.408170000000155 ], [ -14.778744999999844, 19.408006667000052 ], [ -14.778878333999955, 19.407841665999968 ], [ -14.779013332999909, 19.407675 ], [ -14.77915, 19.407508334000113 ], [ -14.779288333999943, 19.40734 ], [ -14.779426665999949, 19.40717 ], [ -14.779565, 19.407000000000153 ], [ -14.779705, 19.406828334000181 ], [ -14.779846666999958, 19.406655 ], [ -14.779988332999949, 19.40648166699998 ], [ -14.780131666999978, 19.406306667000081 ], [ -14.780275, 19.406131667000182 ], [ -14.78041666699994, 19.405953333000184 ], [ -14.780558333999863, 19.405775 ], [ -14.780701666999903, 19.405595 ], [ -14.78084833399987, 19.405415000000119 ], [ -14.780994999999848, 19.405235000000118 ], [ -14.781143333999864, 19.405053334000058 ], [ -14.781291666999948, 19.40487166700018 ], [ -14.78144, 19.404688333000138 ], [ -14.78159, 19.404505000000142 ], [ -14.78174, 19.40432 ], [ -14.78189, 19.404136666000056 ], [ -14.782038333999935, 19.403953333000061 ], [ -14.782188332999908, 19.40377 ], [ -14.782336666999925, 19.403586666000024 ], [ -14.782486665999897, 19.403403333000028 ], [ -14.782635, 19.403218334000087 ], [ -14.782783332999941, 19.403035 ], [ -14.782931666999957, 19.40285166700005 ], [ -14.78307999999987, 19.40267 ], [ -14.78323, 19.402486667 ], [ -14.783378332999973, 19.402303334000067 ], [ -14.783526666999876, 19.402118333000089 ], [ -14.783675, 19.401935000000151 ], [ -14.78382333299993, 19.401748333000057 ], [ -14.783973332999892, 19.401563334000116 ], [ -14.784125, 19.401376667000022 ], [ -14.784276666999858, 19.401188334000153 ], [ -14.78442833299988, 19.40100166700006 ], [ -14.784579999999892, 19.400813333000144 ], [ -14.784733333999895, 19.400623334000159 ], [ -14.784888333999902, 19.400433333000137 ], [ -14.785039999999867, 19.400246667000147 ], [ -14.785193332999938, 19.40006 ], [ -14.785346666999942, 19.399870000000135 ], [ -14.785498332999964, 19.39968 ], [ -14.785651666999911, 19.399490000000128 ], [ -14.785805, 19.399298334000093 ], [ -14.78596, 19.399106667000126 ], [ -14.786118332999934, 19.39891333300011 ], [ -14.786276666999868, 19.398718332999977 ], [ -14.786435, 19.398525 ], [ -14.786591666999982, 19.398333333000096 ], [ -14.78675, 19.398140000000183 ], [ -14.786906666999926, 19.397945 ], [ -14.787064999999814, 19.39775 ], [ -14.787221666999812, 19.397555000000125 ], [ -14.787378332999879, 19.397360000000106 ], [ -14.787534999999878, 19.397165 ], [ -14.787693333999925, 19.396970000000181 ], [ -14.787853333999919, 19.396773333000169 ], [ -14.788015, 19.396575 ], [ -14.788173332999861, 19.39638 ], [ -14.788331666999966, 19.396185 ], [ -14.788488332999975, 19.39599 ], [ -14.788645, 19.395795000000135 ], [ -14.788801666999973, 19.395598333000123 ], [ -14.788956666999923, 19.395401666999987 ], [ -14.789113332999932, 19.395205 ], [ -14.78927, 19.395006666000086 ], [ -14.789428333999979, 19.394808333000128 ], [ -14.789588333999973, 19.394610000000171 ], [ -14.789748332999977, 19.394413333000102 ], [ -14.789908332999971, 19.394213333000096 ], [ -14.790068332999965, 19.394013333999965 ], [ -14.790228333999892, 19.393813333000026 ], [ -14.79039, 19.393611667000073 ], [ -14.790556666999976, 19.393408334000185 ], [ -14.790723332999903, 19.393205 ], [ -14.790888332999941, 19.393003332999967 ], [ -14.791051666999977, 19.392801666000082 ], [ -14.791216666999958, 19.39260000000013 ], [ -14.79138166599995, 19.392396665999968 ], [ -14.791546666999977, 19.392191667000134 ], [ -14.791713333999837, 19.391988333000029 ], [ -14.791878332999886, 19.391786666000144 ], [ -14.792041665999932, 19.391586667000183 ], [ -14.792205, 19.391388333000123 ], [ -14.792364999999847, 19.391191667000044 ], [ -14.792525, 19.390998333000027 ], [ -14.792678332999913, 19.390808333000109 ], [ -14.792831666999973, 19.390621666000186 ], [ -14.792984999999874, 19.390435 ], [ -14.793136665999896, 19.39025 ], [ -14.793288332999964, 19.390066667000042 ], [ -14.79344, 19.389881667000168 ], [ -14.793588332999889, 19.389700000000119 ], [ -14.793736666999905, 19.389518333000126 ], [ -14.793885, 19.38934 ], [ -14.794031665999967, 19.38916166700011 ], [ -14.794178332999934, 19.388985000000162 ], [ -14.794323333999955, 19.388806666000107 ], [ -14.794468332999884, 19.388628334000089 ], [ -14.794616665999968, 19.388448333000042 ], [ -14.794765, 19.388268333000099 ], [ -14.794914999999889, 19.388088333000098 ], [ -14.795065, 19.387906666000106 ], [ -14.795216666999977, 19.387715 ], [ -14.795366666999939, 19.387521666000055 ], [ -14.795518332999961, 19.387330000000134 ], [ -14.795671665999976, 19.387138333 ], [ -14.795823332999817, 19.386945 ], [ -14.795976666999877, 19.386753333000115 ], [ -14.79613, 19.38656 ], [ -14.796284999999898, 19.386368334000167 ], [ -14.79644, 19.386175000000151 ], [ -14.79659666699996, 19.385983333000013 ], [ -14.796751666999967, 19.3857900000001 ], [ -14.796908332999976, 19.385596667000186 ], [ -14.797063332999926, 19.38540333300017 ], [ -14.79722, 19.385208333000037 ], [ -14.79737666699998, 19.385015000000124 ], [ -14.797534999999868, 19.384821666999983 ], [ -14.797691666999924, 19.384628333000023 ], [ -14.797848332999934, 19.384435 ], [ -14.798005, 19.38424 ], [ -14.798163332999877, 19.384045000000128 ], [ -14.798321665999936, 19.383848333000117 ], [ -14.79847999999987, 19.38364833300011 ], [ -14.79864166699997, 19.383448333000047 ], [ -14.798806666999837, 19.383245 ], [ -14.798971666999876, 19.383041667000157 ], [ -14.799138332999917, 19.382836666000173 ], [ -14.799306666999883, 19.382631667000169 ], [ -14.799475, 19.382426666000185 ], [ -14.799645, 19.382221667000181 ], [ -14.799811666999858, 19.382015 ], [ -14.79998, 19.381806666000045 ], [ -14.800144999999816, 19.381601667000041 ], [ -14.80031, 19.381396666000057 ], [ -14.800473332999957, 19.381195 ], [ -14.800636666999878, 19.380993333000163 ], [ -14.800798333999978, 19.380793334000032 ], [ -14.80096, 19.380593334000025 ], [ -14.801121666999961, 19.380391667000083 ], [ -14.801284999999893, 19.38019 ], [ -14.801448332999826, 19.379988333000142 ], [ -14.801613332999978, 19.379786667000133 ], [ -14.801776665999967, 19.379583334000131 ], [ -14.801939999999831, 19.37938 ], [ -14.802103333999924, 19.379176667000138 ], [ -14.802268332999972, 19.378973332999976 ], [ -14.802433332999954, 19.378770000000145 ], [ -14.802599999999813, 19.378566665999983 ], [ -14.80276833399995, 19.378363333000152 ], [ -14.802933332999942, 19.378158334000148 ], [ -14.803098333999912, 19.377953333000164 ], [ -14.803261666999958, 19.377750000000106 ], [ -14.803425, 19.377546667000104 ], [ -14.803588333999869, 19.377343333000113 ], [ -14.803751666999972, 19.377141666000057 ], [ -14.803915, 19.37694 ], [ -14.804078333999939, 19.376738333000162 ], [ -14.804243332999874, 19.376536666000106 ], [ -14.804406665999977, 19.376335 ], [ -14.804569999999899, 19.376131666000163 ], [ -14.804731666999885, 19.375928333000104 ], [ -14.804893333999928, 19.375726667000151 ], [ -14.805053333999922, 19.375526665999985 ], [ -14.805215, 19.375326667000081 ], [ -14.805375, 19.375126667000018 ], [ -14.805535, 19.374928333000128 ], [ -14.805693333999955, 19.374728334000054 ], [ -14.80585, 19.374530000000163 ], [ -14.806006665999973, 19.374331666999979 ], [ -14.806163333999962, 19.374133333000088 ], [ -14.806318333999968, 19.373935000000131 ], [ -14.806475, 19.373738333000119 ], [ -14.80663, 19.373540000000105 ], [ -14.806786665999937, 19.373345000000143 ], [ -14.806941665999943, 19.373148334000064 ], [ -14.807098333999932, 19.37295166600012 ], [ -14.807253333999881, 19.372755 ], [ -14.807409999999891, 19.372558334000075 ], [ -14.80756499999984, 19.372361667000064 ], [ -14.80772, 19.372166667000101 ], [ -14.807875, 19.371973334000188 ], [ -14.808026666999922, 19.371780000000172 ], [ -14.80818, 19.371586666000155 ], [ -14.808331666999948, 19.371393334000118 ], [ -14.808483333999959, 19.37120166699998 ], [ -14.808635, 19.37101 ], [ -14.808786666999936, 19.370818333000102 ], [ -14.808938332999958, 19.37062666700001 ], [ -14.809091666999961, 19.3704350000001 ], [ -14.809243333999973, 19.370243334 ], [ -14.809394999999881, 19.370053333000044 ], [ -14.80954666699995, 19.369863333000126 ], [ -14.809696666999912, 19.36967333400014 ], [ -14.809846665999885, 19.369485000000168 ], [ -14.80999666699995, 19.369296667000128 ], [ -14.810146666999913, 19.369108334000089 ], [ -14.810295, 19.368921667 ], [ -14.810443332999967, 19.368735000000129 ], [ -14.81059166599988, 19.368548333000035 ], [ -14.810738332999961, 19.368363333000161 ], [ -14.810883333999925, 19.36818 ], [ -14.811026666999908, 19.367993333000129 ], [ -14.811171665999893, 19.367808333000085 ], [ -14.811316666999915, 19.367621667000094 ], [ -14.811465, 19.367431666000073 ], [ -14.811615, 19.367241667000087 ], [ -14.811765, 19.367051667000169 ], [ -14.811915, 19.36686 ], [ -14.812066666999897, 19.366666667000118 ], [ -14.812218332999919, 19.36647500000015 ], [ -14.81237, 19.366283334000116 ], [ -14.812523332999945, 19.36609 ], [ -14.812675, 19.365898333000132 ], [ -14.812826666999968, 19.365706667000097 ], [ -14.812978332999933, 19.36551500000013 ], [ -14.81313, 19.365321667000046 ], [ -14.813283333999948, 19.365126667000084 ], [ -14.813436665999916, 19.36493333400017 ], [ -14.81359, 19.364738333999981 ], [ -14.813743332999877, 19.364541666999969 ], [ -14.813898332999941, 19.364346667000177 ], [ -14.814053332999947, 19.364148333000117 ], [ -14.814208332999897, 19.363950000000159 ], [ -14.814366666999945, 19.36375 ], [ -14.81452499999989, 19.363551666000035 ], [ -14.814683333999938, 19.36335 ], [ -14.81484, 19.363146667000024 ], [ -14.814993332999904, 19.362951667000061 ], [ -14.815148332999968, 19.362756667000099 ], [ -14.815303332999974, 19.36256 ], [ -14.81546, 19.362363334000122 ], [ -14.815615, 19.362165 ], [ -14.815771666999922, 19.361966667000104 ], [ -14.815926666999871, 19.36177 ], [ -14.816081666999935, 19.361575 ], [ -14.816236666999941, 19.361380000000111 ], [ -14.81639, 19.361186667000027 ], [ -14.816541666999967, 19.36099333300001 ], [ -14.816693333999979, 19.360801666000043 ], [ -14.816845, 19.360608334000062 ], [ -14.816993332999857, 19.360415 ], [ -14.817141665999941, 19.360221667000133 ], [ -14.817291666999949, 19.360028333000116 ], [ -14.817439999999863, 19.35984 ], [ -14.81759, 19.359653334000086 ], [ -14.817738332999966, 19.359465000000114 ], [ -14.817886666999982, 19.359276667000074 ], [ -14.818035, 19.359088334000035 ], [ -14.818183332999979, 19.358900000000119 ], [ -14.818331665999835, 19.35871166700008 ], [ -14.818479999999852, 19.358525000000157 ], [ -14.818626665999886, 19.358338333000063 ], [ -14.818773332999967, 19.358151666000026 ], [ -14.81892, 19.357966667000085 ], [ -14.819068332999962, 19.357781666000108 ], [ -14.819215, 19.357596667000166 ], [ -14.819361666999953, 19.357408334000127 ], [ -14.819508332999931, 19.35722 ], [ -14.819654999999898, 19.357031667000172 ], [ -14.819803332999982, 19.356843334000132 ], [ -14.819951665999952, 19.356653333000111 ], [ -14.8201, 19.356463333000022 ], [ -14.82025, 19.356271667000158 ], [ -14.820399999999893, 19.35608000000019 ], [ -14.820553333999953, 19.355886666000174 ], [ -14.820705, 19.355693333999966 ], [ -14.82086, 19.355498334 ], [ -14.821014999999875, 19.355303334000041 ], [ -14.821171666999874, 19.355106666000097 ], [ -14.821328332999883, 19.354910000000189 ], [ -14.821486666999931, 19.354711667000061 ], [ -14.82164333299994, 19.35451333300017 ], [ -14.821801665999885, 19.354313333000107 ], [ -14.82196, 19.354111666000051 ], [ -14.822118332999878, 19.35391 ], [ -14.822278332999872, 19.353708333000156 ], [ -14.82243666699992, 19.353506666000101 ], [ -14.822595, 19.353305 ], [ -14.822755, 19.353103333000035 ], [ -14.82291333399985, 19.352903334000075 ], [ -14.823071665999976, 19.35270166700019 ], [ -14.823228333999964, 19.352501667000126 ], [ -14.823385, 19.352301666000017 ], [ -14.823543332999918, 19.352101666000181 ], [ -14.823701666999966, 19.351903333 ], [ -14.823858332999976, 19.35170333300016 ], [ -14.82401666699991, 19.351503333000153 ], [ -14.824173332999919, 19.351305 ], [ -14.824331666999967, 19.351105000000132 ], [ -14.824488332999977, 19.350905000000125 ], [ -14.824644999999862, 19.350705 ], [ -14.824801666999861, 19.350505 ], [ -14.824956666999981, 19.350306666000165 ], [ -14.825113332999877, 19.35010833299998 ], [ -14.82526833299994, 19.349911667000072 ], [ -14.825425, 19.349713333000182 ], [ -14.825581666999824, 19.349513334000051 ], [ -14.82573833299989, 19.349313334000044 ], [ -14.825896665999949, 19.349113333000105 ], [ -14.826053333999937, 19.348915000000147 ], [ -14.82621, 19.348716667000133 ], [ -14.826368333999881, 19.348516666000023 ], [ -14.82652499999989, 19.348316667000063 ], [ -14.826683332999949, 19.348116667000056 ], [ -14.82684, 19.34791666700005 ], [ -14.826996666999946, 19.34771666600011 ], [ -14.827153332999899, 19.347518334000029 ], [ -14.827309999999898, 19.347321667000188 ], [ -14.827465, 19.347126667000055 ], [ -14.827616665999869, 19.346933334000141 ], [ -14.827768333999927, 19.346743334000053 ], [ -14.827918332999957, 19.346555 ], [ -14.828066666999973, 19.346366667000041 ], [ -14.828215, 19.346176666000019 ], [ -14.828363332999857, 19.345985000000155 ], [ -14.82851166599994, 19.345793333000017 ], [ -14.828661666999949, 19.345601667000153 ], [ -14.828811666999911, 19.345408333000137 ], [ -14.828963332999933, 19.345216667000102 ], [ -14.829115, 19.345023334000189 ], [ -14.829266666999899, 19.344831666000118 ], [ -14.82942, 19.34464 ], [ -14.829571666999982, 19.344448333000116 ], [ -14.829724999999883, 19.344258333000028 ], [ -14.829876665999905, 19.34406666600006 ], [ -14.83002666699997, 19.343876665999971 ], [ -14.830178332999935, 19.343688333000102 ], [ -14.830328332999898, 19.3435 ], [ -14.830478333999963, 19.34331 ], [ -14.830626666999876, 19.343121667000105 ], [ -14.830776666999952, 19.342931667000016 ], [ -14.830926665999925, 19.342743333999977 ], [ -14.831076666999934, 19.342555 ], [ -14.831226666999953, 19.342366667000022 ], [ -14.831378333999908, 19.342178334000153 ], [ -14.83153, 19.341991667000059 ], [ -14.831683332999944, 19.341805 ], [ -14.831836666999891, 19.341616667000153 ], [ -14.83199, 19.341426667000064 ], [ -14.832145, 19.341235 ], [ -14.8323, 19.34104333300013 ], [ -14.832455, 19.34085 ], [ -14.832611666999981, 19.340655 ], [ -14.832768332999819, 19.340461666000067 ], [ -14.83292333299994, 19.34027 ], [ -14.83308, 19.340075 ], [ -14.833235, 19.3398816670001 ], [ -14.833389999999895, 19.339688333000083 ], [ -14.833545, 19.339496667000049 ], [ -14.833698333999848, 19.339305 ], [ -14.83385166599993, 19.339115000000163 ], [ -14.83400499999982, 19.338926667000123 ], [ -14.83416, 19.338738332999981 ], [ -14.834313332999841, 19.338551666000114 ], [ -14.834468332999961, 19.338363333000075 ], [ -14.834621666999965, 19.338175 ], [ -14.834775, 19.337985000000117 ], [ -14.834928333999926, 19.337796667000077 ], [ -14.83508, 19.337608333000105 ], [ -14.83523166699996, 19.337421666000068 ], [ -14.835383332999982, 19.337236667000127 ], [ -14.835533333999877, 19.337051667000082 ], [ -14.835681666999903, 19.33687 ], [ -14.835828332999938, 19.336688333000041 ], [ -14.835975, 19.33651 ], [ -14.836118333999877, 19.336336667000069 ], [ -14.83626, 19.336165000000165 ], [ -14.836396666999974, 19.335996666000085 ], [ -14.836531666999974, 19.335836665999977 ], [ -14.836665, 19.335678333000146 ], [ -14.836795, 19.335515 ], [ -14.836926666999886, 19.33535 ], [ -14.837056666999899, 19.335185 ], [ -14.837191665999967, 19.335016667000104 ], [ -14.837326665999854, 19.334851667000123 ], [ -14.837465, 19.334685 ], [ -14.837604999999883, 19.334516667000116 ], [ -14.837746666999976, 19.334341667000047 ], [ -14.837886666999907, 19.334165 ], [ -14.838028333999887, 19.333986666000044 ], [ -14.838173332999929, 19.33380833300015 ], [ -14.838316666999958, 19.333626667000033 ], [ -14.838463332999936, 19.333445 ], [ -14.83861, 19.333261666999988 ], [ -14.83876, 19.333076667000171 ], [ -14.83891, 19.332891666000023 ], [ -14.839061665999964, 19.332706667000082 ], [ -14.839215, 19.33252 ], [ -14.839368332999925, 19.332331666000073 ], [ -14.839525, 19.332143333000033 ], [ -14.839679999999873, 19.331951667000169 ], [ -14.839836666999872, 19.331761666000148 ], [ -14.839993332999939, 19.331568334000167 ], [ -14.84015, 19.331375000000151 ], [ -14.840308333999928, 19.331181667000067 ], [ -14.840464999999881, 19.330986667000047 ], [ -14.840623333999929, 19.330791667000085 ], [ -14.840783332999933, 19.330595 ], [ -14.840941666999981, 19.330398334000165 ], [ -14.841103332999978, 19.33020166600005 ], [ -14.841263333999962, 19.330005000000142 ], [ -14.841423333999956, 19.329806667000128 ], [ -14.84158333299996, 19.329608333000067 ], [ -14.841743332999897, 19.329410000000109 ], [ -14.841905, 19.329211666000049 ], [ -14.842066665999823, 19.329013334000138 ], [ -14.842224999999871, 19.328825 ], [ -14.84238333299993, 19.328635 ], [ -14.842541666999978, 19.328443333000109 ], [ -14.842703332999918, 19.32825 ], [ -14.842865, 19.328055 ], [ -14.843028332999893, 19.327860000000101 ], [ -14.84319, 19.327665000000138 ], [ -14.843353333999971, 19.327468333000127 ], [ -14.843518332999963, 19.327270000000112 ], [ -14.843681665999952, 19.32707500000015 ], [ -14.843844999999874, 19.326878333000138 ], [ -14.844009999999855, 19.326681667000059 ], [ -14.844174999999893, 19.326483333000169 ], [ -14.844339999999875, 19.326283334000038 ], [ -14.844505, 19.326083333000099 ], [ -14.84467, 19.325885 ], [ -14.844834999999819, 19.325685 ], [ -14.845001666999906, 19.325483334000069 ], [ -14.845168333999936, 19.325283333000129 ], [ -14.845335, 19.325081667000177 ], [ -14.845503332999954, 19.324881666000067 ], [ -14.845673333999969, 19.32468 ], [ -14.845843332999948, 19.324483333000046 ], [ -14.846015, 19.324283333000039 ], [ -14.846183332999885, 19.324085 ], [ -14.846353333999957, 19.323883334000072 ], [ -14.84652333299988, 19.323683333000133 ], [ -14.846693332999905, 19.32348333300007 ], [ -14.846861665999882, 19.32328 ], [ -14.847033332999899, 19.32307666700018 ], [ -14.847205, 19.322871666000026 ], [ -14.847375, 19.322668333000138 ], [ -14.847546665999914, 19.322463334000133 ], [ -14.847718333999978, 19.32225833300015 ], [ -14.847889999999893, 19.322055 ], [ -14.848061666999968, 19.32185 ], [ -14.848233332999882, 19.321646666999982 ], [ -14.848406666999949, 19.321441667000101 ], [ -14.84857833399991, 19.321236667000164 ], [ -14.848749999999825, 19.321033333000059 ], [ -14.8489216669999, 19.32083 ], [ -14.849093332999814, 19.320625000000121 ], [ -14.849264999999889, 19.320420000000183 ], [ -14.849436665999974, 19.320215000000132 ], [ -14.849606666999932, 19.32001 ], [ -14.849776666999958, 19.31980666600009 ], [ -14.84994666699987, 19.319603333000032 ], [ -14.850116665999906, 19.3194 ], [ -14.850286666999978, 19.319198333000088 ], [ -14.850456666999889, 19.318995 ], [ -14.850626665999926, 19.318793334000077 ], [ -14.850796666999884, 19.318591667000192 ], [ -14.850965, 19.318388334000133 ], [ -14.85113333399994, 19.318186667000077 ], [ -14.851303332999976, 19.317985000000135 ], [ -14.851471666999942, 19.31778166600003 ], [ -14.85164, 19.31758 ], [ -14.851808332999894, 19.31737666700019 ], [ -14.851978332999863, 19.317175000000134 ], [ -14.852148333999878, 19.316971667000075 ], [ -14.85232, 19.316766666000092 ], [ -14.852493332999927, 19.316563333000033 ], [ -14.852665, 19.316356666000104 ], [ -14.852836666999906, 19.316151667000099 ], [ -14.853008333999981, 19.315945000000113 ], [ -14.853179999999895, 19.315738333000184 ], [ -14.85335166699997, 19.315533333000076 ], [ -14.853525, 19.315326666000146 ], [ -14.853698332999954, 19.31512 ], [ -14.853873332999967, 19.314913334000039 ], [ -14.85404833299998, 19.314703333000125 ], [ -14.854221666999933, 19.314496667000128 ], [ -14.854396666999946, 19.314286667000147 ], [ -14.854571666999959, 19.31408 ], [ -14.854746666999858, 19.31387 ], [ -14.854921666999928, 19.313656667000032 ], [ -14.855094999999892, 19.313441667 ], [ -14.855268333999959, 19.313233333000028 ], [ -14.855443333999858, 19.313025 ], [ -14.855613332999951, 19.312821667000094 ], [ -14.85578333299992, 19.31262 ], [ -14.855951665999896, 19.312406667 ], [ -14.85612333399996, 19.312203334000174 ], [ -14.85629166699988, 19.311998333000133 ], [ -14.856463332999965, 19.311793334000185 ], [ -14.856634999999869, 19.311588332999975 ], [ -14.856808333999822, 19.311386666000089 ], [ -14.856981665999967, 19.311181667000085 ], [ -14.857153332999928, 19.310976666000101 ], [ -14.857326666999882, 19.31077 ], [ -14.857498332999967, 19.310566666000113 ], [ -14.85767166699992, 19.31036 ], [ -14.857843333999938, 19.310155000000123 ], [ -14.858015, 19.309948333000023 ], [ -14.858186666999927, 19.309743333000085 ], [ -14.858356666999953, 19.309535 ], [ -14.858528332999924, 19.309330000000102 ], [ -14.858698333999882, 19.309121666000067 ], [ -14.858871666999903, 19.308918333000065 ], [ -14.859043332999931, 19.308711666000079 ], [ -14.859214999999892, 19.308506667000074 ], [ -14.859383333999972, 19.308300000000145 ], [ -14.859554999999887, 19.308095 ], [ -14.859723332999977, 19.307891666000103 ], [ -14.859891665999953, 19.307688333000044 ], [ -14.86006, 19.307485 ], [ -14.860226666999949, 19.307281667000154 ], [ -14.860393332999877, 19.307076666000171 ], [ -14.86056, 19.306871667000166 ], [ -14.860723332999896, 19.306666666000183 ], [ -14.860884999999882, 19.306463333000124 ], [ -14.86105, 19.306256666000024 ], [ -14.861216665999962, 19.30605166700019 ], [ -14.861381666999932, 19.305846665999979 ], [ -14.861546665999981, 19.305641667000032 ], [ -14.86171499999989, 19.305435 ], [ -14.861881666999921, 19.305231666999987 ], [ -14.862046666999902, 19.305025 ], [ -14.862211665999951, 19.304818333000071 ], [ -14.862376666999921, 19.304611667000074 ], [ -14.862541665999913, 19.304403334000142 ], [ -14.862706666999884, 19.304196666999985 ], [ -14.862875, 19.303991666000172 ], [ -14.863044999999886, 19.303783333000069 ], [ -14.863215, 19.303578333000189 ], [ -14.863383333999934, 19.303371666000032 ], [ -14.86355333399996, 19.303166667000028 ], [ -14.863721666999936, 19.302961666000044 ], [ -14.86389, 19.30275666700004 ], [ -14.864058332999889, 19.302551666000056 ], [ -14.864228332999915, 19.302346667000052 ], [ -14.864396665999891, 19.30214 ], [ -14.864563332999921, 19.301933333000136 ], [ -14.864733332999947, 19.301726667000082 ], [ -14.8649, 19.301521666999975 ], [ -14.865068332999954, 19.301315 ], [ -14.865235, 19.301110000000108 ], [ -14.865403332999961, 19.300903333000178 ], [ -14.86557166699987, 19.300698334000174 ], [ -14.8657383339999, 19.30049333300019 ], [ -14.865905, 19.300288334000186 ], [ -14.866071665999925, 19.300081667000029 ], [ -14.866238332999956, 19.2998750000001 ], [ -14.866405, 19.29967 ], [ -14.866571666999846, 19.299463333000062 ], [ -14.86674, 19.299258333000125 ], [ -14.866905, 19.299055000000124 ], [ -14.867071666999891, 19.298850000000186 ], [ -14.867236666999872, 19.298646667000128 ], [ -14.8674, 19.298443333000023 ], [ -14.867565, 19.298241666000138 ], [ -14.867728333999878, 19.298040000000128 ], [ -14.867893332999927, 19.297836667000126 ], [ -14.868058333999841, 19.297633334000068 ], [ -14.868221666999943, 19.297430000000134 ], [ -14.868386666999982, 19.297228334000124 ], [ -14.868551666999963, 19.29702500000019 ], [ -14.868714999999895, 19.296823333000077 ], [ -14.86887833399993, 19.29662 ], [ -14.869043332999979, 19.29641833300019 ], [ -14.869206666999901, 19.296215000000132 ], [ -14.869371666999882, 19.296011667000073 ], [ -14.86953666699992, 19.295808333000139 ], [ -14.869701665999912, 19.295605 ], [ -14.869866666999883, 19.2954 ], [ -14.870368332999931, 19.294781667000109 ], [ -14.870536665999907, 19.294573334000177 ], [ -14.870704999999873, 19.294365 ], [ -14.870874999999899, 19.294158333000041 ], [ -14.871043333999978, 19.293950000000109 ], [ -14.871213332999957, 19.293741667 ], [ -14.871379999999874, 19.293535 ], [ -14.871546666999961, 19.293328334000023 ], [ -14.871711666999943, 19.29312333300004 ], [ -14.871876666999924, 19.29292 ], [ -14.872039999999856, 19.29271666700015 ], [ -14.872201666999899, 19.292516667000086 ], [ -14.872361666999893, 19.29231666700008 ], [ -14.87252, 19.29212 ], [ -14.872676666999951, 19.291923334000103 ], [ -14.8728316669999, 19.291730000000143 ], [ -14.87298666699985, 19.291538333000176 ], [ -14.873143332999916, 19.291348333000087 ], [ -14.873301666999964, 19.291156667 ], [ -14.87346, 19.290965 ], [ -14.873618333999957, 19.290773334 ], [ -14.873776665999912, 19.290578334000031 ], [ -14.873933333999901, 19.290383334000069 ], [ -14.874091666999959, 19.290188334000106 ], [ -14.874251666999953, 19.289991666000162 ], [ -14.87441333299995, 19.289796666000029 ], [ -14.874573333999933, 19.289601666000067 ], [ -14.874733333999927, 19.289405000000102 ], [ -14.874893332999932, 19.28921 ], [ -14.875053332999869, 19.289015000000177 ], [ -14.875211666999917, 19.288821666 ], [ -14.875371665999921, 19.28862833400018 ], [ -14.87553, 19.288438333000158 ], [ -14.875688333999904, 19.288246667000124 ], [ -14.875845, 19.288056667000035 ], [ -14.876001666999912, 19.287866666000014 ], [ -14.876156665999929, 19.28768 ], [ -14.87631, 19.287491666999983 ], [ -14.876459999999895, 19.287305000000117 ], [ -14.87661, 19.287118333000024 ], [ -14.876761666999982, 19.2869316660001 ], [ -14.876914999999883, 19.286743333000061 ], [ -14.877068333999944, 19.286553332999972 ], [ -14.877223332999904, 19.286363334000157 ], [ -14.877378332999967, 19.286171666000143 ], [ -14.877535, 19.28598 ], [ -14.8776933339999, 19.285788333000085 ], [ -14.877853333999894, 19.28559666700005 ], [ -14.878013332999899, 19.285403333000033 ], [ -14.878173332999893, 19.28521000000012 ], [ -14.878331666999941, 19.285015000000158 ], [ -14.878489999999829, 19.28482 ], [ -14.878648333999934, 19.284625 ], [ -14.878808333999871, 19.2844300000001 ], [ -14.878968332999875, 19.284235 ], [ -14.879126666999923, 19.284038333000069 ], [ -14.879286666999917, 19.283841667000161 ], [ -14.87944833399996, 19.283646667000028 ], [ -14.87961, 19.283450000000187 ], [ -14.879771666999886, 19.283255 ], [ -14.87993333299994, 19.283058332999985 ], [ -14.880095, 19.282861667000077 ], [ -14.880258332999858, 19.282663333000187 ], [ -14.88042, 19.282465 ], [ -14.880581665999955, 19.282266666000112 ], [ -14.880744999999877, 19.282068333000154 ], [ -14.88090666699992, 19.28187 ], [ -14.88107, 19.281671667000012 ], [ -14.881231666999895, 19.281473333000122 ], [ -14.881395, 19.281275000000164 ], [ -14.881556665999881, 19.281076666000104 ], [ -14.88172, 19.280878333000089 ], [ -14.881881666999959, 19.280680000000132 ], [ -14.882044999999891, 19.280481667000174 ], [ -14.882204999999885, 19.280285000000106 ], [ -14.882364999999879, 19.280088333000094 ], [ -14.882526666999865, 19.279888334000191 ], [ -14.88268666599987, 19.27969000000013 ], [ -14.882845, 19.279491667000116 ], [ -14.883005, 19.279296667000153 ], [ -14.883166666999955, 19.279101667000191 ], [ -14.883326666999892, 19.278905000000179 ], [ -14.883486665999897, 19.27871 ], [ -14.88364833299994, 19.278515 ], [ -14.883808332999934, 19.27832 ], [ -14.883968332999871, 19.278125000000102 ], [ -14.884128333999968, 19.27793000000014 ], [ -14.884288333999962, 19.277735000000177 ], [ -14.884446666999906, 19.27754 ], [ -14.884605, 19.277345 ], [ -14.88476333299991, 19.27715 ], [ -14.884923332999904, 19.276953333000051 ], [ -14.885081666999952, 19.276758333000089 ], [ -14.885241665999956, 19.27656166700018 ], [ -14.885401666999883, 19.276365000000169 ], [ -14.885563332999936, 19.276168333000157 ], [ -14.885726665999869, 19.275973332999968 ], [ -14.88589, 19.275776666000127 ], [ -14.886053332999893, 19.275578334000102 ], [ -14.886218333999977, 19.27538 ], [ -14.88638, 19.275181667000027 ], [ -14.88654333299985, 19.274981667000191 ], [ -14.886706665999952, 19.274781666000081 ], [ -14.886868332999939, 19.27458166700012 ], [ -14.887031666999917, 19.274381667000114 ], [ -14.88719333399996, 19.27418166700005 ], [ -14.887356666999892, 19.273981666000111 ], [ -14.88752, 19.273781667000037 ], [ -14.887685, 19.27358 ], [ -14.88785, 19.273378334000142 ], [ -14.888016666999874, 19.27317666700003 ], [ -14.888181666999969, 19.272975000000145 ], [ -14.888346666999951, 19.272773334000135 ], [ -14.888511666999818, 19.27257 ], [ -14.888676665999981, 19.272366666999972 ], [ -14.888843332999897, 19.272163333000037 ], [ -14.889008333999982, 19.27196 ], [ -14.889173332999917, 19.271758334000026 ], [ -14.88934, 19.271558333000087 ], [ -14.889506666999978, 19.27135833300008 ], [ -14.889673332999905, 19.271156667000071 ], [ -14.88984, 19.270955000000185 ], [ -14.890006666999966, 19.270755000000122 ], [ -14.890173333999883, 19.270553333000066 ], [ -14.890338332999875, 19.270351666000181 ], [ -14.890501666999967, 19.270150000000172 ], [ -14.890666666999948, 19.269948333000116 ], [ -14.890831666999929, 19.269746666 ], [ -14.890996665999978, 19.269543333000172 ], [ -14.891161666999949, 19.269341666000059 ], [ -14.891324999999881, 19.269143334000034 ], [ -14.891488332999927, 19.268945000000144 ], [ -14.891651666999906, 19.26874666700013 ], [ -14.891815, 19.268548333000069 ], [ -14.891979999999819, 19.268351667000161 ], [ -14.892141666999976, 19.2681533330001 ], [ -14.892303333999905, 19.267956666000089 ], [ -14.892465, 19.267758334000177 ], [ -14.892626666999945, 19.267560000000117 ], [ -14.892788333999931, 19.267361667000102 ], [ -14.89295166699992, 19.267165 ], [ -14.893114999999852, 19.266968333000079 ], [ -14.893275, 19.266771667000171 ], [ -14.893435, 19.266576667000038 ], [ -14.893591666999953, 19.266383333000022 ], [ -14.893749999999898, 19.266191667000157 ], [ -14.893906666999897, 19.266001666000136 ], [ -14.894063332999963, 19.265810000000101 ], [ -14.894218332999912, 19.265620000000183 ], [ -14.894375, 19.265428333000045 ], [ -14.89453166699991, 19.265235000000132 ], [ -14.89468666699986, 19.265041667 ], [ -14.894843332999926, 19.264848333000032 ], [ -14.895, 19.264655 ], [ -14.89515833299987, 19.264461666000102 ], [ -14.895315, 19.26427 ], [ -14.895473332999927, 19.264075 ], [ -14.89563, 19.263881667000135 ], [ -14.895786666999925, 19.263686667000172 ], [ -14.89594499999987, 19.263493333000156 ], [ -14.896105, 19.263298333000023 ], [ -14.896265, 19.263103333000061 ], [ -14.896425, 19.262908333000098 ], [ -14.896585, 19.262713333000079 ], [ -14.896743332999961, 19.26251666700017 ], [ -14.89690499999989, 19.262318334000042 ], [ -14.897064999999827, 19.262120000000152 ], [ -14.897225, 19.261921667000138 ], [ -14.897386666999978, 19.261723333000077 ], [ -14.89754833399985, 19.26152500000012 ], [ -14.897711666999953, 19.261326666000059 ], [ -14.897875, 19.261126666 ], [ -14.898038332999874, 19.260926667000092 ], [ -14.898203332999969, 19.260726667000029 ], [ -14.898364999999899, 19.260525000000143 ], [ -14.898528332999945, 19.260325000000137 ], [ -14.898688332999939, 19.260126667000122 ], [ -14.898848332999933, 19.259928333000062 ], [ -14.899006665999877, 19.259731667000153 ], [ -14.899165, 19.259535000000142 ], [ -14.899321665999935, 19.259338333000073 ], [ -14.899478333999923, 19.259143333000111 ], [ -14.899633333999873, 19.25895 ], [ -14.899786665999954, 19.258755 ], [ -14.899941666999894, 19.258561667000151 ], [ -14.900096666999843, 19.258368333000135 ], [ -14.90025333299991, 19.258173333000173 ], [ -14.900408332999973, 19.25797833300004 ], [ -14.90056333299998, 19.25778333300002 ], [ -14.90072, 19.257588333000058 ], [ -14.900876666999977, 19.2573900000001 ], [ -14.901031666999927, 19.257193333000089 ], [ -14.901189999999872, 19.256995 ], [ -14.90134833399992, 19.256795 ], [ -14.901506665999875, 19.25659666700011 ], [ -14.901666666999972, 19.256396667000047 ], [ -14.901826666999966, 19.256198332999986 ], [ -14.901986666999903, 19.255998334000083 ], [ -14.902148333999946, 19.255798333000143 ], [ -14.90230833399994, 19.25559833300008 ], [ -14.90247, 19.255400000000122 ], [ -14.90263, 19.2552 ], [ -14.90279, 19.255001667000101 ], [ -14.90295, 19.2548 ], [ -14.903109999999856, 19.2546 ], [ -14.903268332999971, 19.254400000000146 ], [ -14.903428332999908, 19.254203334000067 ], [ -14.903588332999902, 19.254006667 ], [ -14.903746665999961, 19.25381 ], [ -14.903904999999895, 19.25361166700003 ], [ -14.904063333999943, 19.253415000000189 ], [ -14.904221666999888, 19.253215000000182 ], [ -14.904378332999897, 19.253016666000065 ], [ -14.904536666999945, 19.252816667000161 ], [ -14.90469499999989, 19.25262000000015 ], [ -14.904853332999949, 19.252423333000138 ], [ -14.90501, 19.25223 ], [ -14.905163332999905, 19.252038334000133 ], [ -14.905313332999981, 19.25185 ], [ -14.905463333999876, 19.251665000000173 ], [ -14.905609999999854, 19.251480000000129 ], [ -14.905756665999888, 19.251296667000133 ], [ -14.905903332999969, 19.251113333000092 ], [ -14.906051665999883, 19.25092833400015 ], [ -14.906198332999963, 19.250745 ], [ -14.906345, 19.25056 ], [ -14.906493332999844, 19.25037500000019 ], [ -14.906643332999977, 19.250190000000146 ], [ -14.906793333999872, 19.250005000000101 ], [ -14.906943332999958, 19.249820000000113 ], [ -14.907091666999975, 19.249631667000074 ], [ -14.907241665999948, 19.249445000000151 ], [ -14.907391666999899, 19.249256667000111 ], [ -14.907541666999975, 19.249068332999968 ], [ -14.907693332999941, 19.24888 ], [ -14.907845, 19.24869166700006 ], [ -14.907998333999842, 19.248503333000144 ], [ -14.90815, 19.248313333000056 ], [ -14.908303332999935, 19.24812333400007 ], [ -14.908456666999939, 19.247931667000103 ], [ -14.908613332999835, 19.247741667000184 ], [ -14.908768332999955, 19.247548333000168 ], [ -14.908923332999905, 19.247356667000133 ], [ -14.90908, 19.247165000000166 ], [ -14.909235, 19.24697 ], [ -14.90939, 19.246776666000187 ], [ -14.909546666999972, 19.24658 ], [ -14.909703332999982, 19.246383334000143 ], [ -14.909859999999867, 19.24618833400018 ], [ -14.910016666999866, 19.245993334000048 ], [ -14.910173332999932, 19.245798334000028 ], [ -14.91033, 19.245603334000066 ], [ -14.910488332999876, 19.245406667000054 ], [ -14.910644999999874, 19.24521 ], [ -14.910805, 19.245015 ], [ -14.910963333999916, 19.244818333000069 ], [ -14.911123333999967, 19.244623333000106 ], [ -14.911283332999972, 19.244426666999971 ], [ -14.911441666999906, 19.244228333000081 ], [ -14.9116, 19.244031667000172 ], [ -14.911758332999909, 19.243833333999987 ], [ -14.911913332999916, 19.243635 ], [ -14.91207, 19.24343666700014 ], [ -14.912228332999973, 19.243238333000079 ], [ -14.912385, 19.243041667000114 ], [ -14.912543333999906, 19.242845000000102 ], [ -14.912701665999975, 19.242648333000091 ], [ -14.91286, 19.242451667000182 ], [ -14.913016666999908, 19.242255000000171 ], [ -14.913175, 19.24206 ], [ -14.91333, 19.241866667000068 ], [ -14.913484999999866, 19.2416750000001 ], [ -14.913638333999927, 19.241486667000061 ], [ -14.91379, 19.241298334000021 ], [ -14.913941666999904, 19.241110000000106 ], [ -14.91409166699998, 19.240920000000187 ], [ -14.914241665999953, 19.24073 ], [ -14.914396665999959, 19.240543333 ], [ -14.91455, 19.240355 ], [ -14.914703332999864, 19.24016666600005 ], [ -14.91485833299987, 19.239978333000181 ], [ -14.91501, 19.239790000000141 ], [ -14.91516166699995, 19.239601666000169 ], [ -14.915308332999928, 19.239416667000057 ], [ -14.915455, 19.239235 ], [ -14.915598332999934, 19.239056667000114 ], [ -14.91573499999987, 19.238886667000088 ], [ -14.915861665999955, 19.238728333000097 ], [ -14.915981666999926, 19.238580000000184 ], [ -14.916093333999925, 19.238443333000191 ], [ -14.916196666999952, 19.238316667000163 ], [ -14.916286665999962, 19.2382066670001 ], [ -14.916363333999982, 19.238115000000107 ], [ -14.916426665999893, 19.238038334000123 ], [ -14.916511666999895, 19.237931667000112 ], [ -14.916566666999927, 19.23785 ], [ -14.929155, 19.22216833300007 ], [ -14.929315, 19.22197 ], [ -14.929473333999965, 19.221771666000166 ], [ -14.92963166699991, 19.221571667000035 ], [ -14.929791666999961, 19.221371667000028 ], [ -14.929953332999901, 19.221173334000071 ], [ -14.930115, 19.22097500000018 ], [ -14.93027666699993, 19.220775000000117 ], [ -14.93043833299987, 19.220573333000061 ], [ -14.930601665999973, 19.220373334000101 ], [ -14.930764999999894, 19.220173334000094 ], [ -14.93092833299994, 19.219973333000155 ], [ -14.93108999999987, 19.219775 ], [ -14.931253332999972, 19.219575000000134 ], [ -14.931413332999909, 19.219375000000127 ], [ -14.931576665999842, 19.219175 ], [ -14.931736666999939, 19.218971667000062 ], [ -14.931896666999933, 19.218771666000123 ], [ -14.932058332999816, 19.218571667000163 ], [ -14.93221833399997, 19.218373333000102 ], [ -14.932378333999907, 19.218173333000095 ], [ -14.93254, 19.217975 ], [ -14.932701666999947, 19.21777666600002 ], [ -14.932865, 19.217580000000112 ], [ -14.933028332999868, 19.217381667000097 ], [ -14.93319166699996, 19.217183333000037 ], [ -14.933353333999946, 19.216985 ], [ -14.933513332999951, 19.216786667000122 ], [ -14.933671666999885, 19.216588334000107 ], [ -14.93383, 19.216391666 ], [ -14.933988332999888, 19.216193333000035 ], [ -14.934144999999887, 19.215996667000127 ], [ -14.934303332999946, 19.2158 ], [ -14.934463333999929, 19.215605 ], [ -14.93462, 19.215408333000084 ], [ -14.934778333999873, 19.215210000000127 ], [ -14.934936666999931, 19.215013333000115 ], [ -14.935094999999876, 19.214818333000153 ], [ -14.935253332999935, 19.214625 ], [ -14.935415, 19.214433333000045 ], [ -14.935576665999974, 19.214240000000132 ], [ -14.935736666999958, 19.214046667000048 ], [ -14.935896666999952, 19.213851667000085 ], [ -14.936054999999897, 19.213658333000069 ], [ -14.936213332999955, 19.213463333000107 ], [ -14.9363716659999, 19.213268333000144 ], [ -14.93653, 19.213073333000182 ], [ -14.936688333999939, 19.212878333 ], [ -14.936843333999946, 19.212685 ], [ -14.936998333999895, 19.212490000000116 ], [ -14.937155, 19.2122966660001 ], [ -14.93731, 19.212103334000119 ], [ -14.937463332999982, 19.211908334000157 ], [ -14.937618332999932, 19.211713333999967 ], [ -14.937773332999882, 19.21151666600008 ], [ -14.937929999999881, 19.211321666000117 ], [ -14.938088333999929, 19.21112833400008 ], [ -14.938246665999884, 19.210933334000117 ], [ -14.938406666999981, 19.210738334000155 ], [ -14.938563332999877, 19.210543334000022 ], [ -14.938719999999876, 19.210350000000176 ], [ -14.938875, 19.210155 ], [ -14.939028333999886, 19.209963333000076 ], [ -14.939183333999949, 19.209770000000162 ], [ -14.939338333999956, 19.209576667000022 ], [ -14.939493333999906, 19.209383333 ], [ -14.93965, 19.209188333000043 ], [ -14.939804999999865, 19.20899333300008 ], [ -14.939961665999931, 19.208796667000172 ], [ -14.940118333999919, 19.208601667000039 ], [ -14.940275, 19.208405 ], [ -14.940429999999878, 19.20820833300013 ], [ -14.940585, 19.208013333 ], [ -14.94074, 19.207821667000132 ], [ -14.940893332999963, 19.207630000000165 ], [ -14.94104666699991, 19.20744 ], [ -14.941196666999815, 19.207251667000037 ], [ -14.941346665999959, 19.207065000000171 ], [ -14.941496666999967, 19.206880000000126 ], [ -14.941643333999934, 19.206696666000028 ], [ -14.941791666999904, 19.206515000000138 ], [ -14.941936666999936, 19.206333333000089 ], [ -14.942083332999971, 19.206151666000096 ], [ -14.942228333999822, 19.20597000000015 ], [ -14.942373332999921, 19.20579 ], [ -14.942519999999888, 19.205606666000108 ], [ -14.942666666999855, 19.205425000000162 ], [ -14.942813333999823, 19.205243333000169 ], [ -14.94296, 19.20506166600012 ], [ -14.943108332999884, 19.204878333000124 ], [ -14.943255, 19.204696667 ], [ -14.943401666999932, 19.204516666000131 ], [ -14.943546666999907, 19.204335 ], [ -14.943691666999939, 19.204155 ], [ -14.943835, 19.203975 ], [ -14.943979999999897, 19.203796666000073 ], [ -14.944121666999877, 19.20362 ], [ -14.944265, 19.203445000000102 ], [ -14.944405, 19.203271667000081 ], [ -14.944541666999896, 19.203100000000177 ], [ -14.944674999999847, 19.202930000000151 ], [ -14.944808332999969, 19.202763334000053 ], [ -14.944938333999971, 19.202600000000189 ], [ -14.945066666999935, 19.20244 ], [ -14.945193332999906, 19.202281667000079 ], [ -14.94532, 19.202125000000137 ], [ -14.945446666999942, 19.201968333000082 ], [ -14.945573332999913, 19.201811667000072 ], [ -14.9457, 19.201653333000138 ], [ -14.945826666999835, 19.201496667000129 ], [ -14.94595333399991, 19.20134 ], [ -14.946083332999933, 19.201186667000059 ], [ -14.94621, 19.201030000000117 ], [ -14.946596666999937, 19.200558334 ], [ -14.946728333999829, 19.200401666 ], [ -14.946858332999909, 19.200243334000049 ], [ -14.946986666999976, 19.20008166700012 ], [ -14.947116666999875, 19.199920000000134 ], [ -14.947246666999888, 19.199755000000152 ], [ -14.947376665999911, 19.19959 ], [ -14.94751, 19.199423334000073 ], [ -14.947645, 19.199255 ], [ -14.94778, 19.199085000000139 ], [ -14.947918333999951, 19.198913333000064 ], [ -14.948056665999957, 19.19874166600016 ], [ -14.948195, 19.19856666600009 ], [ -14.948336666999921, 19.198388333000139 ], [ -14.94848, 19.19821 ], [ -14.948626666999871, 19.19803 ], [ -14.948773332999906, 19.197848334000128 ], [ -14.948919999999873, 19.197665 ], [ -14.94907, 19.19748 ], [ -14.94922, 19.197291667000172 ], [ -14.94937166699998, 19.1971 ], [ -14.94953, 19.196911666000119 ], [ -14.94968833299987, 19.19672 ], [ -14.949848333999967, 19.19652833300006 ], [ -14.95001, 19.196333333000098 ], [ -14.950173332999952, 19.196136667000189 ], [ -14.950336665999941, 19.195938333000129 ], [ -14.950501666999912, 19.195738334000168 ], [ -14.950668333999943, 19.195538333000059 ], [ -14.95083499999987, 19.195336667000049 ], [ -14.951004999999896, 19.195135000000164 ], [ -14.951174999999864, 19.194930000000113 ], [ -14.951346666999939, 19.194725000000176 ], [ -14.951518332999854, 19.194518333000019 ], [ -14.951691666999977, 19.194311667000022 ], [ -14.951865, 19.19410333400009 ], [ -14.952036665999913, 19.193895 ], [ -14.95220833399992, 19.193686667000179 ], [ -14.952379999999891, 19.193478334000076 ], [ -14.952553332999969, 19.19327 ], [ -14.952728332999868, 19.193063333000111 ], [ -14.952906666999979, 19.192855000000179 ], [ -14.953083332999938, 19.192648333000022 ], [ -14.953261665999946, 19.192440000000147 ], [ -14.95344166599989, 19.192233333000161 ], [ -14.95362, 19.192026667000107 ], [ -14.953798332999952, 19.191818334 ], [ -14.953975, 19.19161 ], [ -14.954153332999908, 19.191401667000093 ], [ -14.95433, 19.191193334 ], [ -14.954506666999919, 19.190986667000061 ], [ -14.954681666999932, 19.19078 ], [ -14.954856666999945, 19.190575 ], [ -14.955031666999844, 19.190368333000038 ], [ -14.955206666999914, 19.190163334000033 ], [ -14.955381666999926, 19.18996 ], [ -14.955556666999939, 19.189755 ], [ -14.95573, 19.189548333000062 ], [ -14.955905, 19.189345 ], [ -14.956078332999937, 19.189141667000172 ], [ -14.95625333299995, 19.18893833300001 ], [ -14.95642666699996, 19.188736666000125 ], [ -14.956598333999978, 19.188533333000066 ], [ -14.95677, 19.18833 ], [ -14.956943332999913, 19.188126667 ], [ -14.957115, 19.187925000000121 ], [ -14.957286666999892, 19.187723334000111 ], [ -14.95746, 19.187521667000055 ], [ -14.957631665999941, 19.18732000000017 ], [ -14.957801666999956, 19.187120000000107 ], [ -14.95797333299987, 19.1869200000001 ], [ -14.958143332999896, 19.18672 ], [ -14.958315, 19.18652 ], [ -14.958485, 19.18632 ], [ -14.958656666999843, 19.186120000000187 ], [ -14.958828332999929, 19.185920000000124 ], [ -14.958999999999889, 19.185720000000117 ], [ -14.959169999999858, 19.18552 ], [ -14.959341666999933, 19.185318333000168 ], [ -14.959511666999958, 19.185118333000162 ], [ -14.959683332999873, 19.184916666000049 ], [ -14.959855, 19.184715 ], [ -14.960026666999966, 19.184513332999984 ], [ -14.960198332999937, 19.184310000000153 ], [ -14.96037166699989, 19.184110000000146 ], [ -14.960544999999854, 19.183908333000034 ], [ -14.960716666999929, 19.183705 ], [ -14.960888333999947, 19.183501667000144 ], [ -14.96106, 19.1833 ], [ -14.961231666999822, 19.183096667000029 ], [ -14.961401666999961, 19.182893333000095 ], [ -14.961571665999884, 19.18269 ], [ -14.961738332999914, 19.182486667000035 ], [ -14.961903333999885, 19.182281666 ], [ -14.962068332999934, 19.182076667 ], [ -14.962235, 19.18187 ], [ -14.962403332999941, 19.181665000000123 ], [ -14.96257, 19.181461666000189 ], [ -14.962733332999903, 19.181258333000187 ], [ -14.962896665999892, 19.181055000000129 ], [ -14.96306, 19.18085 ], [ -14.96322333299986, 19.18064500000014 ], [ -14.963388332999898, 19.180441667000082 ], [ -14.963551666999933, 19.180236666000098 ], [ -14.963715, 19.180031667000094 ], [ -14.963881666999953, 19.179828334000035 ], [ -14.964048333999926, 19.179625000000101 ], [ -14.964215, 19.179421667000099 ], [ -14.964379999999892, 19.179218333000108 ], [ -14.964544999999873, 19.179013333000057 ], [ -14.964711665999971, 19.178810000000169 ], [ -14.964876666999942, 19.178605000000118 ], [ -14.965041665999934, 19.178403334000109 ], [ -14.965205, 19.178200000000174 ], [ -14.965366666999898, 19.177998333000062 ], [ -14.965528333999885, 19.177795 ], [ -14.965691666999874, 19.177595 ], [ -14.965855, 19.177395000000161 ], [ -14.96602, 19.177195000000154 ], [ -14.96618333299989, 19.176995 ], [ -14.966346665999822, 19.176795 ], [ -14.96651, 19.176596667000126 ], [ -14.96667333299996, 19.176396666000187 ], [ -14.966836665999949, 19.176196666000124 ], [ -14.966999999999871, 19.175998333000166 ], [ -14.967161666999914, 19.1758 ], [ -14.967325, 19.175601667000024 ], [ -14.967486666999889, 19.175403333000133 ], [ -14.967646666999826, 19.175203334 ], [ -14.96780833299988, 19.175003333000063 ], [ -14.96797, 19.174803333000057 ], [ -14.96813, 19.174605 ], [ -14.968291666999903, 19.174405 ], [ -14.968453333999946, 19.174205 ], [ -14.968615, 19.174003333000087 ], [ -14.968778332999932, 19.173803334000183 ], [ -14.96894, 19.173601667000071 ], [ -14.969103332999907, 19.173400000000186 ], [ -14.969268332999889, 19.173198334 ], [ -14.969431665999878, 19.17299666700012 ], [ -14.969595, 19.172795 ], [ -14.969758332999845, 19.172593334000055 ], [ -14.969919999999888, 19.17239166700017 ], [ -14.97008333299982, 19.172191667000163 ], [ -14.970246665999923, 19.1719916670001 ], [ -14.970408333999956, 19.17179 ], [ -14.97057, 19.17159 ], [ -14.970731666999882, 19.171391667000023 ], [ -14.970891665999886, 19.171193333000133 ], [ -14.97105, 19.170995000000175 ], [ -14.971209999999871, 19.1708 ], [ -14.971371666999914, 19.170603334000077 ], [ -14.971531666999908, 19.170406666000133 ], [ -14.971691665999913, 19.170211666000171 ], [ -14.971851666999953, 19.170015 ], [ -14.972009999999898, 19.16981833300008 ], [ -14.972169999999892, 19.169623333000061 ], [ -14.972329999999886, 19.169426667000153 ], [ -14.972488332999944, 19.16923166700019 ], [ -14.972646665999889, 19.169035000000179 ], [ -14.972806665999883, 19.16884 ], [ -14.972965, 19.168643332999977 ], [ -14.973123332999819, 19.168446667000069 ], [ -14.973281666999867, 19.16825 ], [ -14.973438332999933, 19.1680516670001 ], [ -14.973596666999981, 19.167856667000081 ], [ -14.973755, 19.167661667000118 ], [ -14.973913333999974, 19.167466667000156 ], [ -14.974073333999911, 19.167271667000023 ], [ -14.97423166699997, 19.16707666700006 ], [ -14.97439, 19.16688 ], [ -14.97455, 19.166683334000084 ], [ -14.974708332999967, 19.166486665999969 ], [ -14.974866666999901, 19.166288333000182 ], [ -14.975026665999906, 19.16609 ], [ -14.975186666999832, 19.165891667000039 ], [ -14.97534666699994, 19.165693332999979 ], [ -14.975506666999934, 19.16549666700007 ], [ -14.975664999999879, 19.165298334000056 ], [ -14.975824999999872, 19.165101666000169 ], [ -14.97598333399992, 19.164905 ], [ -14.976141666999979, 19.164708333000192 ], [ -14.976301666999973, 19.164511667000113 ], [ -14.97646, 19.164315000000101 ], [ -14.976619999999855, 19.164118333000033 ], [ -14.97677833299997, 19.163923333000071 ], [ -14.976936665999858, 19.163728333000108 ], [ -14.977095, 19.163533333000146 ], [ -14.977251665999972, 19.163338333000183 ], [ -14.977408333999961, 19.16314333300005 ], [ -14.977566666999849, 19.162948333000088 ], [ -14.977725, 19.162755000000118 ], [ -14.977883332999909, 19.16256 ], [ -14.978041666999957, 19.162365 ], [ -14.978199999999845, 19.16217 ], [ -14.97836, 19.161971667000103 ], [ -14.978518333999887, 19.161773332999985 ], [ -14.978678332999891, 19.16158 ], [ -14.978838332999885, 19.16138 ], [ -14.978998332999822, 19.161181666000175 ], [ -14.97915833299993, 19.160983333 ], [ -14.97932, 19.160785 ], [ -14.97948, 19.16059 ], [ -14.97964, 19.160395000000108 ], [ -14.9798, 19.160201667000024 ], [ -14.979958333999946, 19.160008333000178 ], [ -14.980116665999958, 19.159815 ], [ -14.980275, 19.159621666000078 ], [ -14.980433332999894, 19.159426666000115 ], [ -14.980591666999942, 19.159233334000078 ], [ -14.980748332999951, 19.159038334000115 ], [ -14.980906666999886, 19.158846667000148 ], [ -14.981065, 19.158653333000132 ], [ -14.981221666999943, 19.15846 ], [ -14.98138, 19.158266667000134 ], [ -14.981536666999943, 19.158075000000167 ], [ -14.981694999999831, 19.15788 ], [ -14.981851665999898, 19.157685 ], [ -14.98201, 19.15749 ], [ -14.982166665999955, 19.157295 ], [ -14.982324999999889, 19.157101667000177 ], [ -14.982483332999948, 19.156906667000044 ], [ -14.982641666999825, 19.156711667000081 ], [ -14.982798332999891, 19.156516667000119 ], [ -14.982956666999939, 19.156321667000157 ], [ -14.983113332999949, 19.156126666999967 ], [ -14.983271666999883, 19.155933333000178 ], [ -14.983428332999893, 19.155738332999988 ], [ -14.983584999999891, 19.155543333000026 ], [ -14.983741665999958, 19.155348333000063 ], [ -14.9839, 19.155153333000101 ], [ -14.984056665999901, 19.154960000000187 ], [ -14.984215, 19.154765 ], [ -14.984371666999948, 19.154571666000038 ], [ -14.984529999999836, 19.154376666000076 ], [ -14.984688332999951, 19.15418000000011 ], [ -14.984846666999942, 19.153985000000148 ], [ -14.985006666999936, 19.153788333000136 ], [ -14.985166665999941, 19.153593333000174 ], [ -14.985324999999875, 19.153396667000038 ], [ -14.985484999999869, 19.1532 ], [ -14.985645, 19.153003333000186 ], [ -14.985803332999922, 19.152806667000107 ], [ -14.985963332999859, 19.15261 ], [ -14.986123333999956, 19.152413333000027 ], [ -14.986284999999896, 19.152216667000118 ], [ -14.986446666999882, 19.152020000000107 ], [ -14.986606666999876, 19.151821666000046 ], [ -14.986768333999919, 19.151621667000086 ], [ -14.98693, 19.151421667000079 ], [ -14.987093332999905, 19.151223333000189 ], [ -14.987255, 19.151023334000058 ], [ -14.98741833299988, 19.150823333000119 ], [ -14.98758, 19.150625000000161 ], [ -14.98774, 19.15042833300015 ], [ -14.987898333999908, 19.150231667000185 ], [ -14.988056665999864, 19.150036667000052 ], [ -14.988215, 19.149841667000089 ], [ -14.98837333299997, 19.149646667000127 ], [ -14.988531666999904, 19.14945333300011 ], [ -14.98868833299997, 19.14926 ], [ -14.988845, 19.149068333000059 ], [ -14.989, 19.148876666000092 ], [ -14.989155, 19.148685 ], [ -14.98931, 19.148496667000188 ], [ -14.98946333299989, 19.148306667000099 ], [ -14.989615, 19.148120000000176 ], [ -14.989765, 19.147935000000132 ], [ -14.989913332999834, 19.147750000000144 ], [ -14.990061665999917, 19.147568334000027 ], [ -14.99021, 19.147386666999978 ], [ -14.99035833399995, 19.147205000000156 ], [ -14.990505, 19.147023334000039 ], [ -14.990651666999895, 19.146841667 ], [ -14.990796666999927, 19.146663333 ], [ -14.990941665999912, 19.146485 ], [ -14.991085, 19.146308333000093 ], [ -14.991228332999924, 19.146133333000023 ], [ -14.99137, 19.145958333000124 ], [ -14.991511666999827, 19.145783333 ], [ -14.991651666999928, 19.145608333000098 ], [ -14.99179, 19.145435 ], [ -14.99193, 19.145261667 ], [ -14.992068332999963, 19.145091666000098 ], [ -14.992206665999959, 19.144921667000119 ], [ -14.992341665999845, 19.14475333300004 ], [ -14.992476666999892, 19.144588334 ], [ -14.992609999999843, 19.144425000000183 ], [ -14.992743332999964, 19.144263333000026 ], [ -14.992875, 19.14410166600004 ], [ -14.993005, 19.14394 ], [ -14.993138332999933, 19.143778333000057 ], [ -14.993271666999874, 19.143613334000179 ], [ -14.993406666999931, 19.143446667000148 ], [ -14.993541666999931, 19.143278334000172 ], [ -14.993678332999934, 19.14310833400009 ], [ -14.993818332999979, 19.142936667000015 ], [ -14.993958332999853, 19.142763333000062 ], [ -14.994098333999887, 19.142588333000162 ], [ -14.994239999999877, 19.142413333000093 ], [ -14.994381666999971, 19.142236667000191 ], [ -14.99452499999984, 19.142058333000023 ], [ -14.994668333999982, 19.14188 ], [ -14.994813332999968, 19.141701666000074 ], [ -14.994958333999875, 19.141523334000055 ], [ -14.995103332999975, 19.141346667000107 ], [ -14.995248333999825, 19.14116833300011 ], [ -14.995393332999924, 19.140991667000037 ], [ -14.995536666999953, 19.140815 ], [ -14.995681665999882, 19.140636666999967 ], [ -14.99582666699996, 19.140460000000189 ], [ -14.99597, 19.14028333300007 ], [ -14.996113332999983, 19.140105000000119 ], [ -14.996256666999955, 19.139928334000103 ], [ -14.99639999999988, 19.13975 ], [ -14.996545, 19.139571667000155 ], [ -14.996691665999947, 19.139391666999984 ], [ -14.99684, 19.139211667000041 ], [ -14.996986665999941, 19.13903 ], [ -14.997135, 19.138846667 ], [ -14.997285, 19.138661667000179 ], [ -14.997436665999942, 19.138476667000134 ], [ -14.997588333999886, 19.13829 ], [ -14.997741666999957, 19.138103333000174 ], [ -14.997896666999907, 19.137915000000135 ], [ -14.99805, 19.137726667000095 ], [ -14.998205, 19.137535000000128 ], [ -14.998358332999942, 19.13734333300016 ], [ -14.998513332999948, 19.13715 ], [ -14.99867, 19.136958333000109 ], [ -14.998826666999946, 19.136766666000142 ], [ -14.998981666999896, 19.136573334000104 ], [ -14.999138332999962, 19.136381666999966 ], [ -14.999295, 19.136188333000177 ], [ -14.99945166699996, 19.135995 ], [ -14.999608332999969, 19.135801667000123 ], [ -14.999765, 19.135608333000107 ], [ -14.999921666999967, 19.135415 ], [ -15.000078332999976, 19.13522166700011 ], [ -15.000236666999911, 19.135026667000147 ], [ -15.000393332999977, 19.134831667000185 ], [ -15.000551665999865, 19.134636667000052 ], [ -15.000711665999972, 19.13444 ], [ -15.000871666999956, 19.134243332999972 ], [ -15.00103166699995, 19.134046667000064 ], [ -15.001191666999887, 19.13385 ], [ -15.00135333399993, 19.133653333000041 ], [ -15.001511665999885, 19.133456667000075 ], [ -15.00167, 19.13326 ], [ -15.00183, 19.133063334000155 ], [ -15.001988332999872, 19.132866666000041 ], [ -15.00214833299998, 19.132668333000083 ], [ -15.002308333999906, 19.132471667000118 ], [ -15.0024683339999, 19.132273333000057 ], [ -15.00263, 19.132076667000149 ], [ -15.00279, 19.131880000000137 ], [ -15.002951665999944, 19.131681667000123 ], [ -15.003111665999938, 19.131485000000112 ], [ -15.003273332999981, 19.131288334000033 ], [ -15.003433332999975, 19.131090000000142 ], [ -15.003593332999912, 19.130891667000128 ], [ -15.003753333999896, 19.130693333000067 ], [ -15.0039133329999, 19.13049500000011 ], [ -15.004074999999887, 19.130296667000096 ], [ -15.00423666699993, 19.130098334000138 ], [ -15.004398333999973, 19.1299 ], [ -15.004558332999977, 19.129701667000063 ], [ -15.004718332999914, 19.129505 ], [ -15.004878332999908, 19.129306667000094 ], [ -15.005036666999956, 19.12911 ], [ -15.005196665999961, 19.12891500000012 ], [ -15.005353333999949, 19.128720000000158 ], [ -15.00551, 19.128525 ], [ -15.005665, 19.128331667000054 ], [ -15.00581666699992, 19.128138333000038 ], [ -15.005968332999942, 19.12794833300012 ], [ -15.006119999999896, 19.127758334000134 ], [ -15.006273332999967, 19.12757 ], [ -15.006428332999917, 19.127378333000081 ], [ -15.00658333399997, 19.127186666999989 ], [ -15.006738333999976, 19.126995 ], [ -15.006893333999926, 19.126803333999987 ], [ -15.00705, 19.126613333000023 ], [ -15.007205, 19.126423333000105 ], [ -15.007359999999892, 19.126233334000062 ], [ -15.007515, 19.126041666000049 ], [ -15.00767, 19.125851667000063 ], [ -15.007823332999976, 19.125661667000145 ], [ -15.007976666999923, 19.125473334000105 ], [ -15.008128332999888, 19.125286667000182 ], [ -15.00828, 19.1251 ], [ -15.00843, 19.12491666700015 ], [ -15.008578332999889, 19.124733334000155 ], [ -15.008725, 19.124551667000105 ], [ -15.008871666999937, 19.124371667000162 ], [ -15.009016665999923, 19.124195 ], [ -15.009159999999895, 19.12402 ], [ -15.009301666999875, 19.123843333000139 ], [ -15.009443332999979, 19.123668333000069 ], [ -15.009583333999899, 19.123493333000113 ], [ -15.009726666999882, 19.123318333000043 ], [ -15.009868332999872, 19.123145 ], [ -15.01001, 19.122971667000115 ], [ -15.010151665999956, 19.122798333 ], [ -15.010295, 19.122625000000141 ], [ -15.010436666999908, 19.12245 ], [ -15.01058, 19.122276666000118 ], [ -15.010721666999871, 19.122098333000167 ], [ -15.010865, 19.121921667000095 ], [ -15.011006665999901, 19.121741667000151 ], [ -15.011151666999922, 19.12156166699998 ], [ -15.011295, 19.121381666000104 ], [ -15.01143999999988, 19.121201666000161 ], [ -15.011583332999919, 19.121021667000093 ], [ -15.01172833399994, 19.120843333000096 ], [ -15.011873332999926, 19.120663333000095 ], [ -15.012016666999898, 19.120485 ], [ -15.01216166699993, 19.120305 ], [ -15.012306666999905, 19.120125 ], [ -15.012451665999947, 19.119943333000037 ], [ -15.012596666999912, 19.119761665999988 ], [ -15.012743333999879, 19.11958 ], [ -15.012891666999906, 19.119401667000147 ], [ -15.013036665999948, 19.11922333300015 ], [ -15.013181666999913, 19.119045 ], [ -15.013323332999846, 19.118866666000031 ], [ -15.013465, 19.118690000000186 ], [ -15.013608332999979, 19.118513334000113 ], [ -15.01375, 19.118338334000043 ], [ -15.01389166599995, 19.118165 ], [ -15.014031665999937, 19.117988334000188 ], [ -15.014173332999917, 19.117816667000113 ], [ -15.014311666999902, 19.11764333300016 ], [ -15.014448332999848, 19.11746833300009 ], [ -15.014583332999905, 19.117296667000062 ], [ -15.014718332999962, 19.117123333000109 ], [ -15.014853332999962, 19.116948333000039 ], [ -15.014989999999898, 19.116776666000135 ], [ -15.01512833299995, 19.116606666999985 ], [ -15.015264999999829, 19.116435 ], [ -15.015403332999881, 19.116260000000182 ], [ -15.015545, 19.116088333000107 ], [ -15.015684999999849, 19.115913333000037 ], [ -15.015826665999953, 19.11574000000013 ], [ -15.015966666999873, 19.115565 ], [ -15.016108332999977, 19.115391666000107 ], [ -15.01625, 19.115216666000038 ], [ -15.016391665999947, 19.115041666000081 ], [ -15.01653333299987, 19.114866666000182 ], [ -15.016675, 19.114691666000112 ], [ -15.016816665999954, 19.114516665999986 ], [ -15.01696, 19.114341666000087 ], [ -15.017103332999966, 19.114166666000187 ], [ -15.017246665999835, 19.113991666000061 ], [ -15.017388332999928, 19.113815 ], [ -15.017533332999903, 19.113640000000146 ], [ -15.017675, 19.113463334000073 ], [ -15.01781833299998, 19.113286666000022 ], [ -15.017961666999838, 19.11311000000012 ], [ -15.018106665999937, 19.112931667000055 ], [ -15.018251666999959, 19.112755000000107 ], [ -15.018394999999884, 19.112576667000155 ], [ -15.01854, 19.1124 ], [ -15.018683332999956, 19.112223333000031 ], [ -15.018826665999825, 19.112050000000181 ], [ -15.01897, 19.111878333000107 ], [ -15.019109999999898, 19.111708334000184 ], [ -15.019248332999894, 19.111538333000055 ], [ -15.019385, 19.11137 ], [ -15.019521666999935, 19.1112 ], [ -15.019658332999882, 19.111028333000149 ], [ -15.01979666699998, 19.110858333000067 ], [ -15.019936665999978, 19.110688333000041 ], [ -15.020076665999966, 19.110516665999967 ], [ -15.020218332999946, 19.110343334000049 ], [ -15.020358332999876, 19.110171667000145 ], [ -15.0205, 19.109998333000192 ], [ -15.02064166599996, 19.109823333000065 ], [ -15.020783332999883, 19.109648333000166 ], [ -15.020928332999972, 19.109471667000093 ], [ -15.021071665999955, 19.109295000000145 ], [ -15.021218332999979, 19.109116667000023 ], [ -15.02136333399983, 19.108936665999977 ], [ -15.021511666999913, 19.108755 ], [ -15.021658333999881, 19.108573333000038 ], [ -15.021808332999967, 19.108391665999989 ], [ -15.02195666699987, 19.10820833300005 ], [ -15.022106665999956, 19.108023334000109 ], [ -15.022256666999851, 19.107836667000186 ], [ -15.022405, 19.10765 ], [ -15.022554999999841, 19.107465000000104 ], [ -15.022705, 19.10728 ], [ -15.022853332999944, 19.107093333000137 ], [ -15.023003333999895, 19.10691 ], [ -15.023151666999979, 19.106728333000149 ], [ -15.023301666999885, 19.106546667000032 ], [ -15.023448333999966, 19.106368333000034 ], [ -15.02359499999983, 19.106188334000137 ], [ -15.023741665999978, 19.10601000000014 ], [ -15.023886666999886, 19.105831667000018 ], [ -15.024031665999871, 19.105653333000191 ], [ -15.024176666999892, 19.105475 ], [ -15.02432333299987, 19.105296667000175 ], [ -15.024468332999959, 19.105118334000053 ], [ -15.024615, 19.10493833400011 ], [ -15.02476, 19.104758333000063 ], [ -15.024905, 19.104578333000063 ], [ -15.0250516669999, 19.10439833300012 ], [ -15.025196666999932, 19.104220000000169 ], [ -15.02534, 19.104043334000096 ], [ -15.02548, 19.103866666000044 ], [ -15.025621666999825, 19.103691666000145 ], [ -15.025761666999927, 19.103518334 ], [ -15.025901666999971, 19.103346667000096 ], [ -15.026041665999912, 19.103175 ], [ -15.026181665999957, 19.103005 ], [ -15.026321666999934, 19.102831666000043 ], [ -15.026461666999978, 19.102658334000125 ], [ -15.026603332999969, 19.102485000000172 ], [ -15.026745, 19.102311667000095 ], [ -15.026886666999928, 19.10214000000019 ], [ -15.027028332999862, 19.10196666700017 ], [ -15.027168332999963, 19.101795 ], [ -15.02730833399994, 19.101625 ], [ -15.027448333999871, 19.101453333000165 ], [ -15.027588332999926, 19.101283333000083 ], [ -15.027726666999911, 19.101111667000112 ], [ -15.027865, 19.10094 ], [ -15.028003332999958, 19.100770000000182 ], [ -15.028139999999894, 19.100600000000156 ], [ -15.028278332999889, 19.10043166700018 ], [ -15.028413332999946, 19.1002633330001 ], [ -15.028549999999825, 19.100096667000173 ], [ -15.028686666999931, 19.099928333999969 ], [ -15.028821666999931, 19.099760000000117 ], [ -15.028958332999935, 19.099591667000141 ], [ -15.02909499999987, 19.099423334000107 ], [ -15.029233332999979, 19.099253333000036 ], [ -15.029371666999964, 19.099085 ], [ -15.02951, 19.098915 ], [ -15.02964999999989, 19.098743333000073 ], [ -15.02979, 19.098568333000173 ], [ -15.029931666999914, 19.098393333000104 ], [ -15.030073332999905, 19.098218332999977 ], [ -15.030214999999828, 19.098041667000132 ], [ -15.030356666999978, 19.097865000000183 ], [ -15.0305, 19.09769 ], [ -15.030641666999941, 19.097515000000158 ], [ -15.031066666999948, 19.096995000000106 ], [ -15.031205, 19.096825 ], [ -15.031343332999938, 19.096655 ], [ -15.031481665999934, 19.096486667000079 ], [ -15.031618333999859, 19.09632 ], [ -15.031755, 19.096153333000188 ], [ -15.031889999999862, 19.095986665999988 ], [ -15.03202333299987, 19.095821667000109 ], [ -15.032155, 19.095656666000025 ], [ -15.03229, 19.095491666999976 ], [ -15.032424999999876, 19.095325000000116 ], [ -15.032559999999876, 19.095158333000143 ], [ -15.032695, 19.094990000000109 ], [ -15.03283, 19.094821666000087 ], [ -15.032964999999876, 19.094653333000053 ], [ -15.033099999999877, 19.094485 ], [ -15.033238333999975, 19.094316667000101 ], [ -15.033375, 19.094146667000075 ], [ -15.033515, 19.093976667000049 ], [ -15.033653332999904, 19.093805000000145 ], [ -15.033793332999949, 19.093633333000071 ], [ -15.033933332999823, 19.09346 ], [ -15.034073332999924, 19.093286667000143 ], [ -15.034211665999919, 19.09311333300019 ], [ -15.034353333999945, 19.092940000000169 ], [ -15.034493332999944, 19.092766667000092 ], [ -15.034633332999931, 19.092593334000071 ], [ -15.034775, 19.092420000000118 ], [ -15.034915, 19.092246666000165 ], [ -15.035054999999886, 19.092075 ], [ -15.03519666699998, 19.091903333000118 ], [ -15.03533666699991, 19.09173166700009 ], [ -15.035476666999955, 19.091560000000186 ], [ -15.035615, 19.09139000000016 ], [ -15.035751666999886, 19.091220000000135 ], [ -15.035888332999946, 19.091051667000158 ], [ -15.036026665999827, 19.090883333000079 ], [ -15.036168332999978, 19.090715000000102 ], [ -15.036313332999896, 19.090550000000121 ], [ -15.036463332999972, 19.09038500000014 ], [ -15.036618332999922, 19.090223332999983 ], [ -15.03678, 19.090065000000152 ], [ -15.036946665999835, 19.089911667000138 ], [ -15.037118333999899, 19.089760000000126 ], [ -15.037295, 19.08961166600011 ], [ -15.037476666999964, 19.089466667000124 ], [ -15.037663332999955, 19.089325 ], [ -15.037856666999971, 19.08919166700008 ], [ -15.038053332999937, 19.089058333000082 ], [ -15.038253333999933, 19.08893 ], [ -15.038456666999878, 19.08880500000015 ], [ -15.038661665999882, 19.088685000000169 ], [ -15.03887, 19.08857 ], [ -15.039081666999891, 19.08846 ], [ -15.039295, 19.08835166700004 ], [ -15.039508332999958, 19.088241666999977 ], [ -15.03972333299987, 19.088131666000038 ], [ -15.039936666999949, 19.08802 ], [ -15.040151666999975, 19.08790666699997 ], [ -15.04036666699983, 19.087793333000036 ], [ -15.040581666999856, 19.087681666000094 ], [ -15.040794999999832, 19.08757 ], [ -15.041008332999979, 19.087456667000083 ], [ -15.041219999999896, 19.087345000000141 ], [ -15.041431665999937, 19.087233334000132 ], [ -15.041643333999957, 19.087121667000076 ], [ -15.041853332999892, 19.087011667000183 ], [ -15.04206, 19.086901666000074 ], [ -15.042266665999932, 19.086791667000114 ], [ -15.042469999999867, 19.086685 ], [ -15.042671666999922, 19.086578333000034 ], [ -15.042871665999883, 19.086475000000121 ], [ -15.04307, 19.086370000000102 ], [ -15.043265, 19.086266667000189 ], [ -15.043456665999884, 19.086165 ], [ -15.043646666999962, 19.086061666000035 ], [ -15.043834999999831, 19.085961667000163 ], [ -15.044025, 19.08586 ], [ -15.044214999999895, 19.085760000000107 ], [ -15.044405, 19.08565833300014 ], [ -15.044596666999951, 19.085556666000173 ], [ -15.04479, 19.085455 ], [ -15.044981665999956, 19.085353333000114 ], [ -15.045173333999969, 19.08525 ], [ -15.045366665999893, 19.085146666000128 ], [ -15.045561665999969, 19.085041667000098 ], [ -15.045756665999932, 19.084936667000079 ], [ -15.045953333999933, 19.084833334000166 ], [ -15.04615, 19.084728333000101 ], [ -15.046346665999977, 19.084625000000131 ], [ -15.046545, 19.084521666000114 ], [ -15.046743332999938, 19.084416667000085 ], [ -15.046943332999888, 19.084311667000065 ], [ -15.047143333999827, 19.084206667000103 ], [ -15.047344999999893, 19.084101667000084 ], [ -15.047544999999843, 19.083995 ], [ -15.04774666599991, 19.08389000000011 ], [ -15.047948332999908, 19.083781666 ], [ -15.048151666999956, 19.083673333000036 ], [ -15.04835666699995, 19.083565000000192 ], [ -15.048561666999944, 19.083456667 ], [ -15.048766666999938, 19.083346667000171 ], [ -15.048973332999878, 19.083236666000062 ], [ -15.049181666999971, 19.083126667000101 ], [ -15.049391666999952, 19.083016667000038 ], [ -15.0496, 19.082905000000153 ], [ -15.04981, 19.082791667000095 ], [ -15.050021666999953, 19.082680000000153 ], [ -15.050235, 19.082568333000097 ], [ -15.05044666699996, 19.082455 ], [ -15.05066, 19.082343333000097 ], [ -15.05087333299997, 19.08223 ], [ -15.051086666999936, 19.082118333000153 ], [ -15.0513, 19.082005 ], [ -15.051513333999935, 19.081891666000104 ], [ -15.051725, 19.081778333000102 ], [ -15.05193666699995, 19.081666667000093 ], [ -15.052145, 19.081551667000156 ], [ -15.052351665999822, 19.081441666000046 ], [ -15.05256, 19.081335 ], [ -15.052768332999904, 19.081225 ], [ -15.05297666599995, 19.081115000000182 ], [ -15.053185, 19.081005000000118 ], [ -15.05339333299986, 19.080896666000058 ], [ -15.053601665999963, 19.080788333000044 ], [ -15.05381, 19.080678334000083 ], [ -15.05402, 19.08057 ], [ -15.05423, 19.08046000000013 ], [ -15.054438333999883, 19.080350000000124 ], [ -15.054648332999932, 19.08024 ], [ -15.054858332999913, 19.080128333000175 ], [ -15.055066666999949, 19.080016666000063 ], [ -15.055276665999884, 19.079905 ], [ -15.055486666999968, 19.079793333000168 ], [ -15.055698332999953, 19.079681667000159 ], [ -15.055909999999812, 19.079568334000101 ], [ -15.05612333299996, 19.079456666999988 ], [ -15.056336666999925, 19.079341667000108 ], [ -15.05655, 19.079228333000117 ], [ -15.056761666999932, 19.079113333 ], [ -15.056976666999958, 19.079000000000121 ], [ -15.05719, 19.078885 ], [ -15.057405, 19.078770000000134 ], [ -15.057618333999926, 19.078656667000075 ], [ -15.057833333999952, 19.078541667000138 ], [ -15.058048333999977, 19.078426667000031 ], [ -15.058265, 19.078315000000146 ], [ -15.058481666999967, 19.078201665999984 ], [ -15.058699999999817, 19.078086666000047 ], [ -15.058914999999843, 19.077973333000045 ], [ -15.059128332999819, 19.077858333000108 ], [ -15.059341666999956, 19.077743333000171 ], [ -15.059555, 19.077630000000113 ], [ -15.059768332999909, 19.077515 ], [ -15.059981666999818, 19.077400000000125 ], [ -15.060196666999843, 19.077285000000188 ], [ -15.060413332999929, 19.07717 ], [ -15.06062999999989, 19.077053334000027 ], [ -15.060846666999964, 19.07693833400009 ], [ -15.061063332999936, 19.076825000000156 ], [ -15.06128, 19.07671 ], [ -15.061495, 19.076595000000111 ], [ -15.061711665999951, 19.076478333000125 ], [ -15.061928333999958, 19.076361667000072 ], [ -15.06214333399987, 19.076246667000134 ], [ -15.06236, 19.076131667000027 ], [ -15.062578332999976, 19.076018334000025 ], [ -15.062793332999945, 19.075905 ], [ -15.063008332999971, 19.07579 ], [ -15.063223332999883, 19.075675 ], [ -15.06344, 19.07555833300006 ], [ -15.063654999999812, 19.075443333000123 ], [ -15.063873332999947, 19.075328333000186 ], [ -15.06409, 19.075213333000079 ], [ -15.064308333999975, 19.075098332999971 ], [ -15.064526666999882, 19.07498500000014 ], [ -15.064743332999967, 19.07487 ], [ -15.064959999999871, 19.074756667000145 ], [ -15.065176666999946, 19.074641667000037 ], [ -15.065391666999972, 19.074528333000103 ], [ -15.065608332999943, 19.074415 ], [ -15.065825, 19.074301666000054 ], [ -15.066039999999873, 19.074188334000098 ], [ -15.066256665999958, 19.074075000000164 ], [ -15.06647, 19.073961667000106 ], [ -15.066685, 19.07385 ], [ -15.066896665999877, 19.073736666000059 ], [ -15.067108332999908, 19.073625 ], [ -15.067316666999886, 19.073515 ], [ -15.067523333999873, 19.07340500000015 ], [ -15.067728332999934, 19.073293333000038 ], [ -15.067931665999879, 19.073185 ], [ -15.068135, 19.073075000000188 ], [ -15.068336666999926, 19.072966667 ], [ -15.068538333999982, 19.072860000000162 ], [ -15.068738332999942, 19.072751666999977 ], [ -15.068938332999949, 19.072645000000136 ], [ -15.06914, 19.072538333000125 ], [ -15.069343332999892, 19.072431666000057 ], [ -15.06954666699994, 19.072325000000149 ], [ -15.069753332999881, 19.072218334000183 ], [ -15.069959999999867, 19.072108333000074 ], [ -15.07016833299997, 19.071996667000064 ], [ -15.070378332999837, 19.071885000000123 ], [ -15.070588332999876, 19.071773333000067 ], [ -15.0708, 19.071660000000179 ], [ -15.071013333999872, 19.071548333000067 ], [ -15.071226665999973, 19.071435 ], [ -15.07144, 19.071321666000074 ], [ -15.071655, 19.071208333000186 ], [ -15.071868332999941, 19.071093333000078 ], [ -15.072083332999966, 19.07098 ], [ -15.072296666999932, 19.07086500000014 ], [ -15.072511666999958, 19.07075 ], [ -15.072728333999919, 19.070636666000041 ], [ -15.072943333999945, 19.070523332999983 ], [ -15.07315833399997, 19.070408333000103 ], [ -15.073373333999939, 19.070295 ], [ -15.073588333999965, 19.070180000000107 ], [ -15.073803333999876, 19.070066667000049 ], [ -15.074016665999977, 19.069953334 ], [ -15.07423, 19.069841667000105 ], [ -15.074441666999974, 19.069728333000114 ], [ -15.074655, 19.069616667000105 ], [ -15.074866666999924, 19.069503334000046 ], [ -15.07508, 19.069390000000112 ], [ -15.075293332999877, 19.069276667000054 ], [ -15.075506666999956, 19.069165000000169 ], [ -15.075721666999982, 19.06905166700011 ], [ -15.075936666999837, 19.068938334000052 ], [ -15.076151666999863, 19.068825 ], [ -15.076366666999888, 19.068711667 ], [ -15.076581666999914, 19.068598333000068 ], [ -15.0768, 19.068483333000131 ], [ -15.077016666999953, 19.06837 ], [ -15.077233333999914, 19.068253333000143 ], [ -15.077451665999945, 19.068138334000082 ], [ -15.077669999999898, 19.06802166600005 ], [ -15.077888332999919, 19.067906666000113 ], [ -15.078106666999872, 19.067791666 ], [ -15.078326665999953, 19.067676667 ], [ -15.078548332999901, 19.067561667000064 ], [ -15.07877, 19.067445000000134 ], [ -15.07899, 19.067328333000148 ], [ -15.07921, 19.06721 ], [ -15.079431666999824, 19.067091667000113 ], [ -15.079653333999943, 19.066975000000127 ], [ -15.079875, 19.066856667000025 ], [ -15.080096666999964, 19.06674 ], [ -15.08032, 19.066623333000052 ], [ -15.08054333299998, 19.066506667 ], [ -15.080766665999874, 19.066388334000067 ], [ -15.080989999999872, 19.06627 ], [ -15.08121333399987, 19.066151666000053 ], [ -15.081436666999878, 19.066033334 ], [ -15.08165833299995, 19.065915000000189 ], [ -15.081879999999899, 19.065796667000086 ], [ -15.082101666999961, 19.065678333000051 ], [ -15.082321666999917, 19.065560000000119 ], [ -15.082539999999881, 19.065443333000132 ], [ -15.082758332999902, 19.065325 ], [ -15.082975, 19.06521 ], [ -15.083188332999953, 19.065095 ], [ -15.083403332999978, 19.064981666000051 ], [ -15.083616666999944, 19.06487 ], [ -15.083828333999975, 19.064758333000157 ], [ -15.08404, 19.064648334000026 ], [ -15.084251666999933, 19.064536667000084 ], [ -15.084465, 19.064425 ], [ -15.08467666699994, 19.06431166700014 ], [ -15.08489, 19.0642 ], [ -15.08510166699989, 19.064086666000094 ], [ -15.085313332999931, 19.063973333000035 ], [ -15.085525, 19.063860000000147 ], [ -15.085736665999946, 19.063746667000089 ], [ -15.085948332999976, 19.063635 ], [ -15.086159999999893, 19.063523333000091 ], [ -15.086371666999923, 19.063411667000082 ], [ -15.086581666999962, 19.0633 ], [ -15.086793333999822, 19.063190000000134 ], [ -15.087001666999981, 19.063078333000021 ], [ -15.08721, 19.06297 ], [ -15.087415, 19.062860000000171 ], [ -15.08762, 19.062751666999986 ], [ -15.08782333399995, 19.062643334000029 ], [ -15.088025, 19.062536667000188 ], [ -15.088221666999971, 19.062428334000174 ], [ -15.088418332999879, 19.062321667000163 ], [ -15.088614999999891, 19.062216667000143 ], [ -15.08881, 19.062111666000078 ], [ -15.089006666999978, 19.062008333000165 ], [ -15.08920333299983, 19.061905 ], [ -15.089401665999958, 19.061801666000179 ], [ -15.089598333999902, 19.061698333000095 ], [ -15.089795, 19.061596667 ], [ -15.089989999999887, 19.061495 ], [ -15.090186665999909, 19.06139 ], [ -15.09038333299992, 19.061286667000104 ], [ -15.09058, 19.061183333000088 ], [ -15.090776666999886, 19.061078333000125 ], [ -15.090971666999963, 19.060973333000106 ], [ -15.091166666999982, 19.060868334000077 ], [ -15.091359999999838, 19.060763333000182 ], [ -15.091555, 19.060658333 ], [ -15.091748332999884, 19.060555 ], [ -15.091943332999961, 19.060451667000109 ], [ -15.092138332999923, 19.06035 ], [ -15.09233166599995, 19.060246667000058 ], [ -15.092523333999964, 19.060145 ], [ -15.092716665999887, 19.060041667000121 ], [ -15.09291, 19.059938333000105 ], [ -15.093103332999931, 19.05983666700007 ], [ -15.093296666999947, 19.0597333340001 ], [ -15.093489999999861, 19.05963 ], [ -15.093685, 19.059526667000171 ], [ -15.09388, 19.059421666000105 ], [ -15.094075, 19.059318332999965 ], [ -15.094271666999873, 19.059213333000173 ], [ -15.094465, 19.05911 ], [ -15.09466, 19.059006667000119 ], [ -15.094854999999825, 19.058903333000103 ], [ -15.095048332999909, 19.05880000000019 ], [ -15.095241666999925, 19.058696667000049 ], [ -15.095435, 19.058593333000033 ], [ -15.095626665999873, 19.058491667000169 ], [ -15.095818333999944, 19.05839 ], [ -15.096008332999929, 19.058288333 ], [ -15.096198332999961, 19.058188333000089 ], [ -15.096385, 19.058088333000171 ], [ -15.096573332999981, 19.057988333000083 ], [ -15.09676, 19.057888333000164 ], [ -15.096944999999891, 19.057788334000122 ], [ -15.097131666999815, 19.057685000000106 ], [ -15.097319999999854, 19.057583333000139 ], [ -15.09751, 19.057481667000047 ], [ -15.097701666999967, 19.057378334000134 ], [ -15.097894999999824, 19.057276666000064 ], [ -15.09809, 19.057173333000151 ], [ -15.098285, 19.057071667000059 ], [ -15.098485, 19.056971667000141 ], [ -15.098684999999819, 19.056875 ], [ -15.098888332999934, 19.056781667000052 ], [ -15.099095, 19.056691666000177 ], [ -15.099303332999909, 19.056605000000104 ], [ -15.099513332999948, 19.056523332999973 ], [ -15.099725, 19.056441666000069 ], [ -15.099936665999905, 19.05636 ], [ -15.100149999999871, 19.056278332999966 ], [ -15.100363333999951, 19.056196667000165 ], [ -15.100576665999938, 19.056113332999985 ], [ -15.100791665999964, 19.056030000000135 ], [ -15.10101, 19.055948333 ], [ -15.101226666999878, 19.055868333000149 ], [ -15.101443332999963, 19.055788333000123 ], [ -15.10166, 19.055708333000041 ], [ -15.101876666999942, 19.055628333000186 ], [ -15.102093332999914, 19.055548333000161 ], [ -15.102309999999875, 19.055466666000029 ], [ -15.102525, 19.055386666000175 ], [ -15.102741665999929, 19.055306666000149 ], [ -15.102956665999955, 19.05522666700017 ], [ -15.103173333999905, 19.055146667000145 ], [ -15.103388333999931, 19.055066667000062 ], [ -15.1036, 19.054986667000037 ], [ -15.10381, 19.054908333000128 ], [ -15.104015, 19.05483166700003 ], [ -15.104211666999959, 19.054755000000171 ], [ -15.104404999999872, 19.054681666000135 ], [ -15.104598333999945, 19.054611667000074 ], [ -15.104788333999977, 19.05454333300014 ], [ -15.104975, 19.054476667000131 ], [ -15.105158332999849, 19.054411666000135 ], [ -15.105336665999971, 19.054346667 ], [ -15.105511665999927, 19.054283333000114 ], [ -15.105681666999885, 19.054221667000149 ], [ -15.105848332999926, 19.054161667000187 ], [ -15.106003332999933, 19.054103333000114 ], [ -15.106148332999965, 19.054051667000124 ], [ -15.106278332999977, 19.054003334000129 ], [ -15.106396666999899, 19.05396 ], [ -15.1065, 19.053923334000103 ], [ -15.106595, 19.053888334000192 ], [ -15.106685, 19.053855000000112 ], [ -15.1068466669999, 19.053795 ], [ -15.107003332999909, 19.053735000000131 ], [ -15.107165, 19.05367 ], [ -15.10734, 19.053610000000106 ], [ -15.107434999999839, 19.05358333300012 ], [ -15.107533332999878, 19.053555000000131 ], [ -15.107635, 19.053521667000155 ], [ -15.10774, 19.053486667000072 ], [ -15.107848332999936, 19.053446667000173 ], [ -15.10796166699987, 19.053406667000047 ], [ -15.108078332999867, 19.053361667000047 ], [ -15.108199999999897, 19.053316666000171 ], [ -15.108325, 19.05327 ], [ -15.108455, 19.053223334000052 ], [ -15.108588332999943, 19.053173333000132 ], [ -15.108724999999879, 19.053121665999981 ], [ -15.108865, 19.053068334000045 ], [ -15.10901, 19.053013333000024 ], [ -15.109158333999972, 19.052958333000106 ], [ -15.10930999999988, 19.052901667000185 ], [ -15.109465, 19.052845 ], [ -15.109623332999888, 19.052786667000078 ], [ -15.109785, 19.052725 ], [ -15.109946666999974, 19.052665 ], [ -15.11011, 19.052603333000036 ], [ -15.110273333999942, 19.052541665999968 ], [ -15.110431666999887, 19.05248 ], [ -15.11059333299994, 19.05242 ], [ -15.110758333999911, 19.052356667000026 ], [ -15.110926666999887, 19.052293333000136 ], [ -15.111096666999913, 19.052226666000024 ], [ -15.111271666999926, 19.052161667000064 ], [ -15.111448332999885, 19.052095000000122 ], [ -15.111626666999825, 19.052026667000064 ], [ -15.111808332999942, 19.051960000000179 ], [ -15.11199, 19.05189166700012 ], [ -15.11217333299993, 19.051823333000129 ], [ -15.112356665999982, 19.051753333000022 ], [ -15.11254, 19.051685000000134 ], [ -15.112724999999841, 19.051615 ], [ -15.112911666999935, 19.051545 ], [ -15.1131, 19.051475 ], [ -15.11329, 19.051403333000053 ], [ -15.113481666999917, 19.051331666000067 ], [ -15.113673332999952, 19.051260000000184 ], [ -15.113866666999968, 19.051186667000024 ], [ -15.11406166699993, 19.051113334000092 ], [ -15.114258332999952, 19.051038334000111 ], [ -15.114456666999956, 19.050965 ], [ -15.114655, 19.05089 ], [ -15.114856666999913, 19.050813333000065 ], [ -15.11506, 19.050736667000137 ], [ -15.115265, 19.050661667000099 ], [ -15.115471666999895, 19.050585 ], [ -15.115676666999889, 19.05051 ], [ -15.115883332999942, 19.050433334000161 ], [ -15.11609, 19.050356666000027 ], [ -15.116295, 19.050278334000097 ], [ -15.116501666999966, 19.0502 ], [ -15.11670666599997, 19.050121666000109 ], [ -15.1169133329999, 19.050043334 ], [ -15.11712, 19.0499650000001 ], [ -15.117326666999929, 19.049888334000173 ], [ -15.117535, 19.049813333000088 ], [ -15.117746666999949, 19.049735000000112 ], [ -15.11796, 19.049655 ], [ -15.11817166599991, 19.049575000000175 ], [ -15.11838333399993, 19.0494933330001 ], [ -15.118596665999917, 19.049413333000018 ], [ -15.118811665999942, 19.049333333000163 ], [ -15.119025, 19.049253333000138 ], [ -15.11924, 19.049173333000056 ], [ -15.119455, 19.049091667000084 ], [ -15.11967, 19.049011666000126 ], [ -15.119885, 19.04893 ], [ -15.120101665999925, 19.048848333000024 ], [ -15.120316665999951, 19.048766667 ], [ -15.120531666999966, 19.048683333000042 ], [ -15.120748332999938, 19.0486 ], [ -15.120965, 19.048516667000115 ], [ -15.121181666999917, 19.048435 ], [ -15.12140166699993, 19.04835333300008 ], [ -15.121625, 19.048271667000108 ], [ -15.121848332999946, 19.04819 ], [ -15.122073332999889, 19.048108333000073 ], [ -15.122298332999947, 19.048025 ], [ -15.122523332999833, 19.04794 ], [ -15.122748332999947, 19.047855 ], [ -15.122973332999948, 19.047768333000022 ], [ -15.123198333999881, 19.047683334000169 ], [ -15.123424999999827, 19.047598333000167 ], [ -15.123651665999944, 19.04751333300004 ], [ -15.123879999999815, 19.047426666999968 ], [ -15.124108332999981, 19.04734000000019 ], [ -15.124336666999852, 19.047255 ], [ -15.124566665999964, 19.047168333000116 ], [ -15.124796665999895, 19.04708333300016 ], [ -15.125028332999875, 19.046996667000087 ], [ -15.12526, 19.046910000000139 ], [ -15.125491666999949, 19.046820000000139 ], [ -15.125723332999939, 19.046731667000017 ], [ -15.125955, 19.046641667000017 ], [ -15.126186665999967, 19.046553334000123 ], [ -15.126418333999936, 19.046465 ], [ -15.126648332999878, 19.046378334 ], [ -15.126881666999907, 19.04629000000017 ], [ -15.127113332999897, 19.046203334000097 ], [ -15.127344999999877, 19.046116667000149 ], [ -15.127576666999971, 19.046028334000027 ], [ -15.127809999999897, 19.04594 ], [ -15.12804, 19.045851666000146 ], [ -15.128271665999932, 19.045765 ], [ -15.12850166599992, 19.045680000000118 ], [ -15.128731666999954, 19.045595 ], [ -15.128961666999885, 19.045506667000097 ], [ -15.129193332999876, 19.0454183330001 ], [ -15.129426666999905, 19.045330000000149 ], [ -15.12966, 19.045243334000077 ], [ -15.129895, 19.045155 ], [ -15.13013, 19.045066667000128 ], [ -15.130363332999877, 19.044976667000128 ], [ -15.130595, 19.044888333000074 ], [ -15.130826665999848, 19.04480000000018 ], [ -15.13105499999989, 19.044713333000175 ], [ -15.131283332999885, 19.044628333000105 ], [ -15.131509999999878, 19.0445416660001 ], [ -15.131736666999927, 19.044456667000077 ], [ -15.131963332999931, 19.044373333000124 ], [ -15.13219, 19.04429 ], [ -15.132416666999973, 19.044206667000026 ], [ -15.132641665999927, 19.04412166700007 ], [ -15.132865, 19.044036666000068 ], [ -15.133088333999922, 19.043953333 ], [ -15.133309999999881, 19.04387000000014 ], [ -15.13353, 19.043788333 ], [ -15.133748333999904, 19.043705000000159 ], [ -15.133968333999974, 19.043623333000085 ], [ -15.134186666999938, 19.043540000000178 ], [ -15.134406666999951, 19.043458333000103 ], [ -15.134625, 19.043375 ], [ -15.134844999999871, 19.043293334 ], [ -15.135061666999945, 19.04321333300004 ], [ -15.135278332999917, 19.043131667000068 ], [ -15.135495, 19.043051666999986 ], [ -15.135711666999896, 19.04297 ], [ -15.135928332999981, 19.04289 ], [ -15.136144999999885, 19.042811667000024 ], [ -15.136361665999971, 19.042733334000047 ], [ -15.136578333999921, 19.042653334000022 ], [ -15.136795, 19.04257333400011 ], [ -15.137011666999911, 19.042493334000085 ], [ -15.137228332999882, 19.042413333000127 ], [ -15.137445, 19.042333333000101 ], [ -15.137661666999975, 19.042251667000073 ], [ -15.137879999999882, 19.042170000000169 ], [ -15.138096665999967, 19.042088334000141 ], [ -15.138313333999974, 19.042006666000134 ], [ -15.13853, 19.041926666999984 ], [ -15.138745, 19.041848333000075 ], [ -15.138959999999827, 19.04177 ], [ -15.139171665999925, 19.041691667000123 ], [ -15.139381666999896, 19.041615 ], [ -15.139589999999885, 19.041538334000109 ], [ -15.139798333999977, 19.041461665999975 ], [ -15.140003332999981, 19.041385 ], [ -15.140206665999926, 19.041308334000121 ], [ -15.14041, 19.041233333000037 ], [ -15.140611666999973, 19.041158333000055 ], [ -15.140815, 19.041081667000071 ], [ -15.14102, 19.041005 ], [ -15.141223332999971, 19.04093 ], [ -15.141428332999965, 19.04085333300003 ], [ -15.141633332999959, 19.040776667000046 ], [ -15.141839999999888, 19.0407 ], [ -15.142044999999882, 19.040623334000088 ], [ -15.142251665999936, 19.040546666000125 ], [ -15.142461666999907, 19.040473333000023 ], [ -15.142671666999888, 19.0404 ], [ -15.142879999999877, 19.040325000000109 ], [ -15.14308833299998, 19.040248333000079 ], [ -15.143295, 19.040171667000095 ], [ -15.143501665999906, 19.040095 ], [ -15.14370666699989, 19.040018334000138 ], [ -15.143914999999822, 19.039941666000175 ], [ -15.144121666999979, 19.039866667000069 ], [ -15.144328332999919, 19.039793333000091 ], [ -15.144535, 19.039718333000053 ], [ -15.14474, 19.039641667000126 ], [ -15.144945, 19.039566667000145 ], [ -15.14515, 19.039490000000114 ], [ -15.145353333999878, 19.03941333400013 ], [ -15.145558332999883, 19.039336666000054 ], [ -15.14576333399998, 19.039258334000124 ], [ -15.145968332999871, 19.039181666000161 ], [ -15.14617166599993, 19.03910333400006 ], [ -15.146376666999913, 19.039021667000156 ], [ -15.14658, 19.038938333000033 ], [ -15.146781666999971, 19.038846666000154 ], [ -15.146983332999923, 19.038750000000164 ], [ -15.147181666999927, 19.03865 ], [ -15.147373332999962, 19.038545 ], [ -15.147566666999978, 19.038436666000166 ], [ -15.147756666999896, 19.03832333400004 ], [ -15.147946665999882, 19.038206666000121 ], [ -15.14813666699996, 19.03808666599997 ], [ -15.148326666999878, 19.037965 ], [ -15.148516666999967, 19.037841667000066 ], [ -15.148706665999896, 19.03772 ], [ -15.148896666999974, 19.037596667000059 ], [ -15.149086666999892, 19.03747333300015 ], [ -15.149276665999878, 19.037350000000117 ], [ -15.149466665999967, 19.037226667000141 ], [ -15.149655, 19.037101667000115 ], [ -15.149841665999929, 19.036978334000139 ], [ -15.150028332999909, 19.036853333000181 ], [ -15.150214999999889, 19.03673 ], [ -15.1504, 19.03660833400005 ], [ -15.150581665999937, 19.036488334000069 ], [ -15.150763332999873, 19.03637 ], [ -15.15094333299993, 19.03625 ], [ -15.15112166699987, 19.036133333000123 ], [ -15.151299999999878, 19.036016667000069 ], [ -15.151478333999876, 19.035901666000029 ], [ -15.151653333999889, 19.035785000000146 ], [ -15.15183, 19.03567 ], [ -15.152004999999861, 19.03555666699998 ], [ -15.15218, 19.035443333000046 ], [ -15.152353333999883, 19.035331667000037 ], [ -15.152528333999896, 19.0352166670001 ], [ -15.15270166699986, 19.035103334000041 ], [ -15.152874999999881, 19.034993333000102 ], [ -15.153046666999899, 19.034883333000039 ], [ -15.153221666999968, 19.03477 ], [ -15.153396666999981, 19.034658334000028 ], [ -15.153571666999881, 19.034545 ], [ -15.153746666999893, 19.034431666999978 ], [ -15.153925, 19.034318333000044 ], [ -15.15410333299991, 19.034203333000107 ], [ -15.15428166699985, 19.034088334000103 ], [ -15.15446, 19.033975000000112 ], [ -15.154638333999969, 19.03386 ], [ -15.154816666999977, 19.033745000000124 ], [ -15.154994999999872, 19.033628333000138 ], [ -15.155173332999823, 19.03351333300003 ], [ -15.155351666999934, 19.0334 ], [ -15.15552833299995, 19.033286667000141 ], [ -15.155705, 19.033173334000082 ], [ -15.15588166699996, 19.03306 ], [ -15.15606, 19.032946667000033 ], [ -15.156238333999909, 19.032831667000153 ], [ -15.156416666999917, 19.032715000000167 ], [ -15.156595, 19.0326 ], [ -15.157909744999927, 19.03174947500014 ], [ -15.158015, 19.031681666999987 ], [ -15.15835833299991, 19.031456666000111 ], [ -15.158949119999932, 19.03110678000013 ], [ -15.159395, 19.03079 ], [ -15.15973833299995, 19.030570000000125 ], [ -15.15991, 19.03045833300007 ], [ -15.160249999999849, 19.030236667000167 ], [ -15.160697279999908, 19.029977190000125 ], [ -15.161492986999917, 19.029433202000064 ], [ -15.161566595999886, 19.029385322000167 ], [ -15.161618333999911, 19.029351666000025 ], [ -15.161723780999921, 19.029284098000119 ], [ -15.161833519999959, 19.029213358000163 ], [ -15.161961666999957, 19.02913000000018 ], [ -15.162051763999955, 19.029071394000141 ], [ -15.162133332999872, 19.02901833400017 ], [ -15.162323039999933, 19.028906010000128 ], [ -15.162410169999873, 19.028845450000063 ], [ -15.16286195999993, 19.028531430000044 ], [ -15.164422559999934, 19.027531440000075 ], [ -15.165333719999921, 19.02694356000012 ], [ -15.165902519999975, 19.026587250000091 ], [ -15.166575, 19.026157320000095 ], [ -15.167784239999889, 19.025357310000118 ], [ -15.169003919999909, 19.024571790000152 ], [ -15.169932, 19.023985710000147 ], [ -15.172346519999905, 19.022443650000127 ], [ -15.175680119999981, 19.02029283000013 ], [ -15.177722039999878, 19.018959210000105 ], [ -15.180156359999955, 19.017393300000037 ], [ -15.182167679999907, 19.016088930000137 ], [ -15.183456743999898, 19.015283340000053 ], [ -15.183738719999951, 19.015107120000039 ], [ -15.184658519999971, 19.014522030000137 ], [ -15.18548471999992, 19.01395584 ], [ -15.18641243999997, 19.013369670000031 ], [ -15.187284359999978, 19.012800509999977 ], [ -15.187914359999979, 19.012389570000096 ], [ -15.189037559999974, 19.011661740000079 ], [ -15.190058879999924, 19.011006270000053 ], [ -15.19139483999993, 19.010142180000116 ], [ -15.193245239999953, 19.008943650000106 ], [ -15.194789999999898, 19.007938440000032 ], [ -15.196256279999886, 19.006996320000098 ], [ -15.197434559999863, 19.006234470000095 ], [ -15.198378479999974, 19.005630660000065 ], [ -15.200025839999967, 19.004560110000114 ], [ -15.201907559999938, 19.003351770000165 ], [ -15.203173679999963, 19.002539340000055 ], [ -15.204526199999975, 19.001682810000091 ], [ -15.205486679999979, 19.001146680000147 ], [ -15.206492879999814, 19.000696590000189 ], [ -15.207591596999862, 19.000314687000127 ], [ -14.262487312999895, 19.001281714000129 ], [ -14.217264400999966, 19.43145018000007 ], [ -13.973597439999878, 19.649823896000044 ], [ -13.981014708999965, 19.670621338000046 ], [ -14.02213844399995, 19.785929066 ], [ -14.113975650999976, 20.711849179000183 ] ] ] } },
{ "type": "Feature", "properties": { "adm2_name": "Toujounine", "adm2_name1": null, "adm2_name2": null, "adm2_name3": null, "adm2_pcode": "MR141", "adm1_name": "Nouakchott Nord", "adm1_name1": null, "adm1_name2": null, "adm1_name3": null, "adm1_pcode": "MR14", "adm0_name": "Mauritanie", "adm0_name1": null, "adm0_name2": null, "adm0_name3": null, "adm0_pcode": "MR", "valid_on": "2024-03-27", "valid_to": null, "area_sqkm": 55.72161725, "version": "v03", "lang": "fr", "lang1": null, "lang2": null, "lang3": null, "adm2_ref": "None", "center_lat": 18.17141046, "center_lon": -15.92945041 }, "geometry": { "type": "Polygon", "coordinates": [ [ [ -15.908790131999979, 18.150410778000037 ], [ -15.898289793999879, 18.160535144000164 ], [ -15.891652673999886, 18.170944112000029 ], [ -15.892465418999905, 18.171876802000156 ], [ -15.892457877999902, 18.172239217000026 ], [ -15.892379128999949, 18.176023758000042 ], [ -15.89237912599998, 18.176023975000192 ], [ -15.891460036999945, 18.229413787000055 ], [ -15.922885986999972, 18.200254046000111 ], [ -15.966807248999885, 18.178151139000136 ], [ -15.966856191999966, 18.17512752500005 ], [ -15.966839877999917, 18.170923832000142 ], [ -15.966899697999906, 18.166953979000027 ], [ -15.966834438999911, 18.163413741000056 ], [ -15.966774619999967, 18.159737548000066 ], [ -15.96676918199995, 18.157524218999981 ], [ -15.966747428999895, 18.156257129000153 ], [ -15.966676732999929, 18.154462538000075 ], [ -15.966687609999951, 18.151150702000166 ], [ -15.966687609999951, 18.148872116000064 ], [ -15.965163732999883, 18.149148188000026 ], [ -15.965149120999911, 18.149037088000057 ], [ -15.963869999999872, 18.143078333000062 ], [ -15.963199998999926, 18.139908333000108 ], [ -15.962523332999979, 18.136703333000185 ], [ -15.961864999999875, 18.133405001000085 ], [ -15.961236666999923, 18.130318333000162 ], [ -15.96072, 18.12866 ], [ -15.958196707999946, 18.129644826000117 ], [ -15.957305751999968, 18.126993169000173 ], [ -15.956444493999925, 18.124905784000021 ], [ -15.956279029999905, 18.123768754000139 ], [ -15.956800875999932, 18.12371784200019 ], [ -15.956597228999954, 18.123009320000165 ], [ -15.956716022999899, 18.122428076 ], [ -15.957157258999928, 18.120094618000053 ], [ -15.956359640999835, 18.119912184000043 ], [ -15.956209181999895, 18.120077895000179 ], [ -15.955638389999933, 18.120294023000099 ], [ -15.954651017999936, 18.119832008000174 ], [ -15.953245, 18.119298333000131 ], [ -15.952278860999968, 18.118884581000032 ], [ -15.950788333999981, 18.117971667000177 ], [ -15.949579884999935, 18.117069608000065 ], [ -15.94896469999992, 18.117782374000058 ], [ -15.948668333999933, 18.117565001000116 ], [ -15.948411665999913, 18.117820001000041 ], [ -15.948278333999895, 18.117828333000034 ], [ -15.94195450999996, 18.113265327000136 ], [ -15.941555175999952, 18.113010187000157 ], [ -15.938331152999922, 18.11710287000011 ], [ -15.931365956999969, 18.125936793000164 ], [ -15.928668263999953, 18.129433735000134 ], [ -15.925514134999844, 18.133525644000031 ], [ -15.923935925999899, 18.135482689000071 ], [ -15.919424743999969, 18.139964150000026 ], [ -15.908790131999979, 18.150410778000037 ] ] ] } },
{ "type": "Feature", "properties": { "adm2_name": "Dar Naïm", "adm2_name1": null, "adm2_name2": null, "adm2_name3": null, "adm2_pcode": "MR142", "adm1_name": "Nouakchott Nord", "adm1_name1": null, "adm1_name2": null, "adm1_name3": null, "adm1_pcode": "MR14", "adm0_name": "Mauritanie", "adm0_name1": null, "adm0_name2": null, "adm0_name3": null, "adm0_pcode": "MR", "valid_on": "2024-03-27", "valid_to": null, "area_sqkm": 42.83422575, "version": "v03", "lang": "fr", "lang1": null, "lang2": null, "lang3": null, "adm2_ref": "Dar Naim", "center_lat": 18.12151983, "center_lon": -15.91239142 }, "geometry": { "type": "Polygon", "coordinates": [ [ [ -15.870529146999957, 18.150157039000078 ], [ -15.876902666999911, 18.156467653000163 ], [ -15.8773253949999, 18.156886209000163 ], [ -15.88905230599994, 18.168497375000015 ], [ -15.892465418999905, 18.171876802000156 ], [ -15.891652673999886, 18.170944112000029 ], [ -15.898289793999879, 18.160535144000164 ], [ -15.908790131999979, 18.150410778000037 ], [ -15.919424743999969, 18.139964150000026 ], [ -15.923935925999899, 18.135482689000071 ], [ -15.925514134999844, 18.133525644000031 ], [ -15.928668263999953, 18.129433735000134 ], [ -15.931365956999969, 18.125936793000164 ], [ -15.938331152999922, 18.11710287000011 ], [ -15.941555175999952, 18.113010187000157 ], [ -15.944525030999955, 18.109344272000158 ], [ -15.946647304999942, 18.106741727000042 ], [ -15.946692760999952, 18.106685985000013 ], [ -15.94781971499998, 18.105273978000184 ], [ -15.953315065999902, 18.098755305000054 ], [ -15.956195894999951, 18.094304587000011 ], [ -15.956503397999825, 18.093867607000107 ], [ -15.960620875999894, 18.08859027799997 ], [ -15.962475451999865, 18.085306044000049 ], [ -15.965191999999831, 18.079417 ], [ -15.936246849999975, 18.07113482699998 ], [ -15.93579368099995, 18.071020212000178 ], [ -15.935233, 18.072599 ], [ -15.934846, 18.074031000000105 ], [ -15.934575, 18.075446000000113 ], [ -15.933463349999954, 18.082887763000031 ], [ -15.933423664999964, 18.083456150000075 ], [ -15.921900027999925, 18.081811416000107 ], [ -15.921646591999945, 18.083170117000122 ], [ -15.920724364999842, 18.083078597000053 ], [ -15.918774312999972, 18.082860361000087 ], [ -15.918412233999959, 18.08514844400014 ], [ -15.917204156999901, 18.084936139999968 ], [ -15.916996540999946, 18.085881940999968 ], [ -15.916875741999888, 18.086471698000025 ], [ -15.914796770999942, 18.088295162000065 ], [ -15.914571753999951, 18.088405688000023 ], [ -15.913995773999829, 18.087897294000015 ], [ -15.913520131999974, 18.08747731200009 ], [ -15.913252304999958, 18.08727414100008 ], [ -15.909864334999952, 18.090928582 ], [ -15.909635931999958, 18.091118917000074 ], [ -15.907433479999895, 18.093495390000101 ], [ -15.90597061699998, 18.095018073000062 ], [ -15.879942385999982, 18.138032512999985 ], [ -15.870529146999957, 18.150157039000078 ] ] ] } },
{ "type": "Feature", "properties": { "adm2_name": "Teyarett", "adm2_name1": null, "adm2_name2": null, "adm2_name3": null, "adm2_pcode": "MR143", "adm1_name": "Nouakchott Nord", "adm1_name1": null, "adm1_name2": null, "adm1_name3": null, "adm1_pcode": "MR14", "adm0_name": "Mauritanie", "adm0_name1": null, "adm0_name2": null, "adm0_name3": null, "adm0_pcode": "MR", "valid_on": "2024-03-27", "valid_to": null, "area_sqkm": 120.12426064, "version": "v03", "lang": "fr", "lang1": null, "lang2": null, "lang3": null, "adm2_ref": "None", "center_lat": 18.06654063, "center_lon": -15.88772634 }, "geometry": { "type": "Polygon", "coordinates": [ [ [ -15.862055838999936, 18.138067523000075 ], [ -15.868819099999882, 18.14846387100016 ], [ -15.870529146999957, 18.150157039000078 ], [ -15.879942385999982, 18.138032512999985 ], [ -15.90597061699998, 18.095018073000062 ], [ -15.907433479999895, 18.093495390000101 ], [ -15.909635931999958, 18.091118917000074 ], [ -15.909864334999952, 18.090928582 ], [ -15.913252304999958, 18.08727414100008 ], [ -15.913520131999974, 18.08747731200009 ], [ -15.913995773999829, 18.087897294000015 ], [ -15.914571753999951, 18.088405688000023 ], [ -15.914796770999942, 18.088295162000065 ], [ -15.916875741999888, 18.086471698000025 ], [ -15.916996540999946, 18.085881940999968 ], [ -15.917204156999901, 18.084936139999968 ], [ -15.918412233999959, 18.08514844400014 ], [ -15.918774312999972, 18.082860361000087 ], [ -15.920724364999842, 18.083078597000053 ], [ -15.921646591999945, 18.083170117000122 ], [ -15.921900027999925, 18.081811416000107 ], [ -15.933423664999964, 18.083456150000075 ], [ -15.933463349999954, 18.082887763000031 ], [ -15.934575, 18.075446000000113 ], [ -15.934846, 18.074031000000105 ], [ -15.935233, 18.072599 ], [ -15.93579368099995, 18.071020212000178 ], [ -15.935932962999914, 18.070628017000161 ], [ -15.93851178999995, 18.062206907000075 ], [ -15.939531107999926, 18.062453242000117 ], [ -15.939964317999966, 18.060903029000031 ], [ -15.940365027999974, 18.059749699000179 ], [ -15.941767706999883, 18.054946649000101 ], [ -15.94206472299993, 18.053845194000019 ], [ -15.942963831999975, 18.051505111000097 ], [ -15.947474373999967, 18.044078436000177 ], [ -15.949210387999926, 18.041412807000142 ], [ -15.950577159999852, 18.039124065000124 ], [ -15.951019678999955, 18.038393076000148 ], [ -15.952315061999911, 18.036337450000076 ], [ -15.954114999999831, 18.033467 ], [ -15.955560522999974, 18.031022806000124 ], [ -15.955561, 18.031022 ], [ -15.955788334999966, 18.030669351000142 ], [ -15.956079562999946, 18.030217591000053 ], [ -15.955986843999881, 18.030167093000102 ], [ -15.949987472999908, 18.026843009000061 ], [ -15.945271735999881, 18.024384912000187 ], [ -15.943173180999906, 18.027608119000149 ], [ -15.942032853999876, 18.027002031999984 ], [ -15.936213605999967, 18.036898653000037 ], [ -15.917095705999884, 18.026734799000167 ], [ -15.910884827999894, 18.023520510000083 ], [ -15.90059933099991, 18.018713450000064 ], [ -15.857562770999948, 17.98947869 ], [ -15.849802609999927, 17.9842229570001 ], [ -15.845219853999936, 17.98111918900014 ], [ -15.845219832999931, 17.981119226000089 ], [ -15.845134530999871, 17.987769707000098 ], [ -15.844646413999897, 18.02582516700005 ], [ -15.844585343999938, 18.030589095000039 ], [ -15.844577492999974, 18.031201200000169 ], [ -15.844388911999943, 18.045904013000154 ], [ -15.844307560999937, 18.052246560000071 ], [ -15.844224297999972, 18.058738173000108 ], [ -15.825988746999826, 18.082625925000059 ], [ -15.828561921999835, 18.086581358000046 ], [ -15.862055838999936, 18.138067523000075 ] ] ] } },
{ "type": "Feature", "properties": { "adm2_name": "Sebkha", "adm2_name1": null, "adm2_name2": null, "adm2_name3": null, "adm2_pcode": "MR133", "adm1_name": "Nouakchott Ouest", "adm1_name1": null, "adm1_name2": null, "adm1_name3": null, "adm1_pcode": "MR13", "adm0_name": "Mauritanie", "adm0_name1": null, "adm0_name2": null, "adm0_name3": null, "adm0_pcode": "MR", "valid_on": "2024-03-27", "valid_to": null, "area_sqkm": 15.80984008, "version": "v03", "lang": "fr", "lang1": null, "lang2": null, "lang3": null, "adm2_ref": "None", "center_lat": 18.07707547, "center_lon": -16.00768071 }, "geometry": { "type": "Polygon", "coordinates": [ [ [ -16.019101145999969, 18.097520228000064 ], [ -16.020802682999943, 18.097810262999985 ], [ -16.022223853999947, 18.097114180000062 ], [ -16.025423905999958, 18.09685314800015 ], [ -16.027367139999967, 18.096833813000046 ], [ -16.033704429999943, 18.09778154300011 ], [ -16.032679308999946, 18.06610794400018 ], [ -16.021635190999916, 18.055827175000161 ], [ -16.019567349999875, 18.055988304999971 ], [ -16.005227347999892, 18.06141894700005 ], [ -15.986589658999947, 18.073215698000126 ], [ -15.982737514999826, 18.07578746300004 ], [ -15.981916766999973, 18.078363481000167 ], [ -15.982602061999899, 18.078579137000077 ], [ -15.982947690999879, 18.078594847000147 ], [ -15.983235691999937, 18.078820390000033 ], [ -15.983399057999918, 18.078948327000091 ], [ -15.984146912999904, 18.079905442000097 ], [ -15.98423392299992, 18.080065542000057 ], [ -15.984275945999912, 18.080241294000189 ], [ -15.98431867599993, 18.08042 ], [ -15.984373139999889, 18.080542359000162 ], [ -15.984613288999867, 18.080876479999972 ], [ -15.98484745899998, 18.081278205000103 ], [ -15.985403343999963, 18.082634090000113 ], [ -15.98550775599989, 18.08300649500012 ], [ -15.985802578999937, 18.083961404000149 ], [ -15.986127270999873, 18.085348817000124 ], [ -15.986213464999935, 18.085335325000074 ], [ -15.98671546099996, 18.085275728 ], [ -15.987971892999951, 18.085063423000122 ], [ -15.988880281999968, 18.084784990000117 ], [ -15.990569402999824, 18.084125343000153 ], [ -15.991262391999953, 18.085203327000158 ], [ -15.993146115999934, 18.084583897000073 ], [ -15.994426909999959, 18.084218841000052 ], [ -15.995577767999976, 18.084070344000111 ], [ -15.997093683999879, 18.084088906000034 ], [ -15.998027982999929, 18.084225029000038 ], [ -16.00004507899996, 18.084707647000187 ], [ -16.001752803999921, 18.085740945000055 ], [ -16.006811184999947, 18.088939493 ], [ -16.013580814999898, 18.093711104000022 ], [ -16.019101145999969, 18.097520228000064 ] ] ] } },
{ "type": "Feature", "properties": { "adm2_name": "Ksar", "adm2_name1": null, "adm2_name2": null, "adm2_name3": null, "adm2_pcode": "MR131", "adm1_name": "Nouakchott Ouest", "adm1_name1": null, "adm1_name2": null, "adm1_name3": null, "adm1_pcode": "MR13", "adm0_name": "Mauritanie", "adm0_name1": null, "adm0_name2": null, "adm0_name3": null, "adm0_pcode": "MR", "valid_on": "2024-03-27", "valid_to": null, "area_sqkm": 273.48334006, "version": "v03", "lang": "fr", "lang1": null, "lang2": null, "lang3": null, "adm2_ref": "None", "center_lat": 18.33033152, "center_lon": -15.93142075 }, "geometry": { "type": "Polygon", "coordinates": [ [ [ -15.888245996999842, 18.413349988000164 ], [ -15.873696060999976, 18.456784961000153 ], [ -15.966240832999915, 18.45501026800008 ], [ -15.978349038999966, 18.236350377 ], [ -15.975641220999933, 18.161667361000127 ], [ -15.974029334999955, 18.147293311000112 ], [ -15.973987570999896, 18.145866339000179 ], [ -15.973998011999981, 18.144658634000166 ], [ -15.974057178999885, 18.144589025000187 ], [ -15.974060046999853, 18.142829987000084 ], [ -15.974579241999891, 18.142702638000117 ], [ -15.973550219999936, 18.138054607000072 ], [ -15.973048890999962, 18.135581946 ], [ -15.97253729199997, 18.133074266 ], [ -15.975018384999942, 18.132613130000038 ], [ -15.980758967999975, 18.13145081000016 ], [ -15.981011611999918, 18.131404782000061 ], [ -15.980601758999967, 18.12958048500002 ], [ -15.980521569999951, 18.129134992000047 ], [ -15.980063792999943, 18.126722481000172 ], [ -15.97942172799992, 18.127118819000088 ], [ -15.976951666999923, 18.122076666999988 ], [ -15.974348332999966, 18.116548332999969 ], [ -15.972068333999971, 18.111336667000103 ], [ -15.972591666999961, 18.107565 ], [ -15.974649999999883, 18.104603333 ], [ -15.97510833299998, 18.102958333000174 ], [ -15.975701885999968, 18.100150388000088 ], [ -15.96852, 18.098908333999987 ], [ -15.96796, 18.098653333000129 ], [ -15.967911666999953, 18.09846 ], [ -15.96829166699996, 18.097868333000179 ], [ -15.967938333999939, 18.09737 ], [ -15.969045, 18.091214998999988 ], [ -15.970036666999931, 18.086698333000015 ], [ -15.974801253999885, 18.0876607350001 ], [ -15.97535166699987, 18.084991667000054 ], [ -15.976184999999816, 18.080465 ], [ -15.97648, 18.079486667000026 ], [ -15.97722, 18.078526667000176 ], [ -15.977322976999915, 18.078469332000111 ], [ -15.978430203999949, 18.077852860000121 ], [ -15.978438332999929, 18.077848334000066 ], [ -15.974649999999883, 18.077280000000144 ], [ -15.975575548999927, 18.072154077000107 ], [ -15.974086666999938, 18.073038333999989 ], [ -15.973741666999956, 18.072531667000078 ], [ -15.973355, 18.07235 ], [ -15.97043137999998, 18.071226778000039 ], [ -15.968985093999947, 18.070648001000052 ], [ -15.968915233999951, 18.070620044000123 ], [ -15.965392866999935, 18.078952629000071 ], [ -15.965191999999831, 18.079417 ], [ -15.962475451999865, 18.085306044000049 ], [ -15.960620875999894, 18.08859027799997 ], [ -15.956503397999825, 18.093867607000107 ], [ -15.956195894999951, 18.094304587000011 ], [ -15.953315065999902, 18.098755305000054 ], [ -15.94781971499998, 18.105273978000184 ], [ -15.946692760999952, 18.106685985000013 ], [ -15.946647304999942, 18.106741727000042 ], [ -15.944525030999955, 18.109344272000158 ], [ -15.941555175999952, 18.113010187000157 ], [ -15.94195450999996, 18.113265327000136 ], [ -15.948278333999895, 18.117828333000034 ], [ -15.948411665999913, 18.117820001000041 ], [ -15.948668333999933, 18.117565001000116 ], [ -15.94896469999992, 18.117782374000058 ], [ -15.949579884999935, 18.117069608000065 ], [ -15.950788333999981, 18.117971667000177 ], [ -15.952278860999968, 18.118884581000032 ], [ -15.953245, 18.119298333000131 ], [ -15.954651017999936, 18.119832008000174 ], [ -15.955638389999933, 18.120294023000099 ], [ -15.956209181999895, 18.120077895000179 ], [ -15.956359640999835, 18.119912184000043 ], [ -15.957157258999928, 18.120094618000053 ], [ -15.956716022999899, 18.122428076 ], [ -15.956597228999954, 18.123009320000165 ], [ -15.956800875999932, 18.12371784200019 ], [ -15.956279029999905, 18.123768754000139 ], [ -15.956444493999925, 18.124905784000021 ], [ -15.957305751999968, 18.126993169000173 ], [ -15.958196707999946, 18.129644826000117 ], [ -15.96072, 18.12866 ], [ -15.961236666999923, 18.130318333000162 ], [ -15.961864999999875, 18.133405001000085 ], [ -15.962523332999979, 18.136703333000185 ], [ -15.963199998999926, 18.139908333000108 ], [ -15.963869999999872, 18.143078333000062 ], [ -15.965149120999911, 18.149037088000057 ], [ -15.965163732999883, 18.149148188000026 ], [ -15.966687609999951, 18.148872116000064 ], [ -15.966687609999951, 18.151150702000166 ], [ -15.966676732999929, 18.154462538000075 ], [ -15.966747428999895, 18.156257129000153 ], [ -15.96676918199995, 18.157524218999981 ], [ -15.966774619999967, 18.159737548000066 ], [ -15.966834438999911, 18.163413741000056 ], [ -15.966899697999906, 18.166953979000027 ], [ -15.966839877999917, 18.170923832000142 ], [ -15.966856191999966, 18.17512752500005 ], [ -15.966807248999885, 18.178151139000136 ], [ -15.922885986999972, 18.200254046000111 ], [ -15.891460036999945, 18.229413787000055 ], [ -15.891147270999909, 18.247313047000091 ], [ -15.888245996999842, 18.413349988000164 ] ] ] } },
{ "type": "Feature", "properties": { "adm2_name": "Tevragh Zeina", "adm2_name1": null, "adm2_name2": null, "adm2_name3": null, "adm2_pcode": "MR132", "adm1_name": "Nouakchott Ouest", "adm1_name1": null, "adm1_name2": null, "adm1_name3": null, "adm1_pcode": "MR13", "adm0_name": "Mauritanie", "adm0_name1": null, "adm0_name2": null, "adm0_name3": null, "adm0_pcode": "MR", "valid_on": "2024-03-27", "valid_to": null, "area_sqkm": 334.97833141000001, "version": "v03", "lang": "fr", "lang1": null, "lang2": null, "lang3": null, "adm2_ref": "None", "center_lat": 18.2998379, "center_lon": -16.01606605 }, "geometry": { "type": "Polygon", "coordinates": [ [ [ -15.980521569999951, 18.129134992000047 ], [ -15.980601758999967, 18.12958048500002 ], [ -15.981011611999918, 18.131404782000061 ], [ -15.980758967999975, 18.13145081000016 ], [ -15.975018384999942, 18.132613130000038 ], [ -15.97253729199997, 18.133074266 ], [ -15.973048890999962, 18.135581946 ], [ -15.973550219999936, 18.138054607000072 ], [ -15.974579241999891, 18.142702638000117 ], [ -15.974060046999853, 18.142829987000084 ], [ -15.974057178999885, 18.144589025000187 ], [ -15.973998011999981, 18.144658634000166 ], [ -15.973987570999896, 18.145866339000179 ], [ -15.974029334999955, 18.147293311000112 ], [ -15.975641220999933, 18.161667361000127 ], [ -15.978349038999966, 18.236350377 ], [ -15.966240832999915, 18.45501026800008 ], [ -16.058338332999881, 18.453248658000177 ], [ -16.057164100999898, 18.44883100800007 ], [ -16.063531001999934, 18.363325420000024 ], [ -16.047531093999908, 18.20033775200011 ], [ -16.033704429999943, 18.09778154300011 ], [ -16.027367139999967, 18.096833813000046 ], [ -16.025423905999958, 18.09685314800015 ], [ -16.022223853999947, 18.097114180000062 ], [ -16.020802682999943, 18.097810262999985 ], [ -16.019101145999969, 18.097520228000064 ], [ -16.013580814999898, 18.093711104000022 ], [ -16.006811184999947, 18.088939493 ], [ -16.001752803999921, 18.085740945000055 ], [ -16.00004507899996, 18.084707647000187 ], [ -15.998027982999929, 18.084225029000038 ], [ -15.997093683999879, 18.084088906000034 ], [ -15.995577767999976, 18.084070344000111 ], [ -15.994426909999959, 18.084218841000052 ], [ -15.993146115999934, 18.084583897000073 ], [ -15.991262391999953, 18.085203327000158 ], [ -15.990569402999824, 18.084125343000153 ], [ -15.988880281999968, 18.084784990000117 ], [ -15.987971892999951, 18.085063423000122 ], [ -15.98671546099996, 18.085275728 ], [ -15.986213464999935, 18.085335325000074 ], [ -15.986127270999873, 18.085348817000124 ], [ -15.985802578999937, 18.083961404000149 ], [ -15.98550775599989, 18.08300649500012 ], [ -15.985403343999963, 18.082634090000113 ], [ -15.98484745899998, 18.081278205000103 ], [ -15.984613288999867, 18.080876479999972 ], [ -15.984373139999889, 18.080542359000162 ], [ -15.98431867599993, 18.08042 ], [ -15.984275945999912, 18.080241294000189 ], [ -15.98423392299992, 18.080065542000057 ], [ -15.984146912999904, 18.079905442000097 ], [ -15.983399057999918, 18.078948327000091 ], [ -15.983235691999937, 18.078820390000033 ], [ -15.982947690999879, 18.078594847000147 ], [ -15.982602061999899, 18.078579137000077 ], [ -15.981916766999973, 18.078363481000167 ], [ -15.979744617999927, 18.07796402200006 ], [ -15.978430203999949, 18.077852860000121 ], [ -15.977322976999915, 18.078469332000111 ], [ -15.97722, 18.078526667000176 ], [ -15.97648, 18.079486667000026 ], [ -15.976184999999816, 18.080465 ], [ -15.97535166699987, 18.084991667000054 ], [ -15.974801253999885, 18.0876607350001 ], [ -15.970036666999931, 18.086698333000015 ], [ -15.969045, 18.091214998999988 ], [ -15.967938333999939, 18.09737 ], [ -15.96829166699996, 18.097868333000179 ], [ -15.967911666999953, 18.09846 ], [ -15.96796, 18.098653333000129 ], [ -15.96852, 18.098908333999987 ], [ -15.975701885999968, 18.100150388000088 ], [ -15.97510833299998, 18.102958333000174 ], [ -15.974649999999883, 18.104603333 ], [ -15.972591666999961, 18.107565 ], [ -15.972068333999971, 18.111336667000103 ], [ -15.974348332999966, 18.116548332999969 ], [ -15.976951666999923, 18.122076666999988 ], [ -15.97942172799992, 18.127118819000088 ], [ -15.980063792999943, 18.126722481000172 ], [ -15.980521569999951, 18.129134992000047 ] ] ] } },
{ "type": "Feature", "properties": { "adm2_name": "Arafat", "adm2_name1": null, "adm2_name2": null, "adm2_name3": null, "adm2_pcode": "MR152", "adm1_name": "Nouakchott Sud", "adm1_name1": null, "adm1_name2": null, "adm1_name3": null, "adm1_pcode": "MR15", "adm0_name": "Mauritanie", "adm0_name1": null, "adm0_name2": null, "adm0_name3": null, "adm0_pcode": "MR", "valid_on": "2024-03-27", "valid_to": null, "area_sqkm": 15.11374169, "version": "v03", "lang": "fr", "lang1": null, "lang2": null, "lang3": null, "adm2_ref": "None", "center_lat": 18.05439592, "center_lon": -15.95863188 }, "geometry": { "type": "Polygon", "coordinates": [ [ [ -15.935932962999914, 18.070628017000161 ], [ -15.93579368099995, 18.071020212000178 ], [ -15.936246849999975, 18.07113482699998 ], [ -15.965191999999831, 18.079417 ], [ -15.965392866999935, 18.078952629000071 ], [ -15.968915233999951, 18.070620044000123 ], [ -15.968985093999947, 18.070648001000052 ], [ -15.969041600999958, 18.070517367000036 ], [ -15.974726471999929, 18.057113906000097 ], [ -15.975611, 18.053243000000123 ], [ -15.974618765999878, 18.048258455000052 ], [ -15.973356577999823, 18.043782171000089 ], [ -15.972929854999961, 18.041318085000114 ], [ -15.972445999999877, 18.039675000000159 ], [ -15.972281999999893, 18.036573 ], [ -15.973039433999872, 18.032243894000089 ], [ -15.973104294999928, 18.03187318199997 ], [ -15.964641, 18.030429 ], [ -15.964353, 18.029336 ], [ -15.960884, 18.029981 ], [ -15.955656324999893, 18.031003358000135 ], [ -15.955560522999974, 18.031022806000124 ], [ -15.954114999999831, 18.033467 ], [ -15.952315061999911, 18.036337450000076 ], [ -15.951019678999955, 18.038393076000148 ], [ -15.950577159999852, 18.039124065000124 ], [ -15.949210387999926, 18.041412807000142 ], [ -15.947474373999967, 18.044078436000177 ], [ -15.942963831999975, 18.051505111000097 ], [ -15.94206472299993, 18.053845194000019 ], [ -15.941767706999883, 18.054946649000101 ], [ -15.940365027999974, 18.059749699000179 ], [ -15.939964317999966, 18.060903029000031 ], [ -15.939531107999926, 18.062453242000117 ], [ -15.93851178999995, 18.062206907000075 ], [ -15.935932962999914, 18.070628017000161 ] ] ] } },
{ "type": "Feature", "properties": { "adm2_name": "El Mina", "adm2_name1": null, "adm2_name2": null, "adm2_name3": null, "adm2_pcode": "MR151", "adm1_name": "Nouakchott Sud", "adm1_name1": null, "adm1_name2": null, "adm1_name3": null, "adm1_pcode": "MR15", "adm0_name": "Mauritanie", "adm0_name1": null, "adm0_name2": null, "adm0_name3": null, "adm0_pcode": "MR", "valid_on": "2024-03-27", "valid_to": null, "area_sqkm": 152.8229556, "version": "v03", "lang": "fr", "lang1": null, "lang2": null, "lang3": null, "adm2_ref": "None", "center_lat": 17.94631057, "center_lon": -16.0054931 }, "geometry": { "type": "Polygon", "coordinates": [ [ [ -15.978430203999949, 18.077852860000121 ], [ -15.979744617999927, 18.07796402200006 ], [ -15.981916766999973, 18.078363481000167 ], [ -15.982737514999826, 18.07578746300004 ], [ -15.986589658999947, 18.073215698000126 ], [ -16.005227347999892, 18.06141894700005 ], [ -16.019567349999875, 18.055988304999971 ], [ -16.021635190999916, 18.055827175000161 ], [ -16.032679308999946, 18.06610794400018 ], [ -16.03544028999994, 17.822258235999982 ], [ -15.990380271999982, 17.822468653000101 ], [ -15.986030610999876, 17.9054941710001 ], [ -15.985506606999877, 17.922424235000108 ], [ -15.985526119999975, 17.927179045000059 ], [ -15.985223369999972, 17.928372216000071 ], [ -15.983877992999965, 17.931299000000138 ], [ -15.979322593999882, 17.940976271000125 ], [ -15.97457837099995, 17.951644873000191 ], [ -15.972359679999954, 17.95957551500004 ], [ -15.971627983999952, 17.962714727000048 ], [ -15.970919890999937, 17.965712321000069 ], [ -15.970896287999892, 17.967057698000133 ], [ -15.972147251999957, 17.974775912000155 ], [ -15.972784535999835, 17.978505201000075 ], [ -15.974956020999912, 17.990991241000188 ], [ -15.975994557999968, 17.997552903000098 ], [ -15.977788392999969, 18.007985474000066 ], [ -15.977528758999881, 18.009826515000043 ], [ -15.975357273999975, 18.02082556 ], [ -15.974556618999884, 18.024708175000171 ], [ -15.974320417999877, 18.025964128999988 ], [ -15.973991050999928, 18.02771547500015 ], [ -15.973109516999898, 18.031811105000088 ], [ -15.973113913999896, 18.031818207000128 ], [ -15.973104294999928, 18.03187318199997 ], [ -15.973039433999872, 18.032243894000089 ], [ -15.972281999999893, 18.036573 ], [ -15.972445999999877, 18.039675000000159 ], [ -15.972929854999961, 18.041318085000114 ], [ -15.973356577999823, 18.043782171000089 ], [ -15.974618765999878, 18.048258455000052 ], [ -15.975611, 18.053243000000123 ], [ -15.974726471999929, 18.057113906000097 ], [ -15.969041600999958, 18.070517367000036 ], [ -15.968985093999947, 18.070648001000052 ], [ -15.97043137999998, 18.071226778000039 ], [ -15.973355, 18.07235 ], [ -15.973741666999956, 18.072531667000078 ], [ -15.974086666999938, 18.073038333999989 ], [ -15.975575548999927, 18.072154077000107 ], [ -15.974649999999883, 18.077280000000144 ], [ -15.978438332999929, 18.077848334000066 ], [ -15.978430203999949, 18.077852860000121 ] ] ] } },
{ "type": "Feature", "properties": { "adm2_name": "Riad", "adm2_name1": null, "adm2_name2": null, "adm2_name3": null, "adm2_pcode": "MR153", "adm1_name": "Nouakchott Sud", "adm1_name1": null, "adm1_name2": null, "adm1_name3": null, "adm1_pcode": "MR15", "adm0_name": "Mauritanie", "adm0_name1": null, "adm0_name2": null, "adm0_name3": null, "adm0_pcode": "MR", "valid_on": "2024-03-27", "valid_to": null, "area_sqkm": 173.8677076, "version": "v03", "lang": "fr", "lang1": null, "lang2": null, "lang3": null, "adm2_ref": "None", "center_lat": 17.97091681, "center_lon": -15.90843701 }, "geometry": { "type": "Polygon", "coordinates": [ [ [ -15.936213605999967, 18.036898653000037 ], [ -15.942032853999876, 18.027002031999984 ], [ -15.943173180999906, 18.027608119000149 ], [ -15.945271735999881, 18.024384912000187 ], [ -15.949987472999908, 18.026843009000061 ], [ -15.955986843999881, 18.030167093000102 ], [ -15.956079562999946, 18.030217591000053 ], [ -15.955788334999966, 18.030669351000142 ], [ -15.955561, 18.031022 ], [ -15.955560522999974, 18.031022806000124 ], [ -15.955656324999893, 18.031003358000135 ], [ -15.960884, 18.029981 ], [ -15.964353, 18.029336 ], [ -15.964641, 18.030429 ], [ -15.973104294999928, 18.03187318199997 ], [ -15.973113913999896, 18.031818207000128 ], [ -15.973109516999898, 18.031811105000088 ], [ -15.973991050999928, 18.02771547500015 ], [ -15.974320417999877, 18.025964128999988 ], [ -15.974556618999884, 18.024708175000171 ], [ -15.975357273999975, 18.02082556 ], [ -15.977528758999881, 18.009826515000043 ], [ -15.977788392999969, 18.007985474000066 ], [ -15.975994557999968, 17.997552903000098 ], [ -15.974956020999912, 17.990991241000188 ], [ -15.972784535999835, 17.978505201000075 ], [ -15.972147251999957, 17.974775912000155 ], [ -15.970896287999892, 17.967057698000133 ], [ -15.970919890999937, 17.965712321000069 ], [ -15.971627983999952, 17.962714727000048 ], [ -15.972359679999954, 17.95957551500004 ], [ -15.97457837099995, 17.951644873000191 ], [ -15.979322593999882, 17.940976271000125 ], [ -15.983877992999965, 17.931299000000138 ], [ -15.985223369999972, 17.928372216000071 ], [ -15.985526119999975, 17.927179045000059 ], [ -15.985506606999877, 17.922424235000108 ], [ -15.986030610999876, 17.9054941710001 ], [ -15.960182262999922, 17.905035276000092 ], [ -15.960170296999934, 17.905035063000128 ], [ -15.949461410999902, 17.90484494400016 ], [ -15.85182242299993, 17.903111520999971 ], [ -15.846233562999942, 17.903012300000057 ], [ -15.845221578999883, 17.980984677000038 ], [ -15.845219832999931, 17.981119226000089 ], [ -15.845219853999936, 17.98111918900014 ], [ -15.849802609999927, 17.9842229570001 ], [ -15.857562770999948, 17.98947869 ], [ -15.90059933099991, 18.018713450000064 ], [ -15.910884827999894, 18.023520510000083 ], [ -15.917095705999884, 18.026734799000167 ], [ -15.936213605999967, 18.036898653000037 ] ] ] } },
{ "type": "Feature", "properties": { "adm2_name": "Moudjeria", "adm2_name1": null, "adm2_name2": null, "adm2_name3": null, "adm2_pcode": "MR091", "adm1_name": "Tagant", "adm1_name1": null, "adm1_name2": null, "adm1_name3": null, "adm1_pcode": "MR09", "adm0_name": "Mauritanie", "adm0_name1": null, "adm0_name2": null, "adm0_name3": null, "adm0_pcode": "MR", "valid_on": "2024-03-27", "valid_to": null, "area_sqkm": 11943.9854106, "version": "v03", "lang": "fr", "lang1": null, "lang2": null, "lang3": null, "adm2_ref": "None", "center_lat": 17.98816129, "center_lon": -12.13743477 }, "geometry": { "type": "Polygon", "coordinates": [ [ [ -11.599480425999957, 17.311491953000029 ], [ -11.653316830999927, 17.419711832000019 ], [ -11.73485958699996, 17.583625956000049 ], [ -11.782403049999971, 17.677635725000016 ], [ -11.813312082999971, 17.773505401000023 ], [ -11.789480663999825, 17.861795780000023 ], [ -11.764892226999905, 17.95029015900019 ], [ -11.758381115999953, 17.975610265000171 ], [ -11.756160071999943, 17.981587820000129 ], [ -11.764437296999915, 17.984962548000112 ], [ -11.781508759999952, 17.991360029000134 ], [ -11.798745227999973, 17.997917498000163 ], [ -11.804787392999856, 18.000463294000099 ], [ -11.942434139999932, 18.057175726000082 ], [ -12.188698866999914, 18.569982811000159 ], [ -12.346377848999964, 18.896901205 ], [ -12.669443453999918, 18.557318638000083 ], [ -12.479438751999965, 18.274341219000121 ], [ -12.497454633999894, 18.038108922000049 ], [ -12.515541605999942, 17.834726229000182 ], [ -12.545438556999954, 17.492400142000065 ], [ -12.410433713999964, 17.356410807000145 ], [ -12.346329740999977, 17.227541795999969 ], [ -12.33219537399998, 17.227910798000153 ], [ -12.28615316999992, 17.226580998000088 ], [ -12.285873162999906, 17.226410012000144 ], [ -12.285625155999924, 17.226260024000169 ], [ -12.285355147999951, 17.225895052000169 ], [ -12.284858133999876, 17.225549080000121 ], [ -12.278806968999959, 17.222579320000079 ], [ -12.27328881699998, 17.219055602000026 ], [ -12.267722663999962, 17.215299901000037 ], [ -12.26427456599987, 17.212023159000182 ], [ -12.259958445999871, 17.20878641600018 ], [ -12.25362027299991, 17.205350693000184 ], [ -12.247425103999888, 17.202285941000071 ], [ -12.241129933999957, 17.19973314900011 ], [ -12.231951686999935, 17.196276433999969 ], [ -12.226513542999953, 17.195540502000028 ], [ -12.220787391999977, 17.194523592000053 ], [ -12.21448522399993, 17.193224704000102 ], [ -12.207422033999933, 17.190479929999981 ], [ -12.200465840999982, 17.185645315000102 ], [ -12.035250403999953, 17.129879936000066 ], [ -12.001205482999922, 17.115091140000175 ], [ -11.985094046999848, 17.108377689000065 ], [ -11.952146397999911, 17.094884902 ], [ -11.952124155999968, 17.094875793000028 ], [ -11.923003368999844, 17.08261279400017 ], [ -11.904908913999975, 17.090298242000131 ], [ -11.899878790999821, 17.094024967000166 ], [ -11.894199642999865, 17.094173967000074 ], [ -11.892447365999828, 17.094220013000154 ], [ -11.884419387999969, 17.094430968000097 ], [ -11.752072039999916, 17.143088513 ], [ -11.567575179999949, 17.126002200000187 ], [ -11.529334289999952, 17.17609344300007 ], [ -11.599480425999957, 17.311491953000029 ] ] ] } },
{ "type": "Feature", "properties": { "adm2_name": "Tichit", "adm2_name1": null, "adm2_name2": null, "adm2_name3": null, "adm2_pcode": "MR092", "adm1_name": "Tagant", "adm1_name1": null, "adm1_name2": null, "adm1_name3": null, "adm1_pcode": "MR09", "adm0_name": "Mauritanie", "adm0_name1": null, "adm0_name2": null, "adm0_name3": null, "adm0_pcode": "MR", "valid_on": "2024-03-27", "valid_to": null, "area_sqkm": 67015.165811729996, "version": "v03", "lang": "fr", "lang1": null, "lang2": null, "lang3": null, "adm2_ref": "None", "center_lat": 18.53744218, "center_lon": -9.72958749 }, "geometry": { "type": "Polygon", "coordinates": [ [ [ -8.84939, 17.818839 ], [ -7.997429293999971, 19.486998988000096 ], [ -7.879917784999975, 19.753294023000137 ], [ -11.003116486999886, 19.75361069000013 ], [ -10.985173093999947, 18.874025907000032 ], [ -10.98319702699996, 18.773735935000047 ], [ -10.982915151999975, 18.763341605000164 ], [ -10.970663162999926, 18.311542745000168 ], [ -11.007602722999934, 18.129751272000021 ], [ -11.076103695999961, 17.760416934000034 ], [ -11.083855817999961, 17.723605701000054 ], [ -11.000956585999973, 17.70038562600007 ], [ -10.339177774999882, 17.519577630000072 ], [ -9.724001617999818, 17.558424841999965 ], [ -9.501110524999945, 17.456616966000183 ], [ -9.117609038999944, 17.277295270000081 ], [ -9.116605482999944, 17.279040063000082 ], [ -8.84939, 17.818839 ] ] ] } },
{ "type": "Feature", "properties": { "adm2_name": "Tidjikja", "adm2_name1": null, "adm2_name2": null, "adm2_name3": null, "adm2_pcode": "MR093", "adm1_name": "Tagant", "adm1_name1": null, "adm1_name2": null, "adm1_name3": null, "adm1_pcode": "MR09", "adm0_name": "Mauritanie", "adm0_name1": null, "adm0_name2": null, "adm0_name3": null, "adm0_pcode": "MR", "valid_on": "2024-03-27", "valid_to": null, "area_sqkm": 19240.214448769999, "version": "v03", "lang": "fr", "lang1": null, "lang2": null, "lang3": null, "adm2_ref": "None", "center_lat": 18.44076278, "center_lon": -11.55040553 }, "geometry": { "type": "Polygon", "coordinates": [ [ [ -11.003116486999886, 19.75361069000013 ], [ -11.407685893999826, 19.463962815000173 ], [ -11.44395, 19.2339 ], [ -11.593832757999962, 19.297421408000105 ], [ -11.670120116999897, 19.329535988000032 ], [ -11.864475896999977, 19.189038824000079 ], [ -12.346377848999964, 18.896901205 ], [ -12.188698866999914, 18.569982811000159 ], [ -11.942434139999932, 18.057175726000082 ], [ -11.804787392999856, 18.000463294000099 ], [ -11.798745227999973, 17.997917498000163 ], [ -11.781508759999952, 17.991360029000134 ], [ -11.764437296999915, 17.984962548000112 ], [ -11.756160071999943, 17.981587820000129 ], [ -11.758381115999953, 17.975610265000171 ], [ -11.764892226999905, 17.95029015900019 ], [ -11.789480663999825, 17.861795780000023 ], [ -11.813312082999971, 17.773505401000023 ], [ -11.782403049999971, 17.677635725000016 ], [ -11.73485958699996, 17.583625956000049 ], [ -11.653316830999927, 17.419711832000019 ], [ -11.599480425999957, 17.311491953000029 ], [ -11.590753210999878, 17.317406520000134 ], [ -11.58194899199998, 17.322672136000051 ], [ -11.573782789999939, 17.327863756999989 ], [ -11.567089628999952, 17.334063298000046 ], [ -11.563168532999953, 17.336979083000131 ], [ -11.555603338999902, 17.338884953000104 ], [ -11.54562408399994, 17.342012735000083 ], [ -11.536166839999964, 17.343487642000184 ], [ -11.529651671999943, 17.344557574000078 ], [ -11.523519520999969, 17.348871258000088 ], [ -11.523406534999936, 17.356698661000166 ], [ -11.523450554999954, 17.364753047000079 ], [ -11.521054505999928, 17.371094569000093 ], [ -11.516665398999862, 17.374635308 ], [ -11.516518410999936, 17.381672772 ], [ -11.516282425999975, 17.39127604100014 ], [ -11.511888315999954, 17.393511880000119 ], [ -11.507514209999954, 17.397377594000034 ], [ -11.502794097999924, 17.402422220000176 ], [ -11.498391991999938, 17.406801895000058 ], [ -11.495046917999844, 17.412858441000083 ], [ -11.490249801999937, 17.417254116000095 ], [ -11.484957670999961, 17.420413886 ], [ -11.480082550999896, 17.424114614000189 ], [ -11.481175587999928, 17.427793332000078 ], [ -11.484288674999902, 17.430268137000098 ], [ -11.488393788999929, 17.432886930000166 ], [ -11.491446878999966, 17.437638562000018 ], [ -11.49158088899992, 17.440620334000187 ], [ -11.496244011999863, 17.440830309000091 ], [ -11.502003165999952, 17.442130198000086 ], [ -11.504850247999968, 17.445314950000125 ], [ -11.508608361999961, 17.452558391000025 ], [ -11.511026435999952, 17.45725102900019 ], [ -11.513977525999962, 17.462899592999975 ], [ -11.509805417999814, 17.463403563000099 ], [ -11.504132271999879, 17.464530489000083 ], [ -11.502906252999878, 17.470544034 ], [ -11.506536362999952, 17.477093528000125 ], [ -11.512578538999946, 17.484704937000117 ], [ -11.51634665399996, 17.492181361000178 ], [ -11.516743679999934, 17.499241823000148 ], [ -11.511223532999907, 17.498173916000155 ], [ -11.500952249999955, 17.492047403000129 ], [ -11.496596132999969, 17.490510529000119 ], [ -11.491199994999874, 17.492371397999989 ], [ -11.492833048999898, 17.497191029000078 ], [ -11.496237150999889, 17.503052576000016 ], [ -11.499320248999936, 17.510649991999969 ], [ -11.501436317999946, 17.516380552000044 ], [ -11.501913344999878, 17.523019047000162 ], [ -11.499003281999876, 17.528870608000148 ], [ -11.493546139999921, 17.529290588000094 ], [ -11.489927040999873, 17.527675718000069 ], [ -11.487382967999963, 17.524664951999966 ], [ -11.484874891999937, 17.520161299000108 ], [ -11.482569821999903, 17.515789635999965 ], [ -11.47695566699997, 17.51249089900017 ], [ -11.4704624929999, 17.51058005699997 ], [ -11.466189375999932, 17.508667211000159 ], [ -11.462335271999905, 17.507341320000137 ], [ -11.459194192999973, 17.508872210000163 ], [ -11.460892246999947, 17.512897901000088 ], [ -11.462496305999821, 17.520512319000034 ], [ -11.462735322999947, 17.525018976000126 ], [ -11.461142290999874, 17.529324652000071 ], [ -11.459558256999969, 17.532698399000083 ], [ -11.454155123999954, 17.536748103000093 ], [ -11.450076019999869, 17.53827299500017 ], [ -11.44743195999996, 17.542250699000135 ], [ -11.448871013999906, 17.549453149000101 ], [ -11.4528621259999, 17.552868881000109 ], [ -11.456438223999953, 17.554624740000122 ], [ -11.460961346999909, 17.556620578999969 ], [ -11.466371487999822, 17.5562495960001 ], [ -11.469103552999911, 17.553198822000127 ], [ -11.478379793999977, 17.552103886000111 ], [ -11.481047863999834, 17.552222872000186 ], [ -11.486229996999953, 17.551116945000103 ], [ -11.487729031999834, 17.549236085000075 ], [ -11.487223012999948, 17.546604286 ], [ -11.486457983999912, 17.542492600000173 ], [ -11.485715953999886, 17.537773959000106 ], [ -11.490216071999896, 17.538047929000186 ], [ -11.490917093999826, 17.539460821000034 ], [ -11.493225161999931, 17.542715569000052 ], [ -11.496511251999948, 17.544623417000139 ], [ -11.500422355999888, 17.544968381999979 ], [ -11.504019446999962, 17.54369747200019 ], [ -11.508034547999841, 17.541849604000049 ], [ -11.513632690999941, 17.540073727000106 ], [ -11.517200784999943, 17.540479689000108 ], [ -11.517656802999909, 17.543114487000025 ], [ -11.51389170899995, 17.545045349000077 ], [ -11.51293968799996, 17.547041198999977 ], [ -11.514898743999879, 17.549053042000082 ], [ -11.518322840999929, 17.551886820000107 ], [ -11.520299902999909, 17.556645454000034 ], [ -11.519977906999941, 17.561875058000169 ], [ -11.516983828999912, 17.562235037 ], [ -11.514193751999926, 17.560399182000083 ], [ -11.511482672999932, 17.556929451000144 ], [ -11.508061581999925, 17.556516489999979 ], [ -11.505425521999882, 17.560680179000144 ], [ -11.505015523999873, 17.566145765000101 ], [ -11.50699158599997, 17.570904399000028 ], [ -11.510749700999952, 17.578147842000078 ], [ -11.511696734999873, 17.581879557000036 ], [ -11.510724717999949, 17.585739266000076 ], [ -11.508546659999922, 17.585553284000184 ], [ -11.505720587999974, 17.586372228000073 ], [ -11.5039755439999, 17.587099177000084 ], [ -11.501616479999939, 17.586128255000062 ], [ -11.498229386999981, 17.58417741 ], [ -11.496116325999935, 17.58203257700012 ], [ -11.494132265999838, 17.578252868000106 ], [ -11.493242233999979, 17.57470514 ], [ -11.492416205999973, 17.571481386000073 ], [ -11.490051137999956, 17.569207564000067 ], [ -11.487103063999882, 17.570636461000049 ], [ -11.483263974999943, 17.575504100000046 ], [ -11.480251900999974, 17.577774934000161 ], [ -11.477399828999978, 17.579153835000113 ], [ -11.47245270399992, 17.58113469500006 ], [ -11.469027617999927, 17.582957563999969 ], [ -11.465039513999898, 17.583128558999988 ], [ -11.46201443099983, 17.581580683000027 ], [ -11.456575284999928, 17.580090807000033 ], [ -11.453203203999976, 17.58316858 ], [ -11.448576095999954, 17.589233129999968 ], [ -11.443662980999932, 17.595543661000136 ], [ -11.439118866999934, 17.597739504 ], [ -11.432956710999974, 17.600145334000104 ], [ -11.428251591999867, 17.602022202000171 ], [ -11.422683453999923, 17.605659937000155 ], [ -11.416940309999916, 17.608652722000045 ], [ -11.412640198999952, 17.609627656999976 ], [ -11.411728175999883, 17.610225614000171 ], [ -11.408461094999836, 17.612274465000155 ], [ -11.404416996999885, 17.615800206000074 ], [ -11.406056049999961, 17.620083878000173 ], [ -11.406221055999936, 17.620781825000051 ], [ -11.408221114999947, 17.623792592000029 ], [ -11.418950431999974, 17.63943538400008 ], [ -11.419999466999911, 17.642821125000182 ], [ -11.420497482999906, 17.644003035000082 ], [ -11.420994498999903, 17.645453924000151 ], [ -11.421604517999924, 17.64685181599998 ], [ -11.422369540999966, 17.648042725000039 ], [ -11.423411570999974, 17.649011649000101 ], [ -11.424499600999923, 17.650024570000141 ], [ -11.42533362599994, 17.651045491000161 ], [ -11.42572163799997, 17.651959421000072 ], [ -11.425715640999897, 17.653409311000132 ], [ -11.425596641999903, 17.655182177000142 ], [ -11.425755650999918, 17.657224022000037 ], [ -11.426364669999884, 17.658835898000177 ], [ -11.426752681999915, 17.659534845 ], [ -11.426916688999881, 17.660554767 ], [ -11.426967692999938, 17.661790673000155 ], [ -11.426684687999966, 17.66275760100001 ], [ -11.425786665999908, 17.66350854600006 ], [ -11.424664637999911, 17.664366483000094 ], [ -11.421805566999979, 17.666189351000128 ], [ -11.420853542999964, 17.666511328000013 ], [ -11.419903517999956, 17.666348343000152 ], [ -11.419198499999879, 17.66685630600017 ], [ -11.419226502999891, 17.667744238000068 ], [ -11.419446510999876, 17.668765161000067 ], [ -11.420449538999947, 17.66962609300009 ], [ -11.42159457199989, 17.670762005000086 ], [ -11.422900608999953, 17.671776925000074 ], [ -11.423488626999927, 17.673175818000061 ], [ -11.42388363799995, 17.673532790000138 ], [ -11.424193647999914, 17.67398175600016 ], [ -11.424735662999922, 17.674655703000042 ], [ -11.425238677999971, 17.675328651000086 ], [ -11.42574169299985, 17.676151588000096 ], [ -11.426204706999954, 17.67693752800011 ], [ -11.426708721999944, 17.67748448500015 ], [ -11.433784931999924, 17.688609628000052 ], [ -11.434906964999925, 17.690068515000064 ], [ -11.436729016999891, 17.691864375000137 ], [ -11.437699043999942, 17.692688311000097 ], [ -11.438706072999878, 17.693773227000179 ], [ -11.439636099999973, 17.694634159000145 ], [ -11.440100113999847, 17.69538210200011 ], [ -11.44040812399993, 17.69620503900012 ], [ -11.440408124999919, 17.697011977999978 ], [ -11.439735108999912, 17.697449946000177 ], [ -11.439217096999869, 17.69849286800013 ], [ -11.438869090999958, 17.699644782000064 ], [ -11.438809090999939, 17.70046772000012 ], [ -11.439207102999944, 17.701072673000169 ], [ -11.439890121999952, 17.701512638000054 ], [ -11.440405135999924, 17.701512637000121 ], [ -11.442006176999882, 17.701240654000117 ], [ -11.443267207999952, 17.700308722000102 ], [ -11.443898222999962, 17.699650771000108 ], [ -11.444528237999918, 17.699156807000065 ], [ -11.445102251999913, 17.698553851000099 ], [ -11.446189279999885, 17.698390861000121 ], [ -11.447332309999979, 17.698281867000162 ], [ -11.449049353999897, 17.69762491299997 ], [ -11.45042038999992, 17.697736902000088 ], [ -11.451047406999862, 17.698066876000041 ], [ -11.452017432999924, 17.698396849000062 ], [ -11.452913458999888, 17.699169788000177 ], [ -11.453154466999933, 17.699935730000163 ], [ -11.451952435999942, 17.700428694999971 ], [ -11.450922409999976, 17.70064668100008 ], [ -11.448974361999944, 17.702126573000157 ], [ -11.447771331999945, 17.70272953 ], [ -11.446740305999981, 17.703331486000081 ], [ -11.44679131099997, 17.704813374000139 ], [ -11.447130321999964, 17.705747303000066 ], [ -11.44730032699988, 17.70602228100006 ], [ -11.447813340999971, 17.706571239000027 ], [ -11.448210352999979, 17.707176192000077 ], [ -11.448835371999962, 17.708165115999975 ], [ -11.449858401999961, 17.709483014000114 ], [ -11.450825429999952, 17.710636925000131 ], [ -11.451619453999854, 17.711955823000039 ], [ -11.452013466999858, 17.713437710000164 ], [ -11.45195146899988, 17.714755611000044 ], [ -11.452288480999869, 17.716293494000183 ], [ -11.452968501999919, 17.71750140100005 ], [ -11.453536517999908, 17.718325337000181 ], [ -11.454617549999853, 17.719644235000032 ], [ -11.455809584999884, 17.721457095000119 ], [ -11.456889616999888, 17.722830989000101 ], [ -11.457800642999871, 17.723709921000022 ], [ -11.458482662999927, 17.724643849000188 ], [ -11.459507691999875, 17.725578776000191 ], [ -11.460532720999879, 17.726512703000083 ], [ -11.46155774999994, 17.727392634000125 ], [ -11.462951786999952, 17.727955589000089 ], [ -11.465093845999888, 17.728878513999973 ], [ -11.465548858999966, 17.729537464000146 ], [ -11.465999874999966, 17.731130342000142 ], [ -11.466166881999925, 17.732283255000084 ], [ -11.466676896999957, 17.733326175 ], [ -11.467643924999948, 17.734370094000155 ], [ -11.468894960999876, 17.735798983000166 ], [ -11.473218085999918, 17.740744600000028 ], [ -11.473843103999855, 17.741568536000159 ], [ -11.475722156999893, 17.7431074160001 ], [ -11.476806186999966, 17.743548380000163 ], [ -11.478119221999975, 17.743879352000022 ], [ -11.479777264999939, 17.743771357000071 ], [ -11.482032323999931, 17.743489374000092 ], [ -11.484163378999938, 17.743223389000036 ], [ -11.485437411999953, 17.743064399 ], [ -11.486636443999942, 17.743285378999985 ], [ -11.488063481999973, 17.743616351000014 ], [ -11.488745501999915, 17.74460527500014 ], [ -11.48788448199997, 17.745592202000182 ], [ -11.486337443999957, 17.746633127000052 ], [ -11.484843405999982, 17.747404072000165 ], [ -11.483242367999935, 17.748770972000102 ], [ -11.482437349999941, 17.75014187000005 ], [ -11.481175318999874, 17.75134778100005 ], [ -11.480943314999877, 17.752061727000182 ], [ -11.481454330999952, 17.753104648000033 ], [ -11.482592362999981, 17.754259558 ], [ -11.483088376999888, 17.754766518000054 ], [ -11.483646392999958, 17.755278479000026 ], [ -11.486198466999952, 17.75821725100019 ], [ -11.487544503999914, 17.75887619800011 ], [ -11.48861952999988, 17.758034260000045 ], [ -11.489492551999888, 17.757560294000086 ], [ -11.491264597999873, 17.757507294000163 ], [ -11.492635634999885, 17.757729274000042 ], [ -11.492344629999877, 17.758936184000049 ], [ -11.491539611999883, 17.760253086000148 ], [ -11.491364608999902, 17.761131020000107 ], [ -11.491530615999977, 17.76239392399998 ], [ -11.492210636999914, 17.763821814000039 ], [ -11.492433646999871, 17.76530370200004 ], [ -11.491915634999941, 17.766126641000028 ], [ -11.490371594999885, 17.766454619000172 ], [ -11.490825608999955, 17.767223560000104 ], [ -11.49208400099991, 17.768194988000175 ], [ -11.492084643999874, 17.768196484000157 ], [ -11.492249648999859, 17.768323474000169 ], [ -11.493670689999931, 17.770191330000159 ], [ -11.494292709999968, 17.771783208000045 ], [ -11.494802725999875, 17.772772132000171 ], [ -11.495484745999931, 17.773816052000029 ], [ -11.496564777999936, 17.775189946000012 ], [ -11.497813814999972, 17.777112798000132 ], [ -11.498438832999909, 17.777991730000053 ], [ -11.50014271799995, 17.778968560000067 ], [ -11.500143879999939, 17.778969653000047 ], [ -11.50054889099988, 17.779201634000117 ], [ -11.501801925999928, 17.780026569000086 ], [ -11.502941957999894, 17.780796509000027 ], [ -11.504022988999907, 17.781950419000111 ], [ -11.505219022999938, 17.782884346 ], [ -11.506473056999937, 17.783764277000103 ], [ -11.507898096999895, 17.784589212000071 ], [ -11.510635171999979, 17.786130089000096 ], [ -11.511661199999878, 17.786680046000015 ], [ -11.512686228999939, 17.7875039810001 ], [ -11.514282273999925, 17.788658891000068 ], [ -11.51485028999997, 17.789317840000137 ], [ -11.515247301999921, 17.790141776000098 ], [ -11.515644314999918, 17.790965713000162 ], [ -11.516096328999936, 17.792119625000055 ], [ -11.516835350999884, 17.793163545000084 ], [ -11.517402367999978, 17.794041477000064 ], [ -11.520191447999935, 17.796954251000045 ], [ -11.520700463999958, 17.798272151 ], [ -11.521836497999971, 17.799866028000167 ], [ -11.522288512999978, 17.801293919000102 ], [ -11.523197539999956, 17.802501826000139 ], [ -11.523706555999979, 17.803710733000059 ], [ -11.524500579999938, 17.805248615000096 ], [ -11.52512459899998, 17.806292535000182 ], [ -11.525631615999941, 17.808049401000062 ], [ -11.526025629999936, 17.809477293000043 ], [ -11.52636464099993, 17.810630205000052 ], [ -11.526302641999848, 17.811783118000164 ], [ -11.526417647999949, 17.812729046000072 ], [ -11.526535652999939, 17.813595980000059 ], [ -11.528797718999954, 17.816616748000058 ], [ -11.529478738999899, 17.817605671000081 ], [ -11.530046755999933, 17.818648591000056 ], [ -11.530268765999892, 17.820186475000071 ], [ -11.529975761999935, 17.821887347000143 ], [ -11.529399749999925, 17.823039261000076 ], [ -11.528251721999823, 17.824246172000187 ], [ -11.526189670999827, 17.825561078000078 ], [ -11.524817634999977, 17.825669072000153 ], [ -11.523332595999932, 17.825558084000022 ], [ -11.522076562999928, 17.825337103000095 ], [ -11.521184538999933, 17.82505612600005 ], [ -11.519450491999976, 17.824510171000099 ], [ -11.518026451999958, 17.823521249000123 ], [ -11.516944420999948, 17.822421334000182 ], [ -11.515465378999977, 17.820992445000172 ], [ -11.513641327999949, 17.81978354000006 ], [ -11.511419265999848, 17.818133670000122 ], [ -11.510107230999893, 17.817637710000156 ], [ -11.507649165999908, 17.817690711000182 ], [ -11.506107124999971, 17.817468731000133 ], [ -11.50468008699994, 17.817082763000144 ], [ -11.503195046999963, 17.81691677900011 ], [ -11.501883011999951, 17.816420819000086 ], [ -11.49954194999998, 17.816033853000022 ], [ -11.49951694899994, 17.816041853000172 ], [ -11.498110912999948, 17.816498821000152 ], [ -11.496105862999968, 17.817814726000051 ], [ -11.494799831999899, 17.818900647000078 ], [ -11.493522801999859, 17.820830504000185 ], [ -11.491682760999936, 17.823628296000038 ], [ -11.489209703999961, 17.82741301599998 ], [ -11.486603655999886, 17.836028371000054 ], [ -11.487222677999966, 17.838444187000107 ], [ -11.487389683999822, 17.839268124000171 ], [ -11.486752671999966, 17.841352968000024 ], [ -11.484704638999972, 17.850507282000024 ], [ -11.48878175599998, 17.854802949000089 ], [ -11.495337935999942, 17.858201679000103 ], [ -11.498835032999921, 17.860427503000039 ], [ -11.50293114599998, 17.862813314 ], [ -11.509209313999975, 17.864314188000037 ], [ -11.511007365999944, 17.866007056000115 ], [ -11.513757444999953, 17.869242806000159 ], [ -11.520043616999942, 17.87209357800009 ], [ -11.527388811999913, 17.873176481000087 ], [ -11.531832936999933, 17.876805198000056 ], [ -11.53440901099998, 17.879395997000074 ], [ -11.538837134999937, 17.882652742000175 ], [ -11.54092619599993, 17.885403530000019 ], [ -11.544325292999872, 17.888797267000086 ], [ -11.546886365999967, 17.891063090000046 ], [ -11.549048427999878, 17.893205924000085 ], [ -11.551334493999946, 17.895948712000177 ], [ -11.553459554999904, 17.89837252500007 ], [ -11.555567620999966, 17.902752190000172 ], [ -11.559658741999897, 17.908538745000158 ], [ -11.563824865999891, 17.914926255000182 ], [ -11.564261884999894, 17.918260003000171 ], [ -11.564406899999938, 17.922863655000015 ], [ -11.565228928999886, 17.92599541800007 ], [ -11.566242964999958, 17.930143103000148 ], [ -11.567709015999924, 17.93566768300019 ], [ -11.569154061999939, 17.939159417000099 ], [ -11.569357068999977, 17.939649380000048 ], [ -11.574254200999974, 17.941162255000052 ], [ -11.578199303999895, 17.941134249000072 ], [ -11.584721473999878, 17.940249302000097 ], [ -11.590744631999883, 17.940365280000151 ], [ -11.59552776299995, 17.94267509600013 ], [ -11.598098841999956, 17.947500727000147 ], [ -11.596756816999971, 17.951935396000181 ], [ -11.59480477499983, 17.955931099000111 ], [ -11.590777680999963, 17.961038723000115 ], [ -11.588677632999918, 17.963875514000108 ], [ -11.586426582999934, 17.967790224000169 ], [ -11.58392553099992, 17.973997762000067 ], [ -11.58309651799982, 17.977711484 ], [ -11.579748446999929, 17.984885951000081 ], [ -11.573377292999965, 17.990513541000098 ], [ -11.568262164999965, 17.993200350000109 ], [ -11.564827074999869, 17.993626325000093 ], [ -11.558930923999981, 17.9953212100001 ], [ -11.554940819999899, 17.995445209000138 ], [ -11.545937595999874, 18.0008408220001 ], [ -11.546662618999903, 18.002602688000025 ], [ -11.550013706999891, 18.002594682000051 ], [ -11.554892845999916, 18.00718232600002 ], [ -11.55723191699991, 18.01118002000004 ], [ -11.558463959999813, 18.015830668000092 ], [ -11.557363940999835, 18.020161344000144 ], [ -11.556303922999973, 18.024258038000141 ], [ -11.555199903999949, 18.028496722000057 ], [ -11.556181937999895, 18.031900464000103 ], [ -11.556991975999949, 18.039408897999976 ], [ -11.557616002999907, 18.043666576000192 ], [ -11.557968022999887, 18.048494212000151 ], [ -11.555432955999947, 18.048044252000011 ], [ -11.553394897999965, 18.04650137200008 ], [ -11.55131583799988, 18.043982566000068 ], [ -11.548503760999949, 18.042798661000063 ], [ -11.544830662999971, 18.042256709000185 ], [ -11.540454545999978, 18.041419782000105 ], [ -11.537108458999967, 18.041609775000097 ], [ -11.530349269999931, 18.036869146000186 ], [ -11.523219086999973, 18.038571033000039 ], [ -11.519808004999902, 18.041882791000148 ], [ -11.515306893999878, 18.045101558999988 ], [ -11.509746753999934, 18.047761371000149 ], [ -11.50961373999985, 18.043435696000074 ], [ -11.504736593999894, 18.035402310000109 ], [ -11.500954486999944, 18.032257555000058 ], [ -11.496425362999958, 18.030122725000183 ], [ -11.49517433699998, 18.033203496000112 ], [ -11.495342350999863, 18.037201195000023 ], [ -11.496803395999962, 18.040257962000055 ], [ -11.498480453999889, 18.046100520000152 ], [ -11.499682496999981, 18.051218132000088 ], [ -11.499376496999957, 18.0544908870001 ], [ -11.49714445099994, 18.060034475000123 ], [ -11.493789373999959, 18.064694132000056 ], [ -11.489879280999844, 18.069052813000042 ], [ -11.48979628799998, 18.072920523000107 ], [ -11.488726271999894, 18.07794914699997 ], [ -11.480602063999982, 18.080624963000048 ], [ -11.476795968999909, 18.082789809000133 ], [ -11.47176283999994, 18.083889737 ], [ -11.469972785999971, 18.081218942000078 ], [ -11.469238761999918, 18.079015109000068 ], [ -11.464529633999916, 18.077307247000022 ], [ -11.461164544999917, 18.077031275000081 ], [ -11.458054462999826, 18.076978285000109 ], [ -11.45549039499997, 18.07699429000013 ], [ -11.450886275999949, 18.077750243000082 ], [ -11.445452137999894, 18.079892093000183 ], [ -11.43749493599995, 18.083025875000089 ], [ -11.432005795999885, 18.085029736000081 ], [ -11.427316675999975, 18.086114665000082 ], [ -11.417699427999935, 18.088481507000154 ], [ -11.412285288999954, 18.089923411000086 ], [ -11.408217177999973, 18.088188550000154 ], [ -11.403869057999941, 18.085672747999979 ], [ -11.398230897999895, 18.080652137000186 ], [ -11.394909803999838, 18.077907349999975 ], [ -11.391134697999917, 18.074948580000125 ], [ -11.38876363299994, 18.073699679000129 ], [ -11.387237586999902, 18.071435852000093 ], [ -11.384315503999971, 18.068814056000065 ], [ -11.382314454999971, 18.070482934000154 ], [ -11.375787293999906, 18.074765627000033 ], [ -11.368470105999961, 18.076708496000094 ], [ -11.362955960999955, 18.076944490000074 ], [ -11.3597088759999, 18.077129483000022 ], [ -11.354349732999935, 18.076380551000057 ], [ -11.352181675999873, 18.076426552000044 ], [ -11.347342545999879, 18.075143658000115 ], [ -11.345872499999928, 18.071853908999969 ], [ -11.344738458999871, 18.067198261000044 ], [ -11.346116481999957, 18.061272703000043 ], [ -11.346635485999911, 18.057199008000055 ], [ -11.341027330999964, 18.054039257 ], [ -11.338425265999945, 18.055501153000023 ], [ -11.332800128999963, 18.060118818000035 ], [ -11.329138036999893, 18.062184670000079 ], [ -11.326004958999931, 18.063901548000047 ], [ -11.321550848999891, 18.067072319000147 ], [ -11.316341720999901, 18.071020034000185 ], [ -11.312319620999915, 18.07389282600019 ], [ -11.305402443999924, 18.075957686000152 ], [ -11.300813325999854, 18.077084611000032 ], [ -11.295482187999824, 18.078151542000114 ], [ -11.292496112999913, 18.079861420000043 ], [ -11.287573992999967, 18.083611149000035 ], [ -11.284573921999936, 18.087324876000082 ], [ -11.278416773999936, 18.09336243600012 ], [ -11.27378565999993, 18.097006172000022 ], [ -11.265812461999928, 18.102096807000123 ], [ -11.259087289999968, 18.104013677000069 ], [ -11.254640171999881, 18.103831700000057 ], [ -11.249760037999863, 18.101571880000108 ], [ -11.245786926999926, 18.098575113000038 ], [ -11.240358783999966, 18.098527128000057 ], [ -11.235616660999881, 18.099522064000155 ], [ -11.228638478999926, 18.100146032000112 ], [ -11.223203337999905, 18.10107697300009 ], [ -11.21682616899983, 18.100744012000177 ], [ -11.212383048999982, 18.099490115000094 ], [ -11.207781916999977, 18.094471501000157 ], [ -11.207022884999958, 18.089334888000167 ], [ -11.203747797999881, 18.088869930000044 ], [ -11.200839726999959, 18.09127575600013 ], [ -11.19881667899989, 18.093597586000044 ], [ -11.198203671999977, 18.097768273999975 ], [ -11.198453686999869, 18.101343005000103 ], [ -11.200592754999946, 18.106466616000091 ], [ -11.202425813999923, 18.111324248000017 ], [ -11.205189900999926, 18.117212800000175 ], [ -11.206261943999891, 18.123919295000064 ], [ -11.203496876999964, 18.126180131000069 ], [ -11.201163819999863, 18.128188985000179 ], [ -11.197043720999943, 18.132229691000191 ], [ -11.190565556999957, 18.135346471000162 ], [ -11.186724463999838, 18.139003205000051 ], [ -11.180569315999946, 18.14508776100007 ], [ -11.175332187999857, 18.149548438000068 ], [ -11.17166809899993, 18.152732207000156 ], [ -11.168652034999923, 18.159566701000074 ], [ -11.17423619099992, 18.163332407000041 ], [ -11.179688327999941, 18.160445612000046 ], [ -11.184826455999826, 18.157151848000183 ], [ -11.193218668999975, 18.153813080000134 ], [ -11.200900862999958, 18.149992351000151 ], [ -11.2046519619999, 18.150065337000115 ], [ -11.206286010999918, 18.152556147000155 ], [ -11.207116042999928, 18.15703781000019 ], [ -11.204848990999949, 18.160580549000088 ], [ -11.198801846999913, 18.166893088000052 ], [ -11.190327644999968, 18.176474388000031 ], [ -11.185956541999872, 18.181598013000041 ], [ -11.179230379999979, 18.188171535000038 ], [ -11.175146285999915, 18.194260088000078 ], [ -11.172149223999952, 18.201558547000104 ], [ -11.166803098999878, 18.208120067000152 ], [ -11.161807976999967, 18.212477752000041 ], [ -11.157952890999923, 18.219302249000066 ], [ -11.153609802999938, 18.230942387000027 ], [ -11.149103693999962, 18.23518607900013 ], [ -11.144755589999932, 18.239702750000049 ], [ -11.137101406999875, 18.24766717000017 ], [ -11.130990253999869, 18.25128091300013 ], [ -11.123634064999976, 18.253457765000121 ], [ -11.115657854999938, 18.253798757000084 ], [ -11.110637723999957, 18.254059748000088 ], [ -11.106183621999946, 18.260722259000033 ], [ -11.104075574999968, 18.264537978000192 ], [ -11.102408538999953, 18.26828770100002 ], [ -11.099518474999854, 18.273440322000113 ], [ -11.09117326799992, 18.279058919000022 ], [ -11.085694125999908, 18.280131851000021 ], [ -11.078863952999939, 18.283077645000049 ], [ -11.072314785999936, 18.285685464000039 ], [ -11.067180654999845, 18.287907308000058 ], [ -11.05897744899994, 18.292216004000011 ], [ -11.053165300999979, 18.294745826999986 ], [ -11.04664013699994, 18.297911604000035 ], [ -11.041468005999889, 18.300414428000181 ], [ -11.033792801999823, 18.299718496000139 ], [ -11.030598712999961, 18.297666656 ], [ -11.026280588999896, 18.293519974999981 ], [ -11.024144520999926, 18.288489355000138 ], [ -11.018849374999832, 18.285735572000135 ], [ -11.013818241999843, 18.285717584000054 ], [ -11.009030120999967, 18.287970426000129 ], [ -11.004596012999912, 18.291606163000097 ], [ -10.997170825999888, 18.295648877000133 ], [ -10.99243970699996, 18.298085705000119 ], [ -10.984549508999919, 18.302800369000124 ], [ -10.980615413999942, 18.306601092999983 ], [ -10.976089302999981, 18.310379820000094 ], [ -10.970663162999926, 18.311542745000168 ], [ -10.982915151999975, 18.763341605000164 ], [ -10.98319702699996, 18.773735935000047 ], [ -10.985173093999947, 18.874025907000032 ], [ -11.003116486999886, 19.75361069000013 ] ] ] } },
{ "type": "Feature", "properties": { "adm2_name": "Bir Moughrein", "adm2_name1": null, "adm2_name2": null, "adm2_name3": null, "adm2_pcode": "MR111", "adm1_name": "Tiris Zemmour", "adm1_name1": null, "adm1_name2": null, "adm1_name3": null, "adm1_pcode": "MR11", "adm0_name": "Mauritanie", "adm0_name1": null, "adm0_name2": null, "adm0_name3": null, "adm0_pcode": "MR", "valid_on": "2024-03-27", "valid_to": null, "area_sqkm": 87387.633934490004, "version": "v03", "lang": "fr", "lang1": null, "lang2": null, "lang3": null, "adm2_ref": "None", "center_lat": 26.16267002, "center_lon": -7.69542565 }, "geometry": { "type": "Polygon", "coordinates": [ [ [ -6.345256736999886, 24.990112983000017 ], [ -5.89334956099998, 24.99820896500006 ], [ -5.799159233999887, 24.999896398000146 ], [ -4.806245520999937, 24.999896890000173 ], [ -6.056519323999964, 25.764495935000127 ], [ -6.996267879999891, 26.325511320000146 ], [ -7.366362219999814, 26.539060798000037 ], [ -8.667359997999938, 27.289754250000101 ], [ -8.667355964999956, 25.999828718000174 ], [ -12.000450120999972, 25.999819415000047 ], [ -12.000446408999835, 24.999880137000105 ], [ -6.566151, 24.985874 ], [ -6.345256736999886, 24.990112983000017 ] ] ] } },
{ "type": "Feature", "properties": { "adm2_name": "Zoueirat", "adm2_name1": null, "adm2_name2": null, "adm2_name3": null, "adm2_pcode": "MR113", "adm1_name": "Tiris Zemmour", "adm1_name1": null, "adm1_name2": null, "adm1_name3": null, "adm1_pcode": "MR11", "adm0_name": "Mauritanie", "adm0_name1": null, "adm0_name2": null, "adm0_name3": null, "adm0_pcode": "MR", "valid_on": "2024-03-27", "valid_to": null, "area_sqkm": 698.14917771, "version": "v03", "lang": "fr", "lang1": null, "lang2": null, "lang3": null, "adm2_ref": "None", "center_lat": 22.72601386, "center_lon": -12.35255274 }, "geometry": { "type": "Polygon", "coordinates": [ [ [ -12.492453664999914, 22.642758783999966 ], [ -12.415316601999962, 22.639091078000092 ], [ -12.276274967999882, 22.674741081000036 ], [ -12.129858344999889, 22.777286643000139 ], [ -12.188487135999821, 22.841167227000085 ], [ -12.313499643999933, 22.88095923100019 ], [ -12.511462087999973, 22.80786270700014 ], [ -12.492453664999914, 22.642758783999966 ] ] ] } },
{ "type": "Feature", "properties": { "adm2_name": "F'Deirick", "adm2_name1": null, "adm2_name2": null, "adm2_name3": null, "adm2_pcode": "MR112", "adm1_name": "Tiris Zemmour", "adm1_name1": null, "adm1_name2": null, "adm1_name3": null, "adm1_pcode": "MR11", "adm0_name": "Mauritanie", "adm0_name1": null, "adm0_name2": null, "adm0_name3": null, "adm0_pcode": "MR", "valid_on": "2024-03-27", "valid_to": null, "area_sqkm": 169905.26536590001, "version": "v03", "lang": "fr", "lang1": null, "lang2": null, "lang3": null, "adm2_ref": "FDeirick", "center_lat": 23.19947142, "center_lon": -10.60456716 }, "geometry": { "type": "Polygon", "coordinates": [ [ [ -6.493345818999956, 24.330726850000076 ], [ -6.492609636999816, 24.331201031000091 ], [ -6.528149189999965, 24.643722699000023 ], [ -6.566151, 24.985874 ], [ -12.000446408999835, 24.999880137000105 ], [ -12.000441051999928, 23.453978390000088 ], [ -12.74390099999988, 23.396186 ], [ -12.822814, 23.35541 ], [ -12.913166999999873, 23.264470000000131 ], [ -13.005784668999979, 23.134472838000136 ], [ -13.044003, 23.080830000000105 ], [ -13.081258999999875, 23.000158000000113 ], [ -13.105468040999938, 22.893011147000095 ], [ -13.150468780999972, 22.756021146000023 ], [ -13.131845593999969, 22.656433837000179 ], [ -13.126800802999924, 22.549938533000159 ], [ -13.117674106999914, 22.453969797000184 ], [ -13.099460944999919, 22.263159850000136 ], [ -13.053676297999971, 21.789270069000111 ], [ -13.028850081999906, 21.578795941000067 ], [ -13.016461295999818, 21.573100947000171 ], [ -12.382855701999972, 21.353659875000176 ], [ -11.621136219999869, 21.514529545000187 ], [ -10.762150796999947, 21.581154453000181 ], [ -6.493345818999956, 24.330726850000076 ] ], [ [ -12.492453664999914, 22.642758783999966 ], [ -12.511462087999973, 22.80786270700014 ], [ -12.313499643999933, 22.88095923100019 ], [ -12.188487135999821, 22.841167227000085 ], [ -12.129858344999889, 22.777286643000139 ], [ -12.276274967999882, 22.674741081000036 ], [ -12.415316601999962, 22.639091078000092 ], [ -12.492453664999914, 22.642758783999966 ] ] ] } },
{ "type": "Feature", "properties": { "adm2_name": "Tekane", "adm2_name1": null, "adm2_name2": null, "adm2_name3": null, "adm2_pcode": "MR067", "adm1_name": "Trarza", "adm1_name1": null, "adm1_name2": null, "adm1_name3": null, "adm1_pcode": "MR06", "adm0_name": "Mauritanie", "adm0_name1": null, "adm0_name2": null, "adm0_name3": null, "adm0_pcode": "MR", "valid_on": "2024-03-27", "valid_to": null, "area_sqkm": 2297.87545163, "version": "v03", "lang": "fr", "lang1": null, "lang2": null, "lang3": null, "adm2_ref": "None", "center_lat": 16.74201698, "center_lon": -15.16994256 }, "geometry": { "type": "Polygon", "coordinates": [ [ [ -14.708027202999858, 16.958453088000169 ], [ -14.862480166999887, 16.957586780000042 ], [ -14.9385119559999, 16.895666382000115 ], [ -15.027470142999903, 16.860133915000119 ], [ -15.142377106999959, 16.867436068000075 ], [ -15.146585203999962, 16.86346036499998 ], [ -15.151034307999907, 16.859751642 ], [ -15.15570841899995, 16.856322896000165 ], [ -15.160588534999874, 16.853189126000075 ], [ -15.165655657999935, 16.850362333000191 ], [ -15.170890784999926, 16.847851514000013 ], [ -15.176272916999892, 16.845668670000066 ], [ -15.18178305299989, 16.8438218 ], [ -15.187397192999981, 16.842316903000096 ], [ -15.193095335999942, 16.841159978000064 ], [ -15.198855480999896, 16.840357026000049 ], [ -15.204654628999947, 16.839909047000049 ], [ -15.210470776999955, 16.839820039000131 ], [ -15.216280926999843, 16.840088004000165 ], [ -15.22206307599987, 16.840713941 ], [ -15.227795225999955, 16.841693851000059 ], [ -15.23173651399992, 16.842621435000069 ], [ -15.248536773999888, 16.831683160000011 ], [ -15.254432682999948, 16.827844465000112 ], [ -15.312781, 16.80848 ], [ -15.383775999999841, 16.856006 ], [ -15.299950960999979, 16.91092104400019 ], [ -15.300910293999948, 16.915211978000116 ], [ -15.301811331999829, 16.92090053600009 ], [ -15.302353360999916, 16.926634091000096 ], [ -15.302534380999873, 16.932390645000169 ], [ -15.302353391999929, 16.938146200000062 ], [ -15.302302826999892, 16.938681099000178 ], [ -15.414280294999912, 16.955074089000107 ], [ -15.414284122999959, 16.955068959000187 ], [ -15.496449578999886, 16.844977502000063 ], [ -15.497429127999965, 16.843665029000135 ], [ -15.48999597999989, 16.802160604000164 ], [ -15.468185, 16.661537 ], [ -15.457263, 16.590297000000135 ], [ -15.455329275999929, 16.579630383000108 ], [ -15.451456702999963, 16.579578630000015 ], [ -15.448744117999979, 16.57815095300009 ], [ -15.445881477999933, 16.576758735000055 ], [ -15.444030477999888, 16.573559735 ], [ -15.441783477999934, 16.568827735000184 ], [ -15.439932477999832, 16.565245735000076 ], [ -15.438878477999936, 16.561921734000123 ], [ -15.438886477999972, 16.558729735000099 ], [ -15.438829585999883, 16.558358921000149 ], [ -15.437780750999877, 16.553158880000012 ], [ -15.435139123999875, 16.547165097000175 ], [ -15.433064120999973, 16.543205359000069 ], [ -15.431344119999949, 16.540518358000043 ], [ -15.429621119999922, 16.538724358000138 ], [ -15.427899120999939, 16.536675359000128 ], [ -15.424715120999906, 16.535132359000045 ], [ -15.420734119999963, 16.533585358000039 ], [ -15.418479120999962, 16.53217335800008 ], [ -15.414098119999949, 16.531136359000129 ], [ -15.410248120999881, 16.530102359000068 ], [ -15.405202120999945, 16.529318359 ], [ -15.402147119999938, 16.529052358000115 ], [ -15.401615120999963, 16.529433359000109 ], [ -15.399489120999931, 16.529554358999974 ], [ -15.398159120999935, 16.52993235800011 ], [ -15.395635119999895, 16.529923359000179 ], [ -15.394039120999935, 16.530812358000105 ], [ -15.390581119999979, 16.532332358000076 ], [ -15.387654119999979, 16.533982359000106 ], [ -15.382734120999942, 16.536136358000078 ], [ -15.378477120999889, 16.538420358000053 ], [ -15.375415120999946, 16.54121835899997 ], [ -15.372621119999963, 16.542741358000171 ], [ -15.370758120999938, 16.544139359000098 ], [ -15.369159120999939, 16.546049359000051 ], [ -15.367559120999886, 16.548214359000099 ], [ -15.365029120999907, 16.550504358000126 ], [ -15.363033120999887, 16.552030358000081 ], [ -15.360771120999971, 16.553426359000071 ], [ -15.359042120999959, 16.554187359000139 ], [ -15.357580120999899, 16.554565358000048 ], [ -15.355587120999928, 16.554685358000029 ], [ -15.352718120999953, 16.554206359000091 ], [ -15.349743119999914, 16.554154358000176 ], [ -15.345893120999961, 16.553247359000181 ], [ -15.342705119999948, 16.552981358000068 ], [ -15.340620119999926, 16.553117358000122 ], [ -15.337520119999965, 16.554319359000033 ], [ -15.335224120999953, 16.555303358000174 ], [ -15.333329119999917, 16.556179358000179 ], [ -15.331668119999904, 16.557412358000079 ], [ -15.329273119999982, 16.559192359000178 ], [ -15.327543120999906, 16.560335358000145 ], [ -15.325746120999895, 16.561114358000111 ], [ -15.322528120999948, 16.56402435800004 ], [ -15.320754120999879, 16.565802358000042 ], [ -15.319955120999964, 16.566438358000084 ], [ -15.317296119999924, 16.567578359000038 ], [ -15.315434120999953, 16.568210358000158 ], [ -15.310916119999888, 16.568961358000138 ], [ -15.309038120999958, 16.569160358999966 ], [ -15.304621119999979, 16.569530359000055 ], [ -15.302155120999942, 16.569577358000117 ], [ -15.299756120999973, 16.569433359000186 ], [ -15.298296120999964, 16.56878935900005 ], [ -15.29643712099994, 16.568528358000037 ], [ -15.293648120999933, 16.568135358000177 ], [ -15.290196120999951, 16.567484359000048 ], [ -15.287408120999942, 16.566709358000139 ], [ -15.285417120999966, 16.565936358000158 ], [ -15.284223119999922, 16.565421358000151 ], [ -15.281568119999918, 16.564518359000147 ], [ -15.27891311999997, 16.563998358 ], [ -15.276922120999927, 16.563352359000135 ], [ -15.274398120999876, 16.563088358000016 ], [ -15.27014712099998, 16.563201358000128 ], [ -15.26722412099997, 16.563319358000115 ], [ -15.263504120999926, 16.563434358000052 ], [ -15.260979119999888, 16.563808358000074 ], [ -15.258191120999982, 16.563288359000126 ], [ -15.255670119999934, 16.562002359000132 ], [ -15.253152119999925, 16.559695358000113 ], [ -15.25063511999997, 16.55700535800014 ], [ -15.248914120999927, 16.554573359000074 ], [ -15.246130119999975, 16.55226535800017 ], [ -15.241887119999944, 16.549058359000128 ], [ -15.238568119999854, 16.548152358000038 ], [ -15.235514120999937, 16.547021358000052 ], [ -15.232195120999961, 16.546726358000171 ], [ -15.229140120999944, 16.546715359000075 ], [ -15.227312119999965, 16.547489358000064 ], [ -15.225590120999925, 16.548255359000109 ], [ -15.222490120999964, 16.549757359000068 ], [ -15.219697120999967, 16.551024359000053 ], [ -15.216231120999964, 16.552743359000033 ], [ -15.213530119999973, 16.554828359000055 ], [ -15.21091411999987, 16.557123358000126 ], [ -15.208532119999973, 16.558339359000115 ], [ -15.20665612099998, 16.559790357999987 ], [ -15.203995119999831, 16.561568358000045 ], [ -15.201866119999977, 16.562838359000068 ], [ -15.200401119999981, 16.564365359000078 ], [ -15.198406120999948, 16.565380359000073 ], [ -15.196278120999921, 16.566139359000147 ], [ -15.191624119999972, 16.567910359000109 ], [ -15.188034119999941, 16.569175358000052 ], [ -15.184844119999866, 16.570185358000174 ], [ -15.180855120999865, 16.571449358000109 ], [ -15.179925119999893, 16.57157335800008 ], [ -15.177927120999982, 16.573737358000074 ], [ -15.176592119999839, 16.576414359000125 ], [ -15.175388120999969, 16.579448358000093 ], [ -15.172858120999877, 16.582147359000032 ], [ -15.169536119999975, 16.582519359000059 ], [ -15.167011120999973, 16.582766358000185 ], [ -15.163682119999976, 16.582053359000042 ], [ -15.160771119999879, 16.581339358000037 ], [ -15.157983119999869, 16.580564358000061 ], [ -15.156509978999907, 16.58015416100011 ], [ -15.154266119999875, 16.579529358000059 ], [ -15.15161111999987, 16.578882358000158 ], [ -15.148424120999948, 16.578232359000083 ], [ -15.146302119999973, 16.577076359000046 ], [ -15.144178119999935, 16.57617435800006 ], [ -15.141259120999962, 16.57501535900019 ], [ -15.137940119999882, 16.57398235800008 ], [ -15.135550120999937, 16.57346335800014 ], [ -15.132894120999936, 16.57307135800005 ], [ -15.130213119999951, 16.572897358000034 ], [ -15.128665120999869, 16.5730023590001 ], [ -15.12499512099987, 16.572934358000055 ], [ -15.120006120999903, 16.572587358000135 ], [ -15.118399119999935, 16.572912358 ], [ -15.115358119999939, 16.574483359000055 ], [ -15.11234212099987, 16.576498358000094 ], [ -15.109748120999825, 16.578168359000131 ], [ -15.106572120999942, 16.580897359000176 ], [ -15.104325120999931, 16.582290358000023 ], [ -15.102082120999967, 16.584818359000053 ], [ -15.099115119999965, 16.588022359000092 ], [ -15.095933119999927, 16.589978358000053 ], [ -15.092993120999949, 16.592215359000136 ], [ -15.090199119999966, 16.59386535800013 ], [ -15.087800119999883, 16.597177358000067 ], [ -15.085271120999892, 16.598956359000113 ], [ -15.084205120999968, 16.60035735800011 ], [ -15.083401120999895, 16.603163358000131 ], [ -15.082997120999948, 16.605205358000148 ], [ -15.082728119999899, 16.606609358000128 ], [ -15.080728120999879, 16.609539358000063 ], [ -15.078898120999895, 16.613679359000059 ], [ -15.077683119999904, 16.61786435800019 ], [ -15.079164119999973, 16.621893359000069 ], [ -15.081754119999971, 16.624227358000155 ], [ -15.084421247999842, 16.629417295000167 ], [ -15.087607247999927, 16.630450295000173 ], [ -15.090626247999978, 16.630931294999982 ], [ -15.09438024699989, 16.631367295000189 ], [ -15.100503412999899, 16.631256910000047 ], [ -15.104214412999909, 16.631483911000089 ], [ -15.108759412999973, 16.632222911000099 ], [ -15.111651412999834, 16.632403910000107 ], [ -15.114779219999889, 16.632768818999978 ], [ -15.117206269999883, 16.634482031000175 ], [ -15.120118119999972, 16.63521335900009 ], [ -15.12077611999996, 16.637642358000107 ], [ -15.120768120999912, 16.640962359000071 ], [ -15.119298119999939, 16.644405358000085 ], [ -15.11836311999997, 16.646444359000157 ], [ -15.116094119999957, 16.650650358000064 ], [ -15.113163120999957, 16.65408835900007 ], [ -15.110828805999972, 16.656415814000184 ], [ -15.110100120999903, 16.657142358000044 ], [ -15.107567120999931, 16.660453358000098 ], [ -15.106101120999938, 16.662619358000086 ], [ -15.103970119999929, 16.664783358000079 ], [ -15.102371119999873, 16.666692359000024 ], [ -15.101038119999828, 16.668220358000042 ], [ -15.098775119999971, 16.670383358000151 ], [ -15.09730912099991, 16.672038358000123 ], [ -15.095847120999906, 16.672288359000106 ], [ -15.092925119999904, 16.672151359000168 ], [ -15.090534119999973, 16.672142358000031 ], [ -15.087481120999882, 16.671238357999982 ], [ -15.084561119999933, 16.670206358000087 ], [ -15.08190811999998, 16.668793359000119 ], [ -15.080846120999979, 16.668278358000066 ], [ -15.079258119999963, 16.66584635900017 ], [ -15.078064120999898, 16.665204358999972 ], [ -15.076476120999871, 16.66277235900003 ], [ -15.07502112099985, 16.660469359000103 ], [ -15.073298120999937, 16.658803358000171 ], [ -15.072243120999929, 16.655479359000026 ], [ -15.070789120999962, 16.652920359000063 ], [ -15.069601119999902, 16.649724359000118 ], [ -15.069078119999972, 16.646530358000064 ], [ -15.068559120999964, 16.641548359000069 ], [ -15.0670761209999, 16.639878357999976 ], [ -15.064561120999826, 16.636506358000076 ], [ -15.06206712099987, 16.634375359000046 ], [ -15.059698119999894, 16.631804359000114 ], [ -15.057642120999958, 16.628269359 ], [ -15.057413410999857, 16.627846263000038 ], [ -15.056376120999914, 16.625927359000059 ], [ -15.054258119999929, 16.622983358999988 ], [ -15.052266119999956, 16.622848359000045 ], [ -15.051734120999981, 16.622974358000079 ], [ -15.049468120999961, 16.626159358000166 ], [ -15.048933119999958, 16.627434359000063 ], [ -15.048447906999854, 16.627846263000038 ], [ -15.04773512099996, 16.628451358000063 ], [ -15.046541120999905, 16.628064358000017 ], [ -15.046312421999914, 16.627846263000038 ], [ -15.044686119999824, 16.62629535800005 ], [ -15.038266119999946, 16.625170359000094 ], [ -15.03419211999983, 16.625595359000101 ], [ -15.030338120999886, 16.626220359000115 ], [ -15.027811119999967, 16.627361358000144 ], [ -15.026708280999912, 16.627846263000038 ], [ -15.024354120999931, 16.628881358000115 ], [ -15.020230119999951, 16.630910358000165 ], [ -15.018866119999871, 16.631442358000129 ], [ -15.015842119999945, 16.632683358000122 ], [ -15.011987120999947, 16.633691359000125 ], [ -15.009855119999941, 16.634333359000095 ], [ -15.007599120999885, 16.635208358000114 ], [ -15.004274119999934, 16.636857358000157 ], [ -15.002542119999873, 16.638766359000101 ], [ -15.000434119999909, 16.640585358000067 ], [ -14.999879120999822, 16.64143835800013 ], [ -14.997687737999968, 16.644112085000074 ], [ -14.996497738999892, 16.645896084000185 ], [ -14.995399888999941, 16.647253597000145 ], [ -14.993491627999958, 16.649719785000059 ], [ -14.993121554999959, 16.653826858000173 ], [ -14.992912306999813, 16.655287439000119 ], [ -14.992912306999813, 16.657369468000184 ], [ -14.992614873999969, 16.65915406300013 ], [ -14.993050197999935, 16.660085490000029 ], [ -14.992931197999951, 16.661631491000151 ], [ -14.992614873999969, 16.663318120000156 ], [ -14.993083798999976, 16.666132560000165 ], [ -14.992964798999878, 16.668154559000016 ], [ -14.993440798999927, 16.670891560000086 ], [ -14.993797798999879, 16.67231856 ], [ -14.993916798999976, 16.673865559000035 ], [ -14.99403579899996, 16.674817559000132 ], [ -14.994834766999872, 16.677241108000032 ], [ -14.994834766999872, 16.678788108000106 ], [ -14.994834766999872, 16.680096108000157 ], [ -14.994596766999905, 16.681167108000125 ], [ -14.994712738999908, 16.683135085000174 ], [ -14.993760738999924, 16.684562084 ], [ -14.993165737999902, 16.686228084 ], [ -14.992095738999922, 16.687656085000128 ], [ -14.990429738999921, 16.688727084 ], [ -14.989358738999954, 16.689678083999979 ], [ -14.987812738999935, 16.690392084000109 ], [ -14.986503738999886, 16.690749084000174 ], [ -14.985313738999935, 16.690868084000044 ], [ -14.9838867389999, 16.690749084000174 ], [ -14.981863738999948, 16.690511083999979 ], [ -14.97984173899988, 16.690273084000012 ], [ -14.978056738999896, 16.689678083999979 ], [ -14.976390738999896, 16.68896408500018 ], [ -14.97484373899988, 16.688251084000058 ], [ -14.973642396999935, 16.687273293999965 ], [ -14.972414771999979, 16.686274110999989 ], [ -14.972227483999859, 16.684662089000028 ], [ -14.972039769999981, 16.68304639400003 ], [ -14.971361769999817, 16.681047394000188 ], [ -14.969695769999817, 16.679739394000137 ], [ -14.968743769999833, 16.678906394000137 ], [ -14.966364769999814, 16.677359394 ], [ -14.964817769999968, 16.676764393999974 ], [ -14.963270769999951, 16.676169394000169 ], [ -14.961843769999916, 16.675693394 ], [ -14.9607379119999, 16.676336856000148 ], [ -14.959742423999955, 16.676916097 ], [ -14.958857315999921, 16.677431111000033 ], [ -14.957172704999891, 16.677515342000163 ], [ -14.956953747999876, 16.677526290000174 ], [ -14.955240534999973, 16.677050398000063 ], [ -14.953785738999954, 16.677305084000125 ], [ -14.952715738999871, 16.676115084000116 ], [ -14.952239738999936, 16.674569084000098 ], [ -14.952239738999936, 16.673260084000106 ], [ -14.952358738999919, 16.671000084000184 ], [ -14.952596738999887, 16.668977084000119 ], [ -14.952953737999962, 16.666836084000067 ], [ -14.953428738999889, 16.664694084000132 ], [ -14.9542617379999, 16.662790084000164 ], [ -14.954618738999955, 16.661244084000145 ], [ -14.955451738999955, 16.65922108400008 ], [ -14.955570738999938, 16.657199084000126 ], [ -14.955570738999938, 16.655652084000053 ], [ -14.955570738999938, 16.654105084000093 ], [ -14.955689738999922, 16.65232108500004 ], [ -14.955213737999884, 16.650774084000034 ], [ -14.954975738999906, 16.649465084000042 ], [ -14.954737738999938, 16.647562085000061 ], [ -14.954155152999874, 16.646591108000109 ], [ -14.954023737999933, 16.646372085000053 ], [ -14.952227107999875, 16.647405639999988 ], [ -14.95220373899997, 16.647419084000035 ], [ -14.952293432999966, 16.647726498000111 ], [ -14.949735745999874, 16.651079793000179 ], [ -14.947496947999923, 16.65401500300004 ], [ -14.941278389999979, 16.662167939000142 ], [ -14.932254756999896, 16.673998512000139 ], [ -14.89974849399988, 16.716616350000095 ], [ -14.884473136999873, 16.729840360000026 ], [ -14.868271744999902, 16.738735708999968 ], [ -14.850163296999881, 16.745298244000026 ], [ -14.829711802999952, 16.757123376000038 ], [ -14.753472977999934, 16.807577649000109 ], [ -14.734595514999967, 16.815842054000086 ], [ -14.708027202999858, 16.958453088000169 ] ] ] } },
{ "type": "Feature", "properties": { "adm2_name": "Boutilimit", "adm2_name1": null, "adm2_name2": null, "adm2_name3": null, "adm2_pcode": "MR061", "adm1_name": "Trarza", "adm1_name1": null, "adm1_name2": null, "adm1_name3": null, "adm1_pcode": "MR06", "adm0_name": "Mauritanie", "adm0_name1": null, "adm0_name2": null, "adm0_name3": null, "adm0_pcode": "MR", "valid_on": "2024-03-27", "valid_to": null, "area_sqkm": 32499.150634149999, "version": "v03", "lang": "fr", "lang1": null, "lang2": null, "lang3": null, "adm2_ref": "None", "center_lat": 17.90905941, "center_lon": -14.32805975 }, "geometry": { "type": "Polygon", "coordinates": [ [ [ -13.84140625099991, 19.000830570000119 ], [ -14.262487312999895, 19.001281714000129 ], [ -15.014249192999955, 18.094945492000022 ], [ -15.028956394999966, 18.032597166000187 ], [ -15.01791201899988, 18.000678609999966 ], [ -15.004502552999895, 17.958358849999968 ], [ -15.143451854999967, 17.859759967000059 ], [ -15.235221911999929, 17.751890929000069 ], [ -15.267650248999871, 17.575423300000068 ], [ -15.260856785999977, 17.471754245000056 ], [ -15.314820019999956, 17.318050351000181 ], [ -15.179441358999952, 17.362823729000183 ], [ -15.174126261999902, 17.364581575000102 ], [ -15.171541738999963, 17.362823729000183 ], [ -15.000469480999982, 17.246470079000176 ], [ -15.000470800999835, 17.246459080000079 ], [ -15.000469480999982, 17.246458181999969 ], [ -14.671962793999967, 17.156003946999988 ], [ -14.708027202999858, 16.958453088000169 ], [ -14.734595514999967, 16.815842054000086 ], [ -14.320482567999818, 17.088425996000126 ], [ -14.279752680999934, 17.151454244000035 ], [ -13.95947458299986, 17.604388350000022 ], [ -13.734120256999915, 17.801578906000145 ], [ -13.453043471999933, 18.000359542000069 ], [ -12.669443453999918, 18.557318638000083 ], [ -13.203388019999977, 18.99793801200002 ], [ -13.20623270599998, 19.000285491 ], [ -13.332357009999896, 19.000285177000023 ], [ -13.84140625099991, 19.000830570000119 ] ] ] } },
{ "type": "Feature", "properties": { "adm2_name": "Keur Macen", "adm2_name1": null, "adm2_name2": null, "adm2_name3": null, "adm2_pcode": "MR062", "adm1_name": "Trarza", "adm1_name1": null, "adm1_name2": null, "adm1_name3": null, "adm1_pcode": "MR06", "adm0_name": "Mauritanie", "adm0_name1": null, "adm0_name2": null, "adm0_name3": null, "adm0_pcode": "MR", "valid_on": "2024-03-27", "valid_to": null, "area_sqkm": 2576.7794788699998, "version": "v03", "lang": "fr", "lang1": null, "lang2": null, "lang3": null, "adm2_ref": "None", "center_lat": 16.52750332, "center_lon": -16.3094895 }, "geometry": { "type": "Polygon", "coordinates": [ [ [ -15.995612051999956, 16.555397195000069 ], [ -15.993534014999966, 16.561279741000021 ], [ -15.991808985999967, 16.566564333000144 ], [ -15.989576945999943, 16.572816851000027 ], [ -15.987113897999905, 16.578504414000122 ], [ -15.98470585799987, 16.586061831000052 ], [ -15.980758775999959, 16.592975302000013 ], [ -15.978357728999981, 16.598103907999985 ], [ -15.974731651999889, 16.603718480000055 ], [ -15.971898592999878, 16.608650103000116 ], [ -15.968727524999963, 16.613480734000063 ], [ -15.963053396999896, 16.61946728200013 ], [ -15.958456295999952, 16.625105854000026 ], [ -15.954852216999882, 16.629786499000147 ], [ -15.952592164999942, 16.632086326000092 ], [ -15.975509755999894, 16.634747060000166 ], [ -15.992675209999959, 16.641191515 ], [ -16.013402787999894, 16.659773016000088 ], [ -16.020518974999845, 16.661916831000099 ], [ -16.029459227999951, 16.670961104000185 ], [ -16.035989424999912, 16.682503189000101 ], [ -16.048265761999971, 16.691352469000094 ], [ -16.058207028999959, 16.696507043000054 ], [ -16.069010339999977, 16.709471007000161 ], [ -16.070696397999939, 16.715224555000134 ], [ -16.071301419999884, 16.717294392000042 ], [ -16.06786700899994, 16.728095842000073 ], [ -16.067593356999964, 16.728956495000148 ], [ -16.074652556999979, 16.736373900000046 ], [ -16.082936780999887, 16.74105051500004 ], [ -16.09603822899993, 16.782486261000088 ], [ -16.097261308999919, 16.800396867000131 ], [ -16.088237129999982, 16.818429490000142 ], [ -16.093149282999889, 16.828578689000096 ], [ -16.10133352299988, 16.840134771000066 ], [ -16.103384597999877, 16.848416123000106 ], [ -16.09980256699987, 16.869948462000082 ], [ -16.118392158999939, 16.912364125000124 ], [ -16.120375248999949, 16.926611016000038 ], [ -16.119305249999968, 16.936927220000086 ], [ -16.112723117999906, 16.949480264999977 ], [ -16.103508919999967, 16.962693265000098 ], [ -16.095861786999876, 16.98464558600017 ], [ -16.075952362999942, 17.014499328000113 ], [ -16.268190311999945, 17.032829408000055 ], [ -16.276011461999929, 17.015626718000135 ], [ -16.292993803999877, 16.983596153000121 ], [ -16.301861973999905, 16.963950651 ], [ -16.313214178999942, 16.934264922000068 ], [ -16.32475940199987, 16.909304826000039 ], [ -16.336519608999936, 16.876666327 ], [ -16.353083932999937, 16.841877984000121 ], [ -16.367150188999972, 16.805754753000087 ], [ -16.375718348999953, 16.785316319000117 ], [ -16.383554476999961, 16.759921273000145 ], [ -16.395310696999957, 16.731683439 ], [ -16.408217940999862, 16.701561750000053 ], [ -16.419339143999878, 16.673235927000178 ], [ -16.429223324999953, 16.647869878000051 ], [ -16.442892555999947, 16.60622609 ], [ -16.445123568999975, 16.590524308999989 ], [ -16.446420568999883, 16.578857216000188 ], [ -16.448147564999886, 16.561474568000108 ], [ -16.448924542999976, 16.546581729000025 ], [ -16.449603505999903, 16.526775273999988 ], [ -16.45096048399995, 16.506493855000144 ], [ -16.453194484999926, 16.486157438000134 ], [ -16.456646529999944, 16.470679640000071 ], [ -16.463527639999938, 16.447212457000035 ], [ -16.469291722999913, 16.42422324100005 ], [ -16.475535828999909, 16.405209713000147 ], [ -16.483367983999926, 16.389176948999989 ], [ -16.489242085999933, 16.372225262000143 ], [ -16.50449437799989, 16.33782391799997 ], [ -16.509151436999957, 16.316061613000159 ], [ -16.51632955599996, 16.293060399000012 ], [ -16.520023606999871, 16.277439615000048 ], [ -16.517732508999927, 16.262761773000079 ], [ -16.515882409999961, 16.24353828600016 ], [ -16.513645314999962, 16.229328408000015 ], [ -16.513794292999876, 16.219917147 ], [ -16.514309259999948, 16.20310746600012 ], [ -16.513603209999872, 16.190990420000162 ], [ -16.512473138999894, 16.17550564000004 ], [ -16.51209909499994, 16.162495664000062 ], [ -16.510516008999957, 16.145470007000085 ], [ -16.509549933999949, 16.126895470000022 ], [ -16.509981877999905, 16.101800444000048 ], [ -16.510773756999981, 16.049364572000059 ], [ -16.513557160999881, 16.022855600000128 ], [ -16.512731077999945, 16.023120264 ], [ -16.510235440999907, 16.023691378000024 ], [ -16.508215162999932, 16.025062045000027 ], [ -16.505957205999891, 16.027232249000178 ], [ -16.503699247999918, 16.027689131000159 ], [ -16.501441290999878, 16.02757491 ], [ -16.498351453999931, 16.029630867000037 ], [ -16.496568855999897, 16.030773057000033 ], [ -16.494192058999943, 16.032486328000118 ], [ -16.491696421999961, 16.033971152000049 ], [ -16.489081944999953, 16.036141258000043 ], [ -16.48801238599998, 16.037626055000032 ], [ -16.486229787999946, 16.037968698000043 ], [ -16.483734150999965, 16.037511840000093 ], [ -16.48242691299987, 16.037283410000043 ], [ -16.48135735399984, 16.036712335000118 ], [ -16.48031156299993, 16.03743189000005 ], [ -16.480050114999926, 16.038768198000128 ], [ -16.478980556999886, 16.042423013000132 ], [ -16.477899113999968, 16.045518132000154 ], [ -16.476841438999941, 16.045849342 ], [ -16.475415360999875, 16.046648810000079 ], [ -16.475058840999964, 16.049846650000177 ], [ -16.475058840999964, 16.052359203000151 ], [ -16.477316797999833, 16.054186494000078 ], [ -16.478136810999899, 16.056335662000095 ], [ -16.478624036999975, 16.057612620000043 ], [ -16.478847851999944, 16.059337080999967 ], [ -16.477778292999915, 16.060821703999977 ], [ -16.475638325999967, 16.063236358000097 ], [ -16.473541325999975, 16.065331358000094 ], [ -16.471339325999963, 16.068859358000168 ], [ -16.468633325999974, 16.073819358000037 ], [ -16.467036325999914, 16.075342358000114 ], [ -16.465239325999903, 16.077056358000164 ], [ -16.464343325999948, 16.077244358000087 ], [ -16.462454325999943, 16.077141358000063 ], [ -16.461057325999946, 16.078187358000093 ], [ -16.460055325999974, 16.079999358000123 ], [ -16.458949325999924, 16.082958358000155 ], [ -16.457440325999983, 16.087254358000166 ], [ -16.456239325999888, 16.089065358000084 ], [ -16.452748325999892, 16.09134635800018 ], [ -16.449853325999982, 16.094107357999974 ], [ -16.446066325999823, 16.096099358000174 ], [ -16.443271325999945, 16.098478357999966 ], [ -16.441869325999903, 16.100767358000041 ], [ -16.441730565999876, 16.101968600000134 ], [ -16.441984852999894, 16.104450790000158 ], [ -16.442447325999979, 16.105549358000076 ], [ -16.44363332599994, 16.107274357999984 ], [ -16.446709325999905, 16.109198358000015 ], [ -16.449887325999953, 16.110262358000114 ], [ -16.451177325999936, 16.111031358000162 ], [ -16.453253325999924, 16.114098358000092 ], [ -16.45473832599987, 16.115634358000023 ], [ -16.45533032599991, 16.116879358000176 ], [ -16.455122325999923, 16.119172358000185 ], [ -16.453816325999981, 16.122417358000064 ], [ -16.451510325999948, 16.126901358000168 ], [ -16.450602325999967, 16.130052358000114 ], [ -16.450896325999963, 16.131009358000085 ], [ -16.452380325999968, 16.133022358 ], [ -16.453459325999916, 16.136658358000147 ], [ -16.453650325999888, 16.138667358000077 ], [ -16.452842325999939, 16.141627358000051 ], [ -16.45342732599994, 16.144592358000068 ], [ -16.453442325999958, 16.144936358000109 ], [ -16.453152325999895, 16.147361358000182 ], [ -16.452817325999888, 16.147744358000068 ], [ -16.452118325999891, 16.148506358000077 ], [ -16.451914325999894, 16.149748358000124 ], [ -16.452207325999893, 16.151088357999981 ], [ -16.452401325999972, 16.152331357999969 ], [ -16.452489325999977, 16.155104358000131 ], [ -16.45277932599987, 16.157303358000149 ], [ -16.454153325999982, 16.161610358000189 ], [ -16.454725325999959, 16.16782635800007 ], [ -16.454510325999934, 16.171649358000025 ], [ -16.454198325999982, 16.175089358000037 ], [ -16.453589325999928, 16.178145358000165 ], [ -16.45359532599997, 16.178332358000148 ], [ -16.452492325999913, 16.181001358 ], [ -16.453223325999943, 16.181621358000143 ], [ -16.452976325999941, 16.182158357999981 ], [ -16.45208032599993, 16.182441358000119 ], [ -16.451879325999926, 16.182727358000022 ], [ -16.452176325999972, 16.183302358000162 ], [ -16.452621325999928, 16.18318935800005 ], [ -16.452816325999834, 16.183942357999967 ], [ -16.450378325999907, 16.18520635800013 ], [ -16.448571325999978, 16.189214358000129 ], [ -16.445468325999968, 16.194077358000129 ], [ -16.441065325999944, 16.200847358000033 ], [ -16.434675325999933, 16.206748358000141 ], [ -16.430685325999946, 16.209696358000144 ], [ -16.429705325999976, 16.210006358000044 ], [ -16.427927325999917, 16.210449358000119 ], [ -16.427500325999858, 16.210353358000134 ], [ -16.425508325999886, 16.210919358000069 ], [ -16.421526325999935, 16.212050358000056 ], [ -16.420771661999936, 16.212165793999986 ], [ -16.42028890499995, 16.212465968000174 ], [ -16.419720720999919, 16.212326549000068 ], [ -16.41664932599997, 16.212796358000162 ], [ -16.412472325999886, 16.212779358000148 ], [ -16.408995325999967, 16.211714358000165 ], [ -16.404831325999965, 16.208639358000084 ], [ -16.401057325999886, 16.207382358000189 ], [ -16.397378325999966, 16.207176358000027 ], [ -16.392899325999906, 16.207923358000187 ], [ -16.388216325999963, 16.210008358000039 ], [ -16.38602032599988, 16.211911358000123 ], [ -16.381922325999938, 16.217057358000091 ], [ -16.379225325999982, 16.219723358000067 ], [ -16.376529325999911, 16.222485358000142 ], [ -16.374027325999919, 16.226203358000078 ], [ -16.372516325999982, 16.23088135800009 ], [ -16.371401325999898, 16.236039358000028 ], [ -16.370181325999965, 16.242629358000102 ], [ -16.369175325999947, 16.245589358000075 ], [ -16.366873325999961, 16.249117358000092 ], [ -16.365065325999979, 16.253316358000063 ], [ -16.363064325999972, 16.256271358000163 ], [ -16.359774325999979, 16.258266358000185 ], [ -16.355984325999884, 16.260832358000073 ], [ -16.353985325999872, 16.263405358000114 ], [ -16.352780325999902, 16.266268358000048 ], [ -16.352766325999937, 16.269613358000072 ], [ -16.353544325999906, 16.274014358000045 ], [ -16.354925325999943, 16.276887358000067 ], [ -16.358284325999875, 16.28234935800009 ], [ -16.361455325999941, 16.285229358000038 ], [ -16.364327325999909, 16.288203358000089 ], [ -16.366600325999968, 16.291749358000175 ], [ -16.367580325999938, 16.295194358000117 ], [ -16.367565325999976, 16.298922358000027 ], [ -16.3664473259999, 16.304844358000082 ], [ -16.364830325999947, 16.311147358000085 ], [ -16.361723325999947, 16.317157358000145 ], [ -16.358318325999846, 16.322783358000038 ], [ -16.352026325999873, 16.329259358000115 ], [ -16.349533325999857, 16.330970358000116 ], [ -16.348837325999909, 16.330967358000066 ], [ -16.348245325999869, 16.329722358000083 ], [ -16.348046325999917, 16.329721357999972 ], [ -16.345758325999952, 16.329904358000022 ], [ -16.343266325999934, 16.331328358000064 ], [ -16.341467325999929, 16.333424358000116 ], [ -16.339365325999836, 16.336761358 ], [ -16.337569325999937, 16.338092357999983 ], [ -16.333874325999886, 16.341806358000156 ], [ -16.331678325999917, 16.343900358000042 ], [ -16.330974325999932, 16.345714358000066 ], [ -16.330360325999948, 16.349917357999971 ], [ -16.330640325999923, 16.35441135800005 ], [ -16.332111325999961, 16.359579358000076 ], [ -16.333176325999943, 16.366752358000099 ], [ -16.333349325999961, 16.372966358000156 ], [ -16.332915325999977, 16.381950358000097 ], [ -16.332097325999939, 16.387587358000189 ], [ -16.330281325999977, 16.393698358000108 ], [ -16.328473325999937, 16.398183358000097 ], [ -16.326674325999932, 16.400375358000133 ], [ -16.32447932599996, 16.401991358000032 ], [ -16.322687325999937, 16.402558358000078 ], [ -16.319503325999904, 16.402737358000138 ], [ -16.31463232599998, 16.402335358000073 ], [ -16.311244325999951, 16.403851358000111 ], [ -16.309344325999916, 16.406329358000164 ], [ -16.308233325999936, 16.410531358000014 ], [ -16.308221325999909, 16.413494358000037 ], [ -16.308296325999891, 16.419421358000022 ], [ -16.307979325999952, 16.424008358000094 ], [ -16.308140325999886, 16.433377358000087 ], [ -16.307311325999933, 16.441594358000145 ], [ -16.305982325999935, 16.450574358000097 ], [ -16.305371325999943, 16.454109358000039 ], [ -16.303859325999952, 16.459074358000123 ], [ -16.302053325999907, 16.462795358 ], [ -16.298755325999878, 16.46670135800008 ], [ -16.29317632599998, 16.468973358000142 ], [ -16.289593325999874, 16.46982035800005 ], [ -16.28849732599997, 16.470293358000106 ], [ -16.287001325999938, 16.471148358000107 ], [ -16.285301325999967, 16.473531358000116 ], [ -16.28506479899994, 16.474051246000158 ], [ -16.283695325999929, 16.477061358000185 ], [ -16.283486325999888, 16.479642358000035 ], [ -16.283764325999982, 16.484518358000059 ], [ -16.283852325999874, 16.487386358000037 ], [ -16.285128325999949, 16.491692357999966 ], [ -16.285110325999938, 16.495994358000132 ], [ -16.284793325999942, 16.500677358000189 ], [ -16.283987325999931, 16.503063358000077 ], [ -16.282184325999879, 16.506211358000087 ], [ -16.280783325999948, 16.508499358000051 ], [ -16.278482325999903, 16.511645358000123 ], [ -16.276187325999899, 16.513452358000052 ], [ -16.271200325999928, 16.51716135800018 ], [ -16.262133325999969, 16.521044358000097 ], [ -16.258149325999966, 16.522463358000095 ], [ -16.255064325999967, 16.522929358000113 ], [ -16.25237732599993, 16.523396358000014 ], [ -16.249589325999921, 16.524245358000087 ], [ -16.24630532599997, 16.524615358000176 ], [ -16.243620325999871, 16.524604358000147 ], [ -16.240241325999875, 16.524018358000149 ], [ -16.236466325999913, 16.522951358000171 ], [ -16.23328632599987, 16.522270358000128 ], [ -16.232589325999925, 16.52234235800006 ], [ -16.232870325999841, 16.522145358000103 ], [ -16.231780325999978, 16.521664358000066 ], [ -16.231597325999928, 16.521736358000169 ], [ -16.231499325999891, 16.521403358000157 ], [ -16.231002325999896, 16.521305358000063 ], [ -16.228522325999961, 16.519766358000084 ], [ -16.223461325999892, 16.517070358000126 ], [ -16.217704325999819, 16.514275358000134 ], [ -16.212637325999879, 16.513012358000083 ], [ -16.20726632599991, 16.513087358000064 ], [ -16.201393325999902, 16.51430735800011 ], [ -16.19721332599994, 16.514960358000167 ], [ -16.189754325999957, 16.514930358000129 ], [ -16.18706432599987, 16.5160673580001 ], [ -16.185167325999942, 16.517971358000068 ], [ -16.183765325999957, 16.520164358000159 ], [ -16.180774325999892, 16.52206535800002 ], [ -16.178585325999961, 16.522343358000114 ], [ -16.175600325999881, 16.522618358000159 ], [ -16.173607325999853, 16.523470358000111 ], [ -16.172211325999967, 16.524516358000142 ], [ -16.168715325999926, 16.528231358000028 ], [ -16.166815325999892, 16.530613358000153 ], [ -16.16251832599994, 16.535758358000066 ], [ -16.161519325999961, 16.536806358000092 ], [ -16.158922325999924, 16.539472358000012 ], [ -16.156422325999927, 16.542808358000173 ], [ -16.153330325999889, 16.545090357999982 ], [ -16.149045325999907, 16.547176358000115 ], [ -16.141874325999879, 16.54972935800015 ], [ -16.135904325999945, 16.55037535800011 ], [ -16.13003532599987, 16.55054335799997 ], [ -16.128720504999819, 16.550875366000071 ], [ -16.12856242099997, 16.550937207000175 ], [ -16.12778244499998, 16.551272440999981 ], [ -16.124655325999981, 16.552721358000042 ], [ -16.123978746999967, 16.552907275000109 ], [ -16.121569325999928, 16.553569358000061 ], [ -16.119678325999928, 16.553848358000039 ], [ -16.118083084999967, 16.553842342999985 ], [ -16.115780748999953, 16.553833662000102 ], [ -16.113313325999911, 16.553824358000043 ], [ -16.108045325999967, 16.553038357999981 ], [ -16.106558325999913, 16.551885358000163 ], [ -16.102991325999938, 16.548621358000105 ], [ -16.100422325999943, 16.544405358000176 ], [ -16.099349325999981, 16.539144358000044 ], [ -16.09876432599998, 16.536274358000128 ], [ -16.097280325999918, 16.534452358000181 ], [ -16.09758932599982, 16.531776358000059 ], [ -16.097990325999945, 16.531013358 ], [ -16.09867832599997, 16.533023358000037 ], [ -16.099682325999879, 16.530829358000062 ], [ -16.100187325999912, 16.528728358000137 ], [ -16.100901325999928, 16.524524358000122 ], [ -16.10011932599997, 16.521080358000063 ], [ -16.098834325999974, 16.519068358000027 ], [ -16.094570325999939, 16.516088358000047 ], [ -16.089806325999973, 16.513679358000047 ], [ -16.084146325999882, 16.511267358000111 ], [ -16.07650932599995, 16.506076358000144 ], [ -16.074033325999892, 16.503581358000133 ], [ -16.072976325999946, 16.502843358000177 ], [ -16.07314132599987, 16.502812358000085 ], [ -16.070470325999963, 16.499265358000059 ], [ -16.070085325999969, 16.499148358000127 ], [ -16.069877325999926, 16.498498358000177 ], [ -16.067402325999979, 16.495621358000164 ], [ -16.064634325999975, 16.491499358000169 ], [ -16.06275332599995, 16.489294358000166 ], [ -16.061071325999876, 16.487280358000135 ], [ -16.059293325999931, 16.484214358000145 ], [ -16.056230325999934, 16.479231358000106 ], [ -16.052807024999879, 16.476899410000101 ], [ -16.05198618299994, 16.476534082000057 ], [ -16.049184325999931, 16.475571357999968 ], [ -16.043914325999879, 16.475264358000175 ], [ -16.040727325999967, 16.476303358000166 ], [ -16.03534932599996, 16.478098358000182 ], [ -16.030567325999982, 16.480182358000093 ], [ -16.024879325999905, 16.48465335800006 ], [ -16.021486325999945, 16.487507358000073 ], [ -16.018157117999976, 16.490062464000118 ], [ -16.018039963999968, 16.490088296000124 ], [ -16.018070375999912, 16.490129037000031 ], [ -16.017396325999925, 16.490646358000106 ], [ -16.011507325999844, 16.495784358000151 ], [ -16.008014325999909, 16.498830358000134 ], [ -16.005421325999976, 16.500540358000023 ], [ -16.002832325999975, 16.501295358000164 ], [ -16.002781880999976, 16.50129515600014 ], [ -16.002619097999911, 16.50652199100017 ], [ -16.002817113999981, 16.510542677000103 ], [ -16.002350116999878, 16.516043248000017 ], [ -16.002049121999903, 16.520658889000117 ], [ -16.001424116999885, 16.524567585000057 ], [ -16.001185120999935, 16.528625269000031 ], [ -16.001180127999874, 16.531078078000064 ], [ -16.000819132999936, 16.536300671000049 ], [ -15.999919123999973, 16.541345280000087 ], [ -15.996870067999964, 16.549307666000061 ], [ -15.995612051999956, 16.555397195000069 ] ] ] } },
{ "type": "Feature", "properties": { "adm2_name": "Ouad Naga", "adm2_name1": null, "adm2_name2": null, "adm2_name3": null, "adm2_pcode": "MR064", "adm1_name": "Trarza", "adm1_name1": null, "adm1_name2": null, "adm1_name3": null, "adm1_pcode": "MR06", "adm0_name": "Mauritanie", "adm0_name1": null, "adm0_name2": null, "adm0_name3": null, "adm0_pcode": "MR", "valid_on": "2024-03-27", "valid_to": null, "area_sqkm": 17673.985351250001, "version": "v03", "lang": "fr", "lang1": null, "lang2": null, "lang3": null, "adm2_ref": "None", "center_lat": 18.11650651, "center_lon": -15.42219743 }, "geometry": { "type": "Polygon", "coordinates": [ [ [ -14.262487312999895, 19.001281714000129 ], [ -15.207591596999862, 19.000314687000127 ], [ -15.207784919999938, 19.000247490000163 ], [ -15.209095319999847, 18.999909720000119 ], [ -15.210158399999955, 18.99974547 ], [ -15.211987919999899, 18.999565020000034 ], [ -15.213726359999953, 18.999402480000072 ], [ -15.214754159999814, 18.999309870000047 ], [ -15.215490793999834, 18.99924522900011 ], [ -15.222724185999937, 18.998610493000172 ], [ -15.223578693999968, 18.998536887000114 ], [ -15.223594679999962, 18.998535510000067 ], [ -15.22638, 18.998293230000115 ], [ -15.228282239999942, 18.998131500000056 ], [ -15.230098439999949, 18.997970040000041 ], [ -15.231328919999953, 18.997840710000162 ], [ -15.232471919999853, 18.997619849999978 ], [ -15.23373227999997, 18.997238340000081 ], [ -15.235279559999981, 18.996662520000029 ], [ -15.236283959999867, 18.996297120000179 ], [ -15.23740751999992, 18.99588537 ], [ -15.239407319999941, 18.995163840000032 ], [ -15.240876479999883, 18.994623930000103 ], [ -15.242024879999974, 18.99414135000012 ], [ -15.243263999999897, 18.993477690000134 ], [ -15.245008559999917, 18.992409210000176 ], [ -15.247634759999869, 18.990811530000144 ], [ -15.250283279999906, 18.989202420000026 ], [ -15.252748919999874, 18.987706260000095 ], [ -15.254220959999941, 18.986805180000147 ], [ -15.256398239999953, 18.985484160000055 ], [ -15.257876039999928, 18.984581910000031 ], [ -15.259275719999891, 18.983735729999978 ], [ -15.260593679999886, 18.982936350000102 ], [ -15.262381439999842, 18.981853110000031 ], [ -15.264854279999895, 18.980348850000098 ], [ -15.267141359999925, 18.978955020000058 ], [ -15.268963319999955, 18.977856570000085 ], [ -15.270176519999893, 18.977182650000088 ], [ -15.271256519999895, 18.976695570000118 ], [ -15.272666639999954, 18.976202099999966 ], [ -15.275009159999968, 18.975458430000117 ], [ -15.277251959999944, 18.974750670000162 ], [ -15.27917975999992, 18.974138490000144 ], [ -15.280828199999974, 18.973619550000024 ], [ -15.282222839999974, 18.973205820000032 ], [ -15.283688759999961, 18.972751500000129 ], [ -15.285438719999888, 18.972198180000191 ], [ -15.286602599999981, 18.971809560000167 ], [ -15.288034319999895, 18.97135929 ], [ -15.289004519999878, 18.971062200000119 ], [ -15.290868239999895, 18.970478280000123 ], [ -15.291401039999926, 18.970310970000185 ], [ -15.292096199999889, 18.970085520000168 ], [ -15.29349155999995, 18.96962472000007 ], [ -15.294854519999944, 18.969047190000026 ], [ -15.295896719999917, 18.968492879999985 ], [ -15.297356159999879, 18.967512510000063 ], [ -15.297996140999885, 18.967059818000109 ], [ -15.299510759999976, 18.965988450000111 ], [ -15.301913759999934, 18.964278269999966 ], [ -15.30420947999994, 18.96288309 ], [ -15.307824959999948, 18.9608014800001 ], [ -15.310125, 18.959479200000089 ], [ -15.311858039999947, 18.958485330000144 ], [ -15.314543279999896, 18.956936880000057 ], [ -15.317262, 18.955373220000183 ], [ -15.319548719999887, 18.954049410000096 ], [ -15.321925799999917, 18.952684290000093 ], [ -15.324884999999881, 18.950985810000077 ], [ -15.326977319999912, 18.949770720000117 ], [ -15.328717919999974, 18.948759030000076 ], [ -15.330125519999967, 18.947939760000111 ], [ -15.331454279999946, 18.94717251000003 ], [ -15.332699519999949, 18.946456200000114 ], [ -15.333859799999971, 18.945791640000039 ], [ -15.33476807999989, 18.945258120000119 ], [ -15.335759519999954, 18.944695710000133 ], [ -15.338252159999968, 18.943256160000033 ], [ -15.341952599999956, 18.941132160000166 ], [ -15.344235359999914, 18.93980853000005 ], [ -15.345167039999922, 18.939274200000057 ], [ -15.346987919999947, 18.938230650000037 ], [ -15.349965839999982, 18.936512370000173 ], [ -15.353017199999897, 18.934751520000134 ], [ -15.354351221999877, 18.933985309999969 ], [ -15.356705039999952, 18.932633370000019 ], [ -15.360415559999922, 18.930485880000163 ], [ -15.362118719999899, 18.92950551000007 ], [ -15.364437119999877, 18.928347750000171 ], [ -15.366149279999945, 18.927512460000173 ], [ -15.368147639999847, 18.926657010000099 ], [ -15.368284438999979, 18.926601242000061 ], [ -15.368930327999919, 18.926337935000049 ], [ -15.36898283599993, 18.926316529000076 ], [ -15.369032519999962, 18.92630816999997 ], [ -15.372693719999916, 18.924816960000044 ], [ -15.37447261899996, 18.924086779000163 ], [ -15.375394439999923, 18.923709240000051 ], [ -15.37671059999991, 18.923136210000109 ], [ -15.378135839999914, 18.922510980000027 ], [ -15.379464959999837, 18.92192274000007 ], [ -15.379716064999911, 18.921813899000028 ], [ -15.380514359999893, 18.92146788000008 ], [ -15.382159559999934, 18.920732220000161 ], [ -15.383181599999944, 18.920281410000143 ], [ -15.383946599999945, 18.919950120000067 ], [ -15.385523399999897, 18.919261350000113 ], [ -15.387115679999965, 18.918555300000151 ], [ -15.388624079999943, 18.917893260000085 ], [ -15.389720279999892, 18.917444160000059 ], [ -15.391574639999931, 18.91667547000003 ], [ -15.393156119999958, 18.916015320000099 ], [ -15.394241879999981, 18.915563880000093 ], [ -15.395227919999968, 18.915142320000029 ], [ -15.395929199999898, 18.914832540000134 ], [ -15.396530759999905, 18.914526900000055 ], [ -15.397045919999925, 18.914232780000077 ], [ -15.397355879999964, 18.91404558000005 ], [ -15.397632719999876, 18.913863150000054 ], [ -15.397837559999971, 18.913745880000135 ], [ -15.397939799999961, 18.913779630000079 ], [ -15.39804455999996, 18.913798620000023 ], [ -15.398091, 18.913757850000025 ], [ -15.398088839999957, 18.913753260000192 ], [ -15.39809675999993, 18.91376541000011 ], [ -15.398108279999974, 18.913756140000089 ], [ -15.398157239999932, 18.913686750000181 ], [ -15.39818207999997, 18.913572270000145 ], [ -15.398289359999865, 18.913408830000094 ], [ -15.398333639999976, 18.91337553 ], [ -15.39849527999985, 18.913260960000116 ], [ -15.398744399999941, 18.913090500000067 ], [ -15.399079199999846, 18.912860730000034 ], [ -15.399489599999981, 18.912570030000154 ], [ -15.40046936799996, 18.911874064000131 ], [ -15.40052207999986, 18.911836620000031 ], [ -15.401669399999946, 18.911039130000177 ], [ -15.402896639999938, 18.910172069999987 ], [ -15.403996079999956, 18.909406890000128 ], [ -15.40698515999992, 18.907305300000132 ], [ -15.408559799999921, 18.906194430000028 ], [ -15.409836359999929, 18.905278320000093 ], [ -15.411861, 18.903843540000025 ], [ -15.414111719999937, 18.902254590000041 ], [ -15.416183159999889, 18.900781110000139 ], [ -15.418501919999926, 18.899133390000031 ], [ -15.420875759999944, 18.897448050000037 ], [ -15.423306479999894, 18.895716450000123 ], [ -15.425283599999943, 18.894301290000101 ], [ -15.426998279999907, 18.893068830000118 ], [ -15.428892959999928, 18.891642780000041 ], [ -15.429700799999978, 18.890999280000074 ], [ -15.43134383999984, 18.889778160000162 ], [ -15.433362719999877, 18.888243479999971 ], [ -15.434179919999906, 18.887658030000068 ], [ -15.436354679999909, 18.886365540000043 ], [ -15.438259799999969, 18.885248190000141 ], [ -15.439870079999821, 18.884302830000081 ], [ -15.441859799999975, 18.883132740000065 ], [ -15.443666999999834, 18.882068040000092 ], [ -15.44466419999992, 18.881479170000034 ], [ -15.445429199999978, 18.881028720000074 ], [ -15.44674391999996, 18.880264260000047 ], [ -15.448116959999936, 18.879461190000029 ], [ -15.449093639999944, 18.878805810000188 ], [ -15.449858279999887, 18.878205960000116 ], [ -15.451174799999933, 18.877000230000192 ], [ -15.45274835999993, 18.875524680000126 ], [ -15.454376639999907, 18.873990810000066 ], [ -15.455560679999905, 18.872888310000121 ], [ -15.456447, 18.871974449999982 ], [ -15.457615919999967, 18.870741630000168 ], [ -15.45770710599993, 18.870644058000039 ], [ -15.460641, 18.867504690000032 ], [ -15.461851319999937, 18.866212830000052 ], [ -15.464476439999942, 18.863087310000083 ], [ -15.467250239999942, 18.859775490000175 ], [ -15.469620479999946, 18.856925550000085 ], [ -15.47179991999991, 18.854323560000068 ], [ -15.474457439999981, 18.851144940000154 ], [ -15.475508639999816, 18.849876030000132 ], [ -15.476880599999902, 18.8478369 ], [ -15.479244359999825, 18.844174530000032 ], [ -15.48072467999998, 18.841870349999965 ], [ -15.481805759999929, 18.840208140000129 ], [ -15.483087359999899, 18.838214279999988 ], [ -15.485063759999946, 18.83517804000013 ], [ -15.485925599999916, 18.833950980000054 ], [ -15.487472519999926, 18.832135410000092 ], [ -15.489615599999979, 18.829723409999986 ], [ -15.492267359999971, 18.826735410000026 ], [ -15.494575679999912, 18.824152140000024 ], [ -15.497341199999937, 18.821047410000176 ], [ -15.501324239999917, 18.816577020000125 ], [ -15.504516719999913, 18.81299421000017 ], [ -15.508399236999821, 18.80864353000004 ], [ -15.509338919999948, 18.80759232000014 ], [ -15.509801064999976, 18.807100043000162 ], [ -15.509809046999919, 18.807018869 ], [ -15.509894160999977, 18.806942875000118 ], [ -15.510230703999923, 18.806642389000103 ], [ -15.510596399999883, 18.806252850000135 ], [ -15.513530399999979, 18.80349480000001 ], [ -15.516265679999833, 18.800938530000053 ], [ -15.517413, 18.799871310000071 ], [ -15.519103199999961, 18.798016860000075 ], [ -15.521814359999837, 18.794919779999987 ], [ -15.52332131999998, 18.793302750000123 ], [ -15.525963359999935, 18.790640280000105 ], [ -15.528112559999954, 18.788464710000028 ], [ -15.529384079999886, 18.787196430000108 ], [ -15.530610599999932, 18.785981160000063 ], [ -15.532151039999974, 18.78441534000001 ], [ -15.533671679999941, 18.78291774000013 ], [ -15.535992239999814, 18.780556950000175 ], [ -15.537728519999916, 18.77877315 ], [ -15.538767119999875, 18.777687120000053 ], [ -15.539514479999923, 18.776914470000065 ], [ -15.540985079999928, 18.775412100000096 ], [ -15.543995759999973, 18.772310880000191 ], [ -15.546544559999916, 18.769703940000113 ], [ -15.549248159999877, 18.76695543000011 ], [ -15.5521479599999, 18.763996500000076 ], [ -15.553929538999967, 18.762176328000066 ], [ -15.554437199999882, 18.761657669999977 ], [ -15.557355359999917, 18.75866535 ], [ -15.559876799999927, 18.75608316000006 ], [ -15.562428479999937, 18.753475320000121 ], [ -15.564988079999978, 18.750846420000016 ], [ -15.567573599999946, 18.748230300000102 ], [ -15.570172079999907, 18.745628940000188 ], [ -15.572982239999874, 18.742806360000031 ], [ -15.57450431999996, 18.74128599 ], [ -15.576628319999941, 18.739472760000069 ], [ -15.579978479999852, 18.73672389 ], [ -15.583068, 18.734185890000163 ], [ -15.585419879999961, 18.732262409999976 ], [ -15.587494199999981, 18.73055340000019 ], [ -15.589081439999859, 18.729259110000044 ], [ -15.590371679999919, 18.728159400000152 ], [ -15.590752832999954, 18.727795447000176 ], [ -15.613254425999912, 18.693213946000128 ], [ -15.873696060999976, 18.456784961000153 ], [ -15.888245996999842, 18.413349988000164 ], [ -15.891147270999909, 18.247313047000091 ], [ -15.891460036999945, 18.229413787000055 ], [ -15.89237912599998, 18.176023975000192 ], [ -15.892379128999949, 18.176023758000042 ], [ -15.892457877999902, 18.172239217000026 ], [ -15.892465418999905, 18.171876802000156 ], [ -15.88905230599994, 18.168497375000015 ], [ -15.8773253949999, 18.156886209000163 ], [ -15.876902666999911, 18.156467653000163 ], [ -15.870529146999957, 18.150157039000078 ], [ -15.868819099999882, 18.14846387100016 ], [ -15.862055838999936, 18.138067523000075 ], [ -15.828561921999835, 18.086581358000046 ], [ -15.825988746999826, 18.082625925000059 ], [ -15.844224297999972, 18.058738173000108 ], [ -15.844307560999937, 18.052246560000071 ], [ -15.844388911999943, 18.045904013000154 ], [ -15.844577492999974, 18.031201200000169 ], [ -15.844585343999938, 18.030589095000039 ], [ -15.844646413999897, 18.02582516700005 ], [ -15.845134530999871, 17.987769707000098 ], [ -15.845219832999931, 17.981119226000089 ], [ -15.845221578999883, 17.980984677000038 ], [ -15.846233562999942, 17.903012300000057 ], [ -15.85182242299993, 17.903111520999971 ], [ -15.949461410999902, 17.90484494400016 ], [ -15.960170296999934, 17.905035063000128 ], [ -15.960182262999922, 17.905035276000092 ], [ -15.986030610999876, 17.9054941710001 ], [ -15.990380271999982, 17.822468653000101 ], [ -16.03544028999994, 17.822258235999982 ], [ -16.03604627399983, 17.819584506000126 ], [ -16.037286669999958, 17.811925232000021 ], [ -16.037940655999876, 17.80129403900014 ], [ -16.038118621999956, 17.788487014000168 ], [ -16.03864159699998, 17.775219023000034 ], [ -16.039390585999968, 17.765097793000166 ], [ -16.037757459999909, 17.736556973000177 ], [ -16.040280465999956, 17.716597488000104 ], [ -16.04292448699988, 17.700708693000081 ], [ -16.04505950499987, 17.688053653000111 ], [ -16.047920544999897, 17.676650516000166 ], [ -16.050806573999921, 17.661364675000073 ], [ -16.055510645999959, 17.644841925000037 ], [ -16.055533612999909, 17.633374801 ], [ -16.060525694999967, 17.61777897900015 ], [ -16.064670762999981, 17.604627973000049 ], [ -16.066490782999949, 17.59543767100007 ], [ -16.068723802999955, 17.582690640000123 ], [ -16.071481841999969, 17.572120441000095 ], [ -16.07433688499998, 17.561781225000118 ], [ -16.076711910999904, 17.549774136999986 ], [ -16.08081197599995, 17.53593018600003 ], [ -16.085153047999881, 17.52278018200019 ], [ -16.088795109999978, 17.511846009000124 ], [ -16.092914165999957, 17.494949293000047 ], [ -16.096749232999855, 17.484432089000109 ], [ -16.10157731899983, 17.471470069000191 ], [ -16.101390287999891, 17.462359768000169 ], [ -16.106263376999948, 17.450092696000013 ], [ -16.110355445999971, 17.437634641000159 ], [ -16.114124495999874, 17.421891839000182 ], [ -16.121176629999923, 17.405662066000161 ], [ -16.126098719999959, 17.393579980000027 ], [ -16.129542777999973, 17.382921790000125 ], [ -16.132696825999915, 17.371613650000143 ], [ -16.137470912999959, 17.359623559000056 ], [ -16.143236019999904, 17.345743610000113 ], [ -16.147854107999933, 17.335184408999964 ], [ -16.152026185999887, 17.325410150000096 ], [ -16.156704269999977, 17.313141081000083 ], [ -16.159544319999952, 17.305252680000081 ], [ -16.162851370999931, 17.293563571000107 ], [ -16.006457375999958, 17.292583059000151 ], [ -15.837748011999963, 17.273629958000015 ], [ -15.884391405999963, 17.345132340000191 ], [ -15.897183039999959, 17.452402073000087 ], [ -15.835271674999888, 17.529164357000013 ], [ -15.746504315999857, 17.499020898000026 ], [ -15.500835308999967, 17.601110734000088 ], [ -15.501380621999942, 17.351740827000128 ], [ -15.260856785999977, 17.471754245000056 ], [ -15.267650248999871, 17.575423300000068 ], [ -15.235221911999929, 17.751890929000069 ], [ -15.143451854999967, 17.859759967000059 ], [ -15.004502552999895, 17.958358849999968 ], [ -15.01791201899988, 18.000678609999966 ], [ -15.028956394999966, 18.032597166000187 ], [ -15.014249192999955, 18.094945492000022 ], [ -14.262487312999895, 19.001281714000129 ] ] ] } },
{ "type": "Feature", "properties": { "adm2_name": "Mederdra", "adm2_name1": null, "adm2_name2": null, "adm2_name3": null, "adm2_pcode": "MR063", "adm1_name": "Trarza", "adm1_name1": null, "adm1_name2": null, "adm1_name3": null, "adm1_pcode": "MR06", "adm0_name": "Mauritanie", "adm0_name1": null, "adm0_name2": null, "adm0_name3": null, "adm0_pcode": "MR", "valid_on": "2024-03-27", "valid_to": null, "area_sqkm": 6472.37470777, "version": "v03", "lang": "fr", "lang1": null, "lang2": null, "lang3": null, "adm2_ref": "None", "center_lat": 17.11965529, "center_lon": -15.77141038 }, "geometry": { "type": "Polygon", "coordinates": [ [ [ -15.500835308999967, 17.601110734000088 ], [ -15.746504315999857, 17.499020898000026 ], [ -15.835271674999888, 17.529164357000013 ], [ -15.897183039999959, 17.452402073000087 ], [ -15.884391405999963, 17.345132340000191 ], [ -15.837748011999963, 17.273629958000015 ], [ -16.006457375999958, 17.292583059000151 ], [ -16.162851370999931, 17.293563571000107 ], [ -16.168330461999972, 17.276575864000051 ], [ -16.173305547999917, 17.262565929 ], [ -16.176254590999974, 17.25110980300019 ], [ -16.179071636999879, 17.242243479000024 ], [ -16.182951707999962, 17.232242239000129 ], [ -16.18409772699988, 17.228751505000162 ], [ -16.188690807999876, 17.215968478000036 ], [ -16.192179866999936, 17.205592268000032 ], [ -16.196405948999882, 17.196718941000086 ], [ -16.202277070999912, 17.186941679000086 ], [ -16.207722187999877, 17.179332252000108 ], [ -16.212416273999963, 17.167349163999972 ], [ -16.216771350999977, 17.155461069000012 ], [ -16.22181845199998, 17.145829799000182 ], [ -16.227100554999936, 17.134831634000136 ], [ -16.232924676999971, 17.125431345000095 ], [ -16.236262728999975, 17.113879228000087 ], [ -16.240471801999945, 17.101992134999989 ], [ -16.244880883999883, 17.091233954000074 ], [ -16.248526952999953, 17.08288159 ], [ -16.251427994999915, 17.071613453000168 ], [ -16.254244039999946, 17.062324164000131 ], [ -16.257305093999889, 17.053691823000065 ], [ -16.26142717099998, 17.043735582000068 ], [ -16.264075225999875, 17.039578897000126 ], [ -16.268190311999945, 17.032829408000055 ], [ -16.075952362999942, 17.014499328000113 ], [ -16.095861786999876, 16.98464558600017 ], [ -16.103508919999967, 16.962693265000098 ], [ -16.112723117999906, 16.949480264999977 ], [ -16.119305249999968, 16.936927220000086 ], [ -16.120375248999949, 16.926611016000038 ], [ -16.118392158999939, 16.912364125000124 ], [ -16.09980256699987, 16.869948462000082 ], [ -16.103384597999877, 16.848416123000106 ], [ -16.10133352299988, 16.840134771000066 ], [ -16.093149282999889, 16.828578689000096 ], [ -16.088237129999982, 16.818429490000142 ], [ -16.097261308999919, 16.800396867000131 ], [ -16.09603822899993, 16.782486261000088 ], [ -16.082936780999887, 16.74105051500004 ], [ -16.074652556999979, 16.736373900000046 ], [ -16.067593356999964, 16.728956495000148 ], [ -16.06786700899994, 16.728095842000073 ], [ -16.071301419999884, 16.717294392000042 ], [ -16.070696397999939, 16.715224555000134 ], [ -16.069010339999977, 16.709471007000161 ], [ -16.058207028999959, 16.696507043000054 ], [ -16.048265761999971, 16.691352469000094 ], [ -16.035989424999912, 16.682503189000101 ], [ -16.029459227999951, 16.670961104000185 ], [ -16.020518974999845, 16.661916831000099 ], [ -16.013402787999894, 16.659773016000088 ], [ -15.992675209999959, 16.641191515 ], [ -15.975509755999894, 16.634747060000166 ], [ -15.952592164999942, 16.632086326000092 ], [ -15.94933209099986, 16.63540307500017 ], [ -15.945136997999953, 16.640443694000055 ], [ -15.940320887999974, 16.645049347 ], [ -15.936434800999962, 16.649303026000155 ], [ -15.930927670999949, 16.65319273700004 ], [ -15.926330560999872, 16.655794546000095 ], [ -15.922430468999949, 16.658600337000166 ], [ -15.916465333999952, 16.664572887000134 ], [ -15.911024201999965, 16.667178698000043 ], [ -15.904564045999962, 16.670436461000179 ], [ -15.897082865999948, 16.674344176000147 ], [ -15.887561634999884, 16.678578870000024 ], [ -15.879473435999898, 16.681053697999971 ], [ -15.872524263999935, 16.682673590000093 ], [ -15.866099103999886, 16.684108494000156 ], [ -15.859212932999981, 16.685817379000071 ], [ -15.851948750999952, 16.687097297000093 ], [ -15.844884573999877, 16.688149233000047 ], [ -15.835430336999934, 16.68965914000006 ], [ -15.829790195999919, 16.69061108000011 ], [ -15.821985, 16.691544027000134 ], [ -15.815060823999886, 16.691740029000186 ], [ -15.807769636999979, 16.691457070000126 ], [ -15.497429127999965, 16.843665029000135 ], [ -15.496449578999886, 16.844977502000063 ], [ -15.414284122999959, 16.955068959000187 ], [ -15.414280294999912, 16.955074089000107 ], [ -15.380428558999881, 17.000431190000143 ], [ -15.380414645999963, 17.000443087000122 ], [ -15.380428558999881, 17.000443087000122 ], [ -15.365114201999859, 17.013538114000141 ], [ -15.324284341999942, 17.081888940000113 ], [ -15.302711600999885, 17.132627497000101 ], [ -15.314824744999896, 17.318036891000133 ], [ -15.314824089999945, 17.318038758000057 ], [ -15.314824744999896, 17.318048788000169 ], [ -15.314820019999956, 17.318050351000181 ], [ -15.260856785999977, 17.471754245000056 ], [ -15.501380621999942, 17.351740827000128 ], [ -15.500835308999967, 17.601110734000088 ] ] ] } },
{ "type": "Feature", "properties": { "adm2_name": "R'Kiz", "adm2_name1": null, "adm2_name2": null, "adm2_name3": null, "adm2_pcode": "MR065", "adm1_name": "Trarza", "adm1_name1": null, "adm1_name2": null, "adm1_name3": null, "adm1_pcode": "MR06", "adm0_name": "Mauritanie", "adm0_name1": null, "adm0_name2": null, "adm0_name3": null, "adm0_pcode": "MR", "valid_on": "2024-03-27", "valid_to": null, "area_sqkm": 2838.26809585, "version": "v03", "lang": "fr", "lang1": null, "lang2": null, "lang3": null, "adm2_ref": "RKiz", "center_lat": 17.10725822, "center_lon": -14.99717983 }, "geometry": { "type": "Polygon", "coordinates": [ [ [ -14.671962793999967, 17.156003946999988 ], [ -15.000469480999982, 17.246458181999969 ], [ -15.000470800999835, 17.246459080000079 ], [ -15.000469480999982, 17.246470079000176 ], [ -15.171541738999963, 17.362823729000183 ], [ -15.174126261999902, 17.364581575000102 ], [ -15.179441358999952, 17.362823729000183 ], [ -15.314820019999956, 17.318050351000181 ], [ -15.314824744999896, 17.318048788000169 ], [ -15.314824089999945, 17.318038758000057 ], [ -15.314824744999896, 17.318036891000133 ], [ -15.302711600999885, 17.132627497000101 ], [ -15.324284341999942, 17.081888940000113 ], [ -15.365114201999859, 17.013538114000141 ], [ -15.380428558999881, 17.000443087000122 ], [ -15.380414645999963, 17.000443087000122 ], [ -15.380428558999881, 17.000431190000143 ], [ -15.414280294999912, 16.955074089000107 ], [ -15.302302826999892, 16.938681099000178 ], [ -15.302353391999929, 16.938146200000062 ], [ -15.302534380999873, 16.932390645000169 ], [ -15.302353360999916, 16.926634091000096 ], [ -15.301811331999829, 16.92090053600009 ], [ -15.300910293999948, 16.915211978000116 ], [ -15.299950960999979, 16.91092104400019 ], [ -15.383775999999841, 16.856006 ], [ -15.312781, 16.80848 ], [ -15.254432682999948, 16.827844465000112 ], [ -15.248536773999888, 16.831683160000011 ], [ -15.23173651399992, 16.842621435000069 ], [ -15.227795225999955, 16.841693851000059 ], [ -15.22206307599987, 16.840713941 ], [ -15.216280926999843, 16.840088004000165 ], [ -15.210470776999955, 16.839820039000131 ], [ -15.204654628999947, 16.839909047000049 ], [ -15.198855480999896, 16.840357026000049 ], [ -15.193095335999942, 16.841159978000064 ], [ -15.187397192999981, 16.842316903000096 ], [ -15.18178305299989, 16.8438218 ], [ -15.176272916999892, 16.845668670000066 ], [ -15.170890784999926, 16.847851514000013 ], [ -15.165655657999935, 16.850362333000191 ], [ -15.160588534999874, 16.853189126000075 ], [ -15.15570841899995, 16.856322896000165 ], [ -15.151034307999907, 16.859751642 ], [ -15.146585203999962, 16.86346036499998 ], [ -15.142377106999959, 16.867436068000075 ], [ -15.027470142999903, 16.860133915000119 ], [ -14.9385119559999, 16.895666382000115 ], [ -14.862480166999887, 16.957586780000042 ], [ -14.708027202999858, 16.958453088000169 ], [ -14.671962793999967, 17.156003946999988 ] ] ] } },
{ "type": "Feature", "properties": { "adm2_name": "Rosso", "adm2_name1": null, "adm2_name2": null, "adm2_name3": null, "adm2_pcode": "MR066", "adm1_name": "Trarza", "adm1_name1": null, "adm1_name2": null, "adm1_name3": null, "adm1_pcode": "MR06", "adm0_name": "Mauritanie", "adm0_name1": null, "adm0_name2": null, "adm0_name3": null, "adm0_pcode": "MR", "valid_on": "2024-03-27", "valid_to": null, "area_sqkm": 1406.9610317300001, "version": "v03", "lang": "fr", "lang1": null, "lang2": null, "lang3": null, "adm2_ref": "None", "center_lat": 16.65449364, "center_lon": -15.69786714 }, "geometry": { "type": "Polygon", "coordinates": [ [ [ -15.48999597999989, 16.802160604000164 ], [ -15.497429127999965, 16.843665029000135 ], [ -15.807769636999979, 16.691457070000126 ], [ -15.815060823999886, 16.691740029000186 ], [ -15.821985, 16.691544027000134 ], [ -15.829790195999919, 16.69061108000011 ], [ -15.835430336999934, 16.68965914000006 ], [ -15.844884573999877, 16.688149233000047 ], [ -15.851948750999952, 16.687097297000093 ], [ -15.859212932999981, 16.685817379000071 ], [ -15.866099103999886, 16.684108494000156 ], [ -15.872524263999935, 16.682673590000093 ], [ -15.879473435999898, 16.681053697999971 ], [ -15.887561634999884, 16.678578870000024 ], [ -15.897082865999948, 16.674344176000147 ], [ -15.904564045999962, 16.670436461000179 ], [ -15.911024201999965, 16.667178698000043 ], [ -15.916465333999952, 16.664572887000134 ], [ -15.922430468999949, 16.658600337000166 ], [ -15.926330560999872, 16.655794546000095 ], [ -15.930927670999949, 16.65319273700004 ], [ -15.936434800999962, 16.649303026000155 ], [ -15.940320887999974, 16.645049347 ], [ -15.945136997999953, 16.640443694000055 ], [ -15.94933209099986, 16.63540307500017 ], [ -15.952592164999942, 16.632086326000092 ], [ -15.954852216999882, 16.629786499000147 ], [ -15.958456295999952, 16.625105854000026 ], [ -15.963053396999896, 16.61946728200013 ], [ -15.968727524999963, 16.613480734000063 ], [ -15.971898592999878, 16.608650103000116 ], [ -15.974731651999889, 16.603718480000055 ], [ -15.978357728999981, 16.598103907999985 ], [ -15.980758775999959, 16.592975302000013 ], [ -15.98470585799987, 16.586061831000052 ], [ -15.987113897999905, 16.578504414000122 ], [ -15.989576945999943, 16.572816851000027 ], [ -15.991808985999967, 16.566564333000144 ], [ -15.993534014999966, 16.561279741000021 ], [ -15.995612051999956, 16.555397195000069 ], [ -15.996870067999964, 16.549307666000061 ], [ -15.999919123999973, 16.541345280000087 ], [ -16.000819132999936, 16.536300671000049 ], [ -16.001180127999874, 16.531078078000064 ], [ -16.001185120999935, 16.528625269000031 ], [ -16.001424116999885, 16.524567585000057 ], [ -16.002049121999903, 16.520658889000117 ], [ -16.002350116999878, 16.516043248000017 ], [ -16.002817113999981, 16.510542677000103 ], [ -16.002619097999911, 16.50652199100017 ], [ -16.002781880999976, 16.50129515600014 ], [ -16.001837325999816, 16.501291358000174 ], [ -16.000943325999913, 16.501001358000167 ], [ -15.999553325999841, 16.50061335800001 ], [ -15.994416325999964, 16.499173358000064 ], [ -15.991630325999949, 16.497886358000187 ], [ -15.988445325999919, 16.496471358000178 ], [ -15.985128325999938, 16.494927358000098 ], [ -15.984068325999885, 16.49377435800011 ], [ -15.98181232599984, 16.492745358000036 ], [ -15.979821325999922, 16.491972358000055 ], [ -15.97902732599988, 16.490948358000082 ], [ -15.975975325999968, 16.489405358000113 ], [ -15.974651325999901, 16.487868358000128 ], [ -15.97146532599993, 16.486708358000044 ], [ -15.970412325999916, 16.483001358000138 ], [ -15.969486325999981, 16.481338358000187 ], [ -15.967361325999889, 16.481203358000016 ], [ -15.966831325999919, 16.480690358000061 ], [ -15.965504325999916, 16.480175358000054 ], [ -15.96337832599994, 16.480167358000131 ], [ -15.96138532599997, 16.480288358 ], [ -15.958992325999873, 16.481046358000185 ], [ -15.956334325999933, 16.481548358000168 ], [ -15.954339325999911, 16.482690358000127 ], [ -15.952210325999886, 16.483960358000047 ], [ -15.949816325999961, 16.485228358000029 ], [ -15.947954325999888, 16.485988357999986 ], [ -15.945026325999947, 16.487893358000065 ], [ -15.942764325999917, 16.489545358000157 ], [ -15.940102325999931, 16.491707358000156 ], [ -15.937306325999941, 16.493996358000174 ], [ -15.935175325999921, 16.496159358000114 ], [ -15.933444325999972, 16.497941358000105 ], [ -15.931446325999957, 16.499850358000117 ], [ -15.927326325999957, 16.500857358000133 ], [ -15.92360332599992, 16.502121358000124 ], [ -15.921208325999828, 16.503517358000124 ], [ -15.919878325999832, 16.504023358000097 ], [ -15.918812325999909, 16.505552358000102 ], [ -15.916150325999922, 16.507586358000026 ], [ -15.912825325999961, 16.509107358000108 ], [ -15.910566325999923, 16.509482358000014 ], [ -15.90658132599998, 16.509341358000086 ], [ -15.903525325999908, 16.509586358000092 ], [ -15.901397325999881, 16.510600357999976 ], [ -15.899403325999913, 16.510848358000089 ], [ -15.895948325999939, 16.511475358000098 ], [ -15.892890325999872, 16.512230358000011 ], [ -15.889303325999947, 16.512601357999984 ], [ -15.886246325999934, 16.513101357999972 ], [ -15.882527325999888, 16.512705358000062 ], [ -15.880536325999913, 16.512060357999985 ], [ -15.878412325999932, 16.511797358000081 ], [ -15.876155325999889, 16.511279358000024 ], [ -15.873632325999949, 16.51075935800003 ], [ -15.872569325999848, 16.51062835800019 ], [ -15.871241325999904, 16.510623358000146 ], [ -15.869515325999942, 16.510234358000105 ], [ -15.867638325999962, 16.509273358000144 ], [ -15.866384325999945, 16.508940358000132 ], [ -15.865667325999937, 16.508561358000065 ], [ -15.861687325999981, 16.506377358000179 ], [ -15.859833325999887, 16.50407235800003 ], [ -15.858907325999894, 16.502281358 ], [ -15.858911325999884, 16.500876358000141 ], [ -15.858918325999923, 16.498195358000146 ], [ -15.859456325999872, 16.495643358000052 ], [ -15.859062325999957, 16.493598358000099 ], [ -15.858802325999932, 16.491426358000183 ], [ -15.858939325999813, 16.489895358000126 ], [ -15.85814632599994, 16.488232358000062 ], [ -15.857483325999965, 16.487463358000184 ], [ -15.856156325999962, 16.486948358 ], [ -15.853765325999973, 16.487067358000104 ], [ -15.850973325999973, 16.487952358000143 ], [ -15.848046325999917, 16.489474358000109 ], [ -15.846849325999926, 16.490236358000118 ], [ -15.844587325999896, 16.491505358000154 ], [ -15.843049325999914, 16.492481358000077 ], [ -15.840646325999955, 16.494004358000154 ], [ -15.839195325999981, 16.494923358000165 ], [ -15.837877325999898, 16.495772358000067 ], [ -15.835310325999956, 16.497425358000044 ], [ -15.833998325999971, 16.498211358000049 ], [ -15.833259325999904, 16.498654358000124 ], [ -15.832412325999826, 16.499161358000151 ], [ -15.830069325999943, 16.500484358 ], [ -15.827606325999966, 16.500712358000044 ], [ -15.826074325999969, 16.500879358000191 ], [ -15.82323432599992, 16.5012303580001 ], [ -15.820278325999936, 16.502403358000151 ], [ -15.818305325999916, 16.502633358000026 ], [ -15.817708824999954, 16.502775563000114 ], [ -15.817702890999897, 16.502890015 ], [ -15.816195344999869, 16.503179718000069 ], [ -15.816096365999954, 16.503159971000173 ], [ -15.814534325999944, 16.503532358000143 ], [ -15.812249314999974, 16.503102099000159 ], [ -15.811082325999962, 16.502882358000022 ], [ -15.808691325999916, 16.502874358000042 ], [ -15.806301325999982, 16.502227357999971 ], [ -15.802981325999895, 16.501832358000172 ], [ -15.801121325999929, 16.501954358000148 ], [ -15.798201325999912, 16.5010503580001 ], [ -15.798203325999964, 16.500156358000027 ], [ -15.799930325999981, 16.500162358000182 ], [ -15.802054325999961, 16.500808357999972 ], [ -15.803756514999918, 16.500814272000127 ], [ -15.803781325999921, 16.500814358000127 ], [ -15.803914325999926, 16.500559357999975 ], [ -15.801659325999935, 16.499274358000093 ], [ -15.800067325999919, 16.498375358000146 ], [ -15.798342325999954, 16.497858357999974 ], [ -15.796617325999932, 16.496958358000143 ], [ -15.794097325999871, 16.495417358000168 ], [ -15.789320325999881, 16.493357358000083 ], [ -15.786002325999959, 16.492069358000094 ], [ -15.784410325999943, 16.491297358000168 ], [ -15.783347325999955, 16.491421358000139 ], [ -15.781754325999941, 16.490650358000096 ], [ -15.780559325999945, 16.49039035800007 ], [ -15.779750257999865, 16.490146103000029 ], [ -15.776710325999943, 16.489228358000048 ], [ -15.776565424999944, 16.489199154000119 ], [ -15.772195325999974, 16.488318358000072 ], [ -15.767416325999932, 16.487025357999983 ], [ -15.763035325999908, 16.486116358000118 ], [ -15.75971332599994, 16.48648735800009 ], [ -15.755993325999896, 16.486602358000027 ], [ -15.751344325999924, 16.486459358000047 ], [ -15.745897325999977, 16.486440358000095 ], [ -15.745638457999974, 16.486457895000058 ], [ -15.742310325999938, 16.486683358000107 ], [ -15.738989325999967, 16.486544358000174 ], [ -15.736465325999916, 16.48653535800014 ], [ -15.734074325999927, 16.486271358000124 ], [ -15.731818325999939, 16.485625358000163 ], [ -15.729828325999961, 16.484341358000165 ], [ -15.728236325999944, 16.483442358000048 ], [ -15.726644325999928, 16.482670358000121 ], [ -15.725186325999914, 16.481644358000096 ], [ -15.723064325999928, 16.480232357999967 ], [ -15.721737325999925, 16.479333358000019 ], [ -15.720146325999906, 16.478179358000148 ], [ -15.718930731999876, 16.477150250000079 ], [ -15.716965325999979, 16.475486358000069 ], [ -15.714711325999815, 16.473818358000074 ], [ -15.713118325999972, 16.473047358000031 ], [ -15.710465325999962, 16.471505358000172 ], [ -15.708211325999969, 16.470093358000042 ], [ -15.706089325999812, 16.468425358000047 ], [ -15.703169325999966, 16.467394358000035 ], [ -15.700114325999948, 16.467255358000102 ], [ -15.697589325999957, 16.46775835800014 ], [ -15.696913106999943, 16.468350368000074 ], [ -15.695991325999898, 16.469157358000075 ], [ -15.694258325999954, 16.471577358000104 ], [ -15.692392325999833, 16.473997358000133 ], [ -15.689866325999901, 16.474754358000041 ], [ -15.686811325999884, 16.474743358000069 ], [ -15.685482325999885, 16.475122358000135 ], [ -15.679368325999917, 16.476122358000111 ], [ -15.677375325999947, 16.476371358000108 ], [ -15.674319325999875, 16.476488357999983 ], [ -15.670600325999942, 16.476220358000035 ], [ -15.667145325999968, 16.476591358000178 ], [ -15.663823325999886, 16.476963358000035 ], [ -15.661565325999959, 16.476955358000112 ], [ -15.660947871999952, 16.477071741000032 ], [ -15.658907325999962, 16.477456358000154 ], [ -15.655983325999955, 16.478085358000158 ], [ -15.652659325999878, 16.478967358000148 ], [ -15.649867325999878, 16.479979358000037 ], [ -15.645880325999883, 16.480859357999975 ], [ -15.64375332599991, 16.481235358000049 ], [ -15.641625325999883, 16.482377358000178 ], [ -15.640028325999936, 16.483393358000058 ], [ -15.637501325999892, 16.484661358000153 ], [ -15.634841325999901, 16.485929358000078 ], [ -15.632978325999943, 16.487072357999978 ], [ -15.628986325999961, 16.489739358 ], [ -15.628319325999939, 16.491014358000029 ], [ -15.627382325999974, 16.493692358000089 ], [ -15.626364932999877, 16.49596255400013 ], [ -15.62602229099997, 16.497675766000157 ], [ -15.626014834999978, 16.497705590000123 ], [ -15.625451219999945, 16.499960048000162 ], [ -15.624880149999967, 16.502415652000138 ], [ -15.624480399999925, 16.50469993500019 ], [ -15.625165684999956, 16.506413147000046 ], [ -15.626650468999969, 16.508126359000187 ], [ -15.628078144999961, 16.509725356000047 ], [ -15.629460764999976, 16.512352035000049 ], [ -15.629791356999874, 16.5144081360001 ], [ -15.629715325999882, 16.516813358000149 ], [ -15.627718325999865, 16.518594358000087 ], [ -15.62611932599998, 16.520376358000078 ], [ -15.625599844999897, 16.520638511000186 ], [ -15.624410075999947, 16.521238921000133 ], [ -15.623858325999947, 16.521517357999983 ], [ -15.621333325999956, 16.522147358000097 ], [ -15.619074325999975, 16.522395358000153 ], [ -15.616151325999908, 16.522385358000065 ], [ -15.613494325999966, 16.52237535800009 ], [ -15.610705325999959, 16.522366358000056 ], [ -15.609110325999893, 16.522360358000128 ], [ -15.607514325999887, 16.523121358000026 ], [ -15.606186325999886, 16.523244358000056 ], [ -15.603926325999964, 16.523747358000094 ], [ -15.601666325999929, 16.524250358000188 ], [ -15.599274325999886, 16.524625358000094 ], [ -15.597391064999954, 16.524392277000118 ], [ -15.597149325999908, 16.524362358000189 ], [ -15.594894325999974, 16.523205358000041 ], [ -15.594231325999885, 16.522564358000125 ], [ -15.593171325999947, 16.521539358000041 ], [ -15.591447325999923, 16.520639357999983 ], [ -15.587996325999939, 16.519350358000111 ], [ -15.585874325999953, 16.517938358000151 ], [ -15.585623960999953, 16.517561865000175 ], [ -15.584683325999947, 16.516147358000126 ], [ -15.583223325999938, 16.515375358000028 ], [ -15.581233325999847, 16.514347358000066 ], [ -15.579643325999939, 16.512937358000102 ], [ -15.577121325999883, 16.511907358000144 ], [ -15.57473332599983, 16.510622358000035 ], [ -15.572343325999952, 16.510358358000019 ], [ -15.57008632599991, 16.509584358000154 ], [ -15.567697325999973, 16.509065357999987 ], [ -15.565573325999878, 16.508291358000065 ], [ -15.562120325999899, 16.507896358000096 ], [ -15.559730325999965, 16.507633358000191 ], [ -15.556408325999882, 16.507877358000087 ], [ -15.553627425999935, 16.508232104000172 ], [ -15.553484325999932, 16.508250358000055 ], [ -15.545244325999874, 16.50975435800018 ], [ -15.542453325999873, 16.510510358000033 ], [ -15.542139359999965, 16.510553936000065 ], [ -15.53886532599995, 16.511008358000026 ], [ -15.538573275999852, 16.511087542000155 ], [ -15.536073325999951, 16.511765358000105 ], [ -15.534078325999815, 16.512652358000139 ], [ -15.532774926999878, 16.512972307000041 ], [ -15.530489325999952, 16.513533358000188 ], [ -15.527962325999965, 16.514546358000189 ], [ -15.524640325999883, 16.515046358000177 ], [ -15.521316325999919, 16.516311358 ], [ -15.51839032599986, 16.517706358000169 ], [ -15.51666232599996, 16.51821035800009 ], [ -15.515196325999909, 16.519738358000041 ], [ -15.512934325999879, 16.521262358000058 ], [ -15.510141325999882, 16.522785358000078 ], [ -15.50840732599994, 16.525333358000069 ], [ -15.508510566999973, 16.527305509000087 ], [ -15.50853432599996, 16.527759358000083 ], [ -15.50906132599988, 16.529421358000093 ], [ -15.51064832599991, 16.532236358000148 ], [ -15.512769325999898, 16.534159358000068 ], [ -15.514227325999911, 16.535441358000128 ], [ -15.515683325999873, 16.537361358000169 ], [ -15.517670325999973, 16.53966635800009 ], [ -15.518125325999961, 16.54005835800001 ], [ -15.519656325999961, 16.542610358000161 ], [ -15.51991632599993, 16.544782358000077 ], [ -15.520169325999973, 16.549763358000121 ], [ -15.519098325999892, 16.553207358000122 ], [ -15.518744162999894, 16.554051392000133 ], [ -15.518028325999921, 16.555757358000108 ], [ -15.516162325999971, 16.558304358000157 ], [ -15.515020585999935, 16.559908274000179 ], [ -15.514287325999931, 16.560938358000158 ], [ -15.51189832599988, 16.563397358000032 ], [ -15.50777432599989, 16.565937358000042 ], [ -15.50604332599994, 16.567336358000148 ], [ -15.50298532599993, 16.568474358000174 ], [ -15.499661325999909, 16.569740358000104 ], [ -15.498575863999974, 16.570084038000118 ], [ -15.495672325999976, 16.571003358000155 ], [ -15.492615325999907, 16.571886358000029 ], [ -15.489158325999881, 16.572896358000094 ], [ -15.486548039999889, 16.573573763000127 ], [ -15.483435389999954, 16.574611579000191 ], [ -15.481436898999959, 16.574736485000017 ], [ -15.478189350999912, 16.575985542000069 ], [ -15.474567085999979, 16.577234599000121 ], [ -15.470195385999943, 16.577984034000053 ], [ -15.466198403999954, 16.578733467000177 ], [ -15.461576892999972, 16.579357996000056 ], [ -15.455329275999929, 16.579630383000108 ], [ -15.457263, 16.590297000000135 ], [ -15.468185, 16.661537 ], [ -15.48999597999989, 16.802160604000164 ] ] ] } }
]
}
